geoid,state_fips,county_fips,state_abbr,state_name,county_name,county_label,land_km2,water_km2,population,pop_density_km2,median_hh_income,poverty_universe,below_poverty,poverty_pct,race_white,race_black,race_aian,race_asian,race_nhpi,race_other,race_two_plus,commuters_total,commute_drive_alone,commute_carpool,commute_transit,commute_bicycle,commute_walk,commute_other,commute_wfh,transit_pct,wfh_pct
"13233","13","233",GA,Georgia,Polk,Polk County,803.775591,4.66476,43019,53.5211574992951,51956,42688,7337,17.1875,33052,5269,15,289,0,1558,2836,17896,14743,1698,76,16,209,331,823,0.424675905230219,4.59879302637461
"21023","21","023",KY,Kentucky,Bracken,Bracken County,524.900457,16.279752,8420,16.0411367292828,59911,8312,1410,16.9634263715111,8090,115,134,14,0,18,49,3557,2767,489,12,0,45,48,196,0.337362946303064,5.51026145628339
"28153","28","153",MS,Mississippi,Wayne,Wayne County,2099.745602,7.255476,19760,9.41066383526589,34875,19668,4343,22.0815537929632,11280,7487,0,8,0,321,664,7398,6193,572,0,0,132,228,273,0,3.69018653690187
"42001","42","001",PA,Pennsylvania,Adams,Adams County,1343.400757,7.771555,104604,77.8650744797816,78975,100237,7909,7.89029998902601,95750,1694,341,844,4,2174,3797,50568,39984,3897,113,198,1764,297,4315,0.223461477614302,8.53306438854612
"04007","04","007",AZ,Arizona,Gila,Gila County,12322.070148,96.46533,53419,4.33522933714758,55242,52176,9910,18.9934069303895,37037,389,8433,383,19,2015,5143,18434,13518,2658,7,37,391,195,1628,0.0379733101876966,8.83150699793859
"05111","05","111",AR,Arkansas,Poinsett,Poinsett County,1963.975462,13.892745,22997,11.7094130985634,43440,22509,4716,20.9516193522591,19685,988,60,5,12,222,2025,9114,7514,889,3,19,194,62,433,0.032916392363397,4.75093263111696
"13231","13","231",GA,Georgia,Pike,Pike County,559.660487,8.595984,19145,34.2082395393406,83866,18802,1531,8.14275077119455,16737,1649,2,109,0,225,423,8480,7239,568,28,0,170,42,433,0.330188679245283,5.1061320754717
"17093","17","093",IL,Illinois,Kendall,Kendall County,829.412771,5.136525,132795,160.107252556399,106358,132317,6280,4.74617773982179,97711,10688,359,3957,0,7349,12731,68047,53779,4730,609,20,325,485,8099,0.894969653327847,11.9020676885094
"19101","19","101",IA,Iowa,Jefferson,Jefferson County,1128.002432,3.522238,15785,13.9937641552886,52210,14842,2074,13.9738579706239,13514,761,124,931,0,60,395,7486,5087,617,40,52,454,88,1148,0.534330750734705,15.335292546086
"19095","19","095",IA,Iowa,Iowa,Iowa County,1518.91169,2.686847,16575,10.9124184829995,69787,16322,1490,9.12878323734836,15771,108,9,31,0,85,571,8302,6663,697,0,8,238,82,614,0,7.39580823897856
"31143","31","143",NE,Nebraska,Polk,Polk County,1136.15253,5.104668,5182,4.56100731474849,67695,5082,393,7.7331759149941,4792,8,8,0,0,176,198,2683,2038,229,4,0,122,9,281,0.149086843086098,10.4733507267984
"31137","31","137",NE,Nebraska,Phelps,Phelps County,1398.048634,1.646526,8966,6.41322467756154,65114,8673,1257,14.4932549290903,8351,56,31,7,16,68,437,4446,3590,534,0,0,131,27,164,0,3.68870895186685
"38103","38","103",ND,North Dakota,Wells,Wells County,3290.664846,51.1669,3990,1.2125209301853,59732,3889,419,10.7739778863461,3857,0,14,11,0,37,71,1840,1274,198,11,10,191,10,146,0.597826086956522,7.93478260869565
"39045","39","045",OH,Ohio,Fairfield,Fairfield County,1306.299936,10.869534,159371,122.001843227527,82969,155814,13579,8.71487799555881,133707,13477,145,3497,143,1804,6598,77254,61039,5669,268,153,1003,779,8343,0.346907603489787,10.7994408056541
"18117","18","117",IN,Indiana,Orange,Orange County,1031.79576,25.416478,19768,19.1588304258975,60775,19404,2852,14.6980004122861,18479,322,6,86,0,62,813,9211,7687,861,0,4,191,132,336,0,3.64781239821952
"46037","46","037",SD,South Dakota,Day,Day County,2663.777421,162.139506,5485,2.05910597362932,57558,5362,789,14.7146587094368,4733,7,542,4,0,41,158,2449,1903,147,6,9,106,11,267,0.244997958350347,10.9024091465904
"48125","48","125",TX,Texas,Dickens,Dickens County,2335.454676,9.057848,1570,0.672245972543978,46638,1491,183,12.2736418511066,1275,30,5,7,5,174,74,589,451,40,0,0,62,25,11,0,1.86757215619694
"26137","26","137",MI,Michigan,Otsego,Otsego County,1333.860413,29.050564,25221,18.9082753743888,62865,24874,2653,10.6657554072526,23913,246,78,121,2,73,788,11517,8926,1471,56,2,116,47,899,0.486237735521403,7.80585221845967
"27029","27","029",MN,Minnesota,Clearwater,Clearwater County,2587.406741,80.628707,8541,3.30098853986096,62723,8381,943,11.2516406156783,7181,15,570,56,0,38,681,3576,2720,338,6,0,188,32,292,0.167785234899329,8.16554809843401
"40093","40","093",OK,Oklahoma,Major,Major County,2473.438557,7.651009,7678,3.10418060649646,67621,7496,873,11.6462113127001,6560,2,148,36,80,237,615,3387,2890,283,0,13,45,35,121,0,3.57248302332448
"48311","48","311",TX,Texas,McMullen,McMullen County,2952.066567,43.985124,670,0.226959651753679,60313,670,100,14.9253731343284,524,0,6,0,0,23,117,247,169,19,0,0,9,6,44,0,17.8137651821862
"06049","06","049",CA,California,Modoc,Modoc County,10225.877725,660.503268,8651,0.845990948908985,54962,8464,1430,16.8950850661626,7196,166,270,123,0,433,463,3184,2374,229,0,16,198,30,337,0,10.5841708542714
"17031","17","031",IL,Illinois,Cook,Cook County,2447.342616,1786.339408,5225367,2135.11870624003,78304,5142964,687906,13.3756720832578,2580789,1189365,31616,402605,2500,550678,467814,2547260,1461846,196160,363180,24084,98192,43073,360725,14.2576729505429,14.161294881559
"17075","17","075",IL,Illinois,Iroquois,Iroquois County,2894.039688,4.241183,27043,9.34437772644672,62866,26347,2823,10.7146923748434,24509,272,24,74,0,1093,1071,12171,9905,1038,22,21,244,197,744,0.180757538410977,6.1128912989894
"28139","28","139",MS,Mississippi,Tippah,Tippah County,1185.754676,5.522228,21769,18.3587722153752,47968,21241,4013,18.8927074996469,16782,3166,13,0,9,778,1021,9100,7662,879,0,0,59,229,271,0,2.97802197802198
"27159","27","159",MN,Minnesota,Wadena,Wadena County,1389.13278,18.009881,14108,10.1559765942605,54747,13761,1642,11.932272363927,12999,76,43,71,0,67,852,6104,4776,612,18,0,131,57,510,0.294888597640891,8.35517693315859
"30051","30","051",MT,Montana,Liberty,Liberty County,3703.651373,44.411471,1993,0.53811760321967,48047,1966,515,26.1953204476094,1947,0,7,0,0,7,32,743,351,44,0,0,70,23,255,0,34.3203230148048
"29171","29","171",MO,Missouri,Putnam,Putnam County,1339.844722,5.942463,4698,3.50637646501846,50950,4594,564,12.276882890727,4539,11,20,0,0,0,128,2064,1595,324,0,0,19,10,116,0,5.62015503875969
"48017","48","017",TX,Texas,Bailey,Bailey County,2141.847187,1.775275,6902,3.22245211604818,69830,6680,851,12.7395209580838,5499,35,70,92,0,898,308,2813,1732,299,0,76,244,399,63,0,2.23960184856026
"08121","08","121",CO,Colorado,Washington,Washington County,6521.806795,15.207397,4817,0.738599003529665,59087,4600,446,9.69565217391304,4426,74,0,18,2,74,223,2247,1599,251,4,5,104,3,281,0.178015131286159,12.5055629728527
"17189","17","189",IL,Illinois,Washington,Washington County,1457.120178,3.386079,13781,9.45769622030449,75111,13565,1082,7.97640987836344,13245,107,11,29,0,39,350,6716,5567,511,23,0,101,88,426,0.342465753424658,6.34306134603931
"19151","19","151",IA,Iowa,Pocahontas,Pocahontas County,1495.047211,3.666528,7061,4.72292777649281,61434,6906,626,9.06458152331306,6589,11,9,43,62,133,214,3283,2501,419,0,16,105,23,219,0,6.67072799268961
"19117","19","117",IA,Iowa,Lucas,Lucas County,1115.458264,9.852845,8666,7.76900425563569,63405,8557,1422,16.6179735888746,8368,30,2,36,0,40,190,4024,3335,356,9,0,112,64,148,0.223658051689861,3.6779324055666
"21087","21","087",KY,Kentucky,Green,Green County,740.640299,7.328706,11198,15.1193501286918,38595,11036,2356,21.3483146067416,10610,201,87,11,99,0,190,3961,3081,444,70,0,35,37,294,1.76723049734915,7.42236808886645
"26111","26","111",MI,Michigan,Midland,Midland County,1341.248828,26.44292,83503,62.2576499280266,73643,82166,8337,10.146532629068,76305,1298,317,1772,24,1057,2730,37379,30113,2802,155,100,468,260,3481,0.414671339522192,9.31271569597903
"39119","39","119",OH,Ohio,Muskingum,Muskingum County,1721.165826,20.823924,86393,50.1944662710262,56810,84080,13133,15.6196479543292,78628,2786,99,455,0,439,3986,38989,33062,3149,75,10,860,167,1666,0.192361948241812,4.27300007694478
"42131","42","131",PA,Pennsylvania,Wyoming,Wyoming County,1028.873829,20.040006,26219,25.483202372329,67968,25401,2850,11.2200307074525,24939,239,12,98,0,153,778,11892,9676,1057,22,20,226,54,837,0.184998318197107,7.03834510595358
"48139","48","139",TX,Texas,Ellis,Ellis County,2423.586107,41.965719,195509,80.6693021697537,93248,193409,15850,8.19506848181832,135604,24584,1568,1420,123,11613,20597,97761,77850,9360,76,41,587,835,9012,0.0777406123096122,9.21839997545033
"48003","48","003",TX,Texas,Andrews,Andrews County,3886.850258,0.957039,18362,4.7241336252167,86458,18230,2177,11.9418540866703,12484,417,0,96,0,2154,3211,9009,7205,1347,9,0,29,186,233,0.0999000999000999,2.58630258630259
"50015","50","015",VT,Vermont,Lamoille,Lamoille County,1194.643959,12.7448,25977,21.744553935337,69886,25362,2177,8.58370790947086,24371,312,90,123,0,216,865,13709,10223,1416,89,21,423,173,1364,0.64920854912831,9.94966810124736
"46025","46","025",SD,South Dakota,Clark,Clark County,2479.944305,25.864874,3837,1.54721216612161,59340,3722,351,9.43041375604514,3559,21,3,18,0,62,174,1525,1066,90,0,0,66,15,288,0,18.8852459016393
"48317","48","317",TX,Texas,Martin,Martin County,2369.724591,1.931832,5228,2.20616354316256,70217,5170,873,16.8858800773694,4025,67,0,15,0,572,549,2176,1850,212,0,0,84,12,18,0,0.827205882352941
"20141","20","141",KS,Kansas,Osborne,Osborne County,2311.604929,4.806274,3493,1.5110713583359,58750,3384,454,13.4160756501182,3288,17,8,11,0,46,123,1815,1413,159,3,23,107,15,95,0.165289256198347,5.23415977961433
"13149","13","149",GA,Georgia,Heard,Heard County,766.567357,13.263789,11489,14.9875935820732,62965,11306,1887,16.6902529630285,9861,980,4,59,2,65,518,4470,3852,343,27,0,29,63,156,0.604026845637584,3.48993288590604
"19195","19","195",IA,Iowa,Worth,Worth County,1036.314929,4.709127,7417,7.15709075730202,69897,7290,537,7.36625514403292,7076,77,4,27,0,16,217,3906,3139,299,6,0,58,49,355,0.153609831029186,9.08858166922683
"21213","21","213",KY,Kentucky,Simpson,Simpson County,606.511222,5.930956,19574,32.2731044208115,55907,18984,2694,14.1908975979772,16639,1839,12,78,0,150,856,8711,6881,1379,0,0,63,43,345,0,3.96050970037883
"28141","28","141",MS,Mississippi,Tishomingo,Tishomingo County,1098.925142,52.373918,18837,17.1412949618364,45545,18529,3561,19.2185223163689,17303,253,82,121,0,156,922,7399,6718,470,0,0,4,48,159,0,2.148939045817
"28131","28","131",MS,Mississippi,Stone,Stone County,1153.80012,6.712351,18360,15.91263485048,55894,17578,3660,20.821481397201,14304,3006,25,94,17,44,870,6656,5696,594,0,0,139,32,195,0,2.9296875
"27051","27","051",MN,Minnesota,Grant,Grant County,1418.795382,71.70519,6091,4.29307853498497,67600,6005,607,10.1082431307244,5762,39,28,8,1,71,182,2864,2161,172,5,0,110,30,386,0.174581005586592,13.4776536312849
"31095","31","095",NE,Nebraska,Jefferson,Jefferson County,1476.754309,14.214254,7185,4.86539971897248,54494,7028,780,11.0984632896983,6783,55,2,5,0,49,291,3428,2627,443,6,0,87,65,200,0.175029171528588,5.8343057176196
"46013","46","013",SD,South Dakota,Brown,Brown County,4436.728204,46.414569,38278,8.62752871935898,70379,37193,3923,10.5476837039228,33055,937,1237,1344,13,378,1314,20522,16690,1600,42,46,808,226,1110,0.204658415359127,5.40882954877692
"01109","01","109",AL,Alabama,Pike,Pike County,1740.645369,2.339145,32997,18.9567620077355,42616,30639,7242,23.6365416625869,18678,12302,112,664,0,133,1108,13338,11251,1028,60,47,266,201,485,0.449842555105713,3.63622732043785
"13217","13","217",GA,Georgia,Newton,Newton County,709.175871,13.946237,113298,159.760088622643,70732,111562,14935,13.3871748444811,50829,53072,92,1619,0,2130,5556,52493,40106,4717,347,165,650,1307,5201,0.661040519688339,9.90798773169756
"17009","17","009",IL,Illinois,Brown,Brown County,791.828626,4.144346,6334,7.99920562609213,64760,4631,465,10.0410278557547,4956,1053,32,3,0,156,134,2368,1961,224,2,16,31,6,128,0.0844594594594595,5.40540540540541
"17005","17","005",IL,Illinois,Bond,Bond County,985.066648,6.462629,16750,17.0039256064631,58617,14687,2187,14.8907196840744,14858,1195,136,77,0,55,429,6913,5636,333,1,45,419,57,422,0.0144654997830175,6.10444090843339
"19041","19","041",IA,Iowa,Clay,Clay County,1469.139465,13.866648,16423,11.1786528040753,61756,16109,1845,11.4532249053324,15544,94,28,56,0,152,549,8259,6492,730,74,8,300,18,637,0.89599225087783,7.71279815958348
"21211","21","211",KY,Kentucky,Shelby,Shelby County,983.652108,15.210913,48105,48.9044852430693,81012,46787,3706,7.92100369760831,39988,2492,56,537,0,1308,3724,23908,18137,2802,132,17,192,210,2418,0.552116446377781,10.1137694495566
"31115","31","115",NE,Nebraska,Loup,Loup County,1459.513675,19.565477,629,0.430965472111798,50000,629,50,7.94912559618442,539,0,0,0,0,0,90,320,239,20,0,0,34,0,27,0,8.4375
"31181","31","181",NE,Nebraska,Webster,Webster County,1489.017943,0.337241,3410,2.29010000586675,62571,3311,262,7.9130172153428,3207,5,25,4,11,10,148,1745,1412,141,2,0,73,15,102,0.114613180515759,5.84527220630372
"39005","39","005",OH,Ohio,Ashland,Ashland County,1095.528197,9.969109,52522,47.9421708576981,62254,50670,5950,11.7426485099665,50178,409,82,320,6,160,1367,24322,19710,1830,65,131,736,462,1388,0.267247759230326,5.70676753556451
"31077","31","077",NE,Nebraska,Greeley,Greeley County,1475.804204,2.188872,2212,1.49884381275282,52813,2173,271,12.4712379199264,2106,14,11,0,0,46,35,986,729,81,0,0,53,5,118,0,11.9675456389452
"54079","54","079",WV,West Virginia,Putnam,Putnam County,895.304726,12.22453,57347,64.0530518097589,75725,56910,6229,10.945352310666,54480,504,4,431,31,259,1638,25790,21401,1877,30,0,238,225,2019,0.116324156649864,7.82861574253587
"38007","38","007",ND,North Dakota,Billings,Billings County,2974.571272,11.986463,839,0.282057454093505,74000,828,92,11.1111111111111,827,0,0,0,0,0,12,418,277,42,0,0,33,8,58,0,13.8755980861244
"48151","48","151",TX,Texas,Fisher,Fisher County,2328.272103,7.25848,3680,1.58057127225735,60461,3629,442,12.1796638192339,2718,113,20,9,0,195,625,1793,1489,157,0,0,66,27,54,0,3.0117122141662
"48295","48","295",TX,Texas,Lipscomb,Lipscomb County,2414.422645,0.298741,3038,1.25827183003413,71625,2966,409,13.7896156439649,2196,12,28,14,14,410,364,1344,1174,137,0,2,6,5,20,0,1.48809523809524
"20137","20","137",KS,Kansas,Norton,Norton County,2274.122718,8.421464,5431,2.38817367110969,52710,4462,420,9.41281936351412,4896,156,36,28,0,93,222,2071,1452,161,7,0,248,26,177,0.338000965717045,8.54659584741671
"24043","24","043",MD,Maryland,Washington,Washington County,1185.655253,24.820607,154645,130.429987644984,73017,146912,18137,12.3454857329558,121671,17445,209,2693,155,2178,10294,70057,53795,6259,927,205,968,975,6928,1.32320824471502,9.88909031217437
"28023","28","023",MS,Mississippi,Clarke,Clarke County,1791.173034,5.073931,15553,8.68313652828251,46329,15427,3176,20.5872820379854,9861,5342,11,13,0,3,323,5980,4987,663,9,2,80,135,104,0.150501672240803,1.73913043478261
"28077","28","077",MS,Mississippi,Lawrence,Lawrence County,1115.254005,13.188412,11933,10.6998046601949,41096,11917,2683,22.5140555508937,7656,3755,40,25,0,236,221,4037,3604,257,0,0,10,100,66,0,1.63487738419619
"30001","30","001",MT,Montana,Beaverhead,Beaverhead County,14355.492121,78.345288,9469,0.659608177844926,55867,9007,1387,15.3991340068835,8759,98,196,17,1,34,364,4559,3353,413,50,11,236,147,349,1.09673173941654,7.65518754112744
"31007","31","007",NE,Nebraska,Banner,Banner County,1932.231568,0.392073,670,0.346749329167362,62375,664,49,7.37951807228916,621,0,0,6,0,28,15,348,224,39,0,0,4,2,79,0,22.7011494252874
"38019","38","019",ND,North Dakota,Cavalier,Cavalier County,3856.816541,53.639348,3691,0.957006889169531,61174,3580,358,10,3436,0,64,5,0,65,121,1691,1317,200,0,0,65,11,98,0,5.79538734476641
"29145","29","145",MO,Missouri,Newton,Newton County,1618.106506,4.715004,59019,36.4741132806495,60313,57840,8618,14.8997233748271,49705,536,842,928,661,717,5630,26066,20738,2950,54,31,212,269,1812,0.207166423693701,6.95158443949973
"02185","02","185",AK,Alaska,North Slope,North Slope Borough,230052.12756,15551.055437,10924,0.0474848901240911,83472,10793,857,7.94033169646993,3474,193,5480,632,209,134,802,6370,1133,1427,40,12,3052,425,281,0.627943485086342,4.41130298273155
"13227","13","227",GA,Georgia,Pickens,Pickens County,601.031042,1.690669,33439,55.6360614731776,72558,33150,4469,13.4811463046757,31468,176,65,103,20,86,1521,15293,11618,1581,7,0,77,81,1929,0.0457725756882234,12.6136140717976
"18005","18","005",IN,Indiana,Bartholomew,Bartholomew County,1053.968861,6.715105,82371,78.1531628191053,76912,81288,9357,11.5109241216416,67612,1331,76,6647,0,2899,3806,40397,31025,3947,171,113,476,313,4352,0.423298759808897,10.7730772087036
"19033","19","033",IA,Iowa,Cerro Gordo,Cerro Gordo County,1471.889949,17.659669,42979,29.1998732848199,63149,42118,3929,9.32855311268341,39583,785,95,538,122,246,1610,21675,17316,2033,119,95,402,183,1527,0.549019607843137,7.04498269896194
"21137","21","137",KY,Kentucky,Lincoln,Lincoln County,862.215215,9.037597,24320,28.2064147986533,49487,23885,4150,17.3749214988487,22818,437,0,65,0,388,612,9532,7773,788,57,0,116,26,772,0.597985732270248,8.09903483004616
"29065","29","065",MO,Missouri,Dent,Dent County,1949.64118,4.518781,14509,7.4418822031652,51410,14343,2412,16.8165655720561,13491,87,39,133,14,107,638,5917,4993,436,0,0,85,69,334,0,5.64475240831502
"13249","13","249",GA,Georgia,Schley,Schley County,432.291202,2.369649,4565,10.5600113508671,53274,4565,727,15.9255202628697,3492,814,4,0,0,155,100,1857,1554,190,0,0,4,48,61,0,3.28486806677437
"31035","31","035",NE,Nebraska,Clay,Clay County,1482.222888,3.234876,6088,4.10734448191843,73933,5957,520,8.72922612053047,5584,23,27,2,0,194,258,3030,2402,236,15,12,73,25,267,0.495049504950495,8.81188118811881
"19077","19","077",IA,Iowa,Guthrie,Guthrie County,1529.656705,6.355531,10619,6.94208051080324,75795,10481,1061,10.1230798587921,10041,50,19,30,5,113,361,5221,4177,345,11,0,146,63,479,0.210687607737981,9.17448764604482
"19001","19","001",IA,Iowa,Adair,Adair County,1474.404201,2.597996,7479,5.07255744044099,63172,7304,736,10.0766703176342,7192,48,0,9,12,57,161,3573,2925,227,18,33,130,17,223,0.503778337531486,6.24125384830675
"48189","48","189",TX,Texas,Hale,Hale County,2602.109423,0.246678,32525,12.4994743543496,50721,30229,5596,18.512024876774,22133,1318,236,204,28,3324,5282,13458,11202,1644,20,2,201,77,312,0.148610491900728,2.31832367365136
"51640","51","640",VA,Virginia,Galax,Galax city,21.332077,0.10529,6687,313.471585537592,44612,6397,1434,22.4167578552446,5153,536,16,25,24,266,667,2796,2127,473,5,0,25,39,127,0.178826895565093,4.54220314735336
"55113","55","113",WI,Wisconsin,Sawyer,Sawyer County,3257.170152,239.93011,18057,5.54376933268668,57519,17619,2333,13.2413871388842,14007,149,2692,100,6,145,958,7703,5642,850,100,4,192,127,788,1.29819550824354,10.2297806049591
"48421","48","421",TX,Texas,Sherman,Sherman County,2390.195607,0.425429,2414,1.00995918197251,66169,2380,198,8.31932773109244,1858,4,0,25,0,185,342,1116,764,263,0,0,68,1,20,0,1.7921146953405
"08083","08","083",CO,Colorado,Montezuma,Montezuma County,5255.990019,27.208195,26070,4.96005508110916,61377,25754,3231,12.5456239807409,20452,334,2882,219,0,574,1609,10741,8088,943,7,155,371,117,1060,0.0651708407038451,9.86872730658225
"20147","20","147",KS,Kansas,Phillips,Phillips County,2294.395636,22.493383,4960,2.16178932795006,57611,4864,799,16.4268092105263,4663,63,61,21,2,15,135,2260,1862,205,5,0,52,13,123,0.221238938053097,5.44247787610619
"21053","21","053",KY,Kentucky,Clinton,Clinton County,510.391738,21.636754,9295,18.2115016916673,41180,9124,1850,20.2761946514687,8828,14,0,129,0,98,226,3710,3095,309,0,0,16,45,245,0,6.60377358490566
"24001","24","001",MD,Maryland,Allegany,Allegany County,1093.489886,14.710932,68161,62.3334526205211,55248,61098,9692,15.8630397067007,59828,4962,95,631,5,194,2446,26115,21148,2163,155,6,663,178,1802,0.593528623396515,6.90024889910013
"28107","28","107",MS,Mississippi,Panola,Panola County,1774.595233,51.686997,33157,18.6842607167085,47894,32863,6712,20.424185253933,15654,16465,39,104,138,61,696,11587,10108,701,0,0,82,22,674,0,5.81686372659014
"48271","48","271",TX,Texas,Kinney,Kinney County,3523.765249,11.885327,3157,0.895916662126093,52386,2938,459,15.6228727025187,2661,0,36,0,0,0,460,1314,994,97,1,0,44,0,178,0.076103500761035,13.5464231354642
"35061","35","061",NM,New Mexico,Valencia,Valencia County,2762.854194,2.760089,76613,27.7296573110438,56246,74848,13292,17.7586575459598,48321,1121,3121,589,30,8234,15197,28823,23436,2194,195,0,282,462,2254,0.676543038545606,7.82014363529126
"05129","05","129",AR,Arkansas,Searcy,Searcy County,1724.618523,6.461828,7880,4.56912638645016,42063,7731,2054,26.5683611434485,6954,33,217,21,0,15,640,2844,2303,390,12,0,18,21,100,0.421940928270042,3.51617440225035
"13043","13","043",GA,Georgia,Candler,Candler County,629.520841,15.018189,10946,17.3878278320574,45519,10648,1947,18.2851239669421,6825,2465,36,92,0,930,598,4429,3687,501,0,21,44,55,121,0,2.73199367803116
"18065","18","065",IN,Indiana,Henry,Henry County,1014.957928,7.652084,48913,48.1921453595464,57632,45723,6271,13.7151980403736,45776,1189,64,243,0,356,1285,20169,16531,1828,51,18,310,142,1289,0.25286330507214,6.39099608309782
"19037","19","037",IA,Iowa,Chickasaw,Chickasaw County,1306.192614,3.455451,11957,9.15408636662219,72734,11729,740,6.30914826498423,11582,93,33,4,2,68,175,6088,5156,298,0,15,117,104,398,0,6.53745072273325
"19157","19","157",IA,Iowa,Poweshiek,Poweshiek County,1514.943343,2.961952,18608,12.2829676013831,61192,16978,1828,10.7668747791259,17179,220,41,414,0,196,558,8988,6365,475,0,167,884,124,973,0,10.8255451713396
"26119","26","119",MI,Michigan,Montmorency,Montmorency County,1415.88103,41.3527,9261,6.54080378490557,46345,9121,1690,18.5286701019625,8806,27,61,22,0,7,338,3115,2377,378,0,8,118,13,221,0,7.09470304975923
"29115","29","115",MO,Missouri,Linn,Linn County,1594.366554,14.989603,11892,7.45876158162309,58435,11735,1965,16.7447805709416,11438,88,34,43,1,35,253,5457,4502,406,8,17,91,22,411,0.146600696353308,7.53161077515118
"38015","38","015",ND,North Dakota,Burleigh,Burleigh County,4228.659159,92.691317,98443,23.2799561985223,82141,94770,7526,7.94133164503535,86027,1912,3581,819,654,815,4635,50478,40704,4716,98,105,1068,387,3400,0.194143983517572,6.73560759142597
"31039","31","039",NE,Nebraska,Cuming,Cuming County,1477.644346,10.691216,9000,6.09077551331151,68917,8858,678,7.65409799051705,8147,39,73,19,3,214,505,4618,3887,318,0,11,80,12,310,0,6.71286271113036
"41023","41","023",OR,Oregon,Grant,Grant County,11726.925905,1.893807,7237,0.617126778034333,56045,7059,1164,16.489587760306,6510,8,57,54,21,85,502,2883,2061,217,0,35,284,27,259,0,8.98369753728755
"46079","46","079",SD,South Dakota,Lake,Lake County,1457.879899,31.783045,11207,7.68719015035957,74884,10714,1035,9.66025760686952,10487,42,249,12,4,116,297,6017,4824,309,33,0,236,70,545,0.548446069469835,9.05766993518365
"48415","48","415",TX,Texas,Scurry,Scurry County,2345.090474,5.436957,16883,7.19929579996239,58932,14862,1757,11.8220966222581,12531,615,136,104,0,1963,1534,6876,5593,853,0,0,155,67,208,0,3.02501454333915
"48069","48","069",TX,Texas,Castro,Castro County,2316.600393,12.557414,7381,3.18613431228922,59886,7299,908,12.4400602822304,4899,106,36,55,0,483,1802,3364,2627,581,63,0,21,0,72,1.87277051129608,2.14030915576694
"39067","39","067",OH,Ohio,Harrison,Harrison County,1042.032638,21.847163,14528,13.941981728983,54056,14217,2194,15.4322290215939,13748,418,43,0,0,65,254,5605,4621,397,0,2,118,89,378,0,6.74397859054416
"48079","48","079",TX,Texas,Cochran,Cochran County,2007.45383,0.229068,2529,1.25980481453962,41597,2476,640,25.8481421647819,1462,172,6,2,0,172,715,1036,838,156,0,3,12,8,19,0,1.83397683397683
"20187","20","187",KS,Kansas,Stanton,Stanton County,1762.103387,0.178555,2060,1.169057397652,66000,2030,268,13.2019704433498,1778,0,0,1,0,22,259,978,818,43,0,0,26,16,75,0,7.66871165644172
"12087","12","087",FL,Florida,Monroe,Monroe County,2546.044689,11153.864839,82044,32.2241005252049,80111,80988,9480,11.7054378426434,62079,5716,49,893,136,2721,10450,42929,29031,3227,153,2333,1788,1989,4408,0.356402431922477,10.2681171236227
"12033","12","033",FL,Florida,Escambia,Escambia County,1701.606706,1213.969803,321296,188.819190043789,61642,302159,44874,14.8511214294461,209744,69606,921,9694,307,5976,25048,146059,104055,13511,1232,910,5755,2378,18218,0.843494752120718,12.4730417160189
"17091","17","091",IL,Illinois,Kankakee,Kankakee County,1752.101354,12.458977,107421,61.3098093639165,65489,103408,14520,14.0414668110784,81215,15614,502,1042,0,3255,5793,49040,39426,3846,470,104,1283,1027,2884,0.958401305057096,5.88091353996737
"20119","20","119",KS,Kansas,Meade,Meade County,2533.222397,3.258258,4019,1.58651684303737,74063,3913,276,7.0534117045745,3327,37,14,32,0,374,235,2000,1552,260,0,0,41,19,128,0,6.4
"27119","27","119",MN,Minnesota,Polk,Polk County,5104.864821,69.390824,31128,6.09771288594127,69540,30000,3468,11.56,27271,787,389,334,8,660,1679,14969,11609,1293,122,71,741,246,887,0.81501770325339,5.9255795310308
"28113","28","113",MS,Mississippi,Pike,Pike County,1059.783761,3.907959,40098,37.8360203992595,40131,38709,11875,30.6776201916867,17120,21717,160,219,0,235,647,14632,11900,1725,55,4,117,418,413,0.375888463641334,2.82258064516129
"27161","27","161",MN,Minnesota,Waseca,Waseca County,1096.505123,24.893714,18953,17.2849169624901,71856,18111,1198,6.61476450775772,17125,159,173,160,0,722,614,9427,7705,668,11,19,262,166,596,0.116686114352392,6.32226583218415
"40025","40","025",OK,Oklahoma,Cimarron,Cimarron County,4752.131819,15.923999,2272,0.478101215735657,57100,2253,246,10.9187749667111,2025,3,7,0,0,6,231,1082,807,16,0,0,77,5,177,0,16.358595194085
"30029","30","029",MT,Montana,Flathead,Flathead County,13175.846363,437.160633,105950,8.04122916137862,68025,104920,9727,9.27087304613038,97452,334,1138,871,0,1012,5143,51262,38390,3444,53,295,1402,639,7039,0.103390425656432,13.7314189848231
"49005","49","005",UT,Utah,Cache,Cache County,3016.509352,21.130753,134428,44.5640919067172,72719,130636,17695,13.545270828868,117401,925,486,2699,534,4487,7896,66302,47390,6362,1419,893,2534,577,7127,2.14020693191759,10.7492986636904
"05079","05","079",AR,Arkansas,Lincoln,Lincoln County,1449.008947,26.693606,13016,8.9826912573232,50526,8377,1481,17.6793601527993,8250,3884,62,0,0,489,331,3550,3085,302,8,0,5,17,133,0.225352112676056,3.74647887323944
"13287","13","287",GA,Georgia,Turner,Turner County,739.227757,11.818093,8894,12.0314746244032,39666,8595,1928,22.4316463059919,5129,3408,1,0,0,112,244,3301,2498,460,14,0,14,45,270,0.42411390487731,8.17933959406241
"19127","19","127",IA,Iowa,Marshall,Marshall County,1482.77607,1.80308,40049,27.0094728464292,70828,38452,4294,11.1671694580256,31422,844,292,1691,0,2326,3474,19134,14867,2522,3,4,491,83,1164,0.0156788962057071,6.08341172781436
"29215","29","215",MO,Missouri,Texas,Texas County,3049.106824,5.071079,24828,8.14271241813337,42870,23400,4674,19.974358974359,22529,617,166,112,8,239,1157,8980,6903,1331,27,0,234,76,409,0.300668151447661,4.55456570155902
"13023","13","023",GA,Georgia,Bleckley,Bleckley County,559.122126,8.42542,12413,22.200874232618,56021,11172,1906,17.0605084138919,8731,3259,0,116,0,65,242,4963,4173,475,7,4,10,96,198,0.141043723554302,3.98952246625025
"39055","39","055",OH,Ohio,Geauga,Geauga County,1036.793138,20.701156,95455,92.0675460720497,97162,94368,5518,5.84732112580536,90028,917,59,486,4,602,3359,47198,34870,4841,272,18,712,746,5739,0.576295605746006,12.1594135344718
"40053","40","053",OK,Oklahoma,Grant,Grant County,2591.904426,7.042653,4152,1.60191091860885,58980,4022,533,13.2521133764296,3641,93,116,9,0,94,199,1798,1501,136,0,0,32,36,93,0,5.17241379310345
"29055","29","055",MO,Missouri,Crawford,Crawford County,1923.00589,3.306286,23023,11.9724022270155,52367,22543,3305,14.6608703366899,21704,119,34,59,57,121,929,9009,6866,1491,38,6,34,116,458,0.421800421800422,5.08380508380508
"48451","48","451",TX,Texas,Tom Green,Tom Green County,3942.79095,47.251782,119276,30.2516672865956,67215,113564,13332,11.7396358000775,87149,4695,652,1568,92,7229,17891,57290,43892,6120,222,204,2261,652,3939,0.387502181881655,6.87554547041368
"48393","48","393",TX,Texas,Roberts,Roberts County,2393.298442,0.346846,764,0.319224709544185,62667,760,112,14.7368421052632,736,3,3,0,0,0,22,398,295,32,0,0,42,17,12,0,3.01507537688442
"48075","48","075",TX,Texas,Childress,Childress County,1803.954626,44.560655,6781,3.75896372462308,56063,5317,802,15.0836938123002,4793,478,9,6,0,374,1121,2840,2525,98,0,0,149,20,48,0,1.69014084507042
"01059","01","059",AL,Alabama,Franklin,Franklin County,1641.94598,32.539346,32011,19.4957692822513,47359,31558,5246,16.623360162241,24853,1360,134,35,14,4210,1405,13403,11077,1991,4,0,72,54,205,0.0298440647616205,1.52950831903305
"18115","18","115",IN,Indiana,Ohio,Ohio County,223.126824,3.369528,5974,26.7740108199631,66333,5910,592,10.0169204737733,5662,18,26,26,0,3,239,2741,2301,224,0,14,41,21,140,0,5.10762495439621
"20131","20","131",KS,Kansas,Nemaha,Nemaha County,1858.127933,5.205446,10219,5.49962132236026,72788,9904,863,8.71365105008078,9741,48,55,16,0,31,328,5073,4223,323,33,0,215,25,254,0.65050266114725,5.00689927064853
"27133","27","133",MN,Minnesota,Rock,Rock County,1249.562287,0.698231,9659,7.72990678455071,75060,9404,827,8.79413015737984,9166,16,68,67,0,37,305,4914,3962,251,1,0,145,61,494,0.0203500203500203,10.0529100529101
"31045","31","045",NE,Nebraska,Dawes,Dawes County,3616.636214,11.875952,8279,2.28914369876406,53760,7434,964,12.967446865752,7268,194,243,77,0,0,497,4292,2998,447,2,44,334,70,397,0.0465983224603914,9.2497670083877
"42059","42","059",PA,Pennsylvania,Greene,Greene County,1491.658043,5.296803,35781,23.9874012464933,66283,32604,4208,12.9063918537603,33087,979,7,53,17,135,1503,13771,11351,1048,33,2,352,232,753,0.239634013506644,5.46801249001525
"29161","29","161",MO,Missouri,Phelps,Phelps County,1739.919007,6.567069,44843,25.7730387561655,53242,41650,7357,17.6638655462185,39335,940,214,1508,9,357,2480,18728,14048,2631,0,35,741,124,1149,0,6.13519863306279
"01027","01","027",AL,Alabama,Clay,Clay County,1564.255426,5.281616,14209,9.08355487462442,48074,13887,2440,17.5703895729819,11581,1790,5,36,0,128,669,5176,4315,420,13,0,37,137,254,0.251159196290572,4.90726429675425
"02158","02","158",AK,Alaska,Kusilvak,Kusilvak Census Area,44229.38864,6686.187054,8372,0.189285908248539,42663,8278,2836,34.2594829669002,265,70,7606,14,12,64,341,2398,152,79,0,3,977,1082,105,0,4.37864887406172
"17155","17","155",IL,Illinois,Putnam,Putnam County,414.649315,31.195045,5628,13.5729152235546,75726,5620,492,8.75444839857651,5311,19,1,41,15,103,138,2598,2310,117,2,7,13,18,131,0.0769822940723634,5.0423402617398
"18107","18","107",IN,Indiana,Montgomery,Montgomery County,1307.030258,2.067987,38018,29.0873143657551,62937,36479,4640,12.7196469201458,34961,313,3,162,19,853,1707,17939,14085,2047,88,21,557,53,1088,0.490551312782206,6.06499804894364
"20203","20","203",KS,Kansas,Wichita,Wichita County,1861.078197,0.061987,2131,1.14503517554238,69551,2108,315,14.9430740037951,1695,15,13,0,0,163,245,923,684,120,0,0,38,3,78,0,8.45070422535211
"27087","27","087",MN,Minnesota,Mahnomen,Mahnomen County,1444.868084,64.851532,5389,3.72975225882282,52739,5267,1083,20.5619897474843,2462,23,1975,24,9,8,888,1963,1452,212,26,2,102,10,159,1.32450331125828,8.09984717269485
"27101","27","101",MN,Minnesota,Murray,Murray County,1825.079944,38.432252,8170,4.47651623528005,71500,8044,595,7.39681750372949,7516,47,2,117,0,224,264,3979,3053,392,0,6,167,47,314,0,7.89143000753958
"31113","31","113",NE,Nebraska,Logan,Logan County,1478.101945,1.203586,839,0.56761984708707,69250,834,77,9.2326139088729,741,0,18,0,0,12,68,434,299,34,1,0,25,1,74,0.230414746543779,17.0506912442396
"38041","38","041",ND,North Dakota,Hettinger,Hettinger County,2932.48581,4.008872,2477,0.844675869036856,66797,2312,236,10.2076124567474,2299,12,57,6,3,4,96,1121,860,41,0,0,81,17,122,0,10.8831400535236
"19073","19","073",IA,Iowa,Greene,Greene County,1475.14803,4.404193,8801,5.96618089914678,56884,8661,999,11.534464842397,8287,44,21,65,0,62,322,4337,3338,527,2,39,181,25,225,0.0461148259165322,5.18791791560987
"21129","21","129",KY,Kentucky,Lee,Lee County,540.843067,6.309608,7338,13.5677065081062,31682,6639,2082,31.3601446000904,6901,149,14,10,0,10,254,2232,1686,253,2,0,32,81,178,0.0896057347670251,7.97491039426523
"48345","48","345",TX,Texas,Motley,Motley County,2562.9639,0.64414,1223,0.477181906463841,66528,1223,115,9.40310711365495,1013,25,0,0,0,42,143,562,403,89,0,0,18,2,50,0,8.89679715302491
"22049","22","049",LA,Louisiana,Jackson,Jackson Parish,1474.681465,28.647417,15093,10.2347526284261,40406,14143,3706,26.2037757194372,10211,3877,67,15,12,335,576,4867,4130,327,16,0,158,22,214,0.328744606533799,4.39695911238956
"51750","51","750",VA,Virginia,Radford,Radford city,25.061727,0.858278,16379,653.546341798392,51039,13320,4501,33.7912912912913,13804,1460,6,373,4,109,623,7771,5819,558,95,35,794,118,352,1.22249388753056,4.5296615622185
"38071","38","071",ND,North Dakota,Ramsey,Ramsey County,3070.086478,299.504065,11613,3.78262960448113,61490,11162,1761,15.7767425192618,9540,65,1387,112,12,92,405,5889,4747,591,27,22,250,28,224,0.458481915435558,3.80370181694685
"16063","16","063",ID,Idaho,Lincoln,Lincoln County,3111.517506,11.588561,5203,1.67217442613354,62250,5124,602,11.7486338797814,4058,25,129,20,0,348,623,2514,1930,363,22,16,51,5,127,0.875099443118536,5.05171042163882
"08017","08","017",CO,Colorado,Cheyenne,Cheyenne County,4605.713958,8.166129,1726,0.374751887707222,65577,1683,183,10.873440285205,1475,16,0,3,5,30,197,878,657,100,0,2,25,0,94,0,10.7061503416856
"15009","15","009",HI,Hawaii,Maui,Maui County,3008.374292,3203.268772,164765,54.7687834050937,95379,162939,15120,9.27954633329037,52341,1236,630,46725,17593,3479,42761,79955,57110,10445,1292,529,2203,1600,6776,1.61590894878369,8.47476705646926
"20033","20","033",KS,Kansas,Comanche,Comanche County,2041.681089,3.604155,1825,0.893871236713992,49754,1746,152,8.70561282932417,1782,3,0,0,0,7,33,855,743,23,0,0,21,4,64,0,7.48538011695906
"23003","23","003",ME,Maine,Aroostook,Aroostook County,17278.035038,404.869424,67237,3.89147260392308,50843,65254,9755,14.9492751402213,63058,510,1072,271,30,247,2049,28276,22174,2890,33,14,741,450,1974,0.116706747771962,6.98118545763191
"31169","31","169",NE,Nebraska,Thayer,Thayer County,1486.153265,3.025339,5006,3.3684278182439,60305,4839,468,9.67141971481711,4744,11,17,1,0,12,221,2405,2011,163,2,1,90,19,119,0.0831600831600832,4.94802494802495
"28061","28","061",MS,Mississippi,Jasper,Jasper County,1751.636189,3.13085,16320,9.31700321247473,43914,16183,2785,17.2094172897485,7207,8919,0,2,0,0,192,6314,5788,299,12,0,73,91,51,0.190053848590434,0.807728856509344
"27147","27","147",MN,Minnesota,Steele,Steele County,1112.525204,6.972355,37396,33.6136204964575,79722,36886,3121,8.46120479314645,32952,1198,58,162,16,907,2103,18758,15444,1117,160,21,535,195,1286,0.852969399722785,6.85574155027188
"46081","46","081",SD,South Dakota,Lawrence,Lawrence County,2072.127354,0.667509,26047,12.570173329221,62977,25242,2794,11.068853498138,23831,186,509,148,27,273,1073,14124,11292,1227,168,22,449,87,879,1.18946474086661,6.22344944774851
"46021","46","021",SD,South Dakota,Campbell,Campbell County,1900.214169,96.243697,1534,0.80727742431648,66932,1530,86,5.62091503267974,1493,0,4,2,0,10,25,761,472,17,0,7,50,14,201,0,26.4126149802891
"30107","30","107",MT,Montana,Wheatland,Wheatland County,3684.208396,13.010928,2060,0.55914318045542,48272,2029,460,22.6712666338098,1946,49,38,8,0,0,19,820,415,80,6,0,131,3,185,0.731707317073171,22.5609756097561
"05067","05","067",AR,Arkansas,Jackson,Jackson County,1641.044497,20.28449,16784,10.2276324808272,41929,14466,2957,20.4410341490391,12770,2041,15,73,8,56,1821,5825,4832,618,0,56,90,45,184,0,3.1587982832618
"12067","12","067",FL,Florida,Lafayette,Lafayette County,1407.256302,11.817999,8107,5.76085535270177,57852,6753,1306,19.339552791352,6319,1267,20,2,0,142,357,2894,2492,270,0,0,0,75,57,0,1.96959225984796
"17165","17","165",IL,Illinois,Saline,Saline County,984.171707,17.977593,23662,24.0425525664903,51710,23117,4156,17.978111346628,21992,589,18,167,32,91,773,9695,7938,840,119,6,223,46,523,1.22743682310469,5.39453326456937
"19179","19","179",IA,Iowa,Wapello,Wapello County,1118.466908,10.822775,35292,31.5539062868725,56209,34402,6001,17.4437532701587,30266,1133,88,538,519,995,1753,16045,12877,1866,111,0,344,170,677,0.691804300405111,4.21938298535369
"26025","26","025",MI,Michigan,Calhoun,Calhoun County,1829.210175,31.256789,134011,73.2616742633197,58191,130504,19360,14.8347943358058,105112,13459,591,3610,13,1744,9482,58169,47020,4676,466,212,1316,728,3751,0.801113995427118,6.44845192456463
"31037","31","037",NE,Nebraska,Colfax,Colfax County,1066.16069,12.611136,10563,9.90751215935377,71205,10338,1057,10.2244147804217,6883,345,637,2,3,1279,1414,5301,4066,522,5,19,424,46,219,0.0943218260705527,4.13129598189021
"38101","38","101",ND,North Dakota,Ward,Ward County,5213.719161,111.244414,69532,13.3363531584359,78143,67831,6127,9.03274314104171,58044,2997,899,1141,73,1454,4924,37132,30490,3899,56,131,589,340,1627,0.150813314661209,4.38166540988904
"31059","31","059",NE,Nebraska,Fillmore,Fillmore County,1490.202741,2.989992,5557,3.7290228014686,72335,5354,375,7.00410907732536,5303,16,20,27,0,17,174,2929,2322,186,0,2,136,36,247,0,8.43291225674291
"42109","42","109",PA,Pennsylvania,Snyder,Snyder County,851.5472,7.158854,39797,46.734931428346,65914,37048,3101,8.37022241416541,37992,338,7,219,87,207,947,19142,14346,1852,57,281,1124,137,1345,0.297774527217637,7.02643401943371
"19003","19","003",IA,Iowa,Adams,Adams County,1096.686255,5.367875,3680,3.35556316423424,64750,3602,341,9.46696279844531,3490,11,16,0,0,50,113,1730,1317,189,11,0,74,2,137,0.635838150289017,7.91907514450867
"51580","51","580",VA,Virginia,Covington,Covington city,14.163842,0.521492,5722,403.986432494799,45737,5620,951,16.9217081850534,4672,770,0,64,0,0,216,2332,2102,106,0,0,28,9,87,0,3.73070325900515
"55005","55","005",WI,Wisconsin,Barron,Barron County,2235.297632,69.178288,46683,20.8844671652209,59379,45946,5401,11.7551038175249,43208,862,252,276,0,865,1220,22230,17110,2298,41,23,869,178,1711,0.184435447593342,7.69680611785875
"48009","48","009",TX,Texas,Archer,Archer County,2339.508191,57.767717,8649,3.69693084780484,69954,8579,1054,12.2858141974589,7956,50,86,16,0,91,450,4016,3415,275,0,0,41,14,271,0,6.74800796812749
"49031","49","031",UT,Utah,Piute,Piute County,1963.753824,20.286511,1764,0.898279600243824,33359,1746,365,20.9049255441008,1681,3,0,0,0,29,51,570,390,28,7,0,13,5,127,1.2280701754386,22.280701754386
"20093","20","093",KS,Kansas,Kearny,Kearny County,2254.696661,1.133601,3964,1.75810789476306,68750,3881,607,15.6402988920381,3241,117,6,23,0,320,257,1680,1263,172,0,0,32,32,181,0,10.7738095238095
"31097","31","097",NE,Nebraska,Johnson,Johnson County,974.029895,1.704834,5294,5.43515145394998,64352,4322,265,6.13142063859324,4353,291,79,40,0,271,260,2129,1609,268,2,19,113,9,109,0.0939408172851104,5.11977454203852
"48435","48","435",TX,Texas,Sutton,Sutton County,3765.674775,1.277066,3345,0.888287013580454,56778,3326,551,16.5664461815995,1590,5,28,0,8,1558,156,1421,1061,181,0,0,63,0,116,0,8.16326530612245
"17147","17","147",IL,Illinois,Piatt,Piatt County,1137.492088,0.754122,16698,14.6796625454858,81151,16622,1189,7.15317049693178,16035,163,15,12,0,34,439,8230,6972,524,21,0,100,55,558,0.255164034021871,6.78007290400972
"17169","17","169",IL,Illinois,Schuyler,Schuyler County,1132.602759,10.510632,6879,6.07362108677328,63737,6757,1318,19.5056977948794,6378,255,1,23,0,55,167,2946,2397,225,0,0,152,45,127,0,4.31093007467753
"47109","47","109",TN,Tennessee,McNairy,McNairy County,1457.753351,1.994997,25895,17.763636065207,46920,25490,4263,16.7242055708121,23515,1521,67,146,0,139,507,9710,8202,728,3,0,74,35,668,0.0308959835221421,6.87950566426365
"21061","21","061",KY,Kentucky,Edmonson,Edmonson County,784.263747,13.462746,12179,15.5292145615396,53029,11999,2035,16.9597466455538,11621,96,15,0,0,92,355,4518,3559,508,0,0,209,10,232,0,5.13501549358123
"19141","19","141",IA,Iowa,O'Brien,O'Brien County,1484.153956,0.447448,14138,9.52596591670575,65076,13868,1683,12.1358523218921,12933,197,36,98,0,231,643,6811,5604,670,6,3,122,50,356,0.0880927910732638,5.22683893701365
"21065","21","065",KY,Kentucky,Estill,Estill County,655.477009,6.549172,14138,21.5690250090831,39980,13995,3353,23.9585566273669,13599,20,5,103,0,0,411,4572,3458,667,0,0,175,45,227,0,4.96500437445319
"17021","17","021",IL,Illinois,Christian,Christian County,1837.552893,16.227346,33893,18.4446391334434,56933,32195,3816,11.8527721695916,31947,889,47,232,6,115,657,14557,12249,1207,0,43,221,29,808,0,5.55059421584118
"21083","21","083",KY,Kentucky,Graves,Graves County,1429.04291,13.030079,36701,25.6822239158655,52526,36109,7141,19.7762330720873,31928,1482,93,149,0,898,2151,15060,12705,955,5,0,186,200,1009,0.0332005312084993,6.69986719787517
"19175","19","175",IA,Iowa,Union,Union County,1097.235803,5.575854,12107,11.0340912745444,56495,11783,1401,11.8900110328439,11494,47,1,76,0,141,348,5485,4267,577,37,0,345,20,239,0.674567000911577,4.35733819507748
"17123","17","123",IL,Illinois,Marshall,Marshall County,1001.865309,30.343504,11740,11.7181420441817,64940,11313,1390,12.2867497569168,11079,67,1,21,0,135,437,5110,4446,245,0,9,86,57,267,0,5.22504892367906
"26023","26","023",MI,Michigan,Branch,Branch County,1311.597696,34.428004,44795,34.153002964714,60600,42681,6409,15.0160492959396,40848,850,165,215,0,757,1960,18889,15054,2212,40,60,344,242,937,0.21176346021494,4.96055905553497
"20061","20","061",KS,Kansas,Geary,Geary County,996.243013,51.658044,36247,36.3836930618453,57992,35147,6544,18.6189432953026,22400,6192,224,1143,358,1508,4422,17723,13934,1998,106,65,660,289,671,0.598092873666986,3.78604073802404
"31017","31","017",NE,Nebraska,Brown,Brown County,3163.421298,9.68932,2691,0.850661276669447,44267,2652,236,8.89894419306184,2504,2,2,1,0,51,131,1253,987,121,0,6,46,0,93,0,7.42218675179569
"28129","28","129",MS,Mississippi,Smith,Smith County,1647.926077,2.599432,14310,8.68364194227142,51983,14154,2578,18.2139324572559,10583,3479,0,54,53,13,128,5298,4457,402,0,0,85,52,302,0,5.70026425066063
"16009","16","009",ID,Idaho,Benewah,Benewah County,2012.242915,18.803193,9731,4.83589726044581,54191,9577,1390,14.5139396470711,8250,79,879,4,33,33,453,3734,2887,357,47,2,118,55,268,1.25870380289234,7.17728976968399
"18045","18","045",IN,Indiana,Fountain,Fountain County,1024.774339,5.728993,16468,16.069879361021,60559,16294,1965,12.0596538603167,15721,48,38,88,0,70,503,7531,5941,805,29,0,304,68,384,0.385075023237286,5.09892444562475
"48341","48","341",TX,Texas,Moore,Moore County,2330.207191,25.699789,21284,9.13395172850104,59041,21061,2839,13.4798917430321,13861,901,134,834,0,1646,3908,9653,8141,833,23,27,358,145,126,0.238267895990884,1.30529369108049
"40081","40","081",OK,Oklahoma,Lincoln,Lincoln County,2466.629765,34.723064,33734,13.6761505430062,57656,33243,4746,14.2766898294378,27977,632,2149,145,33,237,2561,14320,11399,1356,0,4,151,239,1171,0,8.17737430167598
"49037","49","037",UT,Utah,San Juan,San Juan County,20263.45844,285.011234,14524,0.716758200136738,52108,14222,2937,20.6511039234988,6764,22,6529,77,53,414,665,5156,3869,420,40,4,377,109,337,0.775795190069822,6.53607447633825
"19123","19","123",IA,Iowa,Mahaska,Mahaska County,1478.496993,6.59432,22059,14.9198815448656,65200,21320,2552,11.9699812382739,20657,377,24,224,1,104,672,11000,8904,855,4,10,535,47,645,0.0363636363636364,5.86363636363636
"18131","18","131",IN,Indiana,Pulaski,Pulaski County,1123.212804,2.224821,12498,11.1270099089789,56823,12273,1566,12.7597164507455,11634,24,10,32,35,275,488,5849,4355,932,20,4,134,96,308,0.341938792956061,5.26585741152334
"21047","21","047",KY,Kentucky,Christian,Christian County,1858.729568,16.531941,72766,39.1482447219562,48920,67076,11227,16.7377303357386,49743,14698,184,904,277,1596,5364,30102,22889,2826,57,230,2631,364,1105,0.189356188957544,3.67085243505415
"38077","38","077",ND,North Dakota,Richland,Richland County,3718.378998,25.035244,16548,4.4503263408331,67089,15266,1705,11.1686099829687,15073,138,523,25,0,216,573,8341,6625,565,33,21,432,122,543,0.395636014866323,6.51001079007313
"29057","29","057",MO,Missouri,Dade,Dade County,1269.120978,42.072597,7598,5.98682090337333,46806,7436,1267,17.038730500269,7114,42,28,27,1,39,347,3055,2402,272,0,7,106,8,260,0,8.51063829787234
"29059","29","059",MO,Missouri,Dallas,Dallas County,1401.057564,4.90918,17158,12.2464632723684,46547,16911,3484,20.6019750458282,16392,15,33,20,0,24,674,6291,4758,681,0,58,42,268,484,0,7.69353044031156
"18021","18","021",IN,Indiana,Clay,Clay County,926.180633,7.047383,26396,28.4998401602293,68364,25699,2806,10.9187127903809,25142,100,5,55,18,129,947,11606,9647,1251,25,28,105,75,475,0.215405824573496,4.09271066689643
"13115","13","115",GA,Georgia,Floyd,Floyd County,1320.431515,22.387093,98541,74.627876478698,57868,94347,16534,17.5246695708396,73157,13723,580,1309,62,3354,6356,42651,34112,4303,74,99,1325,566,2172,0.17350120747462,5.09249490047127
"31013","31","013",NE,Nebraska,Box Butte,Box Butte County,2784.618473,7.150304,10778,3.87054819340775,67893,10588,1271,12.0041556479033,9166,365,302,76,0,292,577,5148,3955,639,5,0,68,9,472,0.0971250971250971,9.16860916860917
"20057","20","057",KS,Kansas,Ford,Ford County,2844.508243,2.097356,34212,12.0273864855873,67997,33339,3959,11.874981253187,22802,849,259,468,74,4580,5180,16893,13737,2465,0,26,141,168,356,0,2.10738175575682
"18095","18","095",IN,Indiana,Madison,Madison County,1170.470195,2.546731,130545,111.532100994678,60060,124458,17600,14.1413167494255,111737,10402,283,769,2,2115,5237,58438,44956,6719,241,118,854,703,4847,0.412402888531435,8.29426058386666
"20135","20","135",KS,Kansas,Ness,Ness County,2783.562234,0.667491,2677,0.96171731578393,64907,2623,276,10.5223027068242,2223,8,3,4,0,312,127,1395,1049,152,0,0,73,22,99,0,7.09677419354839
"31091","31","091",NE,Nebraska,Hooker,Hooker County,1867.796117,0.882994,659,0.352822234719315,43333,626,51,8.14696485623003,588,10,5,0,0,11,45,306,182,16,9,0,48,2,49,2.94117647058824,16.0130718954248
"17025","17","025",IL,Illinois,Clay,Clay County,1213.023041,3.064499,13248,10.9214743267189,58028,13004,2048,15.7490003075977,12648,61,73,42,0,30,394,5711,4774,366,20,0,83,8,460,0.350201365785327,8.05463141306251
"29103","29","103",MO,Missouri,Knox,Knox County,1305.380281,7.303439,3772,2.8895794236377,49167,3708,470,12.6752966558792,3546,45,7,73,2,7,92,1630,1158,58,17,0,51,20,326,1.04294478527607,20
"29151","29","151",MO,Missouri,Osage,Osage County,1571.03436,17.734586,13374,8.51286282497348,70313,13064,999,7.64696876913656,13089,21,61,0,0,14,189,6686,5185,832,60,7,127,32,443,0.897397547113371,6.62578522285372
"26093","26","093",MI,Michigan,Livingston,Livingston County,1464.076021,52.118264,194302,132.713053976041,96135,192746,9362,4.85716953918629,184070,1149,548,1646,22,997,5870,97209,77855,5699,226,59,978,603,11789,0.232488761328684,12.1274779084241
"01111","01","111",AL,Alabama,Randolph,Randolph County,1503.618358,9.283013,22179,14.7504184702166,49879,21539,4277,19.8570035749106,17068,4203,25,62,0,182,639,8456,7129,553,95,0,90,119,470,1.12346263008515,5.55818353831599
"26143","26","143",MI,Michigan,Roscommon,Roscommon County,1346.526239,155.723123,23556,17.4939034366637,49898,23240,3758,16.1703958691911,22077,94,35,119,0,53,1178,7879,5755,1046,22,29,188,93,746,0.279223251681685,9.46820662520624
"39019","39","019",OH,Ohio,Carroll,Carroll County,1022.04091,11.183048,26761,26.1838833829069,59872,26298,3206,12.1910411438132,25531,208,0,0,0,107,915,11572,8997,1053,1,8,401,314,798,0.00864154856550294,6.89595575527134
"38017","38","017",ND,North Dakota,Cass,Cass County,4571.159546,7.449101,186328,40.761648795008,73249,180833,19590,10.833199692534,157536,12027,1902,5995,4,1321,7543,107914,86752,7553,819,347,2890,1802,7751,0.758937672591137,7.18257130678133
"31119","31","119",NE,Nebraska,Madison,Madison County,1483.077363,7.33312,35538,23.9623372904249,61139,34549,4201,12.1595415207387,29618,304,549,415,0,1893,2759,17964,14796,1459,71,89,477,228,844,0.39523491427299,4.69828545980851
"31135","31","135",NE,Nebraska,Perkins,Perkins County,2287.7688,2.840176,2860,1.25012632395371,61786,2821,245,8.6848635235732,2693,2,2,11,0,43,109,1414,1068,180,0,18,39,8,101,0,7.14285714285714
"31139","31","139",NE,Nebraska,Pierce,Pierce County,1484.70728,3.481943,7301,4.91746763712238,65603,7166,569,7.94027351381524,7022,20,17,12,0,15,215,3685,2916,265,0,28,116,4,356,0,9.66078697421981
"05023","05","023",AR,Arkansas,Cleburne,Cleburne County,1434.747664,98.885396,24948,17.3884235019044,52780,24565,3469,14.1217178913088,23593,96,196,53,8,112,890,9354,7542,937,0,0,160,71,644,0,6.88475518494762
"31141","31","141",NE,Nebraska,Platte,Platte County,1745.780717,27.297317,34219,19.6009726002719,69943,33799,2774,8.207343412527,28746,227,40,152,11,1533,3510,17594,14133,1532,10,37,620,335,927,0.0568375582584972,5.26884165056269
"33007","33","007",NH,New Hampshire,Coos,Coos County,4647.924324,92.545557,31430,6.76215829025189,55247,29447,3419,11.6106903929093,29979,634,25,160,1,48,583,14066,10714,1457,41,18,234,506,1096,0.291483008673397,7.79183847575715
"27151","27","151",MN,Minnesota,Swift,Swift County,1921.837475,26.239987,9806,5.10240856865381,58362,9644,1034,10.7216922438822,9009,86,44,0,78,149,440,4576,3500,370,15,22,342,30,297,0.327797202797203,6.49038461538461
"55067","55","067",WI,Wisconsin,Langlade,Langlade County,2255.098143,44.27757,19512,8.65239504567318,55091,19256,2357,12.240340673037,18238,71,209,32,2,139,821,8688,7334,459,23,0,300,77,495,0.264732965009208,5.6975138121547
"26073","26","073",MI,Michigan,Isabella,Isabella County,1483.285543,12.945211,64938,43.7798374739502,52638,59298,13998,23.6061924516847,55847,1681,2042,984,28,882,3474,30645,23806,2527,162,193,2102,236,1619,0.52863436123348,5.28308043726546
"27085","27","085",MN,Minnesota,McLeod,McLeod County,1273.004838,36.432583,36727,28.8506366226394,73296,36326,2587,7.12162087760832,33844,209,98,255,22,907,1392,18781,15356,1312,103,133,390,190,1297,0.548426601352431,6.90591555295245
"33009","33","009",NH,New Hampshire,Grafton,Grafton County,4425.249894,106.463952,90836,20.526750392822,79949,84824,8361,9.85688012826559,81662,1057,209,3082,55,693,4078,45358,32067,4138,338,181,2371,562,5701,0.745182768199656,12.5688963358173
"02195","02","195",AK,Alaska,Petersburg,Petersburg Borough,7512.663865,2385.84826,3374,0.449108340347662,77826,3325,153,4.6015037593985,1948,39,268,602,16,120,381,1670,981,156,3,30,325,77,98,0.179640718562874,5.86826347305389
"26113","26","113",MI,Michigan,Missaukee,Missaukee County,1462.79367,23.588781,15089,10.3151936663767,57667,14959,1676,11.203957483789,14117,73,42,64,0,163,630,6424,5103,716,23,54,182,43,303,0.358032378580324,4.71668742216687
"29149","29","149",MO,Missouri,Oregon,Oregon County,2045.687598,4.528441,8783,4.29342193235509,41365,8578,1973,23.0006994637445,8291,6,39,21,8,16,402,3205,2438,323,15,0,11,1,417,0.46801872074883,13.0109204368175
"38039","38","039",ND,North Dakota,Griggs,Griggs County,1835.486225,20.446712,2309,1.2579772969966,66688,2213,144,6.50700406687754,2224,0,23,0,0,0,62,1106,792,116,0,0,78,16,104,0,9.40325497287523
"48175","48","175",TX,Texas,Goliad,Goliad County,2206.698612,19.050015,7092,3.21385075489412,58125,6992,698,9.98283752860412,5546,377,23,10,0,239,897,2875,2248,350,0,0,7,0,270,0,9.39130434782609
"31029","31","029",NE,Nebraska,Chase,Chase County,2316.548816,7.962797,3704,1.59893025971096,57313,3633,298,8.20258739333884,3232,13,19,75,0,35,330,1688,1237,127,5,9,101,27,182,0.296208530805687,10.781990521327
"20001","20","001",KS,Kansas,Allen,Allen County,1295.764236,13.021929,12554,9.68849089303002,55059,12121,1841,15.1885157990265,11440,219,98,99,110,31,557,5637,4501,620,28,1,239,6,242,0.496718112471173,4.29306368635799
"20017","20","017",KS,Kansas,Chase,Chase County,2002.19877,12.091093,2570,1.28358884168129,52481,2467,216,8.75557357113903,2337,13,14,2,0,19,185,1146,913,79,0,0,47,27,80,0,6.98080279232112
"20073","20","073",KS,Kansas,Greenwood,Greenwood County,2961.143636,24.145021,6001,2.02658186757409,51812,5909,903,15.2817735657472,5586,30,92,20,0,41,232,2818,2210,275,8,26,91,58,150,0.28388928317956,5.32292405961675
"48101","48","101",TX,Texas,Cottle,Cottle County,2332.448732,2.723997,1647,0.706124845276985,47625,1647,397,24.1044323011536,1227,109,0,0,0,29,282,713,414,106,0,0,24,0,169,0,23.7026647966339
"35015","35","015",NM,New Mexico,Eddy,Eddy County,10816.688004,56.493049,61264,5.66384090743346,77458,60623,7132,11.7645118189466,43458,922,1036,443,0,5500,9905,27002,22195,2619,141,43,246,239,1519,0.522183541959855,5.62550922153915
"17029","17","029",IL,Illinois,Coles,Coles County,1316.418028,4.650074,47076,35.7606770787858,53732,43683,8465,19.378247830964,43057,1701,30,501,0,349,1438,22724,17475,2273,30,291,1155,170,1330,0.132019010737546,5.85284280936455
"20049","20","049",KS,Kansas,Elk,Elk County,1668.636743,16.061112,2453,1.47006231901008,50000,2443,362,14.8178469095375,2267,2,19,11,0,21,133,943,733,122,0,0,23,16,49,0,5.19618239660657
"20207","20","207",KS,Kansas,Woodson,Woodson County,1289.344338,19.254559,3134,2.43069280070007,50670,3076,408,13.2639791937581,2908,2,17,0,0,12,195,1271,1033,91,0,2,70,14,61,0,4.79937057435091
"26057","26","057",MI,Michigan,Gratiot,Gratiot County,1472.098897,8.369164,41534,28.2141370288657,57934,35466,5007,14.1177465741837,36783,2353,88,234,13,441,1622,16782,13522,1225,91,117,571,105,1151,0.542247646287689,6.8585389107377
"20115","20","115",KS,Kansas,Marion,Marion County,2445.722727,24.432825,11867,4.85214446796937,60011,11063,970,8.76796528970442,11158,130,68,69,0,74,368,5588,4221,592,12,25,295,27,416,0.214745884037223,7.44452397995705
"20133","20","133",KS,Kansas,Neosho,Neosho County,1480.129689,16.350961,15826,10.6923063010055,54894,15281,2286,14.9597539428048,14611,192,20,88,0,70,845,6901,5228,1123,2,14,134,14,386,0.0289813070569483,5.59339226199102
"26067","26","067",MI,Michigan,Ionia,Ionia County,1479.710873,22.590323,66663,45.0513686263898,71720,62928,6508,10.3419781337401,58954,2644,139,323,12,633,3958,29980,24284,2318,319,50,663,184,2162,1.06404269513009,7.21147431621081
"27033","27","033",MN,Minnesota,Cottonwood,Cottonwood County,1657.522318,22.249932,11481,6.92660356685466,63586,11262,1448,12.857396554786,9787,178,33,445,39,569,430,5231,4044,396,0,17,239,82,453,0,8.65991206270312
"21173","21","173",KY,Kentucky,Montgomery,Montgomery County,511.202049,3.786799,28188,55.140624054893,53436,27603,4525,16.3931456725718,26276,759,152,118,0,254,629,11427,9852,843,0,0,94,110,528,0,4.62063533735889
"27067","27","067",MN,Minnesota,Kandiyohi,Kandiyohi County,2065.166101,168.381166,43686,21.1537464123812,73285,42567,4640,10.9004627998215,36541,2651,232,489,0,2085,1688,21810,17189,2123,252,91,361,152,1642,1.15543328748281,7.52865657955067
"26107","26","107",MI,Michigan,Mecosta,Mecosta County,1437.843578,41.665709,40128,27.9084600119138,54132,37723,6778,17.9678180420433,36638,1018,276,385,0,279,1532,16342,12924,1361,76,20,866,211,884,0.465059356259944,5.40937461754987
"46051","46","051",SD,South Dakota,Grant,Grant County,1764.937243,15.765681,7533,4.26814042815232,70851,7382,724,9.80764020590626,7025,14,41,43,0,254,156,3685,2959,373,2,16,68,9,258,0.0542740841248304,7.00135685210312
"27043","27","043",MN,Minnesota,Faribault,Faribault County,1845.313229,24.410688,13931,7.54939583213707,64000,13609,1555,11.4262620324785,12667,73,36,66,0,347,742,6728,5389,455,24,14,253,56,537,0.356718192627824,7.98156956004756
"21201","21","201",KY,Kentucky,Robertson,Robertson County,257.938637,1.333016,2207,8.55629860523765,53798,2047,450,21.9833903273083,2163,7,0,0,0,4,33,816,722,50,0,0,0,0,44,0,5.3921568627451
"17049","17","049",IL,Illinois,Effingham,Effingham County,1240.00591,3.174585,34594,27.8982541300952,73181,34060,3680,10.8044627128597,33404,224,17,235,0,188,526,17381,13877,1018,70,14,432,165,1805,0.402738622633911,10.3849030550601
"27009","27","009",MN,Minnesota,Benton,Benton County,1057.483361,12.286985,41300,39.054988024535,70346,40545,3780,9.32297447280799,36349,2274,198,424,6,768,1281,22016,17968,1591,159,30,673,169,1426,0.722202034883721,6.47710755813953
"48145","48","145",TX,Texas,Falls,Falls County,1982.623105,21.693053,17013,8.58105605502867,45172,15142,2400,15.8499537709682,9702,3513,85,1279,0,521,1913,6200,5112,663,0,0,70,37,318,0,5.12903225806452
"46003","46","003",SD,South Dakota,Aurora,Aurora County,1834.902863,11.201379,2590,1.41151886142106,71490,2491,128,5.13849859494179,2415,33,62,6,0,17,57,1384,1051,89,0,0,59,3,182,0,13.150289017341
"25019","25","019",MA,Massachusetts,Nantucket,Nantucket County,119.637319,666.826424,14065,117.563650853794,135590,13893,687,4.94493629885554,10554,1562,0,259,0,692,998,7418,5168,657,101,140,530,55,767,1.36155297923969,10.3397142086816
"46005","46","005",SD,South Dakota,Beadle,Beadle County,3260.011986,15.83423,19089,5.85549994355143,63813,18721,1811,9.67362854548368,14228,113,231,1708,201,1483,1125,9186,6937,1111,0,0,424,287,427,0,4.64837796647072
"46115","46","115",SD,South Dakota,Spink,Spink County,3894.043703,16.16538,6355,1.6319796295825,65795,6235,663,10.6335204490778,6046,71,24,0,0,39,175,2939,2036,234,0,2,246,18,403,0,13.7121469887717
"46135","46","135",SD,South Dakota,Yankton,Yankton County,1349.873581,28.676615,23311,17.2690245428249,68847,21668,1730,7.98412405390437,20891,288,599,57,0,175,1301,11674,9661,897,27,27,322,97,643,0.231283193421278,5.50796642110673
"46067","46","067",SD,South Dakota,Hutchinson,Hutchinson County,2105.694664,3.64422,7401,3.51475459691814,69139,7084,701,9.89553924336533,6840,0,44,52,0,30,435,3649,2884,222,0,18,191,67,267,0,7.31707317073171
"42023","42","023",PA,Pennsylvania,Cameron,Cameron County,1026.239931,5.65323,4536,4.42001900625712,46186,4501,674,14.9744501221951,4311,2,12,4,0,10,197,1777,1408,220,0,0,114,2,33,0,1.85706246482836
"02105","02","105",AK,Alaska,Hoonah-Angoon,Hoonah-Angoon Census Area,16978.039504,7804.886155,2329,0.137177204673796,62344,2329,269,11.5500214684414,1238,9,672,19,4,0,387,1127,403,38,18,25,519,60,64,1.59716060337178,5.67879325643301
"47071","47","071",TN,Tennessee,Hardin,Hardin County,1495.684383,48.706058,26824,17.9342649457884,46902,26290,5095,19.3799923925447,25027,909,73,23,0,21,771,10426,9218,452,0,0,45,89,622,0,5.96585459428352
"46087","46","087",SD,South Dakota,McCook,McCook County,1487.184882,6.895715,5714,3.8421584761645,74873,5552,464,8.35734870317003,5443,15,63,0,0,46,147,2927,2283,238,0,2,113,18,273,0,9.32695592757089
"46073","46","073",SD,South Dakota,Jerauld,Jerauld County,1362.677265,16.727973,1836,1.34734764214328,66607,1790,163,9.10614525139665,1667,0,28,0,0,66,75,961,697,47,0,0,33,2,182,0,18.9386056191467
"54001","54","001",WV,West Virginia,Barbour,Barbour County,883.338376,4.639586,15527,17.5776355039736,44341,14897,3278,22.0044304222327,14313,215,26,84,0,52,837,5578,4714,195,0,0,133,219,317,0,5.68304051631409
"51075","51","075",VA,Virginia,Goochland,Goochland County,730.451417,21.934893,24906,34.0967235059796,105600,23876,1009,4.2260010051935,19629,3602,9,429,0,431,806,11326,8752,551,0,0,85,41,1897,0,16.7490729295426
"27079","27","079",MN,Minnesota,Le Sueur,Le Sueur County,1162.212767,65.216707,28795,24.7760141839846,87180,28513,2123,7.44572651071441,26683,251,126,125,0,844,766,15133,12378,919,22,14,456,80,1264,0.145377651490121,8.35260688561422
"48255","48","255",TX,Texas,Karnes,Karnes County,1936.669679,15.010315,14805,7.64456642272861,57798,11214,2355,21.0005350454789,9706,965,64,161,4,824,3081,4804,3773,605,0,3,167,7,249,0,5.18318068276436
"27091","27","091",MN,Minnesota,Martin,Martin County,1844.928073,44.669375,19960,10.8188499552416,61674,19695,2305,11.7034780401117,18869,122,34,98,2,322,513,9657,7876,578,20,15,319,81,768,0.207103655379517,7.95278036657347
"29001","29","001",MO,Missouri,Adair,Adair County,1469.362059,5.468507,25299,17.2176760962629,51020,23055,5438,23.5870743873346,22803,1043,105,472,13,121,742,10035,7648,1208,32,4,439,120,584,0.318883906327853,5.81963129048331
"55099","55","099",WI,Wisconsin,Price,Price County,3247.992726,62.094098,14066,4.33067472331525,55822,13866,1880,13.5583441511611,13278,24,66,77,104,85,432,6013,4870,464,5,4,231,55,384,0.083153168135706,6.38616331282222
"55033","55","033",WI,Wisconsin,Dunn,Dunn County,2201.902879,35.572577,45221,20.5372364200447,69721,41732,4581,10.9771877695773,41877,148,98,1717,23,247,1111,23558,18238,1453,50,92,1533,210,1982,0.212242125817132,8.41327786739112
"56025","56","025",WY,Wyoming,Natrona,Natrona County,13831.927736,90.969877,79506,5.74800573842443,69104,78006,7120,9.12750301258878,72388,313,813,421,126,1291,4154,40190,32517,3298,243,112,573,288,3159,0.604628016919632,7.86016421995521
"56027","56","027",WY,Wyoming,Niobrara,Niobrara County,6801.380673,4.96945,2460,0.361691268034101,54375,2230,409,18.3408071748879,2311,4,65,0,29,0,51,1083,864,45,0,0,50,8,116,0,10.7109879963066
"56029","56","029",WY,Wyoming,Park,Park County,17972.027722,67.638744,29878,1.66247239666928,66754,29207,2796,9.57304755709248,26908,181,158,81,0,833,1717,14351,10948,1165,29,32,614,140,1423,0.202076510347711,9.9156853180963
"45081","45","081",SC,South Carolina,Saluda,Saluda County,1172.526276,23.102147,18952,16.1633904398745,51041,18710,3348,17.8941742383752,11535,4369,134,47,0,976,1891,7725,6059,824,14,0,105,382,341,0.181229773462783,4.41423948220065
"41069","41","069",OR,Oregon,Wheeler,Wheeler County,4444.475029,1.241033,1407,0.316572821496215,50774,1389,137,9.86321094312455,1252,0,4,10,1,41,99,484,293,66,16,0,36,1,72,3.30578512396694,14.8760330578512
"50009","50","009",VT,Vermont,Essex,Essex County,1715.530213,28.68849,5976,3.483471147704,55247,5963,789,13.2315948348147,5682,2,39,44,0,0,209,2566,2014,239,4,0,112,16,181,0.155884645362432,7.05378020265004
"53059","53","059",WA,Washington,Skamania,Skamania County,4294.897557,73.323232,12118,2.8214875533526,84500,12005,1036,8.62973760932945,10654,12,251,169,34,235,763,5511,4137,219,0,21,305,30,799,0,14.4982761749229
"27031","27","031",MN,Minnesota,Cook,Cook County,3762.130687,4887.924296,5611,1.4914420754677,71937,5557,477,8.58376822026273,4787,18,417,50,4,104,231,2758,1664,233,28,11,257,73,492,1.01522842639594,17.8390137781001
"39033","39","033",OH,Ohio,Crawford,Crawford County,1040.619655,2.359514,41861,40.2269934061547,52486,40970,5759,14.0566268000976,40074,369,6,274,3,80,1055,18790,15992,1282,35,6,211,394,870,0.18626929217669,4.63012240553486
"39063","39","063",OH,Ohio,Hancock,Hancock County,1376.118086,6.028216,75072,54.5534578491108,67006,73131,7708,10.5399898811721,68037,1322,59,1458,13,1610,2573,36806,30393,2712,107,102,665,339,2488,0.290713470629789,6.7597674292235
"39073","39","073",OH,Ohio,Hocking,Hocking County,1091.289821,5.955974,28104,25.7530121322372,59007,27699,4598,16.5998772518864,26672,173,3,72,0,403,781,12424,10208,1168,22,33,147,120,726,0.177076625885383,5.84352865421764
"39077","39","077",OH,Ohio,Huron,Huron County,1274.903645,8.628942,58518,45.8999393636528,64144,57781,6351,10.9915023969817,54431,415,83,142,7,751,2689,26975,22558,2275,86,89,601,269,1097,0.318813716404078,4.06672845227062
"48501","48","501",TX,Texas,Yoakum,Yoakum County,2071.252479,0.034329,7630,3.68376143292959,80317,7606,1036,13.6208256639495,4938,120,79,40,0,681,1772,3273,2495,522,0,0,101,58,97,0,2.96364191872899
"48011","48","011",TX,Texas,Armstrong,Armstrong County,2354.617585,12.183672,1912,0.812021456129574,70417,1849,109,5.89507842076798,1745,16,21,2,0,33,95,815,585,117,0,0,24,7,82,0,10.0613496932515
"48249","48","249",TX,Texas,Jim Wells,Jim Wells County,2240.795374,8.723372,39060,17.4313105307223,46626,38594,8731,22.6226874643727,31976,287,223,167,80,1453,4874,14790,12017,1281,0,0,258,130,1104,0,7.46450304259635
"40043","40","043",OK,Oklahoma,Dewey,Dewey County,2589.024032,22.668882,4504,1.73965167736226,61310,4411,628,14.2371344366357,3743,3,238,4,0,27,489,1836,1427,188,0,0,91,41,89,0,4.84749455337691
"48211","48","211",TX,Texas,Hemphill,Hemphill County,2347.270019,15.205586,3371,1.43613643624867,67798,3322,204,6.14087898856111,2648,60,16,0,0,339,308,1546,1054,293,0,0,80,34,85,0,5.4980595084088
"23011","23","011",ME,Maine,Kennebec,Kennebec County,2246.742799,216.787826,124003,55.1923433582128,62118,120229,14938,12.4246230110872,116633,924,384,1121,16,544,4381,59235,44922,4820,60,39,1708,593,7093,0.101291466193973,11.9743394952309
"19075","19","075",IA,Iowa,Grundy,Grundy County,1299.799697,0.092512,12351,9.50223332757093,80701,12182,724,5.94319487768839,11893,104,14,56,0,86,198,6159,5028,324,10,2,126,31,638,0.162364020133138,10.3588244844942
"27059","27","059",MN,Minnesota,Isanti,Isanti County,1128.608896,41.2031,41257,36.5556218334115,84063,40871,3591,8.78618091067016,38766,392,157,742,4,207,989,20699,16500,1522,115,61,293,235,1973,0.555582395284796,9.53186144258177
"48413","48","413",TX,Texas,Schleicher,Schleicher County,3394.546068,0.087401,2474,0.728816151096642,53774,2466,357,14.4768856447689,1413,40,1,0,7,802,211,1058,750,125,0,0,66,16,101,0,9.54631379962193
"40111","40","111",OK,Oklahoma,Okmulgee,Okmulgee County,1806.369916,12.960866,36900,20.4277095589096,50819,35307,6359,18.0105928002946,23336,2752,5552,202,21,243,4794,14677,11508,1687,49,21,265,171,976,0.333855692580228,6.64986032567963
"30033","30","033",MT,Montana,Garfield,Garfield County,12112.23325,446.864356,976,0.0805796899593227,61786,966,91,9.42028985507246,952,11,3,0,0,0,10,517,239,32,0,0,85,0,161,0,31.1411992263056
"48429","48","429",TX,Texas,Stephens,Stephens County,2322.497231,64.147705,9260,3.98708763842655,44712,8806,1467,16.6590960708608,7656,264,72,93,0,354,821,3815,3062,458,0,0,53,100,142,0,3.7221494102228
"31005","31","005",NE,Nebraska,Arthur,Arthur County,1852.234549,7.644718,485,0.26184588785575,66667,485,34,7.01030927835052,455,0,1,0,0,1,28,219,142,34,0,0,17,0,26,0,11.8721461187215
"48437","48","437",TX,Texas,Swisher,Swisher County,2305.502705,27.277988,6989,3.03144298414519,40290,6366,1879,29.5161797046811,5145,568,16,78,20,260,902,2610,2030,370,39,0,104,5,62,1.49425287356322,2.37547892720307
"29159","29","159",MO,Missouri,Pettis,Pettis County,1766.982901,10.47176,43059,24.3686568645522,57581,42434,6274,14.7853136635717,37711,1212,150,249,28,1540,2169,19837,16138,1822,39,44,229,323,1242,0.196602308816857,6.26102737309069
"48279","48","279",TX,Texas,Lamb,Lamb County,2631.897589,3.973764,13024,4.94852081419647,54519,12797,2233,17.4494022036415,10188,453,60,68,34,374,1847,5456,4231,769,45,0,45,146,220,0.824780058651026,4.03225806451613
"48363","48","363",TX,Texas,Palo Pinto,Palo Pinto County,2467.090694,85.364147,28569,11.5800363843454,65242,28250,4473,15.8336283185841,24211,746,234,285,0,1052,2041,11985,8839,1857,27,0,119,249,894,0.225281602002503,7.45932415519399
"13311","13","311",GA,Georgia,White,White County,623.524626,3.917258,28165,45.1706297162351,66256,27472,3561,12.9622888759464,25727,590,38,176,0,542,1092,12478,9948,812,22,8,200,267,1221,0.176310306138804,9.78522199070364
"41065","41","065",OR,Oregon,Wasco,Wasco County,6167.114402,35.722739,26639,4.31952421563008,61316,26082,3049,11.6900544436776,21820,82,703,179,33,718,3104,11567,9020,1060,12,64,375,209,827,0.103743407970952,7.1496498659981
"02050","02","050",AK,Alaska,Bethel,Bethel Census Area,105223.804364,12764.675308,18538,0.176176865225968,64094,18158,4586,25.2560854719683,1678,215,15452,262,40,89,802,6444,1270,688,12,3,2248,1815,408,0.186219739292365,6.33147113594041
"05123","05","123",AR,Arkansas,St. Francis,St. Francis County,1644.082982,20.017606,23138,14.0734988764697,39822,20136,5659,28.1038935240366,9259,12369,109,25,62,504,810,7810,6648,687,12,0,172,92,199,0.153649167733675,2.54801536491677
"02013","02","013",AK,Alaska,Aleutians East,Aleutians East Borough,18091.672533,20799.85113,3407,0.188318686057659,79961,3395,429,12.6362297496318,576,183,1263,676,10,277,422,2244,460,153,4,21,1182,71,353,0.17825311942959,15.7308377896613
"55081","55","081",WI,Wisconsin,Monroe,Monroe County,2333.329773,18.586766,46208,19.8034587886776,66451,45434,5259,11.5750319144253,41997,695,423,335,0,1008,1750,21749,16971,1879,12,99,608,403,1777,0.0551749505724401,8.17049059726884
"02130","02","130",AK,Alaska,Ketchikan Gateway,Ketchikan Gateway Borough,12579.396153,4651.598031,13910,1.10577644831407,82763,13735,1329,9.67601019293775,8909,91,2030,1180,29,217,1454,7018,4654,1138,234,7,500,191,294,3.33428327158735,4.18922770019949
"02164","02","164",AK,Alaska,Lake and Peninsula,Lake and Peninsula Borough,61724.164724,25989.695209,999,0.016184909175637,61607,995,151,15.1758793969849,171,22,617,35,0,0,154,483,180,27,0,0,166,85,25,0,5.175983436853
"38093","38","093",ND,North Dakota,Stutsman,Stutsman County,5754.703484,197.271625,21609,3.7550153644024,59167,19997,2625,13.1269690453568,20007,440,336,164,3,171,488,10640,8576,919,1,2,444,153,545,0.0093984962406015,5.12218045112782
"39125","39","125",OH,Ohio,Paulding,Paulding County,1078.561237,6.245396,18827,17.4556616297161,65331,18665,1759,9.42405571926065,17570,105,19,46,2,156,929,8367,7255,563,0,4,232,21,292,0,3.48990080076491
"28019","28","019",MS,Mississippi,Choctaw,Choctaw County,1083.125335,4.295085,8208,7.57807036246641,41887,8064,1543,19.1344246031746,5536,2397,9,35,0,112,119,3131,2533,442,0,0,33,38,85,0,2.71478760779304
"46119","46","119",SD,South Dakota,Sully,Sully County,2607.411018,164.375674,1318,0.505482254581775,66875,1308,111,8.48623853211009,1214,72,0,0,0,0,32,777,525,114,0,0,24,9,105,0,13.5135135135135
"29207","29","207",MO,Missouri,Stoddard,Stoddard County,2131.929142,15.025824,28656,13.4413472922075,51703,28210,4643,16.4587025877348,27137,376,69,8,18,106,942,11774,10196,896,14,0,171,85,412,0.118906064209275,3.49923560387294
"48191","48","191",TX,Texas,Hall,Hall County,2288.233615,53.366403,2847,1.24419114435569,43873,2795,519,18.5688729874776,1948,186,11,12,0,226,464,1155,891,136,2,0,23,4,99,0.173160173160173,8.57142857142857
"29209","29","209",MO,Missouri,Stone,Stone County,1201.281541,121.206471,31314,26.0671615530967,58392,30864,4344,14.0746500777605,29795,68,57,153,0,331,910,11736,9306,1269,0,0,142,97,922,0,7.85616905248807
"29225","29","225",MO,Missouri,Webster,Webster County,1534.731555,3.109298,39265,25.5842788089413,65103,38016,5967,15.6960227272727,36500,242,104,88,109,672,1550,15919,12698,1705,14,0,243,242,1017,0.0879452226898675,6.3885922482568
"37067","37","067",NC,North Carolina,Forsyth,Forsyth County,1056.28439,11.652284,383739,363.291367015279,61229,373308,56760,15.2046031695008,231971,99010,1461,9334,232,16566,25165,175739,135047,16017,1493,231,2553,1829,18569,0.849555306448768,10.5662374316458
"51590","51","590",VA,Virginia,Danville,Danville city,110.844523,2.341364,42507,383.483088289351,41484,40915,10350,25.2963460833435,17842,21338,30,614,6,327,2350,16076,12577,1684,429,0,266,194,926,2.66857427220702,5.76013933814382
"51620","51","620",VA,Virginia,Franklin,Franklin city,21.438217,0.227442,8194,382.214621673062,57537,8034,1506,18.7453323375653,3148,4212,0,276,0,34,524,3367,2860,84,5,0,137,175,106,0.148500148500149,3.14820314820315
"20013","20","013",KS,Kansas,Brown,Brown County,1478.550074,3.196147,9486,6.41574483462506,55876,9294,1347,14.4932214331827,7862,88,757,45,0,115,619,4464,3488,372,2,14,207,67,314,0.0448028673835125,7.03405017921147
"51690","51","690",VA,Virginia,Martinsville,Martinsville city,28.374648,0.135578,13539,477.151293647766,39127,13086,3217,24.583524377197,6039,6148,79,107,9,452,705,5308,3897,743,33,6,30,201,398,0.621703089675961,7.49811605124341
"20015","20","015",KS,Kansas,Butler,Butler County,3702.946933,43.541269,67618,18.2605911517123,77724,64314,5088,7.91118574493889,60166,1737,500,925,81,786,3423,31549,25775,2505,39,35,577,305,2313,0.123617230340106,7.33145266094012
"48221","48","221",TX,Texas,Hood,Hood County,1089.693164,41.7625,62459,57.3179699235041,80013,61634,5467,8.8701041632865,55583,642,310,542,24,849,4509,26263,21054,2080,0,0,279,222,2628,0,10.0064729848075
"51790","51","790",VA,Virginia,Staunton,Staunton city,51.593819,0.147694,25581,495.815206081178,59731,24146,2763,11.4428890913609,20917,2739,27,364,156,210,1168,12047,9705,926,63,66,529,93,665,0.52295177222545,5.52004648460198
"12027","12","027",FL,Florida,DeSoto,DeSoto County,1649.031787,6.243548,34258,20.7746146981944,45000,32594,8601,26.3882923237406,24790,4247,154,54,4,2459,2550,12092,8465,2110,162,121,307,158,769,1.33972874627853,6.35957657955673
"12055","12","055",FL,Florida,Highlands,Highlands County,2635.726558,230.667873,102339,38.8276240907385,53679,100690,15742,15.6341245406694,76633,9380,504,1440,18,6651,7713,34686,26780,4082,48,56,744,688,2288,0.13838436256703,6.59632128236176
"29229","29","229",MO,Missouri,Wright,Wright County,1765.786964,3.52647,18475,10.4627570463817,43573,18041,3674,20.3647247935259,17473,35,41,68,14,15,829,6803,5743,576,0,0,132,111,241,0,3.54255475525503
"20003","20","003",KS,Kansas,Anderson,Anderson County,1501.264009,10.599659,7799,5.19495568617205,67651,7625,1004,13.1672131147541,7369,77,67,4,0,18,264,3378,2647,253,0,0,143,106,229,0,6.77915926583777
"51007","51","007",VA,Virginia,Amelia,Amelia County,920.379345,8.188217,13309,14.4603418930485,63438,13201,1469,11.1279448526627,9928,2679,0,1,0,0,701,6079,4982,290,2,0,94,155,556,0.0329001480506662,9.14624115808521
"19047","19","047",IA,Iowa,Crawford,Crawford County,1849.765416,2.171717,16450,8.89301954599848,61188,16244,2759,16.9847328244275,12574,397,24,369,0,1258,1828,7703,5981,811,209,0,188,53,461,2.713228612229,5.98468129300273
"19051","19","051",IA,Iowa,Davis,Davis County,1300.661926,6.904087,9093,6.9910557218848,77176,8961,843,9.40743220622698,8748,0,35,42,0,135,133,4002,2623,437,0,10,170,298,464,0,11.5942028985507
"19055","19","055",IA,Iowa,Delaware,Delaware County,1496.193401,3.185375,17523,11.7117212175166,75896,17342,1152,6.64283242993888,16799,1,15,36,0,162,510,9504,7877,440,37,0,203,127,820,0.389309764309764,8.62794612794613
"20121","20","121",KS,Kansas,Miami,Miami County,1491.519616,37.234703,34312,23.0047259398565,85564,33682,2347,6.96811353245057,31811,397,225,177,0,428,1274,16970,13592,1195,0,0,148,105,1930,0,11.3730111962286
"48283","48","283",TX,Texas,La Salle,La Salle County,3850.545747,19.503739,6965,1.80883450233684,62798,6004,1683,28.0313124583611,3627,232,0,6,0,861,2239,2207,1907,129,14,0,25,78,54,0.6343452650657,2.44676030811056
"20113","20","113",KS,Kansas,McPherson,McPherson County,2326.547428,6.003328,30085,12.9311784655352,71250,28420,3020,10.6263194933146,28218,540,26,215,0,104,982,15427,12627,1027,0,111,642,125,895,0,5.80151682115771
"19069","19","069",IA,Iowa,Franklin,Franklin County,1507.300417,1.438346,10015,6.64432908466448,62214,9841,1353,13.7486027842699,9085,53,12,3,0,187,675,4670,3740,426,5,7,163,6,323,0.107066381156317,6.91648822269807
"20109","20","109",KS,Kansas,Logan,Logan County,2779.039723,0.274632,2752,0.990270120007205,70382,2721,269,9.88607129731716,2573,0,41,15,6,46,71,1433,1074,82,0,0,90,31,156,0,10.8862526168876
"19079","19","079",IA,Iowa,Hamilton,Hamilton County,1493.725536,1.956182,14979,10.0279466602089,66685,14703,1144,7.78072502210433,13597,207,10,263,125,163,614,7201,6033,376,10,9,274,32,467,0.138869601444244,6.48521038744619
"48309","48","309",TX,Texas,McLennan,McLennan County,2685.005118,61.012624,261090,97.2400381100503,59781,250840,44851,17.8803221176846,177338,36801,1282,4066,143,8415,33045,117951,94359,11011,473,284,2558,975,8291,0.401013980381684,7.02919008740918
"16037","16","037",ID,Idaho,Custer,Custer County,12748.378764,42.52719,4344,0.340749210579385,60357,4294,497,11.5742897065673,3901,6,35,1,0,50,351,1762,945,190,23,8,70,32,494,1.30533484676504,28.0363223609535
"20181","20","181",KS,Kansas,Sherman,Sherman County,2735.19325,0.548248,5940,2.17169298732366,61404,5624,590,10.4907539118065,5230,113,10,2,0,299,286,3030,2153,189,0,0,110,17,561,0,18.5148514851485
"19093","19","093",IA,Iowa,Ida,Ida County,1117.614339,1.391966,6969,6.23560360386536,63125,6812,785,11.5237815619495,6623,55,4,28,0,77,182,3435,2763,226,0,10,93,22,321,0,9.34497816593886
"39127","39","127",OH,Ohio,Perry,Perry County,1056.54408,11.790392,35451,33.553734927936,62899,35003,5369,15.3386852555495,34098,91,34,28,0,125,1075,14819,12617,1158,43,0,198,138,665,0.290168027532222,4.48748228625413
"08087","08","087",CO,Colorado,Morgan,Morgan County,3316.441489,34.663098,29045,8.75788102890906,70471,28545,3662,12.8288667016991,21389,930,556,112,21,1462,4575,13360,10198,1699,0,13,389,98,963,0,7.20808383233533
"48385","48","385",TX,Texas,Real,Real County,1810.812879,2.346259,2830,1.56283403592912,46842,2593,636,24.527574238334,2681,37,0,0,0,86,26,744,539,38,3,11,31,0,122,0.403225806451613,16.3978494623656
"13081","13","081",GA,Georgia,Crisp,Crisp County,706.23795,21.408088,20255,28.6801353566457,47463,19734,4648,23.553258335867,10396,9071,4,125,0,158,501,8315,6681,865,0,69,20,137,543,0,6.53036680697535
"39141","39","141",OH,Ohio,Ross,Ross County,1784.931094,9.99441,76957,43.1148296192996,58048,71678,11548,16.1109405954407,68763,4268,96,336,25,487,2982,30977,25245,3847,141,0,389,153,1202,0.455176421215741,3.88029828582497
"08085","08","085",CO,Colorado,Montrose,Montrose County,5804.023556,4.92326,42823,7.37815751208161,62817,42360,4904,11.5769593956563,35980,173,492,225,5,959,4989,18297,13585,1821,28,96,499,250,2018,0.153030551456523,11.0291304585451
"39149","39","149",OH,Ohio,Shelby,Shelby County,1055.922235,7.802978,48145,45.5952137422317,73502,47503,5189,10.9235206197503,44751,1011,97,357,0,339,1590,23620,19746,2330,42,136,145,96,1125,0.177815410668925,4.76291278577477
"13109","13","109",GA,Georgia,Evans,Evans County,473.694904,10.295112,10759,22.7129316974877,55222,10247,2177,21.2452425100029,6059,2947,33,104,0,865,751,4262,3285,451,0,0,223,147,156,0,3.66025340215861
"17035","17","035",IL,Illinois,Cumberland,Cumberland County,895.989975,2.538006,10447,11.6597286705133,71274,10259,1000,9.74753874646652,10053,12,0,8,0,149,225,5403,4491,355,0,0,199,12,346,0,6.40384971312234
"39159","39","159",OH,Ohio,Union,Union County,1118.126414,13.420715,63411,56.7118343740335,104496,60543,3131,5.17153097798259,55745,1581,90,2975,0,460,2560,31865,23639,1599,119,19,210,377,5902,0.373450494272713,18.5218892201475
"13161","13","161",GA,Georgia,Jeff Davis,Jeff Davis County,857.075892,11.600966,14791,17.2575149272779,41780,14724,3326,22.5889703884814,10535,2304,36,38,0,325,1553,5757,4867,457,1,0,16,302,114,0.0173701580684384,1.98019801980198
"05137","05","137",AR,Arkansas,Stone,Stone County,1570.673294,8.145444,12393,7.89024684340243,37664,12286,2603,21.1867165879863,11247,17,78,47,0,187,817,3856,3081,446,0,0,105,30,194,0,5.03112033195021
"29083","29","083",MO,Missouri,Henry,Henry County,1805.054746,91.657543,22064,12.2234519750128,54903,21700,3263,15.036866359447,20629,160,62,49,1,66,1097,9114,7604,713,27,0,124,19,627,0.296247531270573,6.87952600394997
"48327","48","327",TX,Texas,Menard,Menard County,2336.23798,0.613559,1964,0.840667781627281,40945,1917,431,22.4830464267084,1608,1,23,0,0,80,252,671,512,72,0,0,8,4,75,0,11.177347242921
"48329","48","329",TX,Texas,Midland,Midland County,2331.915359,4.252951,169393,72.6411442620461,90123,167587,18020,10.7526240102156,111121,11578,959,3311,47,18424,23953,85072,68767,9464,92,236,823,1013,4677,0.108143690050781,5.49769606921196
"48353","48","353",TX,Texas,Nolan,Nolan County,2362.061742,5.052159,14657,6.20517226090359,47437,14354,2230,15.5357391667828,10973,702,97,27,0,1112,1746,6187,5023,788,0,8,56,118,194,0,3.13560691773073
"48383","48","383",TX,Texas,Reagan,Reagan County,3044.049119,1.792716,3308,1.08671045396492,70319,3284,236,7.1863580998782,1572,86,0,89,0,1072,489,1566,1157,238,0,0,83,15,73,0,4.66155810983397
"40137","40","137",OK,Oklahoma,Stephens,Stephens County,2253.839277,54.824811,43140,19.1406727357339,57065,42387,7159,16.8896123811546,34835,719,1712,229,77,1360,4208,17283,14183,1925,0,56,217,193,709,0,4.10229705490945
"29187","29","187",MO,Missouri,St. Francois,St. Francois County,1170.380016,7.218075,66814,57.0874409051769,53083,61012,10749,17.6178456697043,61049,1976,273,346,15,565,2590,26358,21096,3087,52,0,307,403,1413,0.197283557174292,5.36080127475529
"08061","08","061",CO,Colorado,Kiowa,Kiowa County,4578.603587,47.032918,1347,0.294194501534164,45250,1317,210,15.9453302961276,1306,8,6,0,0,3,24,624,487,66,0,0,44,12,15,0,2.40384615384615
"48319","48","319",TX,Texas,Mason,Mason County,2405.674102,8.755301,3959,1.6456925718694,77583,3950,195,4.93670886075949,3430,3,0,28,0,337,161,1629,1298,113,0,13,39,40,126,0,7.73480662983425
"48173","48","173",TX,Texas,Glasscock,Glasscock County,2331.552974,2.245302,1068,0.45806379349286,112188,1068,56,5.2434456928839,733,0,0,0,0,54,281,455,343,36,0,0,0,0,76,0,16.7032967032967
"48259","48","259",TX,Texas,Kendall,Kendall County,1715.747612,1.496797,45376,26.4467802155974,104196,44762,2280,5.09360618381663,36565,353,221,516,67,2661,4993,21045,15007,1530,19,53,206,294,3936,0.0902827274887147,18.7027797576622
"40051","40","051",OK,Oklahoma,Grady,Grady County,2850.386657,11.37438,55314,19.4057882863574,74349,54102,5954,11.0051384422018,45811,1222,2114,263,5,754,5145,24743,20510,2023,13,11,233,347,1606,0.0525401123550095,6.49072464939579
"40027","40","027",OK,Oklahoma,Cleveland,Cleveland County,1395.713124,49.261324,295060,211.404474835332,71757,282413,36252,12.8365195653175,215449,14127,12455,13567,254,7270,31938,147489,114704,13008,439,734,3839,1692,13073,0.297649316220193,8.86371187003776
"42115","42","115",PA,Pennsylvania,Susquehanna,Susquehanna County,2132.844293,22.384975,38540,18.0697672710982,63968,38100,4254,11.1653543307087,37134,133,10,166,0,124,973,16495,12823,1291,71,28,359,95,1828,0.430433464686269,11.0821461048803
"48343","48","343",TX,Texas,Morris,Morris County,652.649023,17.382447,11993,18.3758798027037,51532,11696,1844,15.766073871409,8167,2698,43,117,4,603,361,4953,3964,625,0,18,83,110,153,0,3.08903694730466
"48231","48","231",TX,Texas,Hunt,Hunt County,2176.666852,107.761746,101596,46.6750343106709,66885,98688,12082,12.2426232166018,77750,7953,724,1192,12,6220,7745,44966,36370,3463,190,101,787,589,3466,0.422541475781702,7.70804607925989
"36093","36","093",NY,New York,Schenectady,Schenectady County,530.089712,12.366944,159447,300.792481707323,75056,155459,18013,11.5869779170071,114752,16800,525,7837,85,6085,13363,75018,54991,6143,2950,142,2269,926,7597,3.93238955983897,10.1269028766429
"40019","40","019",OK,Oklahoma,Carter,Carter County,2129.750447,29.733323,48202,22.6326986187035,56390,47339,7257,15.3298548765289,33751,2942,3707,622,16,1085,6079,21047,16965,2593,81,16,301,366,725,0.384852948163634,3.44467144961277
"40029","40","029",OK,Oklahoma,Coal,Coal County,1338.434468,12.075986,5287,3.95013736301955,47117,5214,1196,22.9382431914078,3543,13,486,25,2,31,1187,1959,1454,235,0,3,97,28,142,0,7.24859622256253
"40099","40","099",OK,Oklahoma,Murray,Murray County,1078.405802,22.710694,13837,12.8309769609344,60213,13331,1949,14.6200585102393,9996,171,1721,0,32,251,1666,5893,5263,386,0,0,88,26,130,0,2.20600712709995
"40061","40","061",OK,Oklahoma,Haskell,Haskell County,1493.711222,126.24787,11651,7.80003512620059,46239,11507,2467,21.4391240114713,8147,58,1318,105,0,132,1891,4404,3568,448,17,9,106,22,234,0.386012715712988,5.3133514986376
"39009","39","009",OH,Ohio,Athens,Athens County,1304.431982,12.361693,61276,46.9752358463716,48750,53380,13049,24.4454852004496,55686,1557,69,1604,19,218,2123,27395,18795,1854,290,345,3377,207,2527,1.05858733345501,9.22431100565797
"02290","02","290",AK,Alaska,Yukon-Koyukuk,Yukon-Koyukuk Census Area,377038.947604,5944.74527,5355,0.0142027767529849,47826,5308,1216,22.9088168801809,1239,10,3610,72,4,24,396,2257,594,209,6,5,934,349,160,0.265839610101905,7.08905626938414
"01099","01","099",AL,Alabama,Monroe,Monroe County,2656.469674,22.609681,19816,7.45952426784602,39965,19562,4472,22.860648195481,10645,8384,260,47,13,31,436,6220,5616,251,61,0,55,15,222,0.980707395498392,3.56913183279743
"28053","28","053",MS,Mississippi,Humphreys,Humphreys County,1084.375633,32.514314,7744,7.14143675340222,31907,7651,2453,32.0611684747092,1547,6103,7,13,17,5,52,2518,1809,506,18,68,74,24,19,0.714853057982526,0.754567116759333
"28119","28","119",MS,Mississippi,Quitman,Quitman County,1048.975539,3.676001,6113,5.82759060885976,31192,5919,1789,30.2247001182632,1531,4398,19,8,0,2,155,2126,1725,287,0,0,13,20,81,0,3.80997177798683
"29211","29","211",MO,Missouri,Sullivan,Sullivan County,1678.265913,9.121738,5983,3.56498928665305,53438,5812,879,15.1238816242257,5009,189,13,47,0,409,316,2621,1733,706,1,0,42,9,130,0.0381533765738268,4.95993895459748
"48281","48","281",TX,Texas,Lampasas,Lampasas County,1845.440046,2.749903,21829,11.8286151031102,73269,21622,2052,9.49033391915641,17429,968,134,235,1,627,2435,8762,6859,1072,0,0,132,179,520,0,5.93471810089021
"48293","48","293",TX,Texas,Limestone,Limestone County,2345.05318,71.830221,22222,9.47611772283987,53102,21400,4600,21.4953271028037,14335,3780,89,233,33,322,3430,8100,6887,547,23,0,186,23,434,0.283950617283951,5.35802469135802
"48027","48","027",TX,Texas,Bell,Bell County,2729.408715,94.385069,372821,136.594053485317,62858,360787,52988,14.6867819516779,203119,88937,2212,10801,2566,20520,44666,168459,131283,17916,480,150,3926,2038,12666,0.284935800402472,7.51874343312022
"55009","55","009",WI,Wisconsin,Brown,Brown County,1372.931382,221.810752,268393,195.489012429028,74066,261482,25358,9.69779946612004,219486,7100,5207,8488,74,8577,19461,139271,111407,11147,779,233,2295,1060,12350,0.559341140653833,8.86760344939004
"28067","28","067",MS,Mississippi,Jones,Jones County,1799.63902,12.681687,67152,37.3141498121106,49451,65533,13933,21.2610440541407,44638,19576,386,213,0,860,1479,27751,23481,2831,143,0,370,270,656,0.515296746063205,2.36387877914309
"28069","28","069",MS,Mississippi,Kemper,Kemper County,1984.40315,2.18235,8980,4.5252901357267,42947,8073,1778,22.0240307196829,3023,5552,341,3,0,28,33,3192,2726,296,0,0,3,112,55,0,1.72305764411028
"32021","32","021",NV,Nevada,Mineral,Mineral County,9715.77747,155.864513,4568,0.470163094420893,46625,4482,828,18.4738955823293,2965,194,978,0,0,139,292,1648,1304,143,0,0,138,9,54,0,3.27669902912621
"35001","35","001",NM,New Mexico,Bernalillo,Bernalillo County,3007.611393,15.882874,674692,224.328183345195,62220,666186,109353,16.4147850600283,406649,19377,33180,18517,597,70948,125424,320828,240597,29308,3792,2261,5838,3409,35623,1.18194172578453,11.1034573042253
"12047","12","047",FL,Florida,Hamilton,Hamilton County,1332.018549,12.330813,13492,10.1289880761263,47668,10680,2822,26.4232209737828,7985,4403,163,69,0,346,526,3588,2673,474,0,1,60,140,240,0,6.68896321070234
"15005","15","005",HI,Hawaii,Kalawao,Kalawao County,31.057603,105.764468,50,1.60991175011156,87813,47,7,14.8936170212766,19,1,9,6,6,0,9,36,20,3,2,0,6,0,5,5.55555555555556,13.8888888888889
"12019","12","019",FL,Florida,Clay,Clay County,1565.900891,100.869769,219650,140.27069098845,82242,217314,20352,9.36525028300064,162097,25218,231,6279,58,7429,18338,103613,78203,9088,119,211,993,1898,13101,0.114850453128468,12.644166272572
"27057","27","057",MN,Minnesota,Hubbard,Hubbard County,2398.360043,190.330877,21479,8.95570290319417,67197,21138,2143,10.1381398429369,19814,146,525,65,0,197,732,9402,7154,852,54,38,129,62,1113,0.574345883854499,11.8379068283344
"48065","48","065",TX,Texas,Carson,Carson County,2383.397227,10.026604,5801,2.43392076414462,83199,5758,432,7.50260507120528,5284,69,148,8,29,136,127,2820,2330,171,0,0,87,0,232,0,8.22695035460993
"38027","38","027",ND,North Dakota,Eddy,Eddy County,1632.310789,36.012924,2345,1.43661367418677,50375,2231,275,12.3263110712685,2133,0,96,0,1,9,106,1098,796,87,0,5,117,25,68,0,6.19307832422587
"02180","02","180",AK,Alaska,Nome,Nome Census Area,59490.634309,13780.758093,10018,0.168396254576234,70121,9654,2041,21.1414957530557,1423,103,7617,130,2,24,719,3666,976,349,9,46,1293,796,197,0.245499181669394,5.37370430987452
"20145","20","145",KS,Kansas,Pawnee,Pawnee County,1953.531647,0.992041,6288,3.21878583828235,54141,5402,642,11.884487226953,5527,358,83,0,0,76,244,2774,1981,300,0,2,122,54,315,0,11.3554434030281
"20185","20","185",KS,Kansas,Stafford,Stafford County,2051.389756,7.435417,4054,1.97622123642895,60000,3944,436,11.0547667342799,3646,11,52,5,0,114,226,1943,1481,199,0,9,69,6,179,0,9.2125579001544
"38049","38","049",ND,North Dakota,McHenry,McHenry County,4853.487958,97.323497,5326,1.09735514872787,78071,5252,540,10.2817974105103,5087,39,26,40,0,5,129,2501,1843,159,5,1,121,16,356,0.199920031987205,14.234306277489
"17187","17","187",IL,Illinois,Warren,Warren County,1404.768298,1.672625,16760,11.9307931591719,62700,15748,2346,14.8971297942596,14231,638,169,248,71,941,462,7485,6061,498,15,29,294,89,499,0.200400801603206,6.66666666666667
"32003","32","003",NV,Nevada,Clark,Clark County,20439.308551,438.38409,2265926,110.861186636822,69911,2242185,299459,13.3556776091179,1130071,272038,23822,230540,17769,285708,305978,1040510,771776,105781,26014,2280,12995,26395,95269,2.50012013339612,9.15599081219786
"20105","20","105",KS,Kansas,Lincoln,Lincoln County,1863.226707,2.748359,2929,1.57200408785253,52540,2870,368,12.8222996515679,2794,5,2,0,0,0,128,1406,1058,132,0,0,63,16,137,0,9.74395448079659
"01005","01","005",AL,Alabama,Barbour,Barbour County,2292.160151,50.523213,24877,10.8530810943323,39712,21851,5280,24.163653837353,11309,11668,74,126,3,1088,609,8341,6844,865,11,11,204,72,334,0.131878671622108,4.00431602925309
"47047","47","047",TN,Tennessee,Fayette,Fayette County,1825.359642,3.774635,42228,23.1340712418359,81074,41693,4041,9.69227448252704,28419,11411,133,279,0,835,1151,18894,14924,1810,15,2,107,365,1671,0.0793902826294062,8.84407748491585
"20165","20","165",KS,Kansas,Rush,Rush County,1858.997559,0.54472,2939,1.58095957994746,53523,2866,368,12.8401953942777,2675,16,11,16,0,7,214,1424,1149,85,4,3,75,1,107,0.280898876404494,7.51404494382022
"17007","17","007",IL,Illinois,Boone,Boone County,727.114617,3.360626,53459,73.5221088259322,80502,52806,5150,9.75267961974018,42419,1384,144,502,0,4690,4320,25158,20180,2920,55,108,80,187,1628,0.21861833214087,6.47110263136974
"38011","38","011",ND,North Dakota,Bowman,Bowman County,3009.070656,13.583664,2975,0.988677349289867,79709,2893,310,10.7155202212236,2808,0,64,0,9,21,73,1413,1052,98,10,6,137,23,87,0.707714083510262,6.15711252653928
"18069","18","069",IN,Indiana,Huntington,Huntington County,991.062907,13.127494,36699,37.0299400177228,59894,35293,3923,11.1155186580908,34790,344,74,258,58,395,780,17611,14613,1371,4,37,363,135,1088,0.0227130770541139,6.17795695871898
"20053","20","053",KS,Kansas,Ellsworth,Ellsworth County,1853.331063,19.969761,6374,3.43921284612926,59844,5385,471,8.74651810584958,5601,205,79,22,0,52,415,2589,2169,153,0,0,92,0,175,0,6.75936655079181
"18033","18","033",IN,Indiana,DeKalb,DeKalb County,939.731959,2.657419,43312,46.0897382335381,68110,42830,4274,9.97898669157133,41315,102,30,236,0,123,1506,21137,17870,1882,20,52,238,278,797,0.0946208071154847,3.77063916355207
"18053","18","053",IN,Indiana,Grant,Grant County,1072.484435,2.101803,66560,62.0615067481142,53033,61218,11670,19.0630206801921,57263,4541,190,564,0,789,3213,28661,21511,2683,79,110,1897,404,1977,0.275635881511462,6.89787516136911
"18103","18","103",IN,Indiana,Miami,Miami County,968.246954,9.184623,35952,37.1310230840138,59551,33698,5306,15.7457415870378,31798,1496,81,183,6,560,1828,15136,12616,1393,44,76,229,127,651,0.290697674418605,4.30100422832981
"18159","18","159",IN,Indiana,Tipton,Tipton County,674.7976,0.068028,15328,22.7149592707502,71947,15093,1821,12.065195786126,14705,79,17,116,0,85,326,7268,5881,759,44,97,168,20,299,0.605393505778756,4.11392405063291
"49043","49","043",UT,Utah,Summit,Summit County,4844.461875,26.592219,42524,8.77785832507971,126392,42362,2218,5.23582455974694,37348,321,192,764,48,1412,2439,22696,14973,1693,550,99,347,449,4585,2.4233345082834,20.2017976735989
"29167","29","167",MO,Missouri,Polk,Polk County,1646.00617,17.837927,31877,19.3662700547471,54487,30390,5215,17.1602500822639,29599,369,105,249,6,226,1323,13854,11049,1162,13,26,437,180,987,0.093835715316876,7.12429623213512
"06057","06","057",CA,California,Nevada,Nevada County,2480.5873,41.531993,102322,41.2491025814733,79395,101291,10505,10.3711089830291,90082,376,445,1641,149,1547,8082,44318,29853,2961,41,265,960,573,9665,0.0925132000541541,21.8082945981317
"55115","55","115",WI,Wisconsin,Shawano,Shawano County,2313.441748,41.883059,40848,17.6568093989458,65493,40069,4037,10.0751204172802,35275,218,2803,216,0,214,2122,19602,15631,1096,14,56,621,385,1799,0.0714212835424957,9.17763493521069
"16049","16","049",ID,Idaho,Idaho,Idaho County,21956.620659,67.532942,16787,0.764552991132496,54745,16243,1688,10.3921689343102,15496,15,524,87,0,117,548,6403,4774,590,0,31,436,87,485,0,7.57457441824145
"46029","46","029",SD,South Dakota,Codington,Codington County,1780.837049,76.608858,28402,15.948679872731,65747,27937,3060,10.9532161649425,26246,169,659,167,0,243,918,15203,13061,979,69,72,150,107,765,0.453857791225416,5.03190159836874
"38079","38","079",ND,North Dakota,Rolette,Rolette County,2338.867336,94.423046,12292,5.2555353656878,53806,11947,2969,24.8514271365196,2219,102,9474,53,0,52,392,4429,3542,629,1,8,89,38,122,0.0225784601490178,2.75457213818018
"20123","20","123",KS,Kansas,Mitchell,Mitchell County,1817.632932,44.97998,5829,3.20691812817573,63008,5687,854,15.0167047652541,5451,12,18,36,0,110,202,2661,2124,156,57,0,135,13,176,2.14205186020293,6.61405486659151
"20171","20","171",KS,Kansas,Scott,Scott County,1858.536838,0.306079,5128,2.75915972992944,53365,4983,379,7.60585992374072,4342,0,0,27,3,484,272,2642,2118,250,24,0,59,0,191,0.908402725208176,7.22937168811506
"20201","20","201",KS,Kansas,Washington,Washington County,2317.414332,10.139473,5529,2.38584871235706,59432,5419,538,9.9280310020299,5221,10,17,41,0,106,134,2588,2096,233,1,1,84,25,148,0.0386398763523957,5.71870170015456
"22029","22","029",LA,Louisiana,Concordia,Concordia Parish,1805.361926,130.321298,18677,10.3452940549052,38929,17311,5864,33.8744151117786,10752,7327,17,63,0,128,390,5287,4582,227,0,0,208,172,98,0,1.85360317760545
"13197","13","197",GA,Georgia,Marion,Marion County,947.21384,3.785944,7508,7.92640445371871,48836,7397,916,12.3833986751386,4474,2234,49,108,0,451,192,2806,2127,485,15,0,11,6,162,0.534568781183179,5.77334283677833
"22047","22","047",LA,Louisiana,Iberville,Iberville Parish,1602.476038,88.659446,30210,18.8520759647078,59410,27311,4597,16.8320456958735,14575,13717,22,11,29,305,1551,12009,9946,1054,9,64,203,148,585,0.0749437921558831,4.8713464901324
"48031","48","031",TX,Texas,Blanco,Blanco County,1836.953733,10.813161,11608,6.31915752229781,79717,11482,1122,9.7718167566626,9384,23,48,89,63,733,1268,5329,3969,512,3,31,41,71,702,0.0562957402889848,13.1732032276224
"51720","51","720",VA,Virginia,Norton,Norton city,19.366553,0.088961,3668,189.398701978612,36974,3604,1049,29.1065482796892,3462,75,0,2,0,0,129,1466,1024,143,99,0,10,24,166,6.75306957708049,11.3233287858117
"48267","48","267",TX,Texas,Kimble,Kimble County,3240.024038,0.505509,4316,1.33208888248378,62386,4251,528,12.4206069160198,3525,75,7,0,0,162,547,2089,1578,389,10,20,28,0,64,0.478697941598851,3.06366682623265
"48115","48","115",TX,Texas,Dawson,Dawson County,2331.781562,4.72073,12342,5.29294861968722,45268,10588,2624,24.78277295051,7452,994,61,20,1,1593,2221,4205,3175,713,0,0,65,81,171,0,4.06658739595719
"40011","40","011",OK,Oklahoma,Blaine,Blaine County,2404.772745,26.855431,8661,3.60158772508044,56843,7413,1013,13.6651827869958,6709,404,560,0,0,239,749,3028,2613,252,0,7,27,38,91,0,3.00528401585205
"20007","20","007",KS,Kansas,Barber,Barber County,2937.240778,5.411508,4081,1.38939920437125,53774,3982,809,20.3164239075841,3809,9,99,32,0,26,106,1906,1642,145,10,14,39,6,50,0.524658971668416,2.62329485834208
"48493","48","493",TX,Texas,Wilson,Wilson County,2081.66265,12.111507,50381,24.2022884928065,89708,49678,5112,10.2902693345143,38767,803,236,219,0,2058,8298,23328,18236,1805,19,31,110,166,2961,0.0814471879286694,12.6929012345679
"55107","55","107",WI,Wisconsin,Rusk,Rusk County,2366.092264,44.81369,14179,5.99258119209167,57473,13935,1588,11.3957660566918,13531,104,29,64,19,32,400,6111,4918,444,23,2,151,50,523,0.376370479463263,8.55833742431681
"51570","51","570",VA,Virginia,Colonial Heights,Colonial Heights city,19.47536,0.709877,18158,932.357604686127,72216,17854,1826,10.2274000224039,13079,3127,40,656,16,462,778,8540,7038,459,0,14,146,225,658,0,7.70491803278689
"48023","48","023",TX,Texas,Baylor,Baylor County,2246.76459,86.991035,3475,1.54666849186901,52716,3396,395,11.6313309776207,3071,51,7,0,38,56,252,1466,1254,142,0,0,6,0,64,0,4.3656207366985
"20199","20","199",KS,Kansas,Wallace,Wallace County,2366.348285,0.140936,1489,0.629239579582851,57708,1466,228,15.5525238744884,1362,10,9,9,0,42,57,701,525,56,2,0,56,1,61,0.285306704707561,8.7018544935806
"20175","20","175",KS,Kansas,Seward,Seward County,1656.693304,1.961444,21942,13.2444550521344,57131,21526,2918,13.5557000836198,10137,649,238,523,42,5937,4416,10455,7913,1803,5,3,210,164,357,0.0478240076518412,3.41463414634146
"28075","28","075",MS,Mississippi,Lauderdale,Lauderdale County,1822.508248,29.730521,72741,39.912576571231,45649,69590,17290,24.8455237821526,38257,31617,87,540,11,631,1598,29647,23957,3000,13,21,500,963,1193,0.0438492933517725,4.02401592066651
"28111","28","111",MS,Mississippi,Perry,Perry County,1676.45229,7.561701,11511,6.86628547001478,48333,11192,2304,20.5861329521086,9253,1333,4,206,0,41,674,3972,3238,506,0,0,3,206,19,0,0.478348439073515
"05125","05","125",AR,Arkansas,Saline,Saline County,1873.898565,17.955554,123988,66.1658012422887,73236,122392,11688,9.54964376756651,104854,10443,255,1413,82,2108,4833,58391,47441,6017,54,0,412,411,4056,0.0924800054802966,6.94627596718672
"17011","17","011",IL,Illinois,Bureau,Bureau County,2250.884573,11.523903,33203,14.7510895930779,64165,32674,4128,12.6338985125788,30017,204,20,305,0,1296,1361,15611,12894,1409,41,41,340,175,711,0.262635321247838,4.55448081481007
"18169","18","169",IN,Indiana,Wabash,Wabash County,1068.471086,21.851089,31032,29.0433689845305,66194,29116,3194,10.9699134496497,29393,350,92,114,18,371,694,14096,11839,993,53,23,378,154,656,0.375993189557321,4.65380249716232
"29035","29","035",MO,Missouri,Carter,Carter County,1314.05244,4.304986,5299,4.03256357105505,45737,5190,1069,20.597302504817,4984,54,0,6,0,3,252,2311,1660,319,3,0,42,16,271,0.129813933362181,11.726525313717
"31117","31","117",NE,Nebraska,McPherson,McPherson County,2225.460625,2.680669,456,0.20490140103018,58250,456,35,7.67543859649123,449,0,0,0,0,3,4,252,159,18,0,0,21,0,54,0,21.4285714285714
"29121","29","121",MO,Missouri,Macon,Macon County,2075.118027,28.912941,15173,7.31187325375204,54113,14893,1632,10.9581682669711,14074,340,57,93,3,83,523,6511,5258,680,18,13,85,45,412,0.276455229611427,6.32775303332821
"20031","20","031",KS,Kansas,Coffey,Coffey County,1623.623909,70.470788,8334,5.1329621064357,67645,8209,923,11.2437568522354,7862,40,11,46,0,27,348,3832,3235,347,11,8,65,26,140,0.28705636743215,3.65344467640919
"51775","51","775",VA,Virginia,Salem,Salem city,37.593968,0.275156,25372,674.895504512852,68402,22735,2186,9.61513085550913,21591,2003,36,450,31,413,848,12358,9598,771,60,22,810,45,1052,0.485515455575336,8.51270432108755
"55069","55","069",WI,Wisconsin,Lincoln,Lincoln County,2275.832535,72.745054,28402,12.4798286179699,64314,27851,2888,10.3694660873936,26987,179,50,96,7,186,897,13099,10546,839,52,15,284,183,1180,0.396976868463241,9.00832124589663
"39115","39","115",OH,Ohio,Morgan,Morgan County,1078.538282,13.868572,13851,12.8423814260123,51056,13667,2264,16.5654496231799,12714,445,14,16,0,85,577,5347,4384,594,0,0,66,28,275,0,5.14307088086778
"55103","55","103",WI,Wisconsin,Richland,Richland County,1518.120286,8.153423,17256,11.3666882388264,61985,16923,2456,14.5127932399693,16193,124,14,158,0,395,372,7914,6302,665,41,15,219,77,595,0.518069244377053,7.51832196108163
"16059","16","059",ID,Idaho,Lemhi,Lemhi County,11819.914569,14.105634,8043,0.680461770941587,49216,7886,846,10.7278721785443,7455,1,31,13,4,132,407,3273,2449,298,0,0,214,1,311,0,9.50198594561564
"19059","19","059",IA,Iowa,Dickinson,Dickinson County,985.574547,60.680641,17692,17.9509505941005,72446,17451,1086,6.22313907512463,16695,21,8,182,0,91,695,9231,7376,632,0,50,150,149,874,0,9.46809663091756
"26151","26","151",MI,Michigan,Sanilac,Sanilac County,2493.04851,1624.879474,40759,16.3490601312046,55740,40155,6004,14.9520607645374,38527,173,57,84,6,544,1368,17035,13204,1705,37,46,644,162,1237,0.217199882594658,7.26152039917816
"28115","28","115",MS,Mississippi,Pontotoc,Pontotoc County,1289.330916,8.308394,31202,24.2001487847671,54414,30932,5166,16.7011509116772,23617,4611,52,0,0,1805,1117,13607,11569,1655,1,2,20,140,220,0.00734915852134931,1.61681487469685
"36103","36","103",NY,New York,Suffolk,Suffolk County,2359.27725,3787.418039,1524486,646.166532568396,122498,1498622,97307,6.49309832632912,1111855,115996,6245,64985,284,103689,121432,765877,573631,56526,40556,1283,9960,11842,72079,5.29536727176818,9.41130233705934
"51077","51","077",VA,Virginia,Grayson,Grayson County,1144.218747,9.792929,15356,13.4205107548373,43348,14450,2700,18.6851211072664,13848,852,0,184,0,38,434,5827,4754,540,62,0,50,138,283,1.06401235627252,4.85670156169556
"08039","08","039",CO,Colorado,Elbert,Elbert County,4791.700177,0.442147,26457,5.52142225571473,124360,26406,1124,4.2566083465879,23215,76,135,250,11,380,2390,13823,10149,1152,58,0,138,101,2225,0.419590537509947,16.096361137235
"18047","18","047",IN,Indiana,Franklin,Franklin County,995.658286,17.155846,22850,22.949640776655,75985,22698,1669,7.35307075513261,22096,21,0,132,0,126,475,11370,9209,704,9,17,244,58,1129,0.079155672823219,9.92963940193492
"19113","19","113",IA,Iowa,Linn,Linn County,1857.048426,19.835228,229308,123.479817106288,75457,224018,21239,9.48093456775795,196168,13388,433,5324,406,2253,11336,119071,92956,8353,481,341,2117,914,13909,0.403960662125958,11.681265799397
"26165","26","165",MI,Michigan,Wexford,Wexford County,1463.148677,27.182043,33766,23.0776274009507,58652,33268,4425,13.3010700973909,31383,336,128,194,15,150,1560,13849,10777,1706,75,107,369,135,680,0.541555346956459,4.91010181240523
"39175","39","175",OH,Ohio,Wyandot,Wyandot County,1053.812244,1.783532,21818,20.7038778721952,68552,21515,1484,6.89751336277016,20762,34,2,172,0,130,718,10849,9415,685,27,0,277,37,408,0.248870863674071,3.76071527329708
"31061","31","061",NE,Nebraska,Franklin,Franklin County,1491.355863,0.487899,2901,1.94520977318208,55625,2825,421,14.9026548672566,2761,7,21,5,7,29,71,1347,1074,103,0,0,37,36,97,0,7.20118782479584
"54047","54","047",WV,West Virginia,McDowell,McDowell County,1381.648569,3.731571,18911,13.6872721647932,28235,16992,5653,33.2685969868173,15509,2685,31,29,0,3,654,3175,2540,382,4,0,48,53,148,0.125984251968504,4.66141732283465
"54105","54","105",WV,West Virginia,Wirt,Wirt County,602.201076,5.839709,5202,8.6383107027195,52776,5156,1046,20.2870442203258,5016,62,0,9,0,0,115,1949,1628,71,0,0,18,18,214,0,10.9799897383273
"54097","54","097",WV,West Virginia,Upshur,Upshur County,918.506904,0.302703,23875,25.993272229122,49663,22485,4009,17.8296642205915,22579,395,16,91,6,22,766,9267,7382,366,0,29,305,438,747,0,8.06086112010359
"28031","28","031",MS,Mississippi,Covington,Covington County,1071.784951,2.880713,18323,17.0957802522831,40164,18002,4251,23.614042884124,11101,6394,123,22,32,19,632,7108,6175,546,99,0,86,76,126,1.39279684862127,1.77265053460889
"08003","08","003",CO,Colorado,Alamosa,Alamosa County,1871.643029,1.670455,16460,8.79441204597354,52271,15566,2418,15.5338558396505,11104,185,713,356,44,1221,2837,7632,6037,926,17,25,289,29,309,0.222746331236897,4.04874213836478
"12059","12","059",FL,Florida,Holmes,Holmes County,1240.23291,26.39354,19529,15.7462359227349,46063,17750,2949,16.6140845070423,16816,1283,122,127,48,322,811,7533,6446,577,0,8,15,48,439,0,5.82769149077393
"13083","13","083",GA,Georgia,Dade,Dade County,450.855116,0.488463,16239,36.0182227587277,59531,15071,985,6.53573087386371,15240,159,2,133,0,65,640,6928,5482,443,0,0,270,46,687,0,9.91628175519631
"13201","13","201",GA,Georgia,Miller,Miller County,731.471756,3.211332,5923,8.09737348218268,52132,5765,1411,24.4752818733738,3927,1618,68,40,15,28,227,2382,2087,125,24,0,26,11,109,1.00755667506297,4.575986565911
"13235","13","235",GA,Georgia,Pulaski,Pulaski County,645.583957,5.046606,9887,15.3148167527961,42545,8600,1627,18.9186046511628,5727,3642,0,124,0,16,378,3555,3198,257,1,0,30,0,69,0.0281293952180028,1.94092827004219
"28005","28","005",MS,Mississippi,Amite,Amite County,1890.950868,3.877823,12683,6.70720758250817,34866,12560,3398,27.0541401273885,7348,5101,18,4,0,28,184,3724,2949,449,25,0,73,6,222,0.671321160042965,5.96133190118153
"46049","46","049",SD,South Dakota,Faulk,Faulk County,2542.625555,62.622903,2140,0.841649686007344,56734,2073,494,23.8301977809937,2087,0,7,0,0,0,46,947,661,76,0,0,43,16,151,0,15.9450897571278
"01007","01","007",AL,Alabama,Bibb,Bibb County,1612.188713,9.572302,22251,13.8017341397924,50669,20836,4297,20.6229602610866,16872,4603,21,69,0,108,578,8064,7095,569,0,0,59,30,311,0,3.85664682539683
"20023","20","023",KS,Kansas,Cheyenne,Cheyenne County,2641.501921,2.738021,2619,0.991481391392863,52730,2572,392,15.2410575427683,2377,1,32,0,9,98,102,1261,980,60,0,0,41,0,180,0,14.274385408406
"23031","23","031",ME,Maine,York,York County,2567.186515,721.352437,212691,82.8498431092764,79743,209237,16732,7.99667362846915,197097,2193,451,2260,27,1292,9371,111025,83617,9052,632,480,2399,711,14134,0.569241161900473,12.7304661112362
"27017","27","017",MN,Minnesota,Carlton,Carlton County,2230.473967,36.173451,36362,16.302364671356,74660,34539,4396,12.7276412171748,32107,725,1438,162,2,86,1842,16454,13273,1361,48,34,416,155,1167,0.291722377537377,7.09250030387748
"51051","51","051",VA,Virginia,Dickenson,Dickenson County,855.83633,8.105806,14089,16.4622597874526,40143,13625,3062,22.4733944954128,13769,102,26,50,0,11,131,4444,3778,419,28,19,8,66,126,0.63006300630063,2.83528352835284
"02188","02","188",AK,Alaska,Northwest Arctic,Northwest Arctic Borough,92367.472817,12837.268666,7682,0.083167805350913,77647,7604,1405,18.4771173066807,818,95,6200,99,22,18,430,2525,378,396,32,1,1117,486,115,1.26732673267327,4.55445544554455
"13297","13","297",GA,Georgia,Walton,Walton County,846.461361,8.234412,97752,115.483121266772,79425,96399,12597,13.0675629415243,72371,18920,152,1430,21,2081,2777,45662,35542,3848,126,0,416,827,4903,0.275940607069336,10.737593622706
"18055","18","055",IN,Indiana,Greene,Greene County,1404.983953,8.919619,30900,21.9931337536067,57771,30465,4257,13.97341211226,29885,185,26,45,0,148,611,13253,10728,1222,36,18,389,243,617,0.271636610578737,4.65554968686335
"26079","26","079",MI,Michigan,Kalkaska,Kalkaska County,1449.72913,28.020186,17934,12.3705867729926,56380,17770,2615,14.7158131682611,16819,210,143,105,0,105,552,7438,6091,775,2,13,100,71,386,0.0268889486421081,5.18956708792686
"31019","31","019",NE,Nebraska,Buffalo,Buffalo County,2507.679106,18.59334,50103,19.9798291097617,70093,47952,5653,11.7888722055389,44442,452,222,777,0,2243,1967,27193,22541,2693,38,80,468,168,1205,0.139741845327842,4.43128746368551
"38031","38","031",ND,North Dakota,Foster,Foster County,1642.258771,33.103934,3388,2.06301227299093,78426,3283,274,8.34602497715504,3225,16,33,2,18,0,94,1794,1445,121,4,6,73,18,127,0.222965440356745,7.07915273132664
"31163","31","163",NE,Nebraska,Sherman,Sherman County,1465.552764,14.998613,2970,2.02653911408406,60194,2911,318,10.9240810717966,2838,15,2,9,1,21,84,1419,1163,87,2,0,37,12,118,0.140944326990839,8.31571529245948
"31101","31","101",NE,Nebraska,Keith,Keith County,2749.90324,124.629167,8303,3.01937896549407,59511,8197,978,11.9311943393925,7568,119,17,39,4,209,347,3995,3361,166,17,0,98,33,320,0.425531914893617,8.01001251564456
"40009","40","009",OK,Oklahoma,Beckham,Beckham County,2335.328724,5.521744,22295,9.54683585692924,51499,18737,4110,21.9352084111651,18373,1422,435,139,1,563,1362,8281,6283,954,277,0,333,178,256,3.34500664170994,3.09141408042507
"48447","48","447",TX,Texas,Throckmorton,Throckmorton County,2363.499444,7.586186,1439,0.608842961081737,55221,1439,201,13.9680333564976,1330,3,0,6,0,11,89,717,561,81,0,0,6,45,24,0,3.34728033472803
"06071","06","071",CA,California,San Bernardino,San Bernardino County,51976.311092,96.418406,2180563,41.9530157909884,77423,2135785,294246,13.7769485224402,975461,171762,25467,169063,7333,484024,347453,946303,721830,101802,9788,1769,13998,11772,85344,1.03434100916937,9.01867583638644
"13281","13","281",GA,Georgia,Towns,Towns County,431.178089,13.754198,12546,29.0970258463203,55574,11671,1786,15.302887498929,11799,204,42,24,5,68,404,4510,3275,669,10,43,144,17,352,0.221729490022173,7.80487804878049
"29003","29","003",MO,Missouri,Andrew,Andrew County,1120.510438,9.677371,18069,16.1256864614768,68774,17767,1346,7.57584285473068,16917,140,5,125,0,90,792,8499,7344,680,2,20,13,29,411,0.0235321802565008,4.83586304271091
"27001","27","001",MN,Minnesota,Aitkin,Aitkin County,4717.3236,449.370012,15859,3.36186391792159,56406,15627,1931,12.3568183272541,14833,73,303,24,5,117,504,5940,4543,516,5,23,143,79,631,0.0841750841750842,10.6228956228956
"02100","02","100",AK,Alaska,Haines,Haines Borough,6069.358955,1041.214321,2079,0.342540293862056,68276,2071,121,5.84258812168035,1682,0,129,68,0,2,198,791,417,78,12,3,138,86,57,1.51706700379267,7.20606826801517
"02230","02","230",AK,Alaska,Skagway,Skagway Municipality,1123.881121,28.784118,1303,1.15937528947957,79583,1303,81,6.21642363775902,1017,40,64,29,0,0,153,767,278,18,0,49,383,5,34,0,4.43285528031291
"18175","18","175",IN,Indiana,Washington,Washington County,1330.447137,7.529046,28133,21.1455225973401,60695,27659,3626,13.1096568928739,27149,54,2,30,0,114,784,12768,10055,1617,13,25,112,98,848,0.101817042606516,6.64160401002506
"20067","20","067",KS,Kansas,Grant,Grant County,1488.745965,0.871232,7336,4.92763720101838,84808,7250,387,5.33793103448276,5634,9,176,30,0,119,1368,3587,2953,403,0,0,15,18,198,0,5.5199330917201
"21155","21","155",KY,Kentucky,Marion,Marion County,889.793041,8.563275,19627,22.0579383020821,49627,18594,4180,22.4803700118318,17460,1351,39,123,20,146,488,7362,6343,576,0,0,55,129,259,0,3.51806574300462
"01079","01","079",AL,Alabama,Lawrence,Lawrence County,1788.8644,68.682236,33116,18.5123031125221,54786,32725,5182,15.8349885408709,25421,3371,1669,97,17,464,2077,13720,12312,942,19,0,73,55,319,0.138483965014577,2.32507288629738
"17175","17","175",IL,Illinois,Stark,Stark County,746.189903,0.684784,5395,7.23006298840257,58125,5263,657,12.483374501235,5089,60,1,46,0,60,139,2384,1980,160,5,15,49,10,165,0.209731543624161,6.92114093959732
"18137","18","137",IN,Indiana,Ripley,Ripley County,1156.241456,4.232758,28990,25.0726177041692,70285,28452,2738,9.6232250808379,27758,97,0,204,0,284,647,14452,12047,1134,27,0,384,110,750,0.186825352892333,5.18959313589815
"21207","21","207",KY,Kentucky,Russell,Russell County,655.971056,76.673438,18021,27.4722487145835,48220,17582,3803,21.6300762143101,16876,194,0,0,0,296,655,7306,6276,625,12,0,97,79,217,0.164248562825075,2.97016151108678
"31075","31","075",NE,Nebraska,Grant,Grant County,2012.381803,16.500663,649,0.322503413135862,65139,630,68,10.7936507936508,625,1,4,5,0,4,10,344,232,16,0,0,24,7,65,0,18.8953488372093
"42121","42","121",PA,Pennsylvania,Venango,Venango County,1746.337768,22.149577,50475,28.903343284963,59278,49524,6619,13.3652370567806,47943,612,21,190,2,279,1428,21359,16873,2032,105,0,585,144,1620,0.491596048504143,7.58462474834964
"20083","20","083",KS,Kansas,Hodgeman,Hodgeman County,2227.36915,0.826344,1770,0.794659475282757,63125,1730,152,8.78612716763006,1715,2,2,0,0,6,45,842,708,38,0,0,44,8,44,0,5.22565320665083
"48107","48","107",TX,Texas,Crosby,Crosby County,2331.503444,3.873557,5157,2.21187749615865,50268,5056,1192,23.5759493670886,3790,156,0,34,19,624,534,2335,1823,273,26,0,64,75,74,1.1134903640257,3.16916488222698
"55119","55","119",WI,Wisconsin,Taylor,Taylor County,2525.374174,24.63099,19979,7.91130288956539,61360,19737,1742,8.82606272483154,19119,45,30,63,20,124,578,9763,7200,987,33,4,374,153,1012,0.338010857318447,10.365666291099
"48379","48","379",TX,Texas,Rains,Rains County,594.376473,75.984089,12257,20.6216103038789,60291,12171,1338,10.9933448360858,11102,325,107,99,0,313,311,5019,3644,729,0,0,73,121,452,0,9.00577804343495
"19011","19","011",IA,Iowa,Benton,Benton County,1854.696288,5.857896,25652,13.8308358980228,79444,25175,2089,8.29791459781529,24514,108,22,61,0,275,672,13111,10545,956,37,2,301,80,1190,0.282205781404927,9.07634810464496
"02063","02","063",AK,Alaska,Chugach,Chugach Census Area,24682.189588,14538.907494,7000,0.283605308801423,83068,6871,339,4.93377965361665,5015,113,371,489,94,344,574,3495,2293,398,0,14,473,165,152,0,4.34907010014306
"17173","17","173",IL,Illinois,Shelby,Shelby County,1964.529415,24.746071,21042,10.7109620448213,65585,20816,2138,10.2709454265949,20432,60,34,72,40,59,345,10097,8526,604,41,108,220,72,526,0.406061206298901,5.20946815885907
"19169","19","169",IA,Iowa,Story,Story County,1482.882554,2.862354,98573,66.4739090321781,66197,86383,16953,19.6253892548302,82650,2333,260,7179,45,1501,4605,51376,35920,3725,2476,608,3299,231,5117,4.81937091248832,9.95990345686702
"22019","22","019",LA,Louisiana,Calcasieu,Calcasieu Parish,2755.958086,77.914414,210770,76.4779410364371,64370,207624,35580,17.1367471968559,143271,51821,482,3113,60,2715,9308,90879,74737,9034,144,192,1689,916,4167,0.158452447760209,4.58521770706104
"18099","18","099",IN,Indiana,Marshall,Marshall County,1148.969985,15.85858,46208,40.2168904351318,66016,45428,4919,10.8281236241965,42527,353,137,318,22,1188,1663,21335,16746,2177,27,509,583,368,925,0.126552613077103,4.33559878134521
"18157","18","157",IN,Indiana,Tippecanoe,Tippecanoe County,1292.13888,11.255447,186955,144.686459709346,55728,170698,32688,19.1496092514265,145873,11214,230,14580,14,5743,9301,88935,66451,6473,2251,892,4937,504,7427,2.53106201158149,8.35104289649744
"37001","37","001",NC,North Carolina,Alamance,Alamance County,1096.736064,27.940533,171779,156.627474593559,60866,167137,23763,14.2176777134925,112619,33714,526,2817,57,11820,10226,80839,66055,6408,122,11,890,554,6799,0.150917255285197,8.41054441544304
"48111","48","111",TX,Texas,Dallam,Dallam County,3893.095084,5.180577,7165,1.84043796655443,71969,7007,600,8.56286570572285,5235,5,162,0,0,722,1041,3814,3034,694,0,0,42,0,44,0,1.15364446775039
"29135","29","135",MO,Missouri,Moniteau,Moniteau County,1074.931227,9.940393,15401,14.3274282234616,66792,14060,1530,10.8819345661451,14288,409,39,49,13,226,377,6708,5216,831,3,51,84,30,493,0.0447227191413238,7.34943351222421
"27105","27","105",MN,Minnesota,Nobles,Nobles County,1852.143782,19.253011,22194,11.9828709928957,62973,21771,2665,12.241054613936,15099,1211,367,1168,0,2204,2145,10420,7602,1538,107,7,495,107,564,1.02687140115163,5.4126679462572
"39021","39","021",OH,Ohio,Champaign,Champaign County,1111.052284,2.173115,38715,34.8453448658767,70486,37975,3512,9.24818959842001,36025,756,148,162,0,280,1344,18144,14397,1951,1,22,392,124,1257,0.00551146384479718,6.92791005291005
"35029","35","029",NM,New Mexico,Luna,Luna County,7679.776933,0.43366,25393,3.30647624553863,38241,24977,5816,23.2854225887817,17075,482,215,304,12,1812,5493,8172,6000,1396,15,8,156,61,536,0.183553597650514,6.55898188937836
"02275","02","275",AK,Alaska,Wrangell,Wrangell City and Borough,6619.993054,2384.379191,2134,0.322356833699481,61000,2110,213,10.0947867298578,1216,1,488,18,46,21,344,798,538,23,2,7,99,34,95,0.25062656641604,11.9047619047619
"31167","31","167",NE,Nebraska,Stanton,Stanton County,1107.625116,8.665087,5828,5.26170805971504,76035,5757,404,7.01754385964912,5360,32,6,27,0,243,160,3079,2496,241,0,0,23,10,309,0,10.0357258850276
"05051","05","051",AR,Arkansas,Garland,Garland County,1755.013697,147.452177,100021,56.9915779979237,54229,98465,16604,16.8628446656172,84455,7924,502,743,86,1521,4790,41090,32891,4490,137,1,654,676,2241,0.333414456072037,5.45388172304697
"38073","38","073",ND,North Dakota,Ransom,Ransom County,2233.792873,3.582338,5663,2.53514999911095,71462,5463,542,9.92128866922936,5117,125,14,65,0,62,280,2688,2095,298,0,0,79,10,206,0,7.66369047619048
"19053","19","053",IA,Iowa,Decatur,Decatur County,1377.569408,4.138626,7684,5.57794036030161,56068,6979,1011,14.4863160911305,7176,97,20,47,10,61,273,3437,2571,346,0,0,210,13,297,0,8.64125691009601
"26077","26","077",MI,Michigan,Kalamazoo,Kalamazoo County,1455.457976,47.507421,261426,179.61769031523,67905,253778,33911,13.3624664076476,204165,28681,807,6376,146,3402,17849,129059,101896,8443,1758,425,3650,836,12051,1.36216769074609,9.33758978451716
"19067","19","067",IA,Iowa,Floyd,Floyd County,1296.471923,2.02393,15601,12.0334268125913,62356,15393,1673,10.868576625739,14333,147,14,243,10,39,815,7256,5729,721,8,66,156,26,550,0.110253583241455,7.57993384785006
"48163","48","163",TX,Texas,Frio,Frio County,2935.753504,2.193621,18151,6.18273978904191,56042,14708,3039,20.6622246396519,11674,786,58,113,0,1018,4502,6830,5754,460,0,0,221,126,269,0,3.93850658857979
"48081","48","081",TX,Texas,Coke,Coke County,2361.153198,42.331832,3305,1.39973975547181,40230,3174,524,16.5091367359798,2853,55,12,5,0,99,281,1325,1127,118,0,0,43,0,37,0,2.79245283018868
"48247","48","247",TX,Texas,Jim Hogg,Jim Hogg County,2942.674729,0.092565,4830,1.64136387634027,42292,4703,1364,29.0027641930683,2967,26,0,53,0,170,1614,2042,1578,397,0,0,27,16,24,0,1.17531831537708
"20179","20","179",KS,Kansas,Sheridan,Sheridan County,2320.518304,0.647342,2450,1.05579861006776,66719,2410,186,7.71784232365145,2259,3,10,0,0,82,96,1349,912,99,0,0,151,9,178,0,13.1949592290586
"04015","04","015",AZ,Arizona,Mohave,Mohave County,34530.024781,333.398757,214229,6.20413687388602,53592,209848,33597,16.0101597346651,178146,2422,4136,2313,494,9613,17105,74493,57593,8469,412,175,888,2102,4854,0.553072100734297,6.51604848777738
"19173","19","173",IA,Iowa,Taylor,Taylor County,1377.618878,7.133363,5916,4.29436623907821,65926,5806,496,8.54288666896314,5380,7,17,0,0,216,296,2856,2210,412,20,0,81,14,119,0.700280112044818,4.16666666666667
"26047","26","047",MI,Michigan,Emmet,Emmet County,1210.940738,1073.419241,34072,28.136802182635,69690,33648,2816,8.36899667142178,30889,285,850,100,17,259,1672,16802,12781,1617,50,91,748,235,1280,0.2975836209975,7.61814069753601
"38013","38","013",ND,North Dakota,Burke,Burke County,2858.360401,65.734594,2184,0.764074397069007,94583,2177,142,6.52273771244832,2031,15,12,56,0,18,52,1039,754,89,0,2,87,4,103,0,9.91337824831569
"30097","30","097",MT,Montana,Sweet Grass,Sweet Grass County,4805.81639,17.455905,3697,0.769276164543606,64872,3668,219,5.97055616139586,3448,57,38,0,0,24,130,1793,1329,164,46,4,75,22,153,2.56553262688232,8.53318460680424
"16067","16","067",ID,Idaho,Minidoka,Minidoka County,1960.610977,13.927954,21626,11.0302350918644,63594,21403,3229,15.0866700929776,16509,21,296,30,0,2490,2280,9867,8067,1094,2,15,143,178,368,0.0202695854869768,3.72960372960373
"19171","19","171",IA,Iowa,Tama,Tama County,1867.410499,2.769418,17017,9.11261878901967,65483,16578,2513,15.1586439860055,14134,177,1268,104,5,307,1022,8090,6444,720,34,24,229,28,611,0.420271940667491,7.55253399258344
"27109","27","109",MN,Minnesota,Olmsted,Olmsted County,1692.57977,3.226187,162307,95.8932647528926,90420,159431,12551,7.87237111979477,130706,11333,260,10088,106,2387,7427,85332,58414,9775,3085,587,2994,976,9501,3.61529086391975,11.1341583462242
"37169","37","169",NC,North Carolina,Stokes,Stokes County,1163.797562,17.578801,44696,38.4053047191381,57539,43968,5281,12.0110080058224,40946,1943,113,19,0,542,1133,19243,16534,1628,20,0,82,160,819,0.103933898040846,4.25609312477264
"31093","31","093",NE,Nebraska,Howard,Howard County,1474.57845,16.199402,6476,4.39176362573317,70766,6403,312,4.87271591441512,6057,29,0,28,0,68,294,3189,2616,245,8,0,88,16,216,0.250862339291314,6.77328316086547
"48357","48","357",TX,Texas,Ochiltree,Ochiltree County,2376.792063,1.331778,9924,4.17537577413225,62240,9823,1200,12.2162272218263,7261,82,103,45,0,1344,1089,4804,3581,865,0,0,98,164,96,0,1.99833472106578
"48233","48","233",TX,Texas,Hutchinson,Hutchinson County,2298.418618,19.497034,20595,8.96050869006666,62211,20404,2114,10.3607135855715,16033,481,308,133,67,995,2578,8999,7494,1003,83,31,129,32,227,0.922324702744749,2.52250250027781
"37103","37","103",NC,North Carolina,Jones,Jones County,1220.836956,6.031825,9263,7.58741775834643,53053,9158,1622,17.7112906748198,5764,2567,65,95,0,68,704,3815,3097,490,1,0,40,43,144,0.0262123197903014,3.77457404980341
"01003","01","003",AL,Alabama,Baldwin,Baldwin County,4117.724893,1132.887353,233420,56.6866427615906,71039,229539,23445,10.2139505704913,195998,19445,848,2046,31,4414,10638,105865,86118,7320,98,170,1279,1246,9634,0.0925707268691258,9.10026921078732
"06037","06","037",CA,California,Los Angeles,Los Angeles County,10515.988166,1785.003207,9936690,944.912626673262,83411,9782602,1343978,13.7384511809844,3937901,780993,111096,1473634,23400,2253956,1355710,4737721,3220537,440344,217371,28299,116287,88702,626181,4.58809203834502,13.2169243397828
"01013","01","013",AL,Alabama,Butler,Butler County,2012.002548,2.701199,18981,9.43388467319178,44429,18652,3937,21.1076560154407,9777,8462,69,243,0,57,373,7394,6365,621,17,0,13,102,276,0.229916148228293,3.73275628888288
"19063","19","063",IA,Iowa,Emmet,Emmet County,1025.349325,17.175565,9349,9.11786819579756,64461,8632,1096,12.6969416126043,8083,340,23,23,8,186,686,4843,3767,377,0,28,217,106,348,0,7.18562874251497
"28099","28","099",MS,Mississippi,Neshoba,Neshoba County,1476.641121,3.830971,28970,19.6188495552536,47400,28353,7938,27.9970373505449,16755,6596,4631,172,17,214,585,10776,8452,1331,45,0,186,546,216,0.417594654788419,2.00445434298441
"42105","42","105",PA,Pennsylvania,Potter,Potter County,2800.422768,0.55897,16390,5.85268773961061,56491,16150,1975,12.2291021671827,15784,77,21,87,5,44,372,6670,5088,510,14,16,440,65,537,0.209895052473763,8.05097451274363
"05149","05","149",AR,Arkansas,Yell,Yell County,2409.688595,46.994485,20342,8.44175469071347,55879,19923,2480,12.447924509361,15757,449,95,222,0,3319,500,8902,6955,1054,0,0,40,149,704,0,7.90833520557178
"08001","08","001",CO,Colorado,Adams,Adams County,3021.840476,43.702199,520149,172.129867255111,86297,515939,49625,9.61838511917106,342214,18215,7260,20574,836,48397,82653,271582,198110,28952,6503,814,3400,2909,30894,2.39448858908175,11.3755698094866
"20047","20","047",KS,Kansas,Edwards,Edwards County,1610.699245,0.206413,2849,1.76879700468227,52750,2777,378,13.611811307166,2503,10,28,14,0,96,198,1342,1022,114,0,0,44,26,136,0,10.1341281669151
"26123","26","123",MI,Michigan,Newaygo,Newaygo County,2172.706359,59.083043,50130,23.0726070241137,59065,49524,7537,15.2188837735239,45537,474,244,163,13,1454,2245,21259,16878,2308,71,39,271,341,1351,0.333976198316007,6.35495554823839
"31071","31","071",NE,Nebraska,Garfield,Garfield County,1474.558344,5.321553,1833,1.24308407833336,64957,1752,213,12.1575342465753,1773,9,0,0,0,39,12,944,744,50,0,0,118,0,32,0,3.38983050847458
"19105","19","105",IA,Iowa,Jones,Jones County,1490.844765,3.782492,20733,13.9068805061002,68781,19447,2218,11.4053581529285,19264,472,43,132,0,59,763,9730,7378,866,18,35,335,77,1021,0.184994861253854,10.4933196300103
"19009","19","009",IA,Iowa,Audubon,Audubon County,1147.264573,1.15226,5651,4.92562930381709,54973,5506,652,11.8416273156556,5385,17,4,2,0,81,162,2806,2250,166,0,0,93,23,274,0,9.7647897362794
"48325","48","325",TX,Texas,Medina,Medina County,3432.668368,23.757602,51432,14.9830960891705,73060,49103,5045,10.2743213245627,35904,1285,301,482,0,3398,10062,21776,16363,2639,1,46,405,310,2012,0.00459221160911095,9.23952975753123
"48117","48","117",TX,Texas,Deaf Smith,Deaf Smith County,3876.75057,3.926557,18585,4.79396331139251,51942,18299,2899,15.8423957593311,11550,266,95,86,0,1745,4843,8286,6423,1235,57,0,42,288,241,0.687907313540912,2.90852039584842
"48095","48","095",TX,Texas,Concho,Concho County,2547.914005,25.740025,3235,1.26966608513932,55750,2417,385,15.9288374017377,2451,136,2,28,0,88,530,992,834,89,0,0,27,0,42,0,4.23387096774194
"38075","38","075",ND,North Dakota,Renville,Renville County,2272.050272,40.658499,2282,1.00437918479297,77067,2212,142,6.41952983725136,2227,0,0,4,0,8,43,1156,917,141,0,0,20,11,67,0,5.79584775086505
"16021","16","021",ID,Idaho,Boundary,Boundary County,3285.862967,24.278846,12335,3.75396056496595,58810,12150,2247,18.4938271604938,11160,46,255,182,7,302,383,4743,3642,505,24,48,272,4,248,0.506008855154965,5.22875816993464
"18007","18","007",IN,Indiana,Benton,Benton County,1052.616458,0.236033,8709,8.27366885042567,58620,8590,1217,14.1676367869616,8169,104,4,5,16,60,351,3944,3266,288,61,0,75,34,220,1.54665314401623,5.57809330628803
"26001","26","001",MI,Michigan,Alcona,Alcona County,1747.34924,2890.404966,10238,5.85916070218453,50295,10128,1604,15.8372827804107,9691,44,40,32,2,70,359,3446,2644,371,0,0,104,37,290,0,8.41555426581544
"32013","32","013",NV,Nevada,Humboldt,Humboldt County,24969.53544,44.194837,17266,0.69148262856107,75574,17082,2448,14.3308746048472,13091,131,669,243,41,1569,1522,8176,4984,1248,751,4,270,202,717,9.18542074363992,8.76956947162427
"01043","01","043",AL,Alabama,Cullman,Cullman County,1902.965932,52.529994,88284,46.392843148387,58119,87201,11364,13.0319606426532,81077,960,355,278,27,1460,4127,38671,32947,4233,20,0,413,39,1019,0.0517183419099584,2.63504952031238
"17079","17","079",IL,Illinois,Jasper,Jasper County,1281.043621,9.334509,9295,7.25580288417048,67429,9194,845,9.1907765934305,8970,22,0,12,3,68,220,4584,3890,247,41,0,15,59,332,0.894415357766143,7.24258289703316
"20169","20","169",KS,Kansas,Saline,Saline County,1865.429339,2.760902,54160,29.0335307093613,59887,52654,6293,11.9516086147301,47242,1697,144,1100,16,629,3332,26767,21540,2752,100,110,398,436,1431,0.373594351253409,5.34613516643628
"27083","27","083",MN,Minnesota,Lyon,Lyon County,1850.315111,18.794794,25352,13.7014500121001,68919,24401,3017,12.3642473669112,21277,780,43,1233,3,1192,824,12595,9490,1149,23,35,501,221,1176,0.18261214767765,9.33703850734418
"36023","36","023",NY,New York,Cortland,Cortland County,1291.817953,7.110638,46755,36.1931802321066,65029,43164,5575,12.9158558057641,42782,998,45,596,0,599,1735,22643,16920,2566,221,176,1051,291,1418,0.976019078743983,6.2624210572804
"48305","48","305",TX,Texas,Lynn,Lynn County,2309.924847,4.169718,5619,2.43254667237232,52996,5534,1041,18.8109866281171,4032,84,44,9,13,323,1114,2461,2073,258,0,0,28,3,99,0,4.02275497765136
"48013","48","013",TX,Texas,Atascosa,Atascosa County,3158.599705,4.992623,49403,15.6407916843011,67442,48617,6837,14.0629820844561,31643,499,78,255,0,3333,13595,20318,15325,2641,8,0,228,521,1595,0.0393739541293434,7.85018210453785
"51730","51","730",VA,Virginia,Petersburg,Petersburg city,58.84573,0.577678,33261,565.223678931334,46930,32754,7275,22.2110276607437,5532,25698,16,442,19,156,1398,14304,10349,1754,525,17,174,458,1027,3.67030201342282,7.17980984340045
"38095","38","095",ND,North Dakota,Towner,Towner County,2655.029704,42.795048,2152,0.810537071113687,61250,2100,288,13.7142857142857,1866,8,143,9,0,14,112,1037,792,118,4,6,68,0,49,0.38572806171649,4.725168756027
"48425","48","425",TX,Texas,Somervell,Somervell County,482.274682,14.205924,9337,19.3603362326202,87899,9160,667,7.28165938864629,7622,182,28,50,0,446,1009,4543,3383,376,0,0,87,263,434,0,9.55315870570108
"46097","46","097",SD,South Dakota,Miner,Miner County,1476.734132,4.5379,2312,1.56561695832734,62037,2246,236,10.5075690115761,2214,13,31,10,0,12,32,1111,862,71,0,0,7,41,130,0,11.7011701170117
"06065","06","065",CA,California,Riverside,Riverside County,18671.846195,242.807981,2429487,130.114985664919,84505,2392682,272432,11.3860513014266,1138018,157125,23446,166726,8044,574403,361725,1048421,796162,118197,8852,2212,12063,13814,97121,0.844317311461712,9.26354966182478
"13119","13","119",GA,Georgia,Franklin,Franklin County,676.873326,12.752556,23480,34.688913121685,52597,22577,4162,18.4346901714134,19492,2158,121,353,0,668,688,9404,7391,1113,0,0,164,46,690,0,7.33730327520204
"21231","21","231",KY,Kentucky,Wayne,Wayne County,1186.326542,67.647953,19666,16.5772233055205,41583,19310,4898,25.3650958052822,18280,97,268,8,0,515,498,6769,5350,821,11,28,27,13,519,0.16250553996159,7.66730684000591
"23009","23","009",ME,Maine,Hancock,Hancock County,4110.6428,1962.698999,55851,13.5869261128697,64149,54389,5949,10.9378734670614,52923,446,251,475,0,329,1427,27161,19138,3324,172,59,1182,366,2920,0.633260925591841,10.7507087367917
"28065","28","065",MS,Mississippi,Jefferson Davis,Jefferson Davis County,1057.871277,1.791496,11291,10.6733212683683,36473,11176,2579,23.0762347888332,4257,6889,0,11,0,0,134,4431,3933,243,17,0,21,69,148,0.383660573234033,3.34010381403746
"29025","29","025",MO,Missouri,Caldwell,Caldwell County,1104.353494,8.399237,8876,8.03728158440544,58269,8648,1392,16.0962072155412,8298,32,89,37,8,41,371,3747,3015,355,6,0,32,45,294,0.160128102481986,7.84627702161729
"29129","29","129",MO,Missouri,Mercer,Mercer County,1175.427717,3.30214,3517,2.99210232082693,55592,3456,516,14.9305555555556,3320,12,24,31,0,23,107,1484,1056,189,0,0,24,17,198,0,13.3423180592992
"13277","13","277",GA,Georgia,Tift,Tift County,675.702302,20.458311,41247,61.0431544748533,52561,39336,8245,20.9604433597722,24067,11970,120,464,1,967,3658,17682,14448,1932,13,68,249,229,743,0.0735210948987671,4.20201334690646
"50023","50","023",VT,Vermont,Washington,Washington County,1779.477072,21.517931,59768,33.5873953873568,77278,57717,5703,9.88097094443578,56278,548,20,500,4,338,2080,30906,22067,2145,249,75,1267,183,4920,0.805668802174335,15.9192389827218
"13229","13","229",GA,Georgia,Pierce,Pierce County,881.777233,7.183926,19822,22.4796005818399,54861,19608,2992,15.2590779273766,16954,1929,27,0,0,408,504,8446,7185,1084,35,0,34,20,88,0.414397347856974,1.04191333175468
"02220","02","220",AK,Alaska,Sitka,Sitka City and Borough,7433.415763,5037.747535,8462,1.13837302658622,95261,8278,571,6.89780140130466,5269,58,793,667,103,90,1482,4643,2918,402,12,159,718,117,317,0.258453586043506,6.82748223131596
"13211","13","211",GA,Georgia,Morgan,Morgan County,899.791083,18.672325,20171,22.4174259793148,81524,19938,1715,8.60166516200221,14703,4471,0,32,0,172,793,9658,7957,748,40,14,175,65,659,0.414164423276041,6.82335887347277
"20159","20","159",KS,Kansas,Rice,Rice County,1880.936102,4.482698,9441,5.01930926306395,58523,8738,854,9.77340352483406,8066,189,59,41,28,412,646,4323,3400,439,3,33,254,14,180,0.0693962526023595,4.16377515614157
"41021","41","021",OR,Oregon,Gilliam,Gilliam County,3120.213943,46.914702,1983,0.635533343618547,58409,1952,251,12.858606557377,1705,0,27,15,0,22,214,777,540,83,0,5,80,1,68,0,8.75160875160875
"26091","26","091",MI,Michigan,Lenawee,Lenawee County,1941.553343,30.470381,99263,51.1255590055658,65484,94326,10451,11.07965990289,89997,2164,243,318,40,1017,5484,42860,35237,2943,64,47,1104,319,3146,0.149323378441437,7.3401773215119
"20051","20","051",KS,Kansas,Ellis,Ellis County,2330.7623,1.197085,28921,12.4083867325295,59665,27619,4223,15.2901987762048,26212,381,40,452,59,536,1241,16473,12975,1329,3,10,1048,171,937,0.0182116190129302,5.68809567170521
"19015","19","015",IA,Iowa,Boone,Boone County,1477.553326,8.143073,26700,18.070413791617,75759,26170,1956,7.47420710737486,25368,347,16,40,0,215,714,14054,11306,1117,78,31,213,128,1181,0.555002134623595,8.40330155115981
"46085","46","085",SD,South Dakota,Lyman,Lyman County,4253.4987,167.300445,3719,0.874339047053194,60284,3664,919,25.0818777292576,2005,0,1646,7,0,27,34,1456,992,117,5,0,108,52,182,0.343406593406593,12.5
"20027","20","027",KS,Kansas,Clay,Clay County,1671.314413,26.701337,8088,4.83930488308426,57765,7918,899,11.3538772417277,7702,150,54,32,0,7,143,3851,3080,387,4,0,33,68,279,0.103869124902623,7.24487146195793
"27173","27","173",MN,Minnesota,Yellow Medicine,Yellow Medicine County,1966.062967,10.687958,9569,4.86708725031389,70605,9398,941,10.012768674186,8574,78,280,53,0,194,390,4644,3640,422,3,9,135,28,407,0.0645994832041344,8.76399655469423
"37073","37","073",NC,North Carolina,Gates,Gates County,882.181709,13.292008,10509,11.9125117793618,55750,10355,1482,14.3119266055046,6637,3310,64,6,0,120,372,4479,3890,395,0,0,10,31,153,0,3.41594105827194
"29067","29","067",MO,Missouri,Douglas,Douglas County,2107.274104,2.520175,11803,5.60107485665756,47848,11665,2289,19.6228032576082,11040,56,125,14,0,12,556,4272,3433,368,23,0,33,92,323,0.538389513108614,7.56086142322097
"54007","54","007",WV,West Virginia,Braxton,Braxton County,1322.796522,14.344826,12505,9.45345696940077,42245,12072,2196,18.1908548707753,11186,131,33,11,0,9,1135,3730,3047,226,0,0,96,221,140,0,3.75335120643432
"53033","53","033",WA,Washington,King,King County,5479.725584,496.55078,2254371,411.40217068213,116340,2223603,187794,8.44548239951106,1325673,146998,14696,437540,16712,102269,210483,1212908,645935,93026,112694,14820,55967,16144,274322,9.29122406645846,22.6168843803487
"28013","28","013",MS,Mississippi,Calhoun,Calhoun County,1519.218292,3.590388,13193,8.68407132106858,44505,12935,2426,18.7553150367221,8449,3746,0,0,0,791,207,5599,4846,505,0,0,62,9,177,0,3.16127879978568
"13131","13","131",GA,Georgia,Grady,Grady County,1177.051419,15.026664,26075,22.1528130199722,51929,25865,5121,19.7989561183066,16397,7634,100,69,0,642,1233,10600,8081,1998,0,0,116,110,295,0,2.78301886792453
"28057","28","057",MS,Mississippi,Itawamba,Itawamba County,1379.933,19.825536,23888,17.310985388421,57252,22308,2324,10.4177873408643,21470,1439,89,49,6,193,642,10630,9168,839,0,0,37,35,551,0,5.18344308560677
"20189","20","189",KS,Kansas,Stevens,Stevens County,1883.593921,0.464936,5275,2.80049746454878,67950,5158,816,15.8200853043815,3891,20,2,0,0,846,516,2386,1891,278,0,0,36,17,164,0,6.87342833193629
"12051","12","051",FL,Florida,Hendry,Hendry County,2993.896404,86.578552,39902,13.327782466584,49259,39155,8729,22.2934491125016,24361,4258,845,373,0,2506,7559,17935,12400,2876,436,79,643,518,983,2.4310008363535,5.48090326177865
"48285","48","285",TX,Texas,Lavaca,Lavaca County,2511.535248,1.882216,20379,8.11416045871875,58530,19876,2035,10.2384785671161,15746,1071,49,100,2,2021,1390,9147,7079,1089,0,7,82,68,822,0,8.98655296818629
"20019","20","019",KS,Kansas,Chautauqua,Chautauqua County,1654.694134,15.243776,3389,2.04811265741757,51210,3339,587,17.5801138065289,2845,31,182,14,0,23,294,1318,1031,112,0,0,62,24,89,0,6.75265553869499
"18067","18","067",IN,Indiana,Howard,Howard County,759.058622,2.194576,83452,109.94144270454,62014,81999,9910,12.0855132379663,71455,6551,163,1043,6,602,3632,36245,29524,3763,61,111,412,380,1994,0.168299075734584,5.50144847565181
"31047","31","047",NE,Nebraska,Dawson,Dawson County,2623.809783,16.509199,24037,9.16110617306895,67462,23748,3378,14.2243557352198,16408,1689,169,192,99,3551,1929,12263,9536,2030,57,29,197,173,241,0.464812851667618,1.96526135529642
"28041","28","041",MS,Mississippi,Greene,Greene County,1845.983898,15.430619,13672,7.40634845992573,50000,9922,1824,18.3833904454747,9781,3478,96,1,0,52,264,3214,2165,604,0,0,69,230,146,0,4.542626011201
"27047","27","047",MN,Minnesota,Freeborn,Freeborn County,1831.756444,39.305226,30857,16.8455801539956,65679,30330,2895,9.54500494559842,26387,367,106,909,14,1039,2035,14440,11714,1076,24,82,416,146,982,0.166204986149584,6.8005540166205
"27065","27","065",MN,Minnesota,Kanabec,Kanabec County,1350.962864,31.252182,16145,11.9507356051202,68995,15854,1549,9.77040494512426,15306,66,62,77,0,19,615,7466,5726,826,44,22,281,75,492,0.589338333779802,6.58987409590142
"17065","17","065",IL,Illinois,Hamilton,Hamilton County,1125.73158,3.172088,8008,7.11359629797363,60574,7912,1021,12.9044489383215,7701,8,13,34,24,86,142,3243,2678,246,12,0,86,12,209,0.370027752081406,6.44465001541782
"46111","46","111",SD,South Dakota,Sanborn,Sanborn County,1474.329183,3.132216,2373,1.60954556645983,65806,2307,201,8.71261378413524,2240,0,5,0,0,41,87,1225,847,62,0,2,66,12,236,0,19.265306122449
"47057","47","057",TN,Tennessee,Grainger,Grainger County,726.715758,56.600343,23648,32.5409209029426,47098,23450,4118,17.5607675906183,22665,320,41,22,78,27,495,9411,7387,1272,0,0,4,58,690,0,7.33184571246414
"29085","29","085",MO,Missouri,Hickory,Hickory County,1032.908447,33.45464,8452,8.18271941191706,33302,8332,1464,17.5708113298128,8071,15,1,41,0,35,289,2478,1875,338,0,0,10,123,132,0,5.32687651331719
"56001","56","001",WY,Wyoming,Albany,Albany County,11070.455488,89.161376,37525,3.38965276005814,55887,34975,8060,23.0450321658327,32443,370,151,1412,50,520,2579,20511,14100,1614,257,796,1970,152,1622,1.25298620252547,7.90795183072498
"31003","31","003",NE,Nebraska,Antelope,Antelope County,2220.026341,3.715967,6302,2.83870505660816,61924,6196,686,11.0716591349258,6043,65,9,6,1,65,113,3227,2363,312,0,8,145,39,360,0,11.1558723272389
"56031","56","031",WY,Wyoming,Platte,Platte County,5390.953617,76.102033,8618,1.59860399704122,64753,8425,1008,11.9643916913947,7564,47,6,0,42,26,933,3494,2704,326,9,9,181,12,253,0.257584430452204,7.24098454493417
"49033","49","033",UT,Utah,Rich,Rich County,2664.471792,149.106409,2543,0.954410554330237,69250,2535,203,8.00788954635108,2239,0,15,1,0,90,198,976,700,79,9,0,26,24,138,0.922131147540984,14.1393442622951
"55131","55","131",WI,Wisconsin,Washington,Washington County,1115.362171,12.999404,136842,122.688399838154,91915,136010,6436,4.73200499963238,126654,1835,284,1954,27,1148,4940,73600,59833,4255,159,212,802,513,7826,0.216032608695652,10.633152173913
"41013","41","013",OR,Oregon,Crook,Crook County,7715.390857,21.004473,24987,3.23859159738225,74969,24821,1965,7.91668345352725,22504,79,321,89,0,463,1531,11025,8887,817,4,20,98,68,1131,0.036281179138322,10.2585034013605
"13165","13","165",GA,Georgia,Jenkins,Jenkins County,899.705946,13.195935,8704,9.67427195373898,31463,7753,2163,27.898877853734,4985,3036,2,2,0,299,380,2859,2190,278,0,0,0,63,328,0,11.4725428471494
"48243","48","243",TX,Texas,Jeff Davis,Jeff Davis County,5865.172239,0.206206,1992,0.339631969672494,38125,1951,480,24.6027678113788,1648,26,0,0,0,49,269,700,372,79,0,3,65,23,158,0,22.5714285714286
"13255","13","255",GA,Georgia,Spalding,Spalding County,507.561202,9.375991,67415,132.821420814588,57367,66078,12412,18.7838614970187,39829,23260,309,597,0,746,2674,27798,23534,1727,61,0,147,360,1969,0.21944024749982,7.08324339880567
"19035","19","035",IA,Iowa,Cherokee,Cherokee County,1494.181141,0.42316,11601,7.76411887532986,63638,11286,1506,13.3439659755449,10745,162,0,1,0,162,531,5847,4486,563,13,0,216,42,527,0.222336240807252,9.01316914657089
"13005","13","005",GA,Georgia,Bacon,Bacon County,735.770219,4.50631,11138,15.1378782565267,43938,10528,2278,21.637537993921,8229,1679,28,70,0,224,908,4213,3654,341,0,0,59,51,108,0,2.56349394730596
"13293","13","293",GA,Georgia,Upson,Upson County,837.774876,10.585407,27638,32.9897694377744,48740,26765,6007,22.4434896319821,18652,7564,77,112,214,245,774,11247,9756,852,6,0,243,115,275,0.0533475593491598,2.44509647016982
"41055","41","055",OR,Oregon,Sherman,Sherman County,2133.15163,19.617472,1900,0.890700864054376,57171,1898,295,15.5426765015806,1671,7,12,7,37,14,152,789,589,56,0,0,42,22,80,0,10.1394169835234
"02150","02","150",AK,Alaska,Kodiak Island,Kodiak Island Borough,17325.674226,14147.257374,13065,0.754083207936222,91138,12777,1027,8.03788056664319,6612,120,1492,2964,2,89,1786,6890,4196,1073,10,48,438,679,446,0.145137880986938,6.47314949201742
"27125","27","125",MN,Minnesota,Red Lake,Red Lake County,1119.929345,0.227815,3912,3.49307750302766,73889,3900,363,9.30769230769231,3649,33,63,0,0,10,157,1945,1452,189,0,0,124,11,169,0,8.68894601542416
"27137","27","137",MN,Minnesota,St. Louis,St. Louis County,16182.544691,1586.178745,200122,12.3665346718492,66491,192749,26458,13.7266600604932,182059,3170,3576,1925,35,1028,8329,95204,73411,7250,1564,709,3569,827,7874,1.6427881181463,8.27066089660098
"12041","12","041",FL,Florida,Gilchrist,Gilchrist County,905.705571,14.362143,18070,19.9512960708067,56823,17009,2115,12.4345934505262,16396,586,48,47,3,231,759,7396,6269,729,2,0,60,40,296,0.0270416441319632,4.00216333153056
"37107","37","107",NC,North Carolina,Lenoir,Lenoir County,1033.630011,5.900299,55071,53.2792192698824,43063,53939,12093,22.4197704814698,28400,22117,83,446,53,2132,1840,22131,18384,2641,193,17,165,182,549,0.872079887939994,2.4806832045547
"29175","29","175",MO,Missouri,Randolph,Randolph County,1250.220618,13.254192,24652,19.7181198622658,51480,22699,3901,17.1857791092119,21925,1242,52,94,5,173,1161,10602,8916,835,53,6,35,192,565,0.499905678173929,5.32918317298623
"38091","38","091",ND,North Dakota,Steele,Steele County,1844.441508,8.435674,1774,0.961808760161561,85750,1774,231,13.021420518602,1708,4,0,0,0,4,58,832,638,42,0,0,54,3,95,0,11.4182692307692
"51600","51","600",VA,Virginia,Fairfax,Fairfax city,16.163924,0.084155,24242,1499.75958808022,128708,23374,2337,9.99828869684265,14452,1423,31,4230,0,1885,2221,12943,7974,1185,550,9,426,146,2653,4.24940122073708,20.4975662520281
"51685","51","685",VA,Virginia,Manassas Park,Manassas Park city,7.857548,0.001609,17123,2179.17854272096,91673,17051,863,5.06128672805114,7774,2514,548,1890,0,2400,1997,9756,6933,1026,858,0,63,101,775,8.79458794587946,7.94382943829438
"51840","51","840",VA,Virginia,Winchester,Winchester city,23.8095,0.054462,28103,1180.32718032718,62495,26939,4539,16.8491777720034,20481,2793,81,589,0,1747,2412,14308,10236,1474,178,77,549,126,1668,1.24405926754263,11.6578138104557
"29169","29","169",MO,Missouri,Pulaski,Pulaski County,1417.014582,11.312724,53726,37.9149238705576,62541,43971,6382,14.5141115735371,39647,5419,389,1369,255,926,5721,26813,17196,1861,63,61,6204,250,1178,0.234960653414389,4.39339126543095
"18111","18","111",IN,Indiana,Newton,Newton County,1040.539827,4.349506,13829,13.2902169058446,63673,13585,1718,12.6463010673537,12651,157,10,33,0,285,693,5738,4566,733,30,0,60,6,343,0.522830254444057,5.97769257581039
"13031","13","031",GA,Georgia,Bulloch,Bulloch County,1750.735216,32.827779,79829,45.5974148862954,53675,72752,16576,22.7842533538597,50820,22101,334,1247,271,753,4303,34969,27899,3197,167,136,609,609,2352,0.477565844033287,6.72595727644485
"20153","20","153",KS,Kansas,Rawlins,Rawlins County,2769.775708,0.415527,2544,0.918485923842899,61827,2509,274,10.9206855320845,2362,14,16,11,0,73,68,1294,916,155,12,3,19,16,173,0.927357032457496,13.3693972179289
"08095","08","095",CO,Colorado,Phillips,Phillips County,1781.724977,0.301808,4493,2.52171354052921,58474,4410,612,13.8775510204082,3795,0,78,9,0,144,467,2055,1596,233,0,0,45,0,181,0,8.80778588807786
"48399","48","399",TX,Texas,Runnels,Runnels County,2722.259323,15.604788,9858,3.6212567688578,55424,9580,1136,11.8580375782881,7818,295,84,6,0,278,1377,4404,3754,437,10,0,39,4,160,0.227066303360581,3.6330608537693
"19185","19","185",IA,Iowa,Wayne,Wayne County,1360.957549,4.272458,6484,4.76429261497854,58257,6360,847,13.3176100628931,6166,19,0,4,0,37,258,2827,2132,303,12,0,170,67,143,0.424478245489919,5.05836575875486
"48445","48","445",TX,Texas,Terry,Terry County,2302.113089,5.41406,11816,5.13267573885029,42694,11023,2464,22.3532613626055,7500,534,39,24,0,475,3244,4957,3871,779,5,0,69,12,221,0.100867460157353,4.45834173895501
"39163","39","163",OH,Ohio,Vinton,Vinton County,1068.008168,6.781751,12790,11.975563842317,50967,12687,2419,19.0667612516749,12314,9,0,0,0,0,467,5010,4126,316,4,0,83,1,480,0.0798403193612774,9.58083832335329
"08005","08","005",CO,Colorado,Arapahoe,Arapahoe County,2066.509954,19.798771,654453,316.694821011252,92292,648402,51766,7.98362744100111,422330,71815,5520,40210,1613,40682,72283,349283,243347,28005,10232,1146,4886,4579,57088,2.92942971744975,16.3443396901653
"48461","48","461",TX,Texas,Upton,Upton County,3215.010597,0.464309,3284,1.02145853051445,55284,3221,655,20.3352995963986,1427,72,21,37,0,1552,175,1320,1116,95,0,0,9,0,100,0,7.57575757575758
"48059","48","059",TX,Texas,Callahan,Callahan County,2329.363241,4.898783,13869,5.95398766318902,63906,13685,1203,8.79064669345999,12261,165,6,120,23,196,1098,6157,4694,736,0,4,59,152,512,0,8.31573818418061
"48227","48","227",TX,Texas,Howard,Howard County,2333.039143,8.841781,34488,14.7824352212337,67243,30537,4428,14.500442086649,25493,2024,247,408,0,2589,3727,14167,11995,1575,0,13,143,99,342,0,2.41406084562716
"48459","48","459",TX,Texas,Upshur,Upshur County,1509.910834,24.878112,41261,27.3267792182753,60456,40525,5900,14.5589142504627,34598,3091,56,213,25,924,2354,16377,13777,1471,7,0,212,62,848,0.042742871099713,5.17799352750809
"48063","48","063",TX,Texas,Camp,Camp County,507.242364,19.129375,12543,24.7278241925392,53968,12487,2689,21.5343957716025,8194,1884,0,91,0,1167,1207,5171,4070,617,0,0,163,66,255,0,4.93134790175981
"48471","48","471",TX,Texas,Walker,Walker County,2031.126326,44.745757,77182,37.9996059388381,47193,60850,11841,19.4593262119967,50079,16916,135,940,246,1782,7084,28340,22947,1901,197,17,933,374,1971,0.695130557515879,6.95483415666902
"01131","01","131",AL,Alabama,Wilcox,Wilcox County,2299.540558,50.592191,10441,4.54047221027532,38208,10219,2735,26.763871220276,2876,7328,13,4,0,0,220,3174,2704,246,32,0,30,64,98,1.00819155639572,3.08758664146188
"51121","51","121",VA,Virginia,Montgomery,Montgomery County,1001.929081,6.282286,99373,99.1816705238442,65270,88977,22144,24.8873304337076,83364,4054,286,6457,142,1518,3552,45188,33145,2807,1479,504,2053,639,4561,3.27299282995486,10.0933876250332
"28103","28","103",MS,Mississippi,Noxubee,Noxubee County,1800.451921,12.487951,10261,5.69912469215,42298,10072,2337,23.2029388403495,2633,7552,41,0,0,17,18,3788,3324,258,0,0,64,139,3,0,0.0791974656810982
"08115","08","115",CO,Colorado,Sedgwick,Sedgwick County,1419.419015,3.530746,2391,1.6844920173202,45855,2359,379,16.0661297159813,2067,12,3,38,0,85,186,1062,734,108,0,7,84,12,117,0,11.0169491525424
"46035","46","035",SD,South Dakota,Davison,Davison County,1128.284973,3.404556,19966,17.6958839989797,55606,19136,2906,15.1860367892977,18189,99,670,179,0,347,482,10274,8372,659,48,12,242,141,800,0.467198754136656,7.78664590227759
"20075","20","075",KS,Kansas,Hamilton,Hamilton County,2580.958328,2.893322,2520,0.976381514052868,58750,2511,198,7.88530465949821,2055,0,0,0,0,202,263,1161,790,188,0,0,113,3,67,0,5.770887166236
"17053","17","053",IL,Illinois,Ford,Ford County,1257.690126,1.640595,13484,10.7212418395022,58930,13011,1578,12.128199216048,12388,95,19,90,0,338,554,6338,4978,653,0,22,105,34,546,0,8.61470495424424
"46047","46","047",SD,South Dakota,Fall River,Fall River County,4506.292104,24.021148,7079,1.5709145871206,54886,6817,1315,19.2900102684465,6038,0,561,72,0,57,351,2858,2206,162,8,53,100,13,316,0.279916025192442,11.0566829951015
"02060","02","060",AK,Alaska,Bristol Bay,Bristol Bay Borough,1248.323906,949.767539,854,0.684117315942838,94167,837,66,7.88530465949821,387,3,269,48,17,22,108,438,297,29,4,1,57,10,40,0.91324200913242,9.1324200913242
"18121","18","121",IN,Indiana,Parke,Parke County,1151.822273,13.655204,16327,14.1749299199391,63393,15213,2366,15.5524880036811,15459,307,7,0,0,61,493,6270,4523,831,18,0,203,40,655,0.287081339712919,10.4465709728868
"48441","48","441",TX,Texas,Taylor,Taylor County,2371.228265,9.760311,143029,60.3185286339356,61806,136790,19947,14.5822063016302,102445,11486,283,3374,26,9233,16182,70258,55337,7589,289,390,1234,586,4833,0.41134105724615,6.87893193657662
"18041","18","041",IN,Indiana,Fayette,Fayette County,556.901577,0.366408,23391,42.0020358462731,52219,22972,3761,16.3721051715131,22130,278,59,43,10,134,737,10093,8476,1018,11,0,151,107,330,0.108986426236005,3.26959278708015
"37027","37","027",NC,North Carolina,Caldwell,Caldwell County,1222.184253,7.052759,80716,66.0424152920255,52362,79612,10551,13.2530271818319,70428,3496,63,440,78,2937,3274,35284,29247,3256,0,0,260,625,1896,0,5.37354041491894
"46125","46","125",SD,South Dakota,Turner,Turner County,1598.188442,1.636386,8687,5.43552923529402,72312,8452,780,9.22858495030762,8268,50,50,55,4,6,254,4411,3538,391,13,16,134,28,291,0.294717751076853,6.59714350487418
"55089","55","089",WI,Wisconsin,Ozaukee,Ozaukee County,603.495168,2287.434584,91745,152.022758200443,92258,89705,4036,4.49919179532913,83861,1274,124,1977,21,786,3702,48123,37769,2638,166,180,568,365,6437,0.344949400494566,13.3761403071296
"38047","38","047",ND,North Dakota,Logan,Logan County,2570.819037,47.710154,1849,0.719226041735586,59750,1773,145,8.17822899041173,1763,2,4,1,0,24,55,846,528,96,5,0,72,10,135,0.591016548463357,15.9574468085106
"05011","05","011",AR,Arkansas,Bradley,Bradley County,1681.335016,9.505606,10461,6.22184151311341,43688,10363,1570,15.1500530734343,6370,2722,488,6,0,305,570,3691,3139,309,3,0,128,63,49,0.0812787862367922,1.32755350853427
"13173","13","173",GA,Georgia,Lanier,Lanier County,509.030778,8.418857,9964,19.5744548868909,39971,9702,3114,32.0964749536178,6753,2308,21,132,0,349,401,3781,2912,289,12,109,141,30,288,0.317376355461518,7.61703253107643
"35051","35","051",NM,New Mexico,Sierra,Sierra County,10829.29303,147.631578,11506,1.06248856394645,35256,11246,2834,25.2000711364041,9020,30,354,31,0,502,1569,3546,2433,330,21,83,112,254,313,0.592216582064298,8.82684715172025
"08073","08","073",CO,Colorado,Lincoln,Lincoln County,6676.28955,22.780358,5583,0.836242939762851,59167,4184,485,11.5917782026769,4778,366,21,47,0,57,314,2169,1668,219,5,8,56,16,197,0.230520977408944,9.0825265099124
"19023","19","023",IA,Iowa,Butler,Butler County,1502.550829,4.194983,14376,9.56772957196245,65743,14114,1669,11.8251381606915,13820,74,18,152,0,90,222,6733,5637,492,2,15,161,30,396,0.0297044408139017,5.88147928115253
"48205","48","205",TX,Texas,Hartley,Hartley County,3786.435508,3.023183,5369,1.41795627804999,78065,3888,270,6.94444444444444,4021,396,46,14,0,194,698,1695,1431,106,0,2,69,0,87,0,5.13274336283186
"47137","47","137",TN,Tennessee,Pickett,Pickett County,422.09056,29.845401,5042,11.9453038703353,44317,4969,1043,20.9901388609378,4832,14,0,0,0,29,167,1692,1363,149,0,2,24,44,110,0,6.50118203309693
"46043","46","043",SD,South Dakota,Douglas,Douglas County,1118.35878,4.832944,2823,2.52423466465744,75048,2713,394,14.5226686325101,2653,47,42,0,0,25,56,1433,1041,86,6,0,139,24,137,0.418702023726448,9.56036287508723
"20029","20","029",KS,Kansas,Cloud,Cloud County,1852.726652,6.859888,9008,4.86202321873869,51197,8569,1024,11.9500525148792,8421,78,41,0,171,27,270,4076,3478,218,18,19,148,44,151,0.441609421000981,3.70461236506379
"42093","42","093",PA,Pennsylvania,Montour,Montour County,337.556587,5.17432,18165,53.8131996221422,72626,17376,1510,8.69014732965009,16602,427,27,660,0,88,361,8683,6713,554,8,7,488,42,871,0.0921340550500979,10.0310952435794
"31123","31","123",NE,Nebraska,Morrill,Morrill County,3687.911916,15.923124,4562,1.23701436040481,57325,4441,423,9.52488178338212,3922,4,58,51,0,66,461,2063,1591,222,0,0,66,7,177,0,8.57973824527387
"29137","29","137",MO,Missouri,Monroe,Monroe County,1677.352687,58.366943,8668,5.16766692370643,50245,8519,1404,16.4808076065266,8057,301,63,41,11,27,168,3592,2949,323,2,0,150,27,141,0.0556792873051225,3.92538975501114
"38045","38","045",ND,North Dakota,LaMoure,LaMoure County,2968.139583,12.824671,4135,1.39312855220259,70227,4011,488,12.1665420094739,3971,16,24,3,0,35,86,2036,1442,175,0,5,125,19,270,0,13.2612966601179
"21149","21","149",KY,Kentucky,McLean,McLean County,654.037067,9.610577,9173,14.0251989724001,64020,9094,721,7.92830437651199,8802,91,27,37,0,35,181,3687,3099,279,2,0,87,64,156,0.05424464334147,4.23108218063466
"46091","46","091",SD,South Dakota,Marshall,Marshall County,2170.620943,124.689684,4363,2.0100239123142,74018,4253,319,7.5005878203621,3715,7,278,0,0,146,217,2184,1754,136,43,7,100,15,129,1.96886446886447,5.90659340659341
"41001","41","001",OR,Oregon,Baker,Baker County,7945.996815,51.832631,16685,2.09979948248947,51657,16220,2225,13.7176325524044,15170,196,228,47,35,292,717,6136,4394,573,15,62,498,56,538,0.244458930899609,8.76792698826597
"46033","46","033",SD,South Dakota,Custer,Custer County,4032.463966,5.490769,8515,2.11161217354819,75943,8376,693,8.27363896848138,7729,32,181,44,0,29,500,3786,2964,210,5,37,87,31,452,0.132065504490227,11.9387216059165
"48297","48","297",TX,Texas,Live Oak,Live Oak County,2692.796909,101.483818,11374,4.22386105761829,55949,9890,2081,21.041456016178,9478,279,18,263,82,230,1024,4000,3309,226,0,10,40,67,348,0,8.7
"26153","26","153",MI,Michigan,Schoolcraft,Schoolcraft County,3035.145671,1844.210517,8062,2.65621517841145,55071,7949,1272,16.0020128318027,6836,45,453,35,0,5,688,3155,2626,228,8,1,172,11,109,0.253565768621236,3.45483359746434
"19121","19","121",IA,Iowa,Madison,Madison County,1452.999049,2.98384,16609,11.4308402413827,88110,16411,1007,6.13612820669063,15906,213,12,64,0,67,347,8899,6803,499,6,19,336,31,1205,0.067423305989437,13.5408472862119
"31183","31","183",NE,Nebraska,Wheeler,Wheeler County,1489.717901,1.059454,771,0.517547650788416,59167,771,79,10.2464332036316,761,0,0,1,0,1,8,357,234,22,3,0,37,3,58,0.840336134453782,16.2464985994398
"05037","05","037",AR,Arkansas,Cross,Cross County,1596.255187,15.389371,16827,10.5415475777558,48129,16611,3357,20.2094997290952,12275,3286,49,5,0,10,1202,6934,5817,850,0,0,60,54,153,0,2.20651860398039
"19013","19","013",IA,Iowa,Black Hawk,Black Hawk County,1465.303204,17.928724,131041,89.4292728237288,62329,126174,19808,15.6989554107819,106818,12800,443,3458,616,2016,4890,65260,51256,5751,137,279,2279,446,5112,0.209929512718357,7.83328225559301
"48303","48","303",TX,Texas,Lubbock,Lubbock County,2319.597742,13.210797,311509,134.294405603021,61911,298979,51472,17.2159248642881,216279,22261,2012,7498,364,21827,41268,151356,119164,17471,954,479,3210,1319,8759,0.630302069293586,5.78701868442612
"27165","27","165",MN,Minnesota,Watonwan,Watonwan County,1126.508687,12.387832,11205,9.94666097945501,65197,11059,1467,13.2652138529704,9068,45,10,157,0,931,994,5196,4043,488,79,9,335,26,216,1.52040030792918,4.15704387990762
"46039","46","039",SD,South Dakota,Deuel,Deuel County,1612.885711,35.935421,4298,2.66478893742273,76997,4241,244,5.75336005659043,4062,4,16,0,0,26,190,2085,1659,202,0,10,49,31,134,0,6.42685851318945
"19181","19","181",IA,Iowa,Warren,Warren County,1475.408395,8.64507,52709,35.7250237823135,89741,50869,3135,6.16288898936484,49561,396,59,389,41,391,1872,26985,21181,1799,6,46,745,168,3040,0.0222345747637576,11.2655178803039
"05099","05","099",AR,Arkansas,Nevada,Nevada County,1600.067809,7.48949,8292,5.18228037171892,43421,8079,2248,27.8252258942938,5320,2798,10,13,8,2,141,3117,2549,507,35,0,0,16,10,1.12287455887071,0.320821302534488
"20081","20","081",KS,Kansas,Haskell,Haskell County,1495.772609,0.910409,3735,2.49703730201146,66458,3683,332,9.01439044257399,2831,13,34,0,0,610,247,1779,1385,210,0,0,57,38,89,0,5.00281056773468
"29075","29","075",MO,Missouri,Gentry,Gentry County,1272.776755,0.762384,6219,4.8861671739126,53799,6071,923,15.203426124197,5974,31,18,98,0,47,51,2781,2116,223,47,0,81,68,246,1.69003955411722,8.84573894282632
"05027","05","027",AR,Arkansas,Columbia,Columbia County,1984.098878,1.98583,22707,11.4444901167874,47441,20756,4675,22.5236076315282,13877,8082,104,104,6,133,401,9137,7772,602,50,25,358,97,233,0.547225566378461,2.55007113932363
"05043","05","043",AR,Arkansas,Drew,Drew County,2146.237578,18.789749,17309,8.06481080073606,44968,16446,3513,21.3608172199927,11655,4654,8,125,0,177,690,6993,5904,565,0,79,257,33,155,0,2.21650221650222
"18113","18","113",IN,Indiana,Noble,Noble County,1064.085738,17.060235,47431,44.5744156755158,70286,46409,3366,7.25290353164257,43190,173,64,328,67,718,2891,22483,17392,3177,59,74,329,401,1051,0.262420495485478,4.67464306364809
"48177","48","177",TX,Texas,Gonzales,Gonzales County,2762.704862,8.204086,19736,7.14372362805072,64255,19430,2540,13.0725681935152,13835,1253,31,162,49,1690,2716,8636,6786,742,0,0,530,241,337,0,3.90226956924502
"46069","46","069",SD,South Dakota,Hyde,Hyde County,2229.019814,14.541548,1319,0.591739917122154,69712,1278,85,6.6510172143975,1195,20,21,0,0,0,83,727,547,41,10,0,43,12,74,1.37551581843191,10.1788170563961
"35057","35","057",NM,New Mexico,Torrance,Torrance County,8664.061384,2.316559,15203,1.75471979319947,50727,15109,3219,21.3051823416507,10047,340,357,115,0,2265,2079,5431,4117,547,0,40,94,97,536,0,9.86926901123182
"51595","51","595",VA,Virginia,Emporia,Emporia city,17.881071,0.165621,5680,317.654350793641,41442,5420,939,17.3247232472325,1400,3440,0,44,0,0,796,2176,1637,322,4,0,85,81,47,0.183823529411765,2.15992647058824
"48195","48","195",TX,Texas,Hansford,Hansford County,2382.296646,1.548341,5270,2.21215103872501,62350,5194,434,8.35579514824798,4131,11,25,6,0,163,934,2429,1997,323,0,0,18,32,59,0,2.42898312062577
"20055","20","055",KS,Kansas,Finney,Finney County,3372.157854,1.716371,38187,11.3242029742775,68481,37357,4791,12.8249056401745,23521,1702,185,1642,26,4651,6460,18361,14907,2577,63,19,141,63,591,0.343118566526878,3.21877893360928
"29109","29","109",MO,Missouri,Lawrence,Lawrence County,1584.393363,4.247256,38231,24.1297400587508,52225,37444,5486,14.6512124772994,34658,96,157,178,36,735,2371,16375,12470,1899,11,45,219,299,1432,0.067175572519084,8.74503816793893
"35021","35","021",NM,New Mexico,Harding,Harding County,5504.963122,1.16262,671,0.121890008185236,39489,671,96,14.3070044709389,341,1,0,0,7,226,96,271,210,7,0,0,35,1,18,0,6.64206642066421
"48087","48","087",TX,Texas,Collingsworth,Collingsworth County,2378.749928,2.279194,2865,1.204414119482,52045,2788,623,22.3457675753228,1999,214,57,0,22,127,446,1218,920,218,0,0,1,0,79,0,6.48604269293924
"17041","17","041",IL,Illinois,Douglas,Douglas County,1079.11022,1.448705,19714,18.2687547894783,67177,19361,1833,9.4674861835649,18207,243,72,116,0,237,839,9387,6951,989,0,416,383,161,487,0,5.18802599339512
"49039","49","039",UT,Utah,Sanpete,Sanpete County,4117.605584,32.165095,28816,6.99824191806322,64356,26244,3888,14.8148148148148,25076,258,268,226,175,2053,760,12036,8642,1654,45,62,570,51,1012,0.373878364905284,8.40810900631439
"45011","45","011",SC,South Carolina,Barnwell,Barnwell County,1420.294945,23.008122,20653,14.5413458470064,42470,20226,5116,25.2941758133096,10652,9137,21,55,0,331,457,8688,7171,960,205,10,79,84,179,2.35957642725599,2.06031307550645
"45061","45","061",SC,South Carolina,Lee,Lee County,1062.372307,2.715077,16557,15.584931846308,39099,15287,4247,27.781775364689,5569,10410,1,14,0,188,375,5504,4745,517,0,0,58,102,82,0,1.48982558139535
"30069","30","069",MT,Montana,Petroleum,Petroleum County,4288.047861,48.927318,416,0.09701384254209,57981,416,26,6.25,408,0,0,8,0,0,0,235,134,5,0,0,32,0,64,0,27.2340425531915
"39059","39","059",OH,Ohio,Guernsey,Guernsey County,1352.599522,15.666081,38409,28.3964317414567,53901,37969,6448,16.9822750138271,36110,714,21,154,0,340,1070,16560,13901,1629,8,7,233,271,511,0.0483091787439614,3.08574879227053
"13209","13","209",GA,Georgia,Montgomery,Montgomery County,624.563059,9.191488,8687,13.9089238065231,49138,7887,1312,16.6349689362242,5858,2082,24,37,0,347,339,3395,2798,248,8,0,49,47,245,0.235640648011782,7.21649484536082
"55085","55","085",WI,Wisconsin,Oneida,Oneida County,2885.102824,317.602311,37799,13.1014394653686,66111,37168,3552,9.55660783469651,35804,145,446,137,5,380,882,16525,13154,1462,10,47,411,126,1315,0.0605143721633888,7.95763993948563
"31069","31","069",NE,Nebraska,Garden,Garden County,4416.875795,66.053093,1778,0.40254697721243,47139,1749,168,9.60548885077187,1668,0,4,3,0,84,19,696,477,35,0,0,47,28,109,0,15.6609195402299
"38083","38","083",ND,North Dakota,Sheridan,Sheridan County,2518.053323,86.198839,1338,0.531362853907284,68684,1327,92,6.93293142426526,1282,0,18,0,0,0,38,624,414,99,0,3,59,4,45,0,7.21153846153846
"17087","17","087",IL,Illinois,Johnson,Johnson County,890.273379,12.814661,13313,14.9538336358589,63295,11335,1865,16.4534627260697,11036,1178,0,42,0,133,924,4316,3539,389,2,0,14,52,320,0.046339202965709,7.41427247451344
"48269","48","269",TX,Texas,King,King County,2359.150569,6.39629,216,0.0915583781884504,59375,216,60,27.7777777777778,184,0,0,0,0,3,29,85,61,16,2,0,0,0,6,2.35294117647059,7.05882352941176
"16085","16","085",ID,Idaho,Valley,Valley County,9492.613292,177.110437,11830,1.24623216348335,72878,11639,1628,13.9874559670075,11577,7,1,6,9,76,154,4848,3376,74,16,72,397,41,872,0.33003300330033,17.986798679868
"21227","21","227",KY,Kentucky,Warren,Warren County,1403.057984,15.127045,135307,96.4372118208908,63074,128934,22132,17.1653714303442,107134,11877,159,6723,694,2586,6134,65956,51993,7584,37,103,1864,992,3383,0.0560980047304263,5.12917702710898
"51740","51","740",VA,Virginia,Portsmouth,Portsmouth city,86.248205,34.658275,97384,1129.11335372139,57154,94087,16331,17.3573394836694,36682,50091,404,1390,62,1934,6821,45028,33929,4642,721,164,1366,1233,2973,1.60122590388203,6.60255840810163
"48433","48","433",TX,Texas,Stonewall,Stonewall County,2373.2387,10.177387,1331,0.560836969328033,66591,1289,91,7.05973622963538,1175,6,33,0,0,74,43,664,594,36,0,0,19,11,4,0,0.602409638554217
"40077","40","077",OK,Oklahoma,Latimer,Latimer County,1870.249269,18.237494,9537,5.09932026606235,42735,9136,1522,16.6593695271454,6036,114,2297,93,0,89,908,3509,3096,197,0,0,52,27,137,0,3.90424622399544
"32029","32","029",NV,Nevada,Storey,Storey County,683.23826,1.881025,4095,5.99351681505658,86932,4083,371,9.08645603722753,3433,81,4,45,0,28,504,1352,980,131,6,0,68,28,139,0.443786982248521,10.2810650887574
"40149","40","149",OK,Oklahoma,Washita,Washita County,2597.989578,14.579003,10930,4.20709924803247,60600,10581,1325,12.5224458935828,9371,153,231,16,4,254,901,4710,3593,601,0,3,60,231,222,0,4.71337579617834
"19177","19","177",IA,Iowa,Van Buren,Van Buren County,1255.605676,14.880499,7207,5.73985936648474,58417,7101,788,11.0970285875229,6982,30,2,46,0,43,104,2918,1968,398,15,12,113,25,387,0.514050719671008,13.262508567512
"55035","55","035",WI,Wisconsin,Eau Claire,Eau Claire County,1652.211241,18.848551,105697,63.973054641625,70127,101854,12308,12.0839633200463,94693,1393,309,4342,45,809,4106,56723,44428,3715,542,409,1532,354,5743,0.955520688256968,10.1246407982653
"02240","02","240",AK,Alaska,Southeast Fairbanks,Southeast Fairbanks Census Area,64312.145209,749.823085,6888,0.107102631666469,75378,6820,898,13.1671554252199,5163,61,881,214,17,181,371,2780,1797,296,10,3,287,128,259,0.359712230215827,9.31654676258993
"20101","20","101",KS,Kansas,Lane,Lane County,1858.08022,0.55122,1528,0.822354160790754,52222,1523,137,8.99540380827315,1388,7,5,40,0,65,23,782,569,69,0,0,65,4,75,0,9.59079283887468
"20195","20","195",KS,Kansas,Trego,Trego County,2303.727352,26.281951,2798,1.21455344859751,77500,2716,198,7.29013254786451,2727,2,3,11,0,0,55,1404,1114,156,2,0,27,0,105,0.142450142450142,7.47863247863248
"51830","51","830",VA,Virginia,Williamsburg,Williamsburg city,23.14977,0.416905,15486,668.94833080415,66815,10629,1451,13.6513312635243,10718,2360,59,1085,0,156,1108,6444,3989,384,75,128,807,90,971,1.16387337057728,15.0682805710739
"39039","39","039",OH,Ohio,Defiance,Defiance County,1065.623072,7.100811,38300,35.9414140012164,69302,37531,3950,10.5246329700781,34054,666,100,128,6,1273,2073,18548,15770,1458,7,9,388,170,746,0.0377399180504637,4.02199698080656
"46089","46","089",SD,South Dakota,McPherson,McPherson County,2943.956443,38.50656,2251,0.764617290908743,58529,2111,279,13.216485078162,2155,42,4,6,2,0,42,1072,788,53,0,4,91,19,117,0,10.9141791044776
"31057","31","057",NE,Nebraska,Dundy,Dundy County,2381.956204,3.046331,1825,0.766176975435271,58977,1797,224,12.4652198107958,1775,4,1,0,0,23,22,945,747,51,2,0,64,2,79,0.211640211640212,8.35978835978836
"05071","05","071",AR,Arkansas,Johnson,Johnson County,1711.955742,59.529091,25925,15.1434989608511,42470,25179,5327,21.1565193216569,22047,417,128,782,60,467,2024,9860,8193,843,11,8,377,41,387,0.111561866125761,3.92494929006085
"18143","18","143",IN,Indiana,Scott,Scott County,493.14026,6.074951,24403,49.4849071945576,49343,23501,3705,15.7652865835496,23104,37,70,14,0,222,956,10567,8637,942,0,109,124,41,714,0,6.75688464086306
"31079","31","079",NE,Nebraska,Hall,Hall County,1415.143421,14.903733,62575,44.2181329972773,63553,61620,7860,12.7555988315482,45387,2147,540,718,205,8917,4661,30635,25497,3309,136,45,361,405,882,0.443936673739187,2.87905989880855
"28003","28","003",MS,Mississippi,Alcorn,Alcorn County,1036.110409,3.408033,34717,33.5070468344267,47716,33825,5791,17.120473022912,28217,3357,124,139,44,830,2006,14245,12530,1121,10,0,187,156,241,0.0702000702000702,1.69182169182169
"17139","17","139",IL,Illinois,Moultrie,Moultrie County,870.127369,22.111272,14531,16.6998539727579,72833,14239,1307,9.17901538029356,13997,147,1,21,0,94,271,6511,4935,658,16,210,284,122,286,0.245737981876824,4.39256642604823
"18101","18","101",IN,Indiana,Martin,Martin County,869.61572,12.033245,9863,11.3417912914454,65489,9700,1372,14.1443298969072,9458,20,11,2,0,49,323,4688,3841,391,0,0,69,33,354,0,7.55119453924915
"31085","31","085",NE,Nebraska,Hayes,Hayes County,1846.829887,0.562429,919,0.497609447664305,59405,919,135,14.689880304679,867,0,2,0,0,26,24,427,297,34,0,0,22,4,70,0,16.3934426229508
"17047","17","047",IL,Illinois,Edwards,Edwards County,576.01247,0.781202,6182,10.7324065397404,60784,6138,870,14.1739980449658,5944,8,37,26,0,14,153,2655,2113,251,4,1,120,43,123,0.150659133709981,4.63276836158192
"31063","31","063",NE,Nebraska,Frontier,Frontier County,2524.283363,14.11008,2491,0.986814727899468,62928,2384,295,12.3741610738255,2329,32,6,0,0,41,83,1171,917,67,3,0,66,5,113,0.256191289496157,9.64987190435525
"20039","20","039",KS,Kansas,Decatur,Decatur County,2314.199333,1.63167,2771,1.19739037190363,49412,2686,329,12.2486969471333,2633,29,26,4,0,21,58,1303,850,80,54,0,75,0,244,4.14428242517268,18.7260168841136
"13267","13","267",GA,Georgia,Tattnall,Tattnall County,1245.369512,19.447412,24309,19.5195078775945,51868,19263,3864,20.0591808129575,13808,6855,38,69,0,2484,1055,7609,5669,877,2,0,301,498,262,0.0262846628991983,3.44329083979498
"21021","21","021",KY,Kentucky,Boyle,Boyle County,467.067863,6.486676,30613,65.5429380291146,56568,27702,4154,14.9953071980362,26221,2496,7,235,3,428,1223,12192,9672,1093,35,0,403,68,921,0.287073490813648,7.55413385826772
"48127","48","127",TX,Texas,Dimmit,Dimmit County,3441.795903,14.575999,8672,2.51961483028124,27374,8552,3726,43.5687558465856,3878,52,23,82,0,832,3805,2352,2003,123,0,7,36,19,164,0,6.97278911564626
"21191","21","191",KY,Kentucky,Pendleton,Pendleton County,717.810239,12.332855,14638,20.3925762056453,58723,14336,2550,17.7873883928571,13798,90,3,57,47,59,584,6637,5390,623,16,0,204,39,365,0.241072773843604,5.49947265330722
"36123","36","123",NY,New York,Yates,Yates County,875.777224,97.48835,24713,28.2183634407921,63974,23537,3347,14.2201639971109,23683,133,18,253,5,167,454,10662,7630,952,2,261,372,144,1301,0.018758206715438,12.2022134683924
"46071","46","071",SD,South Dakota,Jackson,Jackson County,4827.433505,19.106096,2838,0.587890024183772,26078,2755,1058,38.4029038112523,928,8,1797,17,0,0,88,817,572,69,0,0,40,0,136,0,16.6462668298654
"19165","19","165",IA,Iowa,Shelby,Shelby County,1530.110527,1.486125,11737,7.67068770058857,70295,11507,1011,8.78595637438081,11080,108,14,0,0,174,361,5912,4394,439,12,0,311,53,703,0.20297699594046,11.8910690121786
"42053","42","053",PA,Pennsylvania,Forest,Forest County,1106.595595,8.369675,6959,6.28865687830612,46188,4594,881,19.177187636047,4982,1106,13,154,0,224,480,1589,1215,138,0,0,41,23,172,0,10.824417872876
"29105","29","105",MO,Missouri,Laclede,Laclede County,1980.373787,8.720826,36060,18.2086837528919,49202,35513,6058,17.0585419423873,33013,172,197,248,64,536,1830,15409,12337,1740,28,0,300,292,712,0.181711986501395,4.62067622817834
"29181","29","181",MO,Missouri,Ripley,Ripley County,1630.438188,5.455724,10839,6.64790611491737,42541,10746,2212,20.5844034989764,10138,11,12,93,0,95,490,4194,3222,483,0,10,36,17,426,0,10.1573676680973
"21141","21","141",KY,Kentucky,Logan,Logan County,1430.232787,12.470413,27498,19.2262408259279,58869,27107,4268,15.7450105138894,24789,1610,11,121,0,252,715,11345,9618,1061,16,0,38,188,424,0.141031291317761,3.73732921992067
"17039","17","039",IL,Illinois,De Witt,De Witt County,1029.678323,19.492326,15535,15.0872361328714,61823,15279,1557,10.1904574906735,14790,142,49,30,0,92,432,7552,6323,542,25,0,214,26,422,0.33103813559322,5.58792372881356
"21031","21","031",KY,Kentucky,Butler,Butler County,1103.624033,13.891042,12365,11.2039966784594,47589,11984,2367,19.7513351134846,11869,64,9,83,0,77,263,4548,3732,617,0,0,90,34,75,0,1.6490765171504
"30037","30","037",MT,Montana,Golden Valley,Golden Valley County,3041.740574,2.621792,841,0.276486432534269,54792,841,135,16.0523186682521,758,9,4,0,0,3,67,377,212,30,0,0,79,11,45,0,11.9363395225464
"39047","39","047",OH,Ohio,Fayette,Fayette County,1052.469885,1.694038,28901,27.4601681358322,56773,28452,4499,15.8125966540138,26472,803,9,236,9,270,1102,12678,10843,1117,56,0,73,27,562,0.441710048903613,4.43287584792554
"13289","13","289",GA,Georgia,Twiggs,Twiggs County,930.478093,8.740237,7955,8.54936839442603,50446,7871,1232,15.6523948672342,4452,3305,22,56,0,15,105,2727,2278,199,0,0,13,57,180,0,6.6006600660066
"30081","30","081",MT,Montana,Ravalli,Ravalli County,6192.574711,24.289479,44876,7.24674341357333,67424,44583,4372,9.8064284592782,41101,145,201,204,7,341,2877,19483,14188,1851,22,190,653,234,2345,0.112918954986398,12.0361340655956
"27095","27","095",MN,Minnesota,Mille Lacs,Mille Lacs County,1482.26458,282.932408,26680,17.9994856248943,68088,26131,2871,10.9869503654663,23756,112,1231,160,26,187,1208,12727,9680,1331,184,4,274,124,1130,1.44574526596998,8.87876168775045
"08029","08","029",CO,Colorado,Delta,Delta County,2958.090987,16.786781,31173,10.5382154020944,56349,30104,4525,15.0312250863673,27478,190,241,195,0,641,2428,11981,8659,1153,73,65,435,86,1510,0.609298055254152,12.6032885401886
"17109","17","109",IL,Illinois,McDonough,McDonough County,1526.339605,2.012552,27370,17.9317891708641,48904,24691,4887,19.7926369932364,24124,1463,4,685,7,182,905,12596,9734,1142,125,82,707,149,657,0.992378532867577,5.21594156875199
"39143","39","143",OH,Ohio,Sandusky,Sandusky County,1057.351023,24.514231,58885,55.6910606970681,60814,57864,7498,12.9579704133831,51345,1975,167,328,4,1465,3601,27071,23435,2089,65,80,286,301,815,0.240109342100403,3.0106017509512
"48033","48","033",TX,Texas,Borden,Borden County,2324.366072,22.297606,686,0.295134233915973,80625,686,11,1.60349854227405,601,10,0,0,0,8,67,267,206,30,0,0,9,4,18,0,6.74157303370786
"05101","05","101",AR,Arkansas,Newton,Newton County,2126.576297,5.935948,7243,3.40594410377743,50699,7169,814,11.3544427395732,6734,10,88,0,14,62,335,2785,2108,182,0,0,32,13,450,0,16.1579892280072
"51540","51","540",VA,Virginia,Charlottesville,Charlottesville city,26.534611,0.04612,46289,1744.47629927569,67177,43456,10254,23.5962812960236,31716,7945,70,3237,0,577,2744,23670,12893,1359,1182,695,3021,238,4282,4.9936628643853,18.0904098014364
"27117","27","117",MN,Minnesota,Pipestone,Pipestone County,1204.481399,2.347611,9380,7.78758394092892,68341,9190,1198,13.0359085963003,8282,240,93,80,36,67,582,4368,3476,359,0,3,162,25,343,0,7.8525641025641
"48483","48","483",TX,Texas,Wheeler,Wheeler County,2368.629232,2.455912,4980,2.10248186280933,58158,4887,896,18.3343564559034,4248,132,13,13,0,199,375,2269,1781,305,0,0,28,83,72,0,3.17320405464963
"31001","31","001",NE,Nebraska,Adams,Adams County,1458.872832,2.477681,31143,21.3473027373506,61502,29688,3563,12.0014820803018,27135,218,79,361,2,1496,1852,15172,12670,1158,3,18,455,174,694,0.019773266543633,4.5742156604271
"30049","30","049",MT,Montana,Lewis and Clark,Lewis and Clark County,8957.164726,101.496096,71487,7.98098529911975,71967,70098,6568,9.36973950754658,65856,408,912,485,0,438,3388,35944,25092,4017,109,337,1611,517,4261,0.30324949922101,11.8545515245938
"02122","02","122",AK,Alaska,Kenai Peninsula,Kenai Peninsula Borough,41484.935565,22541.1721,59235,1.42786771133316,76272,57908,7265,12.5457622435587,47151,424,4389,1021,222,1006,5022,24511,16718,2666,78,114,1403,1245,2287,0.318224470645832,9.33050467137204
"29079","29","079",MO,Missouri,Grundy,Grundy County,1127.403258,7.116081,9878,8.7617273853931,51045,9564,1581,16.5307402760351,9331,43,26,95,1,84,298,3979,3139,268,21,15,129,84,323,0.527770796682584,8.11761749183212
"37081","37","081",NC,North Carolina,Guilford,Guilford County,1673.033183,30.337205,539557,322.502270416713,62880,517959,78085,15.0755175602702,275155,184784,1832,28000,65,18317,31404,257749,197170,21882,3597,514,4810,3365,26411,1.39554372664879,10.2467904822133
"19029","19","029",IA,Iowa,Cass,Cass County,1461.422457,1.787165,13116,8.97481760812986,60815,12858,1973,15.3445325867164,12676,98,30,49,0,66,197,6486,5082,498,4,11,281,71,539,0.0616712920135677,8.31020659882824
"01045","01","045",AL,Alabama,Dale,Dale County,1453.276164,4.051341,49455,34.0300083529066,52813,48342,8469,17.518927640561,34817,10416,476,611,17,1176,1942,19769,16464,1828,36,0,492,257,692,0.182103293034549,3.50042996610855
"48381","48","381",TX,Texas,Randall,Randall County,2363.909278,25.203162,141489,59.8538198215913,78038,138573,13072,9.43329508634438,113385,4669,970,2642,387,4662,14774,72342,58941,6975,131,178,888,921,4308,0.181084294047718,5.9550468607448
"39161","39","161",OH,Ohio,Van Wert,Van Wert County,1059.692856,3.287921,28833,27.2088273849796,64841,28414,2378,8.3691138171324,27167,206,23,32,0,347,1058,13971,11833,1169,13,32,274,151,499,0.0930498890559015,3.57168420299191
"48263","48","263",TX,Texas,Kent,Kent County,2337.482031,1.065195,635,0.271659842333992,68553,578,46,7.95847750865052,551,6,0,0,0,29,49,187,161,0,0,0,4,7,15,0,8.02139037433155
"51187","51","187",VA,Virginia,Warren,Warren County,555.738444,8.583334,40800,73.4158315669808,79313,39879,4771,11.9636901627423,34568,2185,76,546,0,1397,2028,19244,13969,2321,15,0,596,255,2088,0.0779463728954479,10.8501351070464
"28159","28","159",MS,Mississippi,Winston,Winston County,1572.773194,7.341897,17741,11.2800752630325,45516,17285,4490,25.9762800115707,8868,8336,138,19,0,38,342,6340,5435,406,11,13,47,306,122,0.173501577287066,1.92429022082019
"48235","48","235",TX,Texas,Irion,Irion County,2723.485995,0.176317,1561,0.573162484722085,54708,1561,116,7.43113388853299,1143,0,0,0,0,368,50,689,600,4,0,0,33,8,44,0,6.38606676342525
"13155","13","155",GA,Georgia,Irwin,Irwin County,917.795237,21.756147,9487,10.3367283001056,46383,9222,2028,21.9908913467794,6550,2492,14,20,0,282,129,3897,3294,303,0,0,51,71,178,0,4.56761611496023
"18183","18","183",IN,Indiana,Whitley,Whitley County,869.119826,6.074674,34259,39.4180399239909,73636,33790,3090,9.14471737200355,32432,106,59,75,0,195,1392,16934,14302,956,34,1,213,161,1267,0.200779496870202,7.48198889807488
"46101","46","101",SD,South Dakota,Moody,Moody County,1345.185721,3.690537,6346,4.7175642001927,71469,6247,599,9.58860252921402,4860,50,799,118,2,85,432,3013,2120,272,31,0,150,25,415,1.02887487553933,13.7736475273813
"06083","06","083",CA,California,Santa Barbara,Santa Barbara County,7080.858282,2729.215451,445213,62.8755699195054,92332,425067,57513,13.5303375703124,270657,8431,6107,24327,562,55000,80129,204766,136332,25052,4663,5238,7811,2647,23023,2.27723352509694,11.2435658263579
"48133","48","133",TX,Texas,Eastland,Eastland County,2399.644791,14.002299,17812,7.42276526376107,52902,16910,2738,16.1916026020106,15351,431,117,80,0,184,1649,7573,5839,1181,14,0,85,74,380,0.184867291694177,5.01782648884194
"27135","27","135",MN,Minnesota,Roseau,Roseau County,4329.793477,16.913514,15294,3.53227009122773,70122,15047,1563,10.3874526483684,13771,150,204,466,0,77,626,7760,5591,1008,14,20,196,123,808,0.180412371134021,10.4123711340206
"29049","29","049",MO,Missouri,Clinton,Clinton County,1085.04976,11.764909,21155,19.496801695067,66494,20638,2333,11.3043899602675,19960,177,36,108,14,144,716,9070,7255,931,72,0,61,27,724,0.793825799338479,7.98235942668137
"54091","54","091",WV,West Virginia,Taylor,Taylor County,447.475053,7.532835,16602,37.1015096566735,52946,16152,2722,16.8524021792967,15954,194,28,13,0,0,413,6456,5241,672,0,0,78,59,406,0,6.28872366790582
"28039","28","039",MS,Mississippi,George,George County,1239.816906,12.838126,24547,19.7988911759524,51349,23823,4986,20.9293539856441,21705,1888,58,159,0,31,706,8328,6648,1089,16,0,82,112,381,0.192122958693564,4.57492795389049
"27111","27","111",MN,Minnesota,Otter Tail,Otter Tail County,5106.508605,654.47263,60072,11.7638105889376,67990,59024,5110,8.65749525616698,55494,642,148,301,30,1137,2320,27776,20858,2420,261,124,949,397,2767,0.939660138248848,9.96183755760369
"17055","17","055",IL,Illinois,Franklin,Franklin County,1059.114972,58.391305,37810,35.6996180769693,51031,37193,6626,17.8151802758584,36128,154,24,99,0,77,1328,15486,12778,1400,103,29,258,121,797,0.665116879762366,5.1465840113651
"12049","12","049",FL,Florida,Hardee,Hardee County,1651.297014,1.472455,25528,15.4593630240768,44665,23639,6731,28.4741317314607,17675,1668,416,270,0,2281,3218,8845,6231,2052,78,0,110,49,325,0.881854154889768,3.6743923120407
"19187","19","187",IA,Iowa,Webster,Webster County,1853.665899,7.269394,36986,19.9528944347268,65335,34159,4151,12.1519950818232,32373,1256,96,434,0,726,2101,17470,14486,1284,42,38,604,291,725,0.240412135088724,4.14997137950773
"51630","51","630",VA,Virginia,Fredericksburg,Fredericksburg city,27.066499,0.178344,28258,1044.02124559959,83445,25880,4667,18.0332302936631,16923,6084,50,1084,0,1545,2572,14354,9298,1924,445,71,640,260,1716,3.10018113417863,11.954855789327
"36097","36","097",NY,New York,Schuyler,Schuyler County,850.405403,36.246373,17855,20.995868484622,61316,17652,2781,15.7545887151598,16843,169,24,142,0,54,623,7982,6034,885,15,44,288,58,658,0.187922826359308,8.24354798296166
"17113","17","113",IL,Illinois,McLean,McLean County,3064.597288,7.804856,171284,55.8911934924351,75356,162607,23023,14.1586770557233,138660,14542,312,8684,27,1812,7247,84210,61389,6622,625,351,3499,549,11175,0.742192138700867,13.2703954399715
"31185","31","185",NE,Nebraska,York,York County,1482.794064,8.595055,14212,9.58460810239661,72914,13337,1242,9.31243907925321,13111,160,77,93,0,136,635,6866,5570,556,0,0,263,24,453,0,6.59772793475095
"48405","48","405",TX,Texas,San Augustine,San Augustine County,1374.400363,159.644688,7920,5.76251302983685,45888,7671,2093,27.2845782818407,5625,1763,71,3,0,389,69,2585,2052,191,0,25,109,66,142,0,5.49323017408124
"47051","47","051",TN,Tennessee,Franklin,Franklin County,1436.141691,55.046635,42980,29.9274091611898,57933,40546,5865,14.4650520396587,38296,2102,88,246,33,684,1531,18881,15370,1390,10,99,461,95,1456,0.0529632964355701,7.71145596101901
"56005","56","005",WY,Wyoming,Campbell,Campbell County,12437.291886,11.010427,46857,3.76746002501915,93315,46158,4397,9.52597599549374,41259,178,556,34,52,2190,2588,23900,18931,3130,218,57,246,146,1172,0.912133891213389,4.90376569037657
"39131","39","131",OH,Ohio,Pike,Pike County,1140.325072,9.566957,27151,23.8098772592803,50832,26694,5297,19.8434105042332,25815,295,96,83,106,19,737,10067,8582,670,20,31,200,17,547,0.19866891824774,5.43359491407569
"19039","19","039",IA,Iowa,Clarke,Clarke County,1116.573604,1.524746,9737,8.72042825042459,63120,9524,1611,16.9151616967661,8354,4,18,52,0,673,636,4416,3370,502,10,0,139,32,363,0.226449275362319,8.22010869565217
"45021","45","021",SC,South Carolina,Cherokee,Cherokee County,1017.77081,11.691708,56200,55.2187186425596,47011,55159,9921,17.9861853913233,40494,11055,90,104,0,1600,2857,23919,20056,2209,11,0,170,331,1142,0.0459885446716,4.77444709226974
"27149","27","149",MN,Minnesota,Stevens,Stevens County,1459.869415,30.336104,9682,6.63210003615289,69737,9349,1095,11.7124826184619,8346,179,158,103,39,364,493,4965,3688,474,51,46,328,58,320,1.02719033232628,6.44511581067472
"28037","28","037",MS,Mississippi,Franklin,Franklin County,1460.658822,7.250805,7690,5.26474758114322,43942,7593,1805,23.7718951666008,4809,2749,9,0,0,20,103,2529,2282,125,0,0,7,86,29,0,1.14669829972321
"02198","02","198",AK,Alaska,Prince of Wales-Hyder,Prince of Wales-Hyder Census Area,13643.347279,14612.160768,5799,0.425042321463582,61779,5742,879,15.3082549634274,2613,22,2230,80,45,29,780,2626,1463,410,10,5,541,83,114,0.380807311500381,4.34120335110434
"08113","08","113",CO,Colorado,San Miguel,San Miguel County,3332.602596,5.207582,8082,2.42513164026834,72829,8044,682,8.47836897066136,7471,44,64,57,0,162,284,4897,2353,225,97,138,1130,160,794,1.98080457422912,16.2140085766796
"21135","21","135",KY,Kentucky,Lewis,Lewis County,1250.595455,31.872268,13063,10.4454241759578,36662,12890,3428,26.5942591155935,12683,4,0,24,32,29,291,3977,3044,448,0,0,47,22,416,0,10.4601458385718
"26033","26","033",MI,Michigan,Chippewa,Chippewa County,4036.515582,2952.48904,36670,9.0845679287161,58408,33041,5441,16.4674192669713,24939,1976,4734,313,22,492,4194,15504,11703,1789,54,226,463,257,1012,0.348297213622291,6.52734778121775
"26131","26","131",MI,Michigan,Ontonagon,Ontonagon County,3395.416183,6292.279424,5862,1.72644520849891,48316,5803,794,13.6825779769085,5539,53,29,31,0,16,194,1992,1551,168,3,5,73,22,170,0.150602409638554,8.53413654618474
"27089","27","089",MN,Minnesota,Marshall,Marshall County,4597.3842,98.012348,9017,1.96133270741218,69396,8837,655,7.41201765304968,8491,30,37,25,0,143,291,4245,3215,367,0,2,125,30,506,0,11.9199057714959
"29081","29","081",MO,Missouri,Harrison,Harrison County,1871.309888,10.070644,8190,4.37661343667308,51809,7955,1312,16.4927718416091,7864,83,29,33,1,16,164,3335,2672,223,4,0,97,67,272,0.119940029985007,8.15592203898051
"28101","28","101",MS,Mississippi,Newton,Newton County,1496.417775,4.525334,21275,14.2172863457199,49160,20475,4803,23.4578754578755,12627,6680,694,101,0,706,467,8429,7094,815,38,0,275,85,122,0.450824534345711,1.44738403132044
"28155","28","155",MS,Mississippi,Webster,Webster County,1090.793736,5.364867,9942,9.1144637816292,55657,9828,1550,15.7712657712658,7874,1838,12,80,0,39,99,3990,3656,92,5,0,62,85,90,0.12531328320802,2.25563909774436
"34041","34","041",NJ,New Jersey,Warren,Warren County,923.435921,15.825319,109739,118.837698972293,92620,108117,8373,7.74438802408502,90390,5661,101,3099,23,3069,7396,55352,43014,3893,747,114,1353,791,5440,1.34954473189767,9.82800982800983
"36055","36","055",NY,New York,Monroe,Monroe County,1701.47704,1838.269506,756406,444.558452578355,71450,732201,98468,13.4482198194212,546529,112897,1511,28883,488,21973,44125,365663,273234,28089,7224,1501,8710,3981,42924,1.97558954556518,11.7386774160908
"39061","39","061",OH,Ohio,Hamilton,Hamilton County,1050.120461,18.612559,827671,788.167672889482,68249,809498,120457,14.8804567769161,541412,210353,887,23056,536,10332,41095,408079,300656,31372,11502,539,11090,4801,48119,2.81857189416755,11.7915893736262
"40121","40","121",OK,Oklahoma,Pittsburg,Pittsburg County,3381.261537,187.44333,43758,12.9413236808721,53054,41515,7869,18.9545947247983,30994,1023,3002,202,73,427,8037,16848,13945,1307,29,23,350,109,1085,0.172127255460589,6.43993352326686
"13017","13","017",GA,Georgia,Ben Hill,Ben Hill County,647.802123,9.814374,17169,26.5034636201709,38255,16768,4442,26.4909351145038,9917,6411,0,63,0,391,387,7099,5980,796,56,0,16,48,203,0.788843499084378,2.85955768418087
"47173","47","173",TN,Tennessee,Union,Union County,579.077904,61.005196,19860,34.2959036475341,57094,19571,3110,15.890858923918,18994,109,0,5,0,63,689,8124,6568,605,1,0,157,50,743,0.0123092072870507,9.14574101427868
"20167","20","167",KS,Kansas,Russell,Russell County,2295.402858,34.126776,6702,2.91974891319927,49929,6532,1143,17.4984690753215,6061,55,25,10,0,149,402,3123,2347,354,2,4,93,90,233,0.064040986231188,7.4607748959334
"55025","55","025",WI,Wisconsin,Dane,Dane County,3098.89382,106.222414,559891,180.674470479276,84297,546254,59287,10.8533759020529,450875,28235,1287,33227,340,8312,37615,314337,211035,18053,10928,6295,17097,3222,47707,3.47652360364831,15.1770233857293
"48171","48","171",TX,Texas,Gillespie,Gillespie County,2740.731307,9.000601,26953,9.8342365525436,70162,26603,2413,9.07040559335413,23047,60,364,81,0,1596,1805,12087,8970,1484,49,0,405,47,1132,0.405394225200629,9.365433937288
"04012","04","012",AZ,Arizona,La Paz,La Paz County,11646.08656,36.514347,16681,1.43232663728373,46634,16364,3435,20.9912001955512,10593,94,2516,153,3,989,2333,5410,4146,603,0,57,196,35,373,0,6.89463955637708
"21215","21","215",KY,Kentucky,Spencer,Spencer County,483.473767,12.91681,19549,40.4344585670147,101118,19289,1607,8.33117320752761,18612,341,15,86,0,136,359,9528,8062,436,0,0,75,101,854,0,8.96305625524769
"16001","16","001",ID,Idaho,Ada,Ada County,2724.705387,22.15904,497494,182.586345802237,83881,484201,42460,8.76908556570515,429014,6260,2938,12867,1081,11544,33790,252218,184098,17294,994,3729,5512,3390,37201,0.3941035136271,14.7495420628187
"15001","15","001",HI,Hawaii,Hawaii,Hawaii County,10433.586969,2739.520971,202163,19.376174330138,74238,199796,28162,14.0953772848305,63416,1604,974,43804,24431,4498,63436,87270,60292,13750,700,238,1757,1496,9037,0.802108399220809,10.3552194339406
"05061","05","061",AR,Arkansas,Howard,Howard County,1521.18202,21.361761,12779,8.40070407879262,44824,12564,2301,18.3142311365807,8227,2770,27,104,27,1302,322,5285,4312,688,0,3,139,1,142,0,2.68684957426679
"51049","51","049",VA,Virginia,Cumberland,Cumberland County,770.454314,5.917833,9697,12.5860804771871,56497,9691,770,7.94551645856981,6181,2946,4,79,10,29,448,4917,4042,341,0,0,81,26,427,0,8.68415700630466
"20079","20","079",KS,Kansas,Harvey,Harvey County,1397.961178,2.503283,33959,24.2918047614052,70685,32645,3163,9.68907949149946,28957,544,324,341,18,1013,2762,16396,13271,1173,0,65,543,208,1136,0,6.92851915101244
"48129","48","129",TX,Texas,Donley,Donley County,2401.013585,15.564369,3298,1.37358656385945,51711,2953,334,11.3105316627159,2765,217,6,77,0,151,82,1383,1044,166,0,10,55,0,108,0,7.80911062906724
"17177","17","177",IL,Illinois,Stephenson,Stephenson County,1461.392058,1.350223,44482,30.4381016418525,57527,43697,5829,13.339588530105,37047,3861,78,405,0,466,2625,20106,15487,1708,158,90,577,266,1820,0.785835074107232,9.05202427136178
"51680","51","680",VA,Virginia,Lynchburg,Lynchburg city,126.848431,1.422888,79166,624.099166035408,56243,68631,12033,17.5328932989465,49660,21824,276,1741,151,1577,3937,36027,25659,3043,788,2,2001,1051,3483,2.18724845254948,9.66774918810892
"21169","21","169",KY,Kentucky,Metcalfe,Metcalfe County,750.193212,3.985177,10313,13.7471251872644,46932,10194,2447,24.0043162644693,9800,196,29,7,0,114,167,4206,3381,495,0,0,56,38,236,0,5.61103185924869
"39065","39","065",OH,Ohio,Hardin,Hardin County,1218.033117,0.630279,30622,25.1405315443488,55876,28278,5134,18.155456538652,28818,363,20,260,11,296,854,13593,11109,958,0,0,662,156,708,0,5.20856323107482
"17081","17","081",IL,Illinois,Jefferson,Jefferson County,1479.490497,32.550293,37043,25.0376734930796,58384,35235,4980,14.1336739037888,31669,2406,88,394,6,166,2314,15993,13094,1716,13,4,202,205,759,0.0812855624335647,4.74582629900581
"19135","19","135",IA,Iowa,Monroe,Monroe County,1123.299101,1.52279,7574,6.74263870883308,76324,7435,805,10.827168796234,7167,11,8,59,0,11,318,3579,2785,271,0,0,109,17,397,0,11.0924839340598
"54095","54","095",WV,West Virginia,Tyler,Tyler County,663.81856,11.38216,8336,12.5576482826874,59167,8200,986,12.0243902439024,8046,61,1,0,0,0,228,2925,2495,209,0,0,87,39,95,0,3.24786324786325
"08011","08","011",CO,Colorado,Bent,Bent County,3918.255148,73.141518,5561,1.41925418073872,45776,4234,1146,27.0666036844591,3960,269,173,14,8,403,734,1674,1351,152,45,0,1,27,98,2.68817204301075,5.85424133811231
"55137","55","137",WI,Wisconsin,Waushara,Waushara County,1621.749913,29.096948,24672,15.2131964381366,61033,23548,2701,11.4701885510447,22351,469,152,97,0,792,811,10588,8586,829,35,25,283,197,633,0.330562901397809,5.97846618813751
"55135","55","135",WI,Wisconsin,Waupaca,Waupaca County,1936.521056,45.270534,51822,26.7603596869953,69198,50222,4439,8.83875592369878,48827,392,176,241,6,768,1412,25573,21094,1775,21,60,677,312,1634,0.0821178586790756,6.38955148007664
"48463","48","463",TX,Texas,Uvalde,Uvalde County,4019.458733,17.382915,24833,6.178195038083,55000,24005,5791,24.1241408039992,19111,284,149,457,0,1964,2868,9661,7904,1173,0,0,144,120,320,0,3.31228651278336
"28147","28","147",MS,Mississippi,Walthall,Walthall County,1046.169275,1.236552,13888,13.2750983343494,37145,13727,2783,20.2739127267429,7338,5681,49,23,0,254,543,4834,3806,480,20,4,28,176,320,0.413736036408771,6.61977658254034
"29061","29","061",MO,Missouri,Daviess,Daviess County,1458.893649,14.926594,8418,5.77012587982004,59706,8209,1131,13.7775612133025,8099,45,18,26,11,15,204,3625,2554,437,17,8,95,134,380,0.468965517241379,10.4827586206897
"48495","48","495",TX,Texas,Winkler,Winkler County,2178.876165,0.019838,7582,3.47977554750111,89155,7496,947,12.6334044823906,4919,420,148,43,2,831,1219,3380,3086,141,0,0,42,58,53,0,1.56804733727811
"39041","39","041",OH,Ohio,Delaware,Delaware County,1147.743703,36.698376,216074,188.259800019134,123995,213582,9668,4.52659868340965,179350,8523,131,15743,77,1819,10431,112256,80836,5143,241,100,1473,577,23886,0.214687856328392,21.2781499429875
"46057","46","057",SD,South Dakota,Hamlin,Hamlin County,1313.172143,80.426441,6196,4.71834559774087,76995,5993,445,7.425329551143,5802,14,28,12,0,178,162,2927,2221,316,0,4,138,5,243,0,8.30201571574992
"20127","20","127",KS,Kansas,Morris,Morris County,1800.929255,19.545268,5385,2.99012300735822,52866,5302,582,10.9769898151641,5039,9,0,30,0,58,249,2541,2118,195,4,4,7,29,184,0.157418339236521,7.24124360487997
"01081","01","081",AL,Alabama,Lee,Lee County,1573.532275,21.511295,175126,111.294825522406,59288,167593,31003,18.4989826544068,120255,39363,270,7614,49,1894,5681,80729,65033,6393,510,89,2280,628,5796,0.631743239727979,7.17957611267326
"06073","06","073",CA,California,San Diego,San Diego County,10904.539456,817.287145,3289701,301.681791631274,96974,3204475,338752,10.5712168139867,1899871,158553,27270,397687,13721,302584,490015,1622954,1126502,137537,36235,7520,46996,26497,241667,2.23265724105551,14.8905637498044
"12075","12","075",FL,Florida,Levy,Levy County,2896.271441,1224.284037,43268,14.93920748846,49933,42901,6718,15.6593086408242,36022,3697,124,354,0,625,2446,16885,13311,2046,57,67,114,107,1183,0.33757773171454,7.00621853716316
"01015","01","015",AL,Alabama,Calhoun,Calhoun County,1569.248376,16.534047,116162,74.0239733725874,54339,112350,20267,18.039163328883,83306,25631,258,765,207,2223,3772,48898,41672,4578,286,0,592,200,1570,0.584890997586813,3.21076526647307
"19163","19","163",IA,Iowa,Scott,Scott County,1186.463532,26.196368,174315,146.919812786964,72792,170439,20277,11.89692499956,142560,12261,402,4930,42,2442,11678,85855,70449,5544,614,118,1377,751,7002,0.715159280181702,8.15561120493856
"19191","19","191",IA,Iowa,Winneshiek,Winneshiek County,1786.686748,0.745729,20050,11.2218887963678,67770,17920,1601,8.93415178571429,19165,163,54,132,1,143,392,10797,7492,631,18,21,1357,73,1205,0.166712975826619,11.1605075483931
"20129","20","129",KS,Kansas,Morton,Morton County,1889.993632,0.507796,2688,1.42222701414901,57943,2615,345,13.1931166347992,2230,25,0,37,0,43,353,1143,993,42,0,0,9,0,99,0,8.66141732283465
"21037","21","037",KY,Kentucky,Campbell,Campbell County,391.916807,20.943964,93122,237.606548983749,71979,90031,10536,11.7026357587942,85964,2454,39,912,16,645,3092,47046,34887,3828,501,67,1261,385,6117,1.06491518938911,13.0021680908047
"21235","21","235",KY,Kentucky,Whitley,Whitley County,1134.211587,18.639649,36648,32.3114315001263,44332,34862,8189,23.489759623659,35222,329,50,93,0,239,715,12974,9881,1791,15,0,284,23,980,0.115615847078773,7.55356867581316
"39117","39","117",OH,Ohio,Morrow,Morrow County,1051.881045,2.819351,35049,33.3203076209059,70412,34598,3659,10.5757558240361,33434,240,41,154,0,305,875,17173,13064,1474,122,6,349,412,1746,0.710417515867932,10.1671228090607
"39037","39","037",OH,Ohio,Darke,Darke County,1549.077538,4.244898,51751,33.4076240410892,60237,51058,5641,11.0482196717459,49763,364,18,217,0,201,1188,24358,19672,2501,49,17,464,367,1288,0.201165941374497,5.28779045898678
"31175","31","175",NE,Nebraska,Valley,Valley County,1471.402764,6.076916,4053,2.75451433092455,62321,3989,353,8.84933567310103,3976,7,29,11,0,10,20,2009,1667,145,0,0,40,23,134,0,6.66998506719761
"31027","31","027",NE,Nebraska,Cedar,Cedar County,1917.222677,14.511196,8375,4.36829800756629,72035,8176,444,5.43052837573386,8075,12,32,19,0,56,181,4226,3404,300,2,0,153,43,324,0.0473260766682442,7.66682442025556
"31133","31","133",NE,Nebraska,Pawnee,Pawnee County,1116.478173,4.852359,2553,2.28665464470303,55833,2491,332,13.3279807306303,2430,6,0,0,0,9,108,1051,669,188,0,3,56,10,125,0,11.8934348239772
"45031","45","031",SC,South Carolina,Darlington,Darlington County,1451.987311,14.598203,63025,43.4060267073505,44317,61767,12494,20.2276296404229,34609,25847,109,302,14,587,1557,25776,21628,2016,3,15,466,626,1022,0.0116387337057728,3.9649286157666
"46065","46","065",SD,South Dakota,Hughes,Hughes County,1920.546198,153.323261,17812,9.27444495662166,83750,16720,1676,10.0239234449761,14612,8,2050,88,0,141,913,9176,7214,1039,47,0,269,25,582,0.512205754141238,6.34263295553618
"29117","29","117",MO,Missouri,Livingston,Livingston County,1378.657549,16.187907,14402,10.4463940377699,58772,13187,1377,10.4421020702207,13292,413,45,126,10,34,482,6131,5205,454,40,0,57,69,306,0.65242211710977,4.99102919588974
"48183","48","183",TX,Texas,Gregg,Gregg County,708.052151,6.20646,124245,175.474362763429,63811,120323,19907,16.5446340267447,79841,24244,300,1402,74,2242,16142,56334,46920,5721,89,107,602,284,2611,0.157986296020165,4.63485639223204
"51111","51","111",VA,Virginia,Lunenburg,Lunenburg County,1118.097708,1.743628,11988,10.7217821074364,54438,11083,1445,13.0379861048453,7022,3929,2,40,0,480,515,4556,3727,419,84,0,34,61,231,1.84372256365233,5.0702370500439
"54049","54","049",WV,West Virginia,Marion,Marion County,799.749352,7.079302,56194,70.2645145750615,59974,54801,8172,14.9121366398423,51915,1620,53,217,1,429,1959,24828,19448,2444,102,2,740,294,1798,0.41082648622523,7.24182374738199
"54023","54","023",WV,West Virginia,Grant,Grant County,1236.387824,7.54606,11034,8.92438423107603,52877,10918,1280,11.723758930207,10574,159,0,29,26,2,244,4973,4184,181,0,0,206,67,335,0,6.73637643273678
"38023","38","023",ND,North Dakota,Divide,Divide County,3266.3108,86.676913,2195,0.672011983672834,95938,2116,140,6.61625708884688,1973,70,47,11,0,0,94,971,792,38,0,3,48,8,82,0,8.44490216271885
"47127","47","127",TN,Tennessee,Moore,Moore County,334.68485,3.093435,6558,19.5945529055169,69250,6448,640,9.92555831265509,6065,240,33,60,1,21,138,2865,2421,244,0,19,8,21,152,0,5.30541012216405
"49047","49","047",UT,Utah,Uintah,Uintah County,11610.60759,55.966014,35951,3.09639264968045,67983,35473,4105,11.5721816592902,29844,152,2209,222,44,678,2802,14316,11097,1668,63,130,359,166,833,0.440067057837385,5.81866443140542
"31065","31","065",NE,Nebraska,Furnas,Furnas County,1862.5423,3.915843,4630,2.48584958312088,58895,4538,506,11.1502864698105,4435,15,31,7,0,27,115,2189,1741,194,0,9,114,11,120,0,5.48195523069895
"01017","01","017",AL,Alabama,Chambers,Chambers County,1545.06857,16.988729,34612,22.4015947719395,48805,34008,6080,17.8781463185133,19642,14114,21,60,3,240,532,14660,12542,1293,68,0,185,155,417,0.463847203274216,2.84447476125512
"42055","42","055",PA,Pennsylvania,Franklin,Franklin County,2000.245529,1.547615,156084,78.0324203889272,71808,154000,13857,8.99805194805195,139482,5353,495,1237,35,2465,7017,74492,58457,6590,165,109,2032,1171,5968,0.221500295333727,8.01159856091929
"31109","31","109",NE,Nebraska,Lancaster,Lancaster County,2169.272978,22.847034,322063,148.465870024773,70387,309133,36483,11.8017164133237,268359,12021,2085,13278,209,6053,20058,173171,133547,14880,1425,1347,5246,1150,15576,0.822886049049783,8.99457761403468
"51069","51","069",VA,Virginia,Frederick,Frederick County,1070.013827,5.860366,92007,85.9867393096781,92443,90311,6114,6.76993943151997,79098,3902,344,1794,90,2769,4010,44501,35478,3783,114,20,515,468,4123,0.256174018561381,9.26496033796993
"53039","53","039",WA,Washington,Klickitat,Klickitat County,4847.515939,84.930636,22798,4.7030273416085,66581,22741,3132,13.7724814212216,19716,172,224,143,64,732,1747,9249,6110,379,259,6,611,276,1608,2.80030273543086,17.385663314953
"50011","50","011",VT,Vermont,Franklin,Franklin County,1634.178627,150.732873,50101,30.658215186656,73633,49650,5151,10.3746223564955,46703,121,304,331,16,249,2377,25233,19312,2705,42,17,382,149,2626,0.166448698133397,10.4070066975786
"55007","55","007",WI,Wisconsin,Bayfield,Bayfield County,3827.694379,1460.283594,16214,4.23597037656804,67266,16049,1676,10.4430182565892,13713,165,1306,98,0,62,870,7301,5277,735,85,28,237,81,858,1.1642240788933,11.7518148198877
"02066","02","066",AK,Alaska,Copper River,Copper River Census Area,63952.335592,1217.429937,2614,0.0408741913145545,70606,2570,289,11.2451361867704,1385,1,886,12,0,37,293,1110,713,40,5,23,142,58,129,0.45045045045045,11.6216216216216
"06021","06","021",CA,California,Glenn,Glenn County,3403.160299,33.693344,28657,8.42070237138718,64033,28422,4335,15.2522693687988,19350,102,667,985,41,4085,3427,12118,9213,1387,7,21,269,328,893,0.0577653078065687,7.36920283875227
"08013","08","013",CO,Colorado,Boulder,Boulder County,1881.325518,36.485231,328658,174.694914226959,99770,316192,35674,11.2823853860945,272193,2802,1448,15161,196,9096,27762,175188,100826,10482,6292,5923,7283,1571,42811,3.59157019887207,24.4371760622874
"13089","13","089",GA,Georgia,DeKalb,DeKalb County,693.176061,8.858826,761209,1098.14669436485,76044,748744,100326,13.3992392593463,242659,401702,5129,47369,561,19346,44443,378641,246053,36228,18889,752,4524,6575,65620,4.98863039132054,17.3304000359179
"17089","17","089",IL,Illinois,Kane,Kane County,1345.145387,12.474714,517254,384.533898713805,96400,511042,42558,8.32769126607989,341764,27003,4357,20287,594,65105,58144,263420,192006,25212,4623,518,3376,4112,33573,1.75499202794017,12.7450459342495
"17137","17","137",IL,Illinois,Morgan,Morgan County,1473.595806,9.053547,32882,22.3141243115074,61188,30505,3938,12.9093591214555,29200,1678,42,253,0,237,1472,14173,11761,848,121,41,222,83,1097,0.853735976857405,7.74006914555846
"18013","18","013",IN,Indiana,Brown,Brown County,808.04385,12.02599,15513,19.1982155423867,73933,15260,1246,8.1651376146789,14896,92,54,88,56,34,293,7134,5570,683,0,0,135,65,681,0,9.54583683767872
"18139","18","139",IN,Indiana,Rush,Rush County,1057.069253,0.83834,16716,15.8135334582473,62386,16423,1923,11.7091883334348,16151,96,0,11,0,52,406,7343,6229,557,19,0,106,34,398,0.258749829769849,5.42012801307368
"18181","18","181",IN,Indiana,White,White County,1308.303892,9.169176,24630,18.8259013449453,65345,24258,2109,8.69403907989117,22051,120,27,71,19,1527,815,11067,8527,1604,49,4,164,83,636,0.442757748260595,5.74681485497425
"19103","19","103",IA,Iowa,Johnson,Johnson County,1587.655794,26.070847,153360,96.5952447498831,72977,145970,24647,16.8849763650065,121054,11355,287,9441,80,2864,8279,82604,54966,6492,3367,1519,6365,896,8999,4.07607379787904,10.8941455619583
"20111","20","111",KS,Kansas,Lyon,Lyon County,2194.95823,20.561826,32182,14.6617824248984,56415,31042,5034,16.2167386122028,25678,577,169,610,0,911,4237,16237,12636,1962,35,76,657,123,748,0.215557061033442,4.60676233294328
"21001","21","001",KY,Kentucky,Adair,Adair County,1049.702545,18.391917,18887,17.9927162127629,49690,17640,3490,19.7845804988662,17444,307,3,73,24,103,933,7592,5851,686,0,0,128,68,859,0,11.3145416227608
"22003","22","003",LA,Louisiana,Allen,Allen Parish,1973.78882,10.457653,22798,11.5503744721788,52755,18955,3711,19.5779477710367,16916,4052,395,164,0,269,1002,7720,6389,729,70,4,92,116,320,0.906735751295337,4.14507772020725
"23017","23","017",ME,Maine,Oxford,Oxford County,5379.294383,255.88497,58276,10.8333911198777,54780,57245,8259,14.4274609136169,55043,171,125,275,4,278,2380,25576,19822,2052,21,14,717,281,2669,0.0821082264623084,10.4355645918048
"29029","29","029",MO,Missouri,Camden,Camden County,1699.124111,136.304759,43227,25.4407548690244,59834,42555,5726,13.455528140054,40915,369,123,207,0,421,1192,17783,13780,1767,98,0,147,368,1623,0.551088117865377,9.12669403362762
"13315","13","315",GA,Georgia,Wilcox,Wilcox County,978.525378,11.147628,8839,9.03297982732544,46759,6977,1608,23.0471549376523,5555,2979,0,0,1,95,209,2847,2391,177,16,0,31,126,106,0.561995082543028,3.72321742184756
"35011","35","011",NM,New Mexico,De Baca,De Baca County,6016.818946,29.090018,1695,0.281710321552361,34702,1679,273,16.2596783799881,713,1,1,0,0,815,165,722,645,10,0,0,41,12,14,0,1.93905817174515
"37181","37","181",NC,North Carolina,Vance,Vance County,653.701481,42.190675,42492,65.0021473639586,48340,41977,7862,18.7293041427448,17378,20770,150,391,0,1564,2239,17668,14141,1610,3,0,240,177,1497,0.0169798505773149,8.47294543808015
"37069","37","069",NC,North Carolina,Franklin,Franklin County,1273.76168,7.173998,69680,54.7041107407156,70493,68183,6614,9.70036519366998,44934,16666,379,462,2,3506,3731,32053,26153,2574,20,7,129,147,3023,0.0623966555392631,9.43125448475962
"30099","30","099",MT,Montana,Teton,Teton County,5883.457566,52.62557,6238,1.06026089761382,65224,6133,886,14.4464373063753,5771,55,101,0,0,62,249,2842,1865,302,16,21,191,20,427,0.562983814215341,15.0246305418719
"29009","29","009",MO,Missouri,Barry,Barry County,2015.326675,32.912693,34701,17.2185484519526,55592,34240,6330,18.4871495327103,29044,107,395,556,14,931,3654,14783,11622,1698,22,0,243,64,1134,0.148819590069675,7.67097341540959
"53011","53","011",WA,Washington,Clark,Clark County,1627.806032,70.187041,504091,309.675102616895,90115,499749,44315,8.86745146063324,400592,10122,3280,23465,3835,15880,46917,237782,171640,19246,3420,781,3671,3183,35841,1.438292217241,15.0730501047178
"54069","54","069",WV,West Virginia,Ohio,Ohio County,274.098976,8.274294,42224,154.046544121347,55521,39885,5875,14.7298483139025,38595,1370,46,243,0,182,1788,18314,14861,1101,282,79,775,131,1085,1.53980561319209,5.92442939827454
"05019","05","019",AR,Arkansas,Clark,Clark County,2242.855171,43.96558,21469,9.57217402068268,48071,19070,3812,19.9895123230205,14848,5157,17,140,9,600,698,9777,7201,1207,50,0,685,108,526,0.511404316252429,5.37997340697556
"05075","05","075",AR,Arkansas,Lawrence,Lawrence County,1521.690358,12.395693,16258,10.6841710039934,43606,15694,2791,17.7838664457755,15205,227,31,10,9,42,734,6312,5353,567,0,13,77,62,240,0,3.80228136882129
"06115","06","115",CA,California,Yuba,Yuba County,1636.887866,31.084093,81705,49.9148424868341,66693,80299,12375,15.4111508237961,52705,2906,1166,6360,417,6049,12102,33422,26528,3765,177,27,444,335,2146,0.529591287176112,6.42092035186404
"08117","08","117",CO,Colorado,Summit,Summit County,1575.563223,28.310936,30955,19.6469424699183,100611,30774,2275,7.39260414635731,25726,93,151,357,193,813,3622,18644,11876,1279,870,275,702,39,3603,4.66638060502038,19.3252520918258
"13067","13","067",GA,Georgia,Cobb,Cobb County,880.018859,12.40775,765813,870.223395973836,94244,754716,62536,8.28603077184,404625,210450,2921,42702,379,46856,57880,401114,281636,29773,2329,157,4407,8234,74578,0.580632937269704,18.5927192768141
"13097","13","097",GA,Georgia,Douglas,Douglas County,518.3024,2.423527,144735,279.24817635419,76930,142957,16579,11.5971935617004,56989,70829,198,2706,0,5103,8910,69337,53318,5711,493,0,377,1082,8356,0.711020090283687,12.0512857493113
"13317","13","317",GA,Georgia,Wilkes,Wilkes County,1216.001422,11.896927,9610,7.90295128454217,51780,9499,1694,17.8334561532793,5126,3869,16,0,0,276,323,3867,3293,356,7,0,31,35,145,0.181018877682958,3.74967675200414
"17143","17","143",IL,Illinois,Peoria,Peoria County,1602.412932,29.919375,181186,113.070730010808,63409,176365,27284,15.470189663482,126959,31848,302,8100,16,3443,10518,80437,63731,6449,883,219,1601,554,7000,1.09775352138941,8.70246279697154
"18071","18","071",IN,Indiana,Jackson,Jackson County,1320.836467,10.174044,46212,34.986920148382,65609,45044,5607,12.4478287896279,40352,506,172,846,30,1570,2736,22017,18218,2271,14,23,451,288,752,0.0635872280510515,3.41554253531362
"20163","20","163",KS,Kansas,Rooks,Rooks County,2306.454194,11.962259,4925,2.13531229573597,60821,4707,218,4.63140004248991,4670,86,22,15,5,25,102,2412,2036,161,0,0,48,18,149,0,6.17744610281924
"20155","20","155",KS,Kansas,Reno,Reno County,3251.231985,43.517492,61881,19.0330927739074,57390,58757,7243,12.3270418843712,54445,1307,568,403,263,911,3984,28709,23596,2402,66,255,282,444,1664,0.229893064892542,5.79609181789683
"21009","21","009",KY,Kentucky,Barren,Barren County,1262.26999,32.72325,44511,35.2626619919879,48141,43546,9187,21.0972305148579,39938,1555,186,366,0,500,1966,18337,14424,2144,64,0,253,279,1173,0.349021104869935,6.39690243769428
"21125","21","125",KY,Kentucky,Laurel,Laurel County,1123.286188,25.873416,62442,55.5886831575641,53693,61356,12608,20.5489275702458,60151,406,55,166,0,306,1358,25559,20427,3028,29,0,255,136,1684,0.113462968034743,6.58867717829336
"04005","04","005",AZ,Arizona,Coconino,Coconino County,48216.135498,116.634312,144705,3.00117374620374,67266,133468,22531,16.8811999880121,84752,2212,36616,2713,222,7698,10492,66342,44749,7303,1241,1058,4967,753,6271,1.87060987006723,9.45253383979983
"06041","06","041",CA,California,Marin,Marin County,1347.890152,797.077336,260485,193.253878747828,142019,255793,17809,6.96227027322874,192209,6224,1131,16403,430,20727,23361,126445,70345,9534,7478,1304,3700,1311,32773,5.91403376962316,25.9187789157341
"12091","12","091",FL,Florida,Okaloosa,Okaloosa County,2408.331279,820.578605,212021,88.0364764801114,73988,206301,20998,10.1783316610196,158058,19991,682,7151,591,7581,17967,104566,80643,10959,494,748,1867,1121,8734,0.472428896582063,8.35261939827477
"13213","13","213",GA,Georgia,Murray,Murray County,892.235593,5.719192,40063,44.9018177646271,60617,39538,5165,13.0633820628256,37135,187,300,324,2,232,1883,17719,15341,1462,0,0,86,75,755,0,4.26096280828489
"17157","17","157",IL,Illinois,Randolph,Randolph County,1490.194098,56.15022,30413,20.4087508069033,63860,27363,3428,12.5278660965537,26603,2428,24,213,17,458,670,12228,10357,965,2,102,254,72,476,0.0163559044815178,3.89270526660124
"18155","18","155",IN,Indiana,Switzerland,Switzerland County,571.526242,7.531847,9896,17.3150404526832,66525,9779,1624,16.6070150322119,9406,30,24,2,42,64,328,4361,3608,394,0,48,69,42,200,0,4.58610410456317
"21117","21","117",KY,Kentucky,Kenton,Kenton County,415.359132,10.196816,169066,407.035711929406,76016,167108,19922,11.9216315197357,149427,7402,233,2183,55,2860,6906,87466,67339,6654,1165,120,1329,1238,9621,1.33194612763817,10.9997027416367
"21171","21","171",KY,Kentucky,Monroe,Monroe County,853.335721,6.686907,11331,13.2784784711948,47252,11162,2334,20.9102311413725,10718,295,31,24,0,106,157,4782,3846,576,4,0,76,53,227,0.0836470096194061,4.7469677959013
"22017","22","017",LA,Louisiana,Caddo,Caddo Parish,2277.812594,149.099518,236259,103.72187800802,47572,231637,50825,21.9416587160082,105210,116373,689,3012,152,2277,8546,95321,78004,8908,993,67,1044,1862,4443,1.04174316257698,4.66109251896224
"22027","22","027",LA,Louisiana,Claiborne,Claiborne Parish,1954.908517,32.473223,14203,7.26530161206515,32034,12280,4005,32.614006514658,6479,7051,2,19,0,169,483,4112,3512,339,0,0,79,57,125,0,3.03988326848249
"25003","25","003",MA,Massachusetts,Berkshire,Berkshire County,2400.592147,50.709767,128763,53.6380160040572,69744,123244,13518,10.9684852812307,113536,3774,211,2204,27,2458,6553,62128,45702,5241,672,163,3351,456,6543,1.08163790883338,10.5314833891321
"26055","26","055",MI,Michigan,Grand Traverse,Grand Traverse County,1202.625101,354.771224,95315,79.2557879598091,75553,93926,9772,10.4039350126695,88814,701,893,633,53,537,3684,47745,34881,4890,439,620,894,403,5618,0.919468007121164,11.7666771389674
"31129","31","129",NE,Nebraska,Nuckolls,Nuckolls County,1489.645185,1.718484,4092,2.7469628614951,66000,4033,253,6.27324572278701,3824,8,11,0,12,19,218,2134,1565,295,0,0,97,17,160,0,7.49765698219306
"29005","29","005",MO,Missouri,Atchison,Atchison County,1417.462629,7.359186,5270,3.71791107023253,58521,5173,600,11.598685482312,5003,16,16,11,6,37,181,2521,1990,244,35,0,30,34,188,1.38833796112654,7.45735819119397
"27123","27","123",MN,Minnesota,Ramsey,Ramsey County,394.323905,46.008727,547202,1387.69674640953,78108,533522,68789,12.8933764680744,340510,65644,3074,82033,151,16155,39635,277111,182188,26018,14109,2133,7860,2639,42164,5.09146154429092,15.2155634384777
"37011","37","011",NC,North Carolina,Avery,Avery County,640.602136,0.445285,17679,27.5974727627196,53513,14732,1653,11.2204724409449,15773,644,146,83,4,374,655,6209,4980,475,33,0,153,119,449,0.531486551779675,7.23143823482042
"42127","42","127",PA,Pennsylvania,Wayne,Wayne County,1879.73405,64.785675,51227,27.2522594353175,59240,47959,5272,10.9927229508539,46747,1604,104,379,26,405,1962,20812,16264,1742,77,25,788,209,1707,0.369978858350951,8.20199884681914
"47019","47","019",TN,Tennessee,Carter,Carter County,883.855127,16.669994,56315,63.7151929990445,47994,54554,9896,18.1398247607875,53105,1221,106,259,19,291,1314,22795,19143,1620,53,0,229,339,1411,0.232507128756306,6.18995393726694
"47081","47","081",TN,Tennessee,Hickman,Hickman County,1586.324712,0.37371,24996,15.757177462416,54669,23354,3329,14.2545174274214,22741,876,119,218,8,97,937,10427,7885,1524,0,0,104,122,792,0,7.59566510022058
"46107","46","107",SD,South Dakota,Potter,Potter County,2230.336533,97.172021,2587,1.15991464145559,71786,2496,174,6.97115384615385,2377,39,20,21,0,23,107,1212,921,136,0,0,55,15,85,0,7.01320132013201
"48417","48","417",TX,Texas,Shackelford,Shackelford County,2367.989254,3.268209,3134,1.32348573571694,60924,3097,350,11.3012592831773,2847,21,7,6,0,100,153,1483,1176,109,0,0,36,37,125,0,8.42886041807148
"56009","56","009",WY,Wyoming,Converse,Converse County,11020.385629,26.068678,13729,1.24578217697503,79235,13599,1499,11.0228693286271,13035,32,60,19,0,68,515,6843,5098,700,258,0,209,163,415,3.77027619465147,6.06459155341225
"01053","01","053",AL,Alabama,Escambia,Escambia County,2448.595164,20.024887,36755,15.0106479586268,41153,34154,7449,21.8100368917257,22762,11138,1124,90,0,227,1414,12733,11650,819,38,3,80,38,105,0.298437131862091,0.824628916987356
"04003","04","003",AZ,Arizona,Cochise,Cochise County,16083.192226,17.650455,125504,7.80342597641225,58421,119388,17553,14.702482661574,89661,5001,1170,2435,415,5341,21481,46755,35931,4051,67,169,1251,1163,4123,0.143300181798738,8.8183082023313
"04001","04","001",AZ,Arizona,Apache,Apache County,29003.497233,54.139714,66054,2.27744949063743,37483,64716,21058,32.5390938871376,13556,585,48176,374,71,877,2415,18073,14524,809,103,18,766,187,1666,0.569910916837271,9.21817075195042
"06079","06","079",CA,California,San Luis Obispo,San Luis Obispo County,8549.160509,815.630594,281712,32.9520073583169,90158,268028,33728,12.5837599056815,216354,3486,2487,10652,431,14824,33478,129192,90426,12071,913,1778,5869,1277,16858,0.706700105269676,13.0487955910583
"16071","16","071",ID,Idaho,Oneida,Oneida County,3105.269247,3.99524,4572,1.47233609594949,67383,4529,611,13.4908368293221,4283,0,31,0,0,63,195,2145,1655,222,0,0,22,0,246,0,11.4685314685315
"18123","18","123",IN,Indiana,Perry,Perry County,988.702369,11.837413,19186,19.405233163753,58936,17699,2143,12.1080287021866,17910,610,41,135,0,44,446,8372,7018,673,10,0,58,145,468,0.119445771619685,5.59006211180124
"19085","19","085",IA,Iowa,Harrison,Harrison County,1804.896268,12.325506,14623,8.10185064884848,75830,14348,1092,7.61081683858377,14070,23,5,45,4,41,435,7301,5991,442,18,8,241,56,545,0.246541569647993,7.46473085878647
"21077","21","077",KY,Kentucky,Gallatin,Gallatin County,254.54758,16.452438,8720,34.2568568123885,58641,8590,1445,16.8218859138533,7700,236,0,6,0,238,540,3908,3316,413,0,0,63,2,114,0,2.91709314227226
"24029","24","029",MD,Maryland,Kent,Kent County,717.394874,353.423861,19289,26.8875631804417,71635,17761,1693,9.53212093913631,15082,2729,4,187,12,622,653,9119,6528,655,130,7,785,194,820,1.42559491172278,8.99221405855905
"23021","23","021",ME,Maine,Piscataquis,Piscataquis County,10258.545866,1080.517302,16936,1.65091624302535,51805,16551,2479,14.9779469518458,15825,105,26,108,0,254,618,6957,5332,648,3,14,355,74,531,0.043122035360069,7.63260025873221
"26095","26","095",MI,Michigan,Luce,Luce County,2328.59356,2624.711552,5442,2.33703300287406,51015,4401,804,18.26857532379,4421,530,211,10,10,16,244,1417,1074,141,2,0,40,45,115,0.141143260409315,8.11573747353564
"26035","26","035",MI,Michigan,Clare,Clare County,1461.70375,28.496979,30998,21.2067595776504,47816,30572,6765,22.1280910637184,29348,253,128,102,0,124,1043,10714,8195,1041,119,31,258,149,921,1.11069628523427,8.59622923277954
"29185","29","185",MO,Missouri,St. Clair,St. Clair County,1748.193269,70.137865,9330,5.33693852129801,43483,8971,1412,15.7396053951622,8709,51,37,18,0,96,419,3728,2888,460,9,0,91,20,260,0.241416309012876,6.97424892703863
"31121","31","121",NE,Nebraska,Merrick,Merrick County,1261.996223,24.655517,7675,6.08163468330761,57873,7536,772,10.244161358811,7128,5,26,127,0,131,258,3800,3181,282,2,0,133,21,181,0.0526315789473684,4.76315789473684
"36039","36","039",NY,New York,Greene,Greene County,1676.1405,28.201061,48067,28.6771902474763,70294,45260,4713,10.4131683605833,41433,2515,217,533,4,955,2410,21390,15854,1912,295,71,620,353,2285,1.37914913510986,10.682561944834
"37083","37","083",NC,North Carolina,Halifax,Halifax County,1874.47293,16.919664,48772,26.0190473916313,41629,47554,11347,23.8612945283257,18584,25181,1442,420,96,649,2400,17869,14379,1861,1,0,194,358,1076,0.00559628406737926,6.02160165650008
"40087","40","087",OK,Oklahoma,McClain,McClain County,1478.151608,24.711113,42393,28.67973743056,80150,42127,2987,7.09046454767726,34191,426,2488,217,0,696,4375,20149,16915,1244,19,0,205,92,1674,0.0942974837460916,8.3081046205767
"40007","40","007",OK,Oklahoma,Beaver,Beaver County,4700.407073,7.347161,5071,1.07884273026665,62981,4965,351,7.06948640483384,3735,20,58,6,0,599,653,2309,1798,272,12,0,54,43,130,0.519705500216544,5.63014291901256
"41017","41","017",OR,Oregon,Deschutes,Deschutes County,7815.575342,94.72556,199352,25.5070153221741,82042,197716,18052,9.13026765663882,178997,830,1450,2339,195,4521,11020,96606,65936,7894,299,1868,2162,1161,17286,0.309504585636503,17.8932985528849
"42027","42","027",PA,Pennsylvania,Centre,Centre County,2867.787787,11.295681,158665,55.3266182104708,70087,139187,23717,17.0396660607672,136130,5157,220,9861,58,626,6613,73011,48526,5795,2953,1036,5293,580,8828,4.04459601977784,12.0913287038939
"45055","45","055",SC,South Carolina,Kershaw,Kershaw County,1881.916516,35.348695,65779,34.953197679466,61343,65431,9446,14.4365820482646,45165,15058,63,294,88,2184,2927,28936,24207,2339,16,32,72,431,1839,0.0552944429084877,6.3554050317943
"21175","21","175",KY,Kentucky,Morgan,Morgan County,987.053731,6.950463,13840,14.0215264532544,46018,12205,2494,20.4342482589103,12764,563,23,133,72,128,157,4323,3382,488,53,0,10,32,358,1.22600046264168,8.28128614388156
"47091","47","091",TN,Tennessee,Johnson,Johnson County,772.956196,11.007739,17982,23.2639315048585,47571,16048,3465,21.5914755732802,16459,657,102,29,0,107,628,6298,4846,868,2,0,20,38,524,0.0317561130517625,8.32010161956177
"48043","48","043",TX,Texas,Brewster,Brewster County,16015.872748,22.061017,9454,0.590289405313899,47747,9233,1445,15.6503844904148,7494,32,33,135,0,550,1210,4694,3304,675,0,0,158,57,500,0,10.6518960374947
"48505","48","505",TX,Texas,Zapata,Zapata County,2585.876042,154.37116,13896,5.37380747348291,35061,13739,5109,37.1861125263847,7326,13,0,21,0,1215,5321,4669,3440,689,0,0,203,25,312,0,6.6823730991647
"48455","48","455",TX,Texas,Trinity,Trinity County,1796.920726,52.260791,13735,7.6436315755423,51165,13520,1925,14.2381656804734,11174,1152,22,17,0,610,760,4849,4102,295,14,0,118,32,288,0.28871932357187,5.93936894204991
"49007","49","007",UT,Utah,Carbon,Carbon County,3831.481453,15.484604,20338,5.30812957063269,53734,19975,3317,16.6057571964956,18214,226,123,56,39,424,1256,8067,6404,894,34,24,166,46,499,0.421470187182348,6.18569480599975
"51137","51","137",VA,Virginia,Orange,Orange County,881.929771,7.015339,36593,41.4919659175447,87309,35955,4670,12.9884577944653,28571,4488,17,544,0,502,2471,17338,13086,1847,19,0,188,137,2061,0.10958588072442,11.8871842196332
"55001","55","001",WI,Wisconsin,Adams,Adams County,1672.216054,108.348982,20730,12.3967234678875,55223,19859,2890,14.5525958003928,18796,507,123,138,7,290,869,7987,6464,618,10,4,93,115,683,0.125203455615375,8.55139601853011
"38055","38","055",ND,North Dakota,McLean,McLean County,5465.546321,563.843611,9781,1.78957407467556,80556,9642,661,6.85542418585356,8624,40,628,83,32,93,281,4413,3463,408,0,0,183,49,310,0,7.02469975073646
"27069","27","069",MN,Minnesota,Kittson,Kittson County,2846.395543,12.419294,4191,1.47238847752791,66000,4029,443,10.9952841896252,3937,34,10,21,0,5,184,2030,1469,194,0,9,104,27,227,0,11.1822660098522
"26031","26","031",MI,Michigan,Cheboygan,Cheboygan County,1852.564001,440.607444,25709,13.8775232521643,59557,25413,3029,11.9190965254004,23474,205,486,143,3,85,1313,10225,7829,1195,59,65,130,69,878,0.577017114914425,8.58679706601467
"28151","28","151",MS,Mississippi,Washington,Washington County,1875.077589,94.257003,44604,23.7878156411585,38394,43658,12788,29.2913097255944,10978,32149,19,364,1,605,488,16403,13972,1371,107,13,344,127,469,0.65231969761629,2.85923306712187
"29087","29","087",MO,Missouri,Holt,Holt County,1198.369593,19.839053,4274,3.56651238897047,55153,4141,391,9.44216372856798,4080,28,11,23,0,9,123,1918,1519,182,0,0,64,6,147,0,7.66423357664234
"28133","28","133",MS,Mississippi,Sunflower,Sunflower County,1807.187011,23.747316,25867,14.3134052217909,37403,22127,6347,28.6844127084557,6096,19027,34,16,0,66,628,8599,7271,754,45,0,117,48,364,0.523316664728457,4.23305035469241
"30075","30","075",MT,Montana,Powder River,Powder River County,8542.288822,1.565958,1773,0.20755561383429,60313,1733,220,12.6947489901904,1658,0,29,23,0,0,63,894,442,87,4,7,182,58,114,0.447427293064877,12.751677852349
"28093","28","093",MS,Mississippi,Marshall,Marshall County,1829.011195,9.173803,33980,18.5783444589578,51431,31676,6181,19.51319611062,16200,15498,176,40,10,998,1058,13832,12056,1117,0,0,40,77,542,0,3.91844997108155
"28055","28","055",MS,Mississippi,Issaquena,Issaquena County,1069.614257,73.664788,1206,1.12750927926347,17900,853,176,20.6330597889801,332,849,0,0,0,12,13,174,134,39,0,0,0,0,1,0,0.574712643678161
"28009","28","009",MS,Mississippi,Benton,Benton County,1053.131418,5.279184,7637,7.25170654817555,38750,7536,1328,17.6220806794055,4645,2544,0,30,5,157,256,3225,2904,180,10,0,48,25,58,0.310077519379845,1.7984496124031
"39035","39","035",OH,Ohio,Cuyahoga,Cuyahoga County,1184.169993,2041.734546,1256620,1061.18210006019,60074,1232159,203273,16.4973027020052,751741,365216,2540,40087,450,24482,72104,592913,436968,42446,20395,1992,15941,6559,68612,3.43979639508663,11.5720181544341
"30047","30","047",MT,Montana,Lake,Lake County,3860.292625,423.545836,31509,8.16233458467413,58009,31068,5901,18.993820007725,20558,79,6961,206,49,355,3301,12938,9053,1711,26,52,631,166,1299,0.200958417066007,10.0401916834132
"44005","44","005",RI,Rhode Island,Newport,Newport County,265.293779,547.001789,85442,322.065599585733,96319,81975,6373,7.77432143946325,73700,3396,288,1168,223,1707,4960,43577,32352,2382,438,215,2058,625,5507,1.00511737843358,12.6374004635473
"29047","29","047",MO,Missouri,Clay,Clay County,1029.905835,28.508804,253085,245.736057996021,82264,250492,20681,8.25615189307443,206069,16732,923,5627,804,5970,16960,131772,102447,11005,461,114,1222,1254,15269,0.349846704914549,11.5874389096318
"29227","29","227",MO,Missouri,Worth,Worth County,690.564983,0.493903,1982,2.87011367328482,43536,1949,323,16.5726013340174,1915,5,3,0,0,1,58,888,686,77,3,0,8,6,108,0.337837837837838,12.1621621621622
"29157","29","157",MO,Missouri,Perry,Perry County,1228.574129,25.394864,18970,15.4406637354806,61486,18606,2109,11.3350532086424,18066,136,10,140,0,66,552,8936,7729,804,0,0,125,47,231,0,2.58504923903312
"29141","29","141",MO,Missouri,Morgan,Morgan County,1547.866671,42.414965,21169,13.6762425321321,48841,20733,4088,19.7173587999807,19900,74,4,131,0,119,941,7673,5105,1387,24,59,145,113,840,0.312785090577349,10.9474781702072
"51105","51","105",VA,Virginia,Lee,Lee County,1127.622847,4.896591,22287,19.7645871217435,41619,20708,5380,25.980297469577,20776,925,26,57,0,25,478,6901,5743,483,18,0,36,87,534,0.260831763512534,7.73800898420519
"53009","53","009",WA,Washington,Clallam,Clallam County,4503.402364,2409.320333,77333,17.172127593616,66108,76215,8289,10.8758118480614,64701,705,2995,1336,14,1608,5974,29996,21399,3089,285,103,1341,345,3434,0.950126683557808,11.4481930924123
"56041","56","041",WY,Wyoming,Uinta,Uinta County,5391.631764,16.625817,20546,3.81072018626827,78164,20190,1315,6.51312530955919,18754,49,43,33,0,467,1200,9468,7545,1043,124,10,248,39,459,1.30967469370511,4.84790874524715
"05001","05","001",AR,Arkansas,Arkansas,Arkansas County,2569.631425,120.698185,17024,6.62507464470318,58695,16719,2816,16.8431126263532,12112,4379,46,8,0,118,361,7222,6384,539,2,0,72,63,162,0.027693159789532,2.24314594295209
"05039","05","039",AR,Arkansas,Dallas,Dallas County,1728.358298,1.731378,6472,3.7445939348856,40085,6071,723,11.9090759347719,3405,2856,0,4,37,18,152,2617,2245,209,3,0,97,49,14,0.11463507833397,0.534963698891861
"09140","09","140",CT,Connecticut,Naugatuck Valley,Naugatuck Valley Planning Region,1069.106116,22.748115,451887,422.677406140664,82939,445259,45555,10.2311239076582,311573,52205,878,18305,119,29072,39735,223763,171081,20114,3587,124,4046,2588,22223,1.60303535437047,9.93149001398801
"13035","13","035",GA,Georgia,Butts,Butts County,475.754793,11.26964,25522,53.645281929929,60076,22907,3612,15.7681058191819,16962,7085,21,21,0,225,1208,10025,8615,571,0,0,40,89,710,0,7.08229426433915
"13007","13","007",GA,Georgia,Baker,Baker County,885.665381,18.598653,2878,3.24953426174394,45417,2878,666,23.1410701876303,1505,981,26,284,0,0,82,875,778,50,21,0,4,9,13,2.4,1.48571428571429
"17099","17","099",IL,Illinois,LaSalle,LaSalle County,2940.059885,33.70894,109495,37.2424386859045,67942,106189,14495,13.6501897560011,96672,3014,40,970,19,3793,4987,51386,43489,4165,64,108,788,614,2158,0.124547542132098,4.19958743626669
"18085","18","085",IN,Indiana,Kosciusko,Kosciusko County,1376.439341,59.432,80442,58.4420959237898,70945,78834,7023,8.90859273917345,72062,597,262,1224,0,2210,4087,39179,30327,4553,91,184,955,327,2742,0.232267286046096,6.99864723448786
"18153","18","153",IN,Indiana,Sullivan,Sullivan County,1158.231909,17.922659,20791,17.9506365162661,54556,18602,2263,12.1653585635953,18990,754,15,23,6,168,835,8694,7276,1028,5,35,62,73,215,0.0575109270761445,2.47296986427421
"20161","20","161",KS,Kansas,Riley,Riley County,1579.010807,32.09208,72105,45.6646652957328,56327,61241,13920,22.7298705115854,57298,4591,571,3195,182,1303,4965,41152,26617,3918,98,473,5059,354,4633,0.238141524105754,11.2582620528771
"21029","21","029",KY,Kentucky,Bullitt,Bullitt County,769.444025,8.237542,82482,107.196881540538,73900,81905,8667,10.5817715646175,76665,1006,31,542,0,793,3445,40309,33207,3690,16,34,269,288,2805,0.0396933687265871,6.9587437048798
"21151","21","151",KY,Kentucky,Madison,Madison County,1134.23101,13.798845,92955,81.9542043732343,59797,87178,14057,16.1244809470279,83656,3637,296,829,212,788,3537,43928,34443,4316,56,136,1626,303,3048,0.127481333090512,6.93862684392642
"22063","22","063",LA,Louisiana,Livingston,Livingston Parish,1678.652694,112.17542,143425,85.4405443798132,77978,142124,16496,11.6067659227154,123496,10684,449,1185,1,2167,5443,64898,55390,5235,67,13,395,262,3536,0.103238928780548,5.44855003235847
"22043","22","043",LA,Louisiana,Grant,Grant Parish,1665.848458,56.00552,22185,13.3175379149644,57362,19022,2855,15.0089370202923,17532,3366,205,75,0,268,739,7706,6665,553,14,0,128,151,195,0.181676615624189,2.53049571762263
"22013","22","013",LA,Louisiana,Bienville,Bienville Parish,2101.370398,27.97298,12958,6.16645214586296,34268,12638,3928,31.0808672258269,7066,5396,28,6,0,129,333,4426,3741,285,0,7,107,27,259,0,5.85178490736557
"29027","29","027",MO,Missouri,Callaway,Callaway County,2161.518756,33.18888,44517,20.5952411360894,70599,40677,3854,9.47464168940679,40216,1898,168,57,97,220,1861,20411,16552,1797,105,18,447,109,1383,0.514428494439273,6.77575816961442
"13309","13","309",GA,Georgia,Wheeler,Wheeler County,765.314383,12.377032,7550,9.86522685017929,36354,6955,1856,26.685837526959,4412,2913,10,0,0,167,48,2736,2469,54,0,0,11,14,188,0,6.87134502923977
"37037","37","037",NC,North Carolina,Chatham,Chatham County,1765.54037,70.582736,76754,43.4733758027861,84222,75883,7877,10.3804541201587,57509,8280,145,1277,0,5011,4532,34963,25222,2195,156,37,753,426,6174,0.446185968023339,17.6586677344621
"45005","45","005",SC,South Carolina,Allendale,Allendale County,1056.960693,11.194313,8073,7.63793777144748,37096,7185,1955,27.2094641614475,1834,5804,13,124,2,161,135,2606,2165,266,35,1,32,60,47,1.34305448963929,1.80353031465848
"25025","25","025",MA,Massachusetts,Suffolk,Suffolk County,150.875412,160.499085,785443,5205.90459100122,87669,745894,126977,17.0234644600975,387745,155625,2916,69412,544,59052,110149,424949,159832,26049,106646,7858,52955,7885,63724,25.0961880131498,14.9956818347613
"47079","47","079",TN,Tennessee,Henry,Henry County,1455.320362,81.582236,32305,22.1978616141976,48025,31713,5731,18.0714533472078,28304,2393,176,114,14,180,1124,12545,10608,730,73,14,45,606,469,0.581905141490634,3.73854125149462
"48005","48","005",TX,Texas,Angelina,Angelina County,2066.46081,173.300091,86608,41.9112714748266,57055,84075,13536,16.099910793934,61095,10924,775,828,0,2408,10578,36669,29535,4489,34,57,445,480,1629,0.0927213722763097,4.44244457170907
"53025","53","025",WA,Washington,Grant,Grant County,6939.995087,289.820268,99145,14.2860331681961,66387,98304,14019,14.2608642578125,61533,1024,1571,1019,14,23197,10787,42635,31501,5535,536,117,932,555,3459,1.25718306555647,8.11305265626832
"51109","51","109",VA,Virginia,Louisa,Louisa County,1282.245762,37.822855,38106,29.7181719209301,76594,37938,4120,10.8598239232432,29805,5130,72,185,11,510,2393,17615,13670,1833,55,0,85,129,1843,0.312233891569685,10.4626738575078
"27049","27","049",MN,Minnesota,Goodhue,Goodhue County,1959.878213,59.11299,47697,24.3367162732984,78338,46803,4253,9.08702433604683,43539,766,536,414,16,913,1513,23597,18841,1608,329,53,475,171,2120,1.39424503114803,8.98419290587787
"53071","53","071",WA,Washington,Walla Walla,Walla Walla County,3289.370357,74.932288,62150,18.8941934944299,66635,57648,6396,11.0949208992506,48197,1194,877,1132,155,5298,5297,26947,19171,2382,168,363,1766,300,2797,0.623446023676105,10.3796340965599
"29043","29","043",MO,Missouri,Christian,Christian County,1457.206786,3.049199,89568,61.4655386322089,75787,88627,7682,8.66778746883004,82941,831,329,781,149,857,3680,43032,35136,3697,0,25,789,379,3006,0,6.98549916341327
"18025","18","025",IN,Indiana,Crawford,Crawford County,791.534794,8.201106,10511,13.2792646383653,46706,10403,2283,21.9455926175142,10016,82,0,9,0,31,373,4279,3288,657,10,0,63,39,222,0.233699462491236,5.18812806730545
"40133","40","133",OK,Oklahoma,Seminole,Seminole County,1638.991327,19.963269,23592,14.3942189390243,43239,22807,5160,22.6246327881791,15458,1003,4823,54,9,175,2070,8453,6893,780,0,0,290,80,410,0,4.85034898852478
"35027","35","027",NM,New Mexico,Lincoln,Lincoln County,12512.530053,0.554839,20222,1.61613997443719,47919,19973,3140,15.7212236519301,15418,366,503,57,0,807,3071,8220,6256,582,10,0,87,167,1118,0.121654501216545,13.6009732360097
"47013","47","013",TN,Tennessee,Campbell,Campbell County,1243.685307,46.425147,39397,31.6776275945825,48258,38444,7473,19.438664030798,37935,117,22,182,0,211,930,14927,12505,1284,0,8,55,100,975,0,6.53178803510417
"35053","35","053",NM,New Mexico,Socorro,Socorro County,17214.061665,4.843011,16453,0.955788373493084,40699,15759,4812,30.5349324195698,10072,149,1988,326,0,722,3196,5045,2983,540,0,166,447,39,870,0,17.2447968285431
"35055","35","055",NM,New Mexico,Taos,Taos County,5704.119616,3.383128,34475,6.0438774641573,55145,34253,5087,14.8512539047675,22387,48,2063,236,3,3382,6356,13876,9247,1797,191,109,369,82,2081,1.37647737100029,14.9971173248775
"09170","09","170",CT,Connecticut,South Central Connecticut,South Central Connecticut Planning Region,950.963144,653.739738,571298,600.757246592093,83617,548511,64563,11.770593479438,385872,76381,1123,24389,269,41197,42067,282725,203486,20722,9128,1597,12754,3390,31648,3.22857900786984,11.1939163498099
"35005","35","005",NM,New Mexico,Chaves,Chaves County,15713.917209,20.469858,64701,4.11743291882326,49673,62071,13522,21.7847303893928,44897,1011,647,766,28,7881,9471,25977,21807,2304,127,85,407,328,919,0.488894021634523,3.53774492820572
"39075","39","075",OH,Ohio,Holmes,Holmes County,1094.566303,3.694365,44273,40.4479837161587,72987,43450,3888,8.9482163406214,43447,83,58,30,0,84,571,20276,10169,4206,61,2444,1436,464,1496,0.300848293549023,7.37818110080884
"39079","39","079",OH,Ohio,Jackson,Jackson County,1088.598926,3.167846,32563,29.9127614608725,56549,31921,5555,17.4023370195169,31321,239,139,177,0,14,673,13433,11148,906,38,0,554,114,673,0.282885431400283,5.01004987716817
"37023","37","023",NC,North Carolina,Burke,Burke County,1311.146879,20.719897,87799,66.9635121787145,53732,85261,14453,16.9514784016139,72967,5181,806,2996,58,2939,2852,38812,32982,3268,48,88,191,347,1888,0.123673090796661,4.86447490466866
"46103","46","103",SD,South Dakota,Pennington,Pennington County,7191.788476,19.92671,110386,15.3488941406402,67823,107105,13138,12.2664674851781,88983,1478,8283,1204,34,1040,9364,54623,43143,4876,170,343,864,618,4609,0.311224209582044,8.4378375409626
"48007","48","007",TX,Texas,Aransas,Aransas County,652.854899,714.540086,24048,36.8351375425613,58168,23731,4241,17.8711390164763,19514,202,318,419,0,767,2828,8833,6597,806,51,51,145,244,939,0.577380278501076,10.6305898335786
"53075","53","075",WA,Washington,Whitman,Whitman County,5592.463293,48.246698,47141,8.42938031600595,49345,41060,9796,23.8577691183634,37138,928,336,3788,40,1075,3836,22363,13786,2365,840,373,2761,248,1990,3.75620444484193,8.89862719670885
"26021","26","021",MI,Michigan,Berrien,Berrien County,1470.545554,2625.448034,153938,104.680878182438,60379,151178,23756,15.713926629536,117706,21616,740,2469,44,2888,8475,69571,54549,6028,297,206,1914,606,5971,0.426902013770105,8.58259907145218
"13181","13","181",GA,Georgia,Lincoln,Lincoln County,544.884775,121.513274,7726,14.1791445723548,50754,7665,1388,18.1082844096543,5302,2175,0,6,0,85,158,3162,2669,313,5,0,0,41,134,0.158127767235927,4.23782416192283
"48465","48","465",TX,Texas,Val Verde,Val Verde County,8144.863965,227.711025,47693,5.85559196629259,57250,45793,7418,16.1989823772192,34539,585,192,310,5,4192,7870,21131,17057,2464,88,109,385,412,616,0.416449765747007,2.91514836022905
"36067","36","067",NY,New York,Onondaga,Onondaga County,2016.027799,70.512842,472637,234.439723616133,71479,453541,63066,13.9052478166252,362589,52245,2406,18931,179,7162,29125,222274,165249,17762,5263,856,7987,3187,21970,2.3677983029954,9.88419698210317
"16047","16","047",ID,Idaho,Gooding,Gooding County,1888.935206,12.470063,15520,8.21626911855017,60938,15356,2043,13.3042458973691,12127,15,366,47,0,1586,1379,7018,5210,668,26,12,217,127,758,0.370475919065261,10.8007979481334
"21051","21","051",KY,Kentucky,Clay,Clay County,1215.470276,4.754889,20322,16.7194545200051,37888,18871,5891,31.2172115945101,18736,852,6,11,10,24,683,6120,4528,1024,14,9,66,46,433,0.228758169934641,7.07516339869281
"41025","41","025",OR,Oregon,Harney,Harney County,26248.072909,241.568254,7496,0.285582870254439,45462,7337,890,12.1302984871201,6620,23,71,0,14,14,754,3124,2224,274,8,39,216,44,319,0.256081946222791,10.2112676056338
"29053","29","053",MO,Missouri,Cooper,Cooper County,1462.695259,11.475878,16893,11.5492272884984,62239,15364,2004,13.0434782608696,14956,938,41,61,0,84,813,7186,5753,801,19,14,71,147,381,0.264403005844698,5.30197606457
"27153","27","153",MN,Minnesota,Todd,Todd County,2447.791805,89.13647,25277,10.3264501287927,63216,24891,2988,12.0043389176811,22736,114,66,122,54,521,1664,11052,8240,993,103,5,371,242,1098,0.93195801664857,9.93485342019544
"55037","55","037",WI,Wisconsin,Florence,Florence County,1263.976516,24.111637,4574,3.61873811902372,58049,4502,441,9.79564637938694,4376,20,35,0,0,0,143,1902,1581,114,6,0,33,0,168,0.315457413249211,8.83280757097792
"36059","36","059",NY,New York,Nassau,Nassau County,736.960644,437.290667,1389160,1884.98532629919,137709,1369875,73765,5.38479788301852,861432,160936,3695,156363,445,109689,96600,689613,436081,51659,94070,1354,14132,8469,83848,13.6409841461805,12.1587035047193
"35047","35","047",NM,New Mexico,San Miguel,San Miguel County,12228.666259,51.380263,27215,2.22550844250659,43490,25879,6092,23.5403222690212,15331,372,763,191,0,6024,4534,10620,7878,965,12,29,388,106,1242,0.112994350282486,11.6949152542373
"31179","31","179",NE,Nebraska,Wayne,Wayne County,1147.147,1.08459,9701,8.45663197480358,64951,8311,1381,16.6165323065816,8937,142,30,36,0,177,379,5080,3793,269,2,0,422,10,584,0.0393700787401575,11.496062992126
"39087","39","087",OH,Ohio,Lawrence,Lawrence County,1174.282178,10.029914,57994,49.3867667299299,51846,57075,10232,17.9272886552781,54757,890,35,366,40,372,1534,23216,19930,1961,22,40,194,206,863,0.0947622329427981,3.71726395589249
"46127","46","127",SD,South Dakota,Union,Union County,1193.354526,16.502827,16700,13.9941648823981,82036,16485,1360,8.24992417349105,15201,71,200,284,9,163,772,8435,7076,498,0,35,80,115,631,0,7.48073503260225
"45013","45","013",SC,South Carolina,Beaufort,Beaufort County,1491.948053,899.854741,189071,126.727602626524,81260,183472,19003,10.357438737246,134379,30700,346,2128,62,10094,11362,84685,63839,8068,675,337,1554,925,9287,0.797071500265691,10.9665229969888
"39011","39","011",OH,Ohio,Auglaize,Auglaize County,1039.59022,1.339586,46263,44.5011881700849,75231,45518,3005,6.60178390966211,44115,400,19,152,0,386,1191,23580,20242,1286,61,127,502,219,1143,0.258693808312129,4.84732824427481
"13183","13","183",GA,Georgia,Long,Long County,1037.028629,8.862019,16804,16.2039885207451,56819,16450,2594,15.7689969604863,9781,3966,38,130,58,1208,1623,7445,5664,999,14,0,10,348,410,0.188045668233714,5.50705171255876
"48469","48","469",TX,Texas,Victoria,Victoria County,2284.593984,17.476842,91209,39.9235052874936,66308,89351,14870,16.6422312005462,63023,4995,208,1238,76,4583,17086,41154,32850,4380,351,129,729,322,2393,0.852894007872868,5.81474461777713
"39025","39","025",OH,Ohio,Clermont,Clermont County,1172.125417,19.874912,208851,178.18144455441,79573,206653,17309,8.37587646925039,194703,2920,128,2509,0,1297,7294,103116,81929,8688,232,13,908,489,10857,0.224989332402343,10.5289188874665
"13195","13","195",GA,Georgia,Madison,Madison County,731.21455,8.44822,30378,41.5445781268986,53626,30142,6203,20.5792581779577,24924,2661,59,480,0,833,1421,12960,10872,974,98,6,322,101,587,0.756172839506173,4.52932098765432
"13215","13","215",GA,Georgia,Muscogee,Muscogee County,560.731675,11.683933,204572,364.830469047428,54561,199009,37204,18.6946319010698,83003,95323,238,5279,315,6435,13979,88082,69330,7639,740,321,1727,2120,6205,0.840126245998047,7.04457210326741
"13219","13","219",GA,Georgia,Oconee,Oconee County,477.443084,5.264894,41978,87.9225218811631,116221,41666,1862,4.46887150194403,35586,1435,219,1683,247,536,2272,20456,15202,1581,14,7,79,266,3307,0.0684395776300352,16.1664059444662
"01057","01","057",AL,Alabama,Fayette,Fayette County,1625.693253,4.330881,16297,10.0246463900407,45650,15973,3543,22.181180742503,13727,2074,24,36,40,28,368,6236,5480,531,0,0,34,17,174,0,2.7902501603592
"13049","13","049",GA,Georgia,Charlton,Charlton County,2020.415648,5.963237,12547,6.21010830737735,45770,11623,2381,20.4852447732943,7897,3601,75,99,0,146,729,4961,4720,89,0,0,2,77,73,0,1.4714775246926
"50027","50","027",VT,Vermont,Windsor,Windsor County,2510.071977,19.366112,57832,23.0399767536228,69492,57053,4973,8.7164566280476,54258,410,62,581,0,394,2127,28757,20301,3041,228,80,1020,262,3825,0.792850436415481,13.3011092951281
"51159","51","159",VA,Virginia,Richmond,Richmond County,495.925426,64.458631,8968,18.0833640096525,62708,7367,556,7.54716981132075,5456,2441,35,0,0,305,731,3208,2461,269,29,0,0,33,416,0.903990024937656,12.9675810473815
"48167","48","167",TX,Texas,Galveston,Galveston County,982.66455,1280.836456,350801,356.989574926662,83913,344758,37987,11.0184535239211,238656,43035,1149,11781,628,13503,42049,164431,130433,12541,937,997,2182,1962,15379,0.569843885885265,9.35285925403361
"29186","29","186",MO,Missouri,Ste. Genevieve,Ste. Genevieve County,1292.800351,19.739769,18494,14.3053797794026,61215,18013,1660,9.21556653528008,17479,283,18,94,0,57,563,8261,7084,575,17,15,82,50,438,0.205786224428035,5.3020215470282
"26109","26","109",MI,Michigan,Menominee,Menominee County,2704.053651,761.798359,23433,8.66587835316585,54074,22912,2464,10.7541899441341,21890,120,508,89,0,66,760,10557,8263,1065,6,43,452,118,610,0.0568343279340722,5.77815667329734
"45019","45","019",SC,South Carolina,Charleston,Charleston County,2377.809399,1139.534056,409840,172.360324663684,78795,398918,48952,12.2711935786302,274328,101583,1198,7215,392,9770,15354,210569,155908,15696,2294,1751,4952,2400,27568,1.08942911824628,13.0921455674862
"48015","48","015",TX,Texas,Austin,Austin County,1674.415879,25.596214,30406,18.1591684487364,73556,30093,3593,11.9396537400724,22162,2731,77,147,0,3562,1727,14424,11833,1128,2,0,171,157,1133,0.0138657792567942,7.85496394897393
"47039","47","039",TN,Tennessee,Decatur,Decatur County,864.741776,28.501002,11483,13.2791086526621,48466,11267,2168,19.2420342593414,10560,270,8,12,0,48,585,4370,3638,393,7,0,49,9,274,0.160183066361556,6.27002288329519
"46019","46","019",SD,South Dakota,Butte,Butte County,5827.498555,42.750488,10369,1.77932262052702,58106,10213,841,8.23460295701557,9297,0,171,37,13,140,711,4977,3537,501,18,4,390,21,506,0.361663652802893,10.1667671287924
"45023","45","023",SC,South Carolina,Chester,Chester County,1503.90579,14.249301,32171,21.3916325170874,50022,31942,6053,18.9499718239309,19146,11604,99,147,0,132,1043,13438,11100,1368,21,0,106,257,586,0.156273254948653,4.36076797142432
"55093","55","093",WI,Wisconsin,Pierce,Pierce County,1486.700541,48.452323,42187,28.3762592644405,82996,39570,3885,9.8180439727066,39382,234,122,475,10,291,1673,22212,16862,1858,15,8,1008,175,2286,0.0675310642895732,10.291734197731
"47095","47","095",TN,Tennessee,Lake,Lake County,429.381241,72.799687,6898,16.0649775568561,32064,4586,1281,27.932839075447,4561,1771,52,20,13,93,388,1710,1458,172,0,0,23,34,23,0,1.34502923976608
"48119","48","119",TX,Texas,Delta,Delta County,665.192724,54.647564,5278,7.9345425912987,68491,5215,736,14.1131351869607,4370,462,0,19,0,61,366,2279,1937,141,0,14,0,0,187,0,8.20535322509873
"30053","30","053",MT,Montana,Lincoln,Lincoln County,9356.484224,161.555792,20157,2.15433484602004,44593,19928,3360,16.8606985146527,18577,14,286,76,31,52,1121,7350,4704,1244,17,72,248,149,916,0.231292517006803,12.4625850340136
"48157","48","157",TX,Texas,Fort Bend,Fort Bend County,2232.028398,60.759107,832607,373.027063968386,109987,825704,57188,6.92596862798291,340686,169120,2695,178091,392,49175,92448,393884,294293,33987,3898,304,2403,3914,55085,0.9896314651014,13.985081902286
"23015","23","015",ME,Maine,Lincoln,Lincoln County,1180.688993,631.299424,35466,30.0383930148149,69638,34809,3182,9.14131402798127,33369,168,163,306,0,108,1352,16466,12339,1900,22,15,383,120,1687,0.133608648123406,10.2453540629175
"51181","51","181",VA,Virginia,Surry,Surry County,722.475752,81.216905,6546,9.06051169451566,68655,6517,870,13.3497007825687,3622,2728,3,8,0,62,123,3069,2492,347,15,0,25,75,115,0.488758553274682,3.74714890843923
"29195","29","195",MO,Missouri,Saline,Saline County,1956.761965,29.542462,23219,11.8660319524353,55396,21715,2821,12.9910200322358,18852,1290,31,178,219,1148,1501,10279,8462,792,0,23,211,103,688,0,6.69325809903687
"37033","37","033",NC,North Carolina,Caswell,Caswell County,1101.694783,8.641803,22747,20.6472794017034,56999,21297,3288,15.4387941963657,13719,7278,25,194,0,494,1037,9225,7991,610,0,0,28,171,425,0,4.6070460704607
"51183","51","183",VA,Virginia,Sussex,Sussex County,1269.679003,6.740704,10866,8.55806859397202,59195,9402,1198,12.7419697936609,4528,5956,19,50,0,60,253,4307,3719,294,13,7,75,10,189,0.301834223357325,4.38820524727188
"33015","33","015",NH,New Hampshire,Rockingham,Rockingham County,1801.055122,258.62655,315169,174.991312675659,110225,312677,15149,4.84493582834682,290277,2814,155,6466,67,3363,12027,171850,131004,9234,1146,361,2521,1737,25847,0.666860634274076,15.0404422461449
"47063","47","063",TN,Tennessee,Hamblen,Hamblen County,417.476152,37.852326,64531,154.574098881701,49656,63446,10874,17.1389843331337,55250,2131,297,580,237,1625,4411,26689,22905,2121,45,29,142,332,1115,0.168608790138259,4.17775113342576
"47067","47","067",TN,Tennessee,Hancock,Hancock County,575.81601,2.988718,6726,11.6808145018406,31809,6516,2107,32.3357888275015,6507,37,0,36,0,16,130,2101,1793,259,0,0,0,6,43,0,2.04664445502142
"47073","47","073",TN,Tennessee,Hawkins,Hawkins County,1261.468092,32.541837,57107,45.2702691111746,53647,56345,9511,16.8799361079066,54099,594,38,263,79,226,1808,21481,18125,940,19,9,209,362,1817,0.08845025836786,8.45863786602114
"46061","46","061",SD,South Dakota,Hanson,Hanson County,1125.562874,2.003166,3443,3.05891397054022,86827,3443,207,6.01219866395585,3215,0,0,0,0,0,228,1839,1443,125,0,7,110,19,135,0,7.34094616639478
"46077","46","077",SD,South Dakota,Kingsbury,Kingsbury County,2155.483577,81.655106,5172,2.3994615663917,65964,5067,470,9.27570554568778,4936,0,56,6,0,13,161,2505,1937,170,1,5,141,23,228,0.0399201596806387,9.10179640718563
"42029","42","029",PA,Pennsylvania,Chester,Chester County,1943.905796,22.412287,536474,275.977365314672,118574,523110,31170,5.95859379480415,431632,29302,354,33658,98,11573,29857,278038,194106,16942,4514,374,5475,3765,52862,1.623519087319,19.0125090814925
"48057","48","057",TX,Texas,Calhoun,Calhoun County,1312.945541,1361.646236,20127,15.3296533416537,62267,19837,1826,9.20502092050209,14063,579,58,839,0,880,3708,9608,8210,1063,0,0,159,0,176,0,1.83180682764363
"51133","51","133",VA,Virginia,Northumberland,Northumberland County,495.805446,243.886813,12007,24.2171603738294,64655,11927,1767,14.8151253458539,8452,2510,0,104,0,33,908,4336,3136,563,6,0,19,38,574,0.138376383763838,13.2380073800738
"55041","55","041",WI,Wisconsin,Forest,Forest County,2626.9361,83.536591,9239,3.51702502394329,55552,9014,1257,13.9449744841358,7333,28,1160,44,0,72,602,3744,2915,373,22,15,137,38,244,0.587606837606838,6.51709401709402
"56011","56","011",WY,Wyoming,Crook,Crook County,7393.068933,28.186052,7258,0.981730329552711,68876,7193,455,6.32559432781871,6784,0,23,34,0,33,384,3398,2532,328,29,49,97,2,361,0.853443201883461,10.6238964096527
"31149","31","149",NE,Nebraska,Rock,Rock County,2611.457643,8.816268,1312,0.502401409234728,57566,1242,113,9.09822866344605,1288,8,7,0,0,0,9,650,503,27,0,0,29,0,91,0,14
"47001","47","001",TN,Tennessee,Anderson,Anderson County,873.359909,19.657734,77337,88.5511221697262,60633,75726,11660,15.3976177270686,68460,2446,258,1017,62,1007,4087,32457,26115,2806,67,9,231,223,3006,0.206426964907416,9.26148442554765
"21079","21","079",KY,Kentucky,Garrard,Garrard County,595.501703,10.415371,17175,28.8412273440635,58263,16947,2657,15.6782911429752,15937,403,40,0,0,305,490,7139,5687,669,0,0,11,20,752,0,10.5336881916235
"50025","50","025",VT,Vermont,Windham,Windham County,2035.623287,32.917039,45857,22.5272526075204,65473,44303,5563,12.5567117350969,42455,517,107,587,0,161,2030,22579,15986,1346,115,104,1166,199,3663,0.509322822091324,16.2230391071349
"24045","24","045",MD,Maryland,Wicomico,Wicomico County,969.767197,66.764613,103815,107.051465878774,69421,100041,13844,13.8383262862226,64951,27049,230,2946,28,2546,6065,50503,40799,4635,339,73,830,712,3115,0.671247252638457,6.167950418787
"23023","23","023",ME,Maine,Sagadahoc,Sagadahoc County,657.801805,300.571247,36868,56.047277036584,77591,36527,3979,10.8933117967531,34878,212,103,242,0,205,1228,18551,14050,1436,55,64,626,181,2139,0.296479974125384,11.5303757209854
"20011","20","011",KS,Kansas,Bourbon,Bourbon County,1645.836646,9.402853,14405,8.75238744684021,55826,13955,1785,12.7911142959513,13024,413,7,63,0,160,738,6404,4604,982,1,2,130,62,623,0.0156152404747033,9.72829481574016
"20037","20","037",KS,Kansas,Crawford,Crawford County,1527.499258,13.573629,39012,25.5397832736623,49779,37038,7742,20.9028565257303,35162,819,181,676,58,282,1834,19152,16148,1501,0,114,462,162,765,0,3.99436090225564
"48085","48","085",TX,Texas,Collin,Collin County,2178.873926,115.515941,1079153,495.280147750963,113255,1071135,67718,6.32207891628973,646170,112804,4716,183217,732,34729,96785,559680,380496,38903,3541,1056,6456,8260,120968,0.632682961692396,21.6137793024585
"48089","48","089",TX,Texas,Colorado,Colorado County,2487.142712,34.691168,20582,8.27535947201409,63352,19995,1490,7.45186296574144,13966,2491,85,70,0,2684,1286,8769,7389,540,0,31,416,105,288,0,3.28429695518303
"42045","42","045",PA,Pennsylvania,Delaware,Delaware County,476.068778,17.591835,575312,1208.46404256319,86390,554170,53557,9.66436292112529,378134,126608,725,34810,231,10204,24600,279844,189850,20131,20832,518,8443,3376,36694,7.44414745358128,13.1123054273095
"45033","45","033",SC,South Carolina,Dillon,Dillon County,1049.143219,4.515866,28255,26.9314994257233,42454,27900,8819,31.6093189964158,12929,13101,680,13,0,615,917,11149,8809,1765,0,0,25,96,454,0,4.07211409094986
"42031","42","031",PA,Pennsylvania,Clarion,Clarion County,1556.156943,23.330899,37489,24.0907577919022,58690,36064,4942,13.7034161490683,35716,607,7,185,0,104,870,17008,13177,1524,51,40,668,250,1298,0.299858889934149,7.63170272812794
"48241","48","241",TX,Texas,Jasper,Jasper County,2431.105359,80.399907,33032,13.5872350730152,48818,31924,7291,22.8386167146974,24750,5034,66,130,8,1097,1947,12091,9692,1388,97,0,248,113,553,0.802249607145811,4.57364982218179
"42035","42","035",PA,Pennsylvania,Clinton,Clinton County,2304.129844,23.182053,37860,16.4313656622209,59011,36293,4771,13.1457856887003,35945,493,57,270,7,179,909,17268,13183,1907,61,19,652,196,1250,0.353254574936298,7.23882325689136
"24025","24","025",MD,Maryland,Harford,Harford County,1132.149296,231.888421,261059,230.587079745002,106417,259577,18524,7.13622547452201,196583,37072,265,7702,139,4490,14808,134818,105305,9769,1122,221,1214,1488,15699,0.832233084602946,11.6445875179872
"17159","17","159",IL,Illinois,Richland,Richland County,932.484078,4.874777,15716,16.853907075505,61607,15376,2113,13.7421956295525,14892,97,5,47,0,254,421,7529,6229,638,0,17,156,42,447,0,5.93704343206269
"24027","24","027",MD,Maryland,Howard,Howard County,649.957177,6.33617,332011,510.819807440945,140971,329123,17671,5.36911732088004,168563,66568,632,62582,206,9222,24238,173546,122395,9885,3850,133,1688,2060,33535,2.21843200073756,19.3234070505803
"47105","47","105",TN,Tennessee,Loudon,Loudon County,593.811373,46.869994,55507,93.4758115520297,75008,55140,6519,11.822633297062,49891,773,75,550,0,730,3488,24262,20023,1766,0,0,59,96,2318,0,9.55403511664331
"17163","17","163",IL,Illinois,St. Clair,St. Clair County,1703.526437,41.843531,256791,150.740836433523,68915,252083,34784,13.79862981637,158891,72692,917,4022,72,4098,16099,121312,95183,9630,2279,172,1727,1219,11102,1.87862701134265,9.15160907412292
"25005","25","005",MA,Massachusetts,Bristol,Bristol County,1432.54956,357.457333,576699,402.568271355303,80628,563586,62801,11.1431085938969,463728,24303,1181,13371,235,31021,42860,285132,220430,26071,5369,272,5387,2698,24905,1.88298752858325,8.73455101496851
"18063","18","063",IN,Indiana,Hendricks,Hendricks County,1053.849429,4.88078,175639,166.664226564761,95261,171762,8968,5.22117814184744,144917,14231,305,5672,42,2722,7750,91969,72549,6886,31,30,775,910,10788,0.033707009970751,11.7300394698214
"24003","24","003",MD,Maryland,Anne Arundel,Anne Arundel County,1074.343715,448.054686,588109,547.412333491428,116009,577547,33687,5.83277205145209,396379,102607,2075,23711,272,22215,40850,306689,225863,19932,7879,470,4611,3034,44900,2.56905203642778,14.640238156569
"48091","48","091",TX,Texas,Comal,Comal County,1449.171061,39.766953,165201,113.996894118216,93744,163887,9998,6.10054488763599,131280,3795,528,2145,80,6389,20984,76950,57893,5587,98,282,664,1011,11415,0.12735542560104,14.8343079922027
"48097","48","097",TX,Texas,Cooke,Cooke County,2265.789885,61.319327,41860,18.4747933941809,66374,41107,5479,13.3286301603133,34831,1336,255,369,8,925,4136,19886,15621,2196,74,57,303,327,1308,0.372121090214221,6.57749170270542
"48105","48","105",TX,Texas,Crockett,Crockett County,7270.935061,0.053329,2949,0.405587448554989,64103,2888,269,9.31440443213296,1247,11,0,0,0,1295,396,1558,1221,191,0,0,58,0,88,0,5.64826700898588
"48109","48","109",TX,Texas,Culberson,Culberson County,9873.439555,0.556134,2181,0.22089566537079,35924,2166,480,22.1606648199446,986,4,132,22,0,235,802,911,889,11,0,0,0,0,11,0,1.20746432491767
"21105","21","105",KY,Kentucky,Hickman,Hickman County,627.634138,27.735813,4491,7.1554425231089,68589,4344,726,16.7127071823204,3879,422,6,2,0,36,146,1810,1303,114,63,0,74,62,194,3.48066298342541,10.7182320441989
"21109","21","109",KY,Kentucky,Jackson,Jackson County,894.134829,3.328475,13002,14.5414310888006,38516,12830,2905,22.6422447388932,12662,28,32,10,0,11,259,4274,3182,645,83,0,128,9,227,1.94197473093121,5.31118390266729
"45043","45","043",SC,South Carolina,Georgetown,Georgetown County,2107.275248,572.929958,63594,30.1783073000818,59782,62975,10078,16.0031758634379,41926,18795,99,293,0,1141,1340,25553,19521,2668,148,14,468,417,2317,0.57918835361797,9.06742848197863
"53001","53","001",WA,Washington,Adams,Adams County,4985.698852,12.464425,20557,4.12319327946445,63105,20313,4251,20.9274848619111,10761,44,441,126,84,5940,3161,8050,5880,1313,6,7,259,159,426,0.0745341614906832,5.29192546583851
"31105","31","105",NE,Nebraska,Kimball,Kimball County,2465.517096,1.448446,3395,1.37699308818745,53151,3320,333,10.0301204819277,3059,7,48,1,0,5,275,1616,1279,152,0,0,75,27,83,0,5.13613861386139
"30009","30","009",MT,Montana,Carbon,Carbon County,5303.728455,35.213028,10645,2.00707862220295,66780,10464,1073,10.2542048929664,9999,50,68,48,12,137,331,5137,3570,540,20,30,329,115,533,0.38933229511388,10.3757056647849
"21089","21","089",KY,Kentucky,Greenup,Greenup County,892.130684,25.867697,35853,40.1880583674667,58562,35328,5323,15.0673686594203,34321,335,21,238,0,22,916,13549,11493,1207,3,0,252,93,501,0.0221418554874899,3.69768986641081
"22119","22","119",LA,Louisiana,Webster,Webster Parish,1536.68818,55.947134,36761,23.922224741782,34263,35828,9888,27.5985262922854,23275,12355,81,93,7,30,920,12853,11053,472,57,32,140,192,907,0.443476231230063,7.0567182758889
"47111","47","111",TN,Tennessee,Macon,Macon County,795.498343,0.24669,25365,31.8856729535639,51215,24979,4123,16.5058649265383,23262,178,21,97,0,362,1445,11481,9172,1603,0,0,61,222,423,0,3.68434805330546
"37129","37","129",NC,North Carolina,New Hanover,New Hanover County,497.937488,353.803887,228134,458.157912384375,67515,221999,28197,12.7014085649034,180420,27648,507,3007,34,5928,10590,115016,86793,7987,287,492,1645,838,16974,0.249530500104333,14.7579467204563
"48071","48","071",TX,Texas,Chambers,Chambers County,1546.471871,709.790251,47037,30.4156841660394,106103,46751,6406,13.7023806977391,35262,3347,46,649,0,3945,3788,21825,18043,2389,2,65,278,45,1003,0.00916380297823597,4.59564719358534
"12001","12","001",FL,Florida,Alachua,Alachua County,2267.910948,241.291892,279729,123.342144561136,57566,262950,53070,20.1825442099258,181328,54388,542,16697,164,5253,21357,130463,92468,11955,3801,2502,3352,2309,14076,2.91346971938404,10.7892659221388
"13321","13","321",GA,Georgia,Worth,Worth County,1478.083952,10.525439,20706,14.0086765518174,56496,20334,3982,19.5829644929674,14070,5294,71,179,7,25,1060,8629,7247,701,58,0,82,210,331,0.672152045428207,3.83590219028856
"41047","41","047",OR,Oregon,Marion,Marion County,3058.371467,26.476522,345815,113.07161465877,70926,336003,43663,12.9948244509722,247492,4143,4036,7155,3661,34820,44508,155647,114071,16156,2050,1240,3912,1903,16315,1.31708288627471,10.4820523363765
"42065","42","065",PA,Pennsylvania,Jefferson,Jefferson County,1689.810006,11.296015,44326,26.2313513605742,56607,43479,6133,14.1056602037765,42916,192,22,120,0,197,879,19578,15937,1525,116,36,720,322,922,0.592501787720911,4.70936765757483
"26043","26","043",MI,Michigan,Dickinson,Dickinson County,1970.845133,40.505952,25937,13.1603440400814,59651,25529,2477,9.70269105722903,24382,214,116,150,59,89,927,11750,9435,879,38,21,272,200,905,0.323404255319149,7.70212765957447
"26045","26","045",MI,Michigan,Eaton,Eaton County,1489.783241,10.942073,109072,73.2133353351368,77158,107193,8156,7.60870579235584,91615,7658,411,2487,20,1431,5450,52669,40269,4595,217,108,678,425,6377,0.412007062978222,12.1076914313923
"21121","21","121",KY,Kentucky,Knox,Knox County,1000.590554,3.676706,30207,30.1891716639172,34254,29468,10030,34.0369214062712,28973,225,43,26,17,31,892,8941,7287,874,0,0,101,20,659,0,7.37054020803042
"26059","26","059",MI,Michigan,Hillsdale,Hillsdale County,1549.207166,22.9391,45698,29.4976688740672,59425,44097,6682,15.1529582511282,43428,305,67,159,0,379,1360,19694,15168,1632,81,95,831,209,1678,0.411292779526759,8.52036153143089
"48121","48","121",TX,Texas,Denton,Denton County,2275.809217,188.980887,914870,401.997668858198,104180,903074,66977,7.41655722565371,591538,95197,5580,90293,869,34453,96940,492599,347369,38473,2560,825,5795,7222,90355,0.519692488210492,18.3425057704137
"19183","19","183",IA,Iowa,Washington,Washington County,1473.258541,5.339036,22534,15.2953465891361,71122,22106,1655,7.4866552067312,20693,91,0,91,10,861,788,11443,8981,1101,107,3,315,178,758,0.93506947478808,6.62413702700341
"47159","47","159",TN,Tennessee,Smith,Smith County,814.020543,28.690306,20034,24.611172497154,57677,19862,2950,14.8524821266741,18259,377,24,90,0,269,1015,9064,7428,659,22,10,13,274,658,0.242718446601942,7.2594880847308
"20205","20","205",KS,Kansas,Wilson,Wilson County,1477.385742,12.048762,8667,5.86644351140624,55439,8516,1387,16.286989196806,8153,18,37,2,3,18,436,3860,3241,362,15,0,82,4,156,0.38860103626943,4.04145077720207
"51087","51","087",VA,Virginia,Henrico,Henrico County,605.279581,28.879696,333120,550.357240615391,82424,329884,27770,8.41811060857756,175515,98712,662,31395,119,9267,17450,173906,125011,12965,1556,231,1170,2136,30837,0.894736236817591,17.7319931457224
"44003","44","003",RI,Rhode Island,Kent,Kent County,436.588773,50.686111,170168,389.767237555602,85732,168632,12655,7.50450685516391,149362,3440,472,5181,65,3199,8449,88403,71853,5695,966,36,965,877,8011,1.09272309763243,9.0619096636992
"42037","42","037",PA,Pennsylvania,Columbia,Columbia County,1251.53837,18.574124,64924,51.8753572053888,59457,60824,9313,15.3113902406945,60451,1204,92,674,125,489,1889,29912,23621,2148,98,20,1201,150,2674,0.3276277079433,8.93955603102434
"47101","47","101",TN,Tennessee,Lewis,Lewis County,730.614739,1.02494,12637,17.2963934690072,44613,12376,2339,18.8994828700711,11816,149,0,136,0,54,482,5176,4205,381,0,0,44,154,392,0,7.57341576506955
"27081","27","081",MN,Minnesota,Lincoln,Lincoln County,1390.265112,30.167787,5630,4.04958734230252,64750,5440,496,9.11764705882353,5415,9,6,19,3,10,168,2761,1920,281,10,8,92,9,441,0.362187613183629,15.972473741398
"47113","47","113",TN,Tennessee,Madison,Madison County,1443.073935,3.757608,98644,68.3568579596027,55280,94680,17188,18.1537811575834,55026,36681,138,998,64,2601,3136,44068,33408,4814,237,26,831,1809,2943,0.537805210129799,6.67831533085232
"29173","29","173",MO,Missouri,Ralls,Ralls County,1216.743025,36.381069,10356,8.51124665374597,62615,10285,1269,12.3383568303354,9734,184,5,10,0,99,324,4518,3697,397,0,0,132,40,252,0,5.57768924302789
"37007","37","007",NC,North Carolina,Anson,Anson County,1376.478141,14.603213,22200,16.1281166324021,42000,20225,3913,19.3473423980222,10218,10652,62,335,4,315,614,8565,6584,1394,0,35,66,44,442,0,5.16053706946877
"21059","21","059",KY,Kentucky,Daviess,Daviess County,1187.242067,46.811527,102916,86.6849338147652,64021,100089,13990,13.9775599716253,90247,4894,129,2126,345,1418,3757,46641,39565,3879,120,78,531,278,2190,0.257284363542806,4.6954396346562
"49053","49","053",UT,Utah,Washington,Washington County,6287.425943,7.782767,183297,29.1529477502746,71976,181111,15967,8.81614037800023,161313,1062,2239,1929,1100,6851,8803,77459,57221,7296,334,337,1034,820,10417,0.43119585845415,13.4484049626254
"19007","19","007",IA,Iowa,Appanoose,Appanoose County,1287.997902,49.093607,12279,9.53340062195226,50684,12129,2104,17.34685464589,11650,50,16,34,0,0,529,4916,4093,413,5,0,80,68,257,0.101708706265256,5.22782750203417
"51143","51","143",VA,Virginia,Pittsylvania,Pittsylvania County,2509.705676,23.903849,60541,24.1227489657237,52619,59197,9714,16.4096153521293,45165,11842,38,288,0,830,2378,25257,21688,1682,64,24,319,455,1025,0.253395098388566,4.05828087262937
"42069","42","069",PA,Pennsylvania,Lackawanna,Lackawanna County,1188.509486,15.908159,215672,181.464264728637,63739,207878,27010,12.9931979334032,183886,5837,161,6193,106,4854,14635,100713,76949,10053,972,101,3161,1149,8328,0.965118703643025,8.26904173244765
"42071","42","071",PA,Pennsylvania,Lancaster,Lancaster County,2444.751632,103.368819,553202,226.281472833065,81458,540062,44195,8.18331969292415,466989,22284,930,13133,112,20123,29631,274411,203373,28928,2222,2059,9586,3352,24891,0.809734303654008,9.07070051856522
"29099","29","099",MO,Missouri,Jefferson,Jefferson County,1699.707557,20.268873,226984,133.542972769168,77217,224204,18549,8.2732689871724,207690,2278,241,2250,62,1301,13162,113879,94210,7787,168,23,886,1005,9800,0.147525004610156,8.60562526892579
"29221","29","221",MO,Missouri,Washington,Washington County,1968.043965,6.791224,23580,11.9814396524419,49364,22487,4182,18.5974118379508,21942,393,0,22,35,102,1086,9003,7333,1099,35,0,94,129,313,0.388759302454737,3.47661890480951
"42077","42","077",PA,Pennsylvania,Lehigh,Lehigh County,894.428155,7.453836,374110,418.26724472912,74973,364847,43587,11.946651610127,259995,26088,1116,12550,114,30714,43533,180104,135831,15620,2876,190,4386,2350,18851,1.59685515035757,10.466730333585
"21133","21","133",KY,Kentucky,Letcher,Letcher County,875.244021,2.847896,21490,24.5531525887453,38466,20965,6082,29.0102551872168,20950,141,8,43,0,50,298,6866,5007,790,27,0,272,162,608,0.393242062336149,8.85522866297699
"26075","26","075",MI,Michigan,Jackson,Jackson County,1817.904856,55.933446,160637,88.3638103885454,62581,150865,18276,12.1141417823882,136045,12611,393,1296,20,1193,9079,68511,55468,5262,236,109,1371,523,5542,0.344470231057786,8.08921195136547
"21143","21","143",KY,Kentucky,Lyon,Lyon County,553.700579,110.705475,8721,15.7503898871668,64081,7267,724,9.96284574102105,7856,563,46,62,9,29,156,3086,2728,123,0,0,73,24,138,0,4.47180816591056
"27023","27","023",MN,Minnesota,Chippewa,Chippewa County,1505.361877,17.23835,12466,8.28106529763009,62112,12195,1368,11.2177121771218,10807,142,170,154,191,750,252,5806,4619,563,15,8,207,14,380,0.258353427488805,6.54495349638305
"21145","21","145",KY,Kentucky,McCracken,McCracken County,644.351557,49.602861,67573,104.86977064913,58490,66209,10045,15.1716534005951,56261,7077,153,658,8,357,3059,29475,24733,1892,174,71,480,462,1663,0.590330788804071,5.6420695504665
"49011","49","011",UT,Utah,Davis,Davis County,841.010631,804.180535,363032,431.661606427422,101285,360353,21786,6.04573848420854,317232,4526,1474,6627,2839,7464,22870,178241,132599,14321,2236,500,2175,1050,25360,1.25448129218306,14.227927356781
"51003","51","003",VA,Virginia,Albemarle,Albemarle County,1866.014148,14.223772,112513,60.2958986782559,97708,104000,7378,7.09423076923077,88455,9966,125,6319,34,1789,5825,53838,36753,4135,1107,231,1356,540,9716,2.05616850551655,18.0467327909655
"30031","30","031",MT,Montana,Gallatin,Gallatin County,6747.831012,73.615974,119685,17.7368105080222,83434,115388,12231,10.5998890699206,109207,525,925,1673,3,1627,5725,67336,45929,5495,326,1460,3704,643,9779,0.484139242010217,14.5226921706071
"55075","55","075",WI,Wisconsin,Marinette,Marinette County,3624.598414,389.877403,41827,11.5397611604208,60347,40810,3939,9.65204606714041,39938,189,149,145,2,213,1191,18739,15430,1442,42,57,496,194,1078,0.224131490474412,5.7527082555099
"30003","30","003",MT,Montana,Big Horn,Big Horn County,12944.280256,47.395459,13090,1.01125746206959,52463,12792,3292,25.7348342714196,3835,0,8525,28,0,0,702,4664,3289,634,1,0,154,58,528,0.0214408233276158,11.3207547169811
"06005","06","005",CA,California,Amador,Amador County,1539.967071,29.43712,40577,26.3492647109985,74853,37571,2945,7.83849245428655,32583,706,480,519,15,2095,4179,15508,11686,1298,28,73,226,111,2086,0.180551973175135,13.4511220015476
"48073","48","073",TX,Texas,Cherokee,Cherokee County,2727.140694,23.874005,50824,18.6363688942848,56971,47337,7847,16.5768848891987,35699,6678,643,248,30,2220,5306,19699,14776,2713,71,29,193,190,1727,0.360424387024722,8.76694248439007
"29119","29","119",MO,Missouri,McDonald,McDonald County,1397.155454,0.520251,23381,16.7347161928625,46494,23132,3912,16.9116375583607,17738,459,364,242,743,702,3133,9528,7581,987,4,0,111,75,770,0.0419815281276238,8.08144416456759
"42087","42","087",PA,Pennsylvania,Mifflin,Mifflin County,1064.581425,9.50756,46146,43.3466139050848,58012,45396,7571,16.6776808529386,43747,285,80,143,26,262,1603,21056,16951,2385,43,24,319,214,1120,0.204217325227964,5.31914893617021
"22117","22","117",LA,Louisiana,Washington,Washington Parish,1734.352072,16.140411,45514,26.2426532275622,41803,43715,10294,23.5479812421366,29963,13814,115,51,0,228,1343,16324,12716,1899,108,4,243,887,467,0.661602548395001,2.86081842685616
"38105","38","105",ND,North Dakota,Williams,Williams County,5380.95939,181.836633,39076,7.26190204531538,86139,38641,2865,7.41440438912036,31579,2030,826,420,29,1739,2453,19950,17130,1511,38,1,499,183,588,0.19047619047619,2.94736842105263
"37051","37","051",NC,North Carolina,Cumberland,Cumberland County,1690.118408,15.331092,335207,198.333441262655,55551,318270,55872,17.554906211707,151226,124680,4085,8339,1258,13663,31956,153731,120086,15208,688,162,6759,2346,8482,0.447534979932479,5.51742979620246
"21157","21","157",KY,Kentucky,Marshall,Marshall County,782.500004,98.537659,31706,40.5188496331305,64597,30911,3744,12.112193070428,30654,219,86,73,3,114,557,13664,10902,1543,7,0,177,256,779,0.0512295081967213,5.70111241217799
"26081","26","081",MI,Michigan,Kent,Kent County,2198.720086,59.599778,657321,298.956199193061,76247,646561,69388,10.7318567002959,495992,63470,2729,20592,204,21501,52833,336075,255545,27681,5350,1288,6838,2931,36442,1.5919065684743,10.8434129286618
"26083","26","083",MI,Michigan,Keweenaw,Keweenaw County,1398.883242,14053.673396,2088,1.4926192103172,55560,2084,163,7.8214971209213,2012,0,8,0,0,0,68,774,558,66,1,0,24,17,108,0.129198966408269,13.953488372093
"27055","27","055",MN,Minnesota,Houston,Houston County,1429.966786,43.313922,18826,13.1653407507886,71580,18588,1337,7.19281256724769,17796,107,40,93,0,64,726,9853,7661,819,17,7,216,100,1033,0.172536283365472,10.4841165127372
"45051","45","051",SC,South Carolina,Horry,Horry County,2934.866247,314.858214,356578,121.497189306154,59880,350198,45882,13.1017310207368,282022,44046,1174,4662,29,7060,17585,152128,121076,12228,608,325,1485,3132,13274,0.399663441312579,8.72554690786706
"30043","30","043",MT,Montana,Jefferson,Jefferson County,4291.603026,6.256292,12273,2.85977056257207,73875,12047,609,5.05520046484602,11437,37,140,49,0,75,535,5433,3992,700,33,5,153,21,529,0.607399226946438,9.73679366832321
"47155","47","155",TN,Tennessee,Sevier,Sevier County,1534.599867,13.427921,98455,64.1567890869627,60103,96769,12864,13.2935134185535,89260,924,194,1202,35,2871,3969,45941,35921,5538,275,81,715,170,3241,0.598593848631941,7.05470059424044
"22015","22","015",LA,Louisiana,Bossier,Bossier Parish,2174.49155,70.806182,128877,59.2676481083589,64598,126478,21074,16.6621863090814,86183,30766,682,2589,63,1957,6637,57584,48124,3936,625,37,528,817,3517,1.08537093637121,6.1075993331481
"35003","35","003",NM,New Mexico,Catron,Catron County,17933.561654,14.193499,3635,0.202692586678075,44777,3594,756,21.0350584307179,3228,17,81,0,0,62,247,961,486,144,0,0,79,60,192,0,19.9791883454735
"21075","21","075",KY,Kentucky,Fulton,Fulton County,533.360972,64.08232,6480,12.149370389253,35449,5965,1633,27.3763621123219,4601,1531,28,0,60,0,260,2160,1758,255,0,0,47,9,91,0,4.21296296296296
"35045","35","045",NM,New Mexico,San Juan,San Juan County,14289.565202,54.893423,121798,8.52356235324451,50734,120222,29458,24.5030027781937,54808,909,48128,969,28,8185,8771,44516,37136,3752,93,61,1130,209,2135,0.20891364902507,4.7960283942852
"24011","24","011",MD,Maryland,Caroline,Caroline County,827.350253,16.777065,33320,40.2731489827682,65326,32727,4228,12.9189965471934,25025,4565,363,153,0,1067,2147,15769,12855,1114,57,0,432,467,844,0.361468704420065,5.35227344790412
"29127","29","127",MO,Missouri,Marion,Marion County,1131.623305,19.113754,28525,25.2071514204102,62492,27333,3870,14.1587092525519,25628,1555,74,198,10,26,1034,13135,10400,1267,18,0,405,189,856,0.137038446897602,6.51693947468595
"47107","47","107",TN,Tennessee,McMinn,McMinn County,1113.997311,5.340568,53532,48.0539759579366,57982,52123,7109,13.6388926193811,48210,1864,59,421,0,444,2534,22261,19123,1780,0,0,204,72,1082,0,4.86051839540003
"51149","51","149",VA,Virginia,Prince George,Prince George County,687.232241,42.745198,42634,62.037252411154,80318,36712,3040,8.28067117018958,23798,13255,235,754,182,827,3583,19827,14842,1397,14,38,1185,328,2023,0.0706107832753316,10.2032581832854
"22055","22","055",LA,Louisiana,Lafayette,Lafayette Parish,696.257603,1.149127,243175,349.260099928848,66617,237978,40006,16.8107976367563,160322,62497,283,4485,118,2900,12570,116494,97484,5702,642,224,2041,1263,9138,0.551101344275242,7.84418081617937
"42095","42","095",PA,Pennsylvania,Northampton,Northampton County,957.745648,19.058424,314299,328.165417046092,82201,302042,27768,9.19342343117845,248000,18068,411,9536,119,15928,22237,153491,118737,9445,1975,363,3370,2455,17146,1.28672039402962,11.170687532168
"49035","49","035",UT,Utah,Salt Lake,Salt Lake County,1949.876462,136.855044,1180643,605.49630861691,90011,1164763,94306,8.09658273829097,880344,21531,10243,49060,18674,106540,94251,619466,425229,62275,15727,3545,11700,6057,94933,2.53879954670636,15.3249734448703
"26105","26","105",MI,Michigan,Mason,Mason County,1281.963206,1935.616622,29178,22.7604036242519,60744,28830,3944,13.6801942421089,27038,323,142,148,0,286,1241,12200,9518,1463,15,8,190,66,940,0.122950819672131,7.70491803278689
"54087","54","087",WV,West Virginia,Roane,Roane County,1252.422375,0.404682,14027,11.1998957220802,41299,13907,2931,21.0757172646868,13529,12,15,74,0,22,375,4125,3227,404,0,0,65,6,423,0,10.2545454545455
"54089","54","089",WV,West Virginia,Summers,Summers County,933.921629,18.478895,11985,12.8329825842378,42991,11097,2351,21.1859061007479,11190,565,17,0,0,10,203,3356,2682,257,0,0,156,30,231,0,6.88319427890346
"37193","37","193",NC,North Carolina,Wilkes,Wilkes County,1952.016294,6.854041,66125,33.8752295271568,49119,65006,11148,17.1491862289635,58549,2446,157,297,272,1356,3048,28177,22940,2645,31,0,266,155,2140,0.110018809667459,7.59484686091493
"55027","55","027",WI,Wisconsin,Dodge,Dodge County,2268.049871,81.331258,89032,39.2548687479897,71747,85066,6485,7.62349234711871,81061,2287,253,560,47,878,3946,46378,37541,3753,25,75,1574,394,3016,0.0539048686877399,6.50308335848894
"48439","48","439",TX,Texas,Tarrant,Tarrant County,2240.985259,99.783487,2113854,943.269926257021,78872,2083760,229643,11.0206069796906,1178474,364924,11409,122753,4291,179652,252351,1050372,797802,101846,4054,1282,11052,12364,121972,0.385958498512908,11.6122668921106
"30059","30","059",MT,Montana,Meagher,Meagher County,6194.909925,7.475979,1948,0.314451706898708,55753,1857,223,12.0086160473883,1799,1,91,5,0,1,51,1007,691,139,0,2,40,13,122,0,12.1151936444886
"05091","05","091",AR,Arkansas,Miller,Miller County,1616.257228,36.848741,42682,26.4079252117659,47613,41385,8496,20.5291772381298,29222,10753,371,148,0,1106,1082,15949,13380,1654,92,0,194,217,412,0.576838673271051,2.58323405856167
"47179","47","179",TN,Tennessee,Washington,Washington County,845.75603,8.48527,133282,157.589180889435,58507,128603,20237,15.7360248205718,118530,4931,261,2094,0,1677,5789,61983,51281,3961,167,35,911,836,4792,0.269428714324896,7.73115209008922
"16075","16","075",ID,Idaho,Payette,Payette County,1053.849237,8.87216,25571,24.2643815663739,62721,25233,2663,10.5536400745056,21228,20,224,201,5,1374,2519,10627,9149,695,0,46,214,74,449,0,4.22508704243907
"17115","17","115",IL,Illinois,Macon,Macon County,1503.684113,13.406665,103542,68.858877409713,59622,100253,15510,15.4708587274196,78722,17634,32,1400,69,873,4812,44302,36640,3271,451,62,824,335,2719,1.01801273080222,6.13742043248612
"22081","22","081",LA,Louisiana,Red River,Red River Parish,1007.453088,34.259705,7631,7.57454624031089,43821,7269,1800,24.7626908790755,4398,2979,0,0,0,13,241,2849,2662,93,6,0,39,29,20,0.210600210600211,0.702000702000702
"37065","37","065",NC,North Carolina,Edgecombe,Edgecombe County,1309.073902,3.706145,49067,37.4822230624532,46370,48331,10652,22.0396846744326,18815,27597,131,108,42,1055,1319,20021,15876,1935,196,12,350,432,1220,0.978972079316717,6.09360171819589
"24015","24","015",MD,Maryland,Cecil,Cecil County,896.912534,185.281256,103876,115.815083480593,86869,102465,10341,10.0922266139657,87741,7058,109,1400,36,2107,5425,49384,38294,5108,314,41,825,565,4237,0.635833468329823,8.57970192774988
"17119","17","119",IL,Illinois,Madison,Madison County,1853.175882,63.522162,265512,143.274042458103,71759,260227,31245,12.0068248106461,225706,22743,377,2547,35,2092,12012,127321,103111,8274,1130,99,1098,941,12668,0.88752051900315,9.94965480949726
"22111","22","111",LA,Louisiana,Union,Union Parish,2271.19416,73.615328,21049,9.26781178408807,47068,20529,5507,26.8254664133665,14805,5080,29,6,6,518,605,7984,6770,815,37,0,99,33,230,0.463426853707415,2.88076152304609
"37199","37","199",NC,North Carolina,Yancey,Yancey County,809.610024,1.524558,18538,22.8974437697921,53103,18395,2811,15.2813264474042,17253,82,19,67,8,436,673,7632,6252,540,6,0,70,206,558,0.0786163522012579,7.31132075471698
"36005","36","005",NY,New York,Bronx,Bronx County,109.235674,39.353304,1443229,13212.0666001475,47036,1411574,379925,26.9149899332235,258727,491689,14119,56630,1726,462156,158182,564284,133425,24890,309995,2656,41506,13358,38454,54.935989678956,6.81465361413756
"23029","23","029",ME,Maine,Washington,Washington County,6637.438306,1799.878157,31096,4.68493996725971,51669,30087,5276,17.5358128095191,27591,315,1522,129,12,169,1358,12356,9422,1420,12,6,406,56,1034,0.0971188086759469,8.36840401424409
"48045","48","045",TX,Texas,Briscoe,Briscoe County,2330.991073,4.068657,1290,0.553412672807778,35446,1277,311,24.3539545810493,1043,54,0,0,0,56,137,496,312,84,0,0,11,29,60,0,12.0967741935484
"55047","55","047",WI,Wisconsin,Green Lake,Green Lake County,905.314775,79.202662,19093,21.0899021282404,66395,18726,2393,12.7790238171526,17932,204,41,125,21,216,554,8845,6763,745,34,24,298,99,882,0.38439796495195,9.97173544375353
"27039","27","039",MN,Minnesota,Dodge,Dodge County,1138.031312,0.804838,20893,18.3588973165266,92890,20619,1018,4.93719385033222,19196,161,75,114,0,690,657,11295,8695,1179,79,21,143,66,1112,0.699424524125719,9.84506418769367
"26121","26","121",MI,Michigan,Muskegon,Muskegon County,1305.130153,2476.314283,175947,134.81184201864,61347,169672,21923,12.9208119194682,137379,23050,1239,1334,40,1329,11576,75385,63131,6819,121,95,787,528,3904,0.160509385156198,5.17874908801486
"21189","21","189",KY,Kentucky,Owsley,Owsley County,511.268801,2.299985,4054,7.92929275572988,32844,3866,1114,28.8153129849974,3705,54,0,6,0,73,216,1091,845,134,0,0,22,45,45,0,4.12465627864345
"26127","26","127",MI,Michigan,Oceana,Oceana County,1393.68639,1988.709489,26707,19.1628476762265,60691,26257,3657,13.9277145142248,24049,243,247,25,9,613,1521,11214,8844,1385,11,4,261,105,604,0.098091671125379,5.38612448724808
"37125","37","125",NC,North Carolina,Moore,Moore County,1806.810673,20.885268,100759,55.7662191759701,77981,99021,9380,9.47273810605831,79661,10370,513,1276,85,3133,5721,44256,33851,3358,45,30,461,1743,4768,0.101681127982646,10.7736804049168
"47165","47","165",TN,Tennessee,Sumner,Sumner County,1371.278942,38.053791,196845,143.548474326385,81883,194764,18315,9.40368856667557,162426,16573,287,3068,159,4884,9448,98077,75858,8231,138,90,649,1163,11948,0.140705771995473,12.1822649550863
"21219","21","219",KY,Kentucky,Todd,Todd County,969.982839,6.587918,12281,12.6610487384097,57891,12058,2548,21.1311992038481,10560,987,4,13,0,361,356,4967,3550,649,0,100,69,133,466,0,9.38192067646467
"21221","21","221",KY,Kentucky,Trigg,Trigg County,1143.304981,103.337186,14154,12.3798988329607,55864,14065,2556,18.1727692854604,12457,896,0,42,0,64,695,5676,4581,491,7,0,60,86,451,0.123326286116984,7.94573643410853
"47181","47","181",TN,Tennessee,Wayne,Wayne County,1901.333937,4.023436,16325,8.58607721784961,49360,14444,2837,19.6413735807256,14645,786,15,22,24,127,706,6155,5316,503,6,0,10,12,308,0.0974817221770918,5.00406173842405
"47183","47","183",TN,Tennessee,Weakley,Weakley County,1503.107797,3.707114,32946,21.9185876526991,47769,30653,5796,18.9084265814113,28807,2593,130,390,18,196,812,14011,11290,993,57,22,327,619,703,0.406823210334737,5.01748626079509
"48047","48","047",TX,Texas,Brooks,Brooks County,2443.277014,0.741627,7059,2.88915254371562,30566,6551,2176,33.216302854526,4281,44,0,0,10,706,2018,2951,2529,332,0,0,28,0,62,0,2.10098271772281
"47187","47","187",TN,Tennessee,Williamson,Williamson County,1509.613353,3.011572,248897,164.87466774547,125943,247809,10337,4.17135777958024,210242,9729,497,12808,59,2660,12902,125974,88939,6317,200,28,738,1426,28326,0.158762919332561,22.4855922650706
"56019","56","019",WY,Wyoming,Johnson,Johnson County,10759.204099,52.952166,8536,0.793367234365725,60667,8407,1401,16.664684191745,7868,16,187,57,0,241,167,3948,2881,248,22,1,256,0,540,0.557244174265451,13.677811550152
"55095","55","095",WI,Wisconsin,Polk,Polk County,2368.076576,109.02697,45128,19.0568161762012,74142,44540,3709,8.32734620565784,42875,216,239,173,13,231,1381,21893,17788,1514,18,38,421,178,1936,0.0822180605673046,8.84300918101676
"47121","47","121",TN,Tennessee,Meigs,Meigs County,505.397668,55.738399,12839,25.4037578978303,59434,12725,1964,15.434184675835,11708,306,7,67,0,57,694,4807,3715,692,23,12,10,30,325,0.478468899521531,6.76097358019555
"17127","17","127",IL,Illinois,Massac,Massac County,614.21833,12.784614,14135,23.0129895341938,57365,13823,1901,13.7524415828691,12484,934,0,56,0,33,628,5704,4722,609,4,2,28,56,283,0.0701262272089762,4.96143057503506
"24019","24","019",MD,Maryland,Dorchester,Dorchester County,1400.573748,1145.353067,32557,23.2454735400338,57490,32157,4951,15.396336722953,20381,8342,4,438,0,1269,2123,14681,11806,1530,52,44,159,89,1001,0.35419930522444,6.81833662557047
"06085","06","085",CA,California,Santa Clara,Santa Clara County,3343.892723,33.59585,1916831,573.233401542948,153792,1886562,129834,6.88204257267983,693455,45838,12641,746381,6993,192570,218953,975427,622015,86718,28500,13721,20846,13797,189830,2.92179732568403,19.4612205731439
"36019","36","019",NY,New York,Clinton,Clinton County,2687.763026,206.581998,79839,29.7046276876643,67097,73526,9586,13.0375649430134,72093,2845,222,1151,31,1213,2284,35098,27578,3303,58,95,1495,323,2246,0.165251581286683,6.39922502706707
"42043","42","043",PA,Pennsylvania,Dauphin,Dauphin County,1359.407361,86.04735,286108,210.465242581543,71046,281414,34256,12.1728130085923,190327,52798,769,16319,335,9645,15915,142055,103894,11216,2126,432,4622,2888,16877,1.49660342824962,11.8806096230333
"30039","30","039",MT,Montana,Granite,Granite County,4473.328971,14.546367,3368,0.752906844507591,53917,3285,431,13.1202435312024,3156,0,24,30,1,0,157,1282,823,153,0,5,134,32,135,0,10.5304212168487
"26159","26","159",MI,Michigan,Van Buren,Van Buren County,1574.177247,1248.660328,75636,48.0479565716909,65531,74828,10591,14.1537926979206,63162,2559,421,472,7,3127,5888,33874,26529,3512,84,90,756,151,2752,0.247977800082659,8.12422506937474
"17045","17","045",IL,Illinois,Edgar,Edgar County,1614.400673,1.565052,16852,10.4385486712443,56687,16494,1946,11.79822965927,16292,113,6,66,2,139,234,7409,6319,543,40,12,165,50,280,0.539883924956134,3.77918747469294
"17067","17","067",IL,Illinois,Hancock,Hancock County,2055.798714,53.56336,17582,8.55239371455313,61026,17332,2272,13.1087006692823,16850,127,19,56,3,93,434,8112,6770,456,21,0,202,51,612,0.25887573964497,7.54437869822485
"27011","27","011",MN,Minnesota,Big Stone,Big Stone County,1292.738453,74.945834,5161,3.99230021202131,63024,4994,523,10.4725670804966,4931,7,17,39,0,62,105,2256,1763,138,26,2,125,18,184,1.15248226950355,8.15602836879433
"06009","06","009",CA,California,Calaveras,Calaveras County,2641.83736,43.789489,45674,17.2887251469561,77526,45223,5915,13.0796276231121,37974,450,592,896,37,1529,4196,17014,12451,1649,69,26,359,168,2292,0.405548371929,13.4712589632068
"45075","45","075",SC,South Carolina,Orangeburg,Orangeburg County,2865.498666,55.708305,84159,29.3697571730086,41020,80882,20224,25.00432729161,29059,51746,289,608,134,516,1807,31563,26485,2541,44,52,379,291,1771,0.139403732218103,5.61100022177866
"56039","56","039",WY,Wyoming,Teton,Teton County,10351.790287,570.858887,23346,2.25526207088241,108279,23230,1606,6.91347395609126,19424,147,29,302,16,2365,1063,14567,8731,896,597,505,1608,197,2033,4.09830438662731,13.9562023752317
"45077","45","077",SC,South Carolina,Pickens,Pickens County,1287.064283,40.963637,131106,101.864375953629,57628,123400,20880,16.9205834683955,113243,8190,183,2352,139,2067,4932,58591,46457,4777,546,128,1229,624,4830,0.931883736410029,8.24358689901179
"37147","37","147",NC,North Carolina,Pitt,Pitt County,1689.620174,8.247778,171196,101.322180354127,54915,164618,32978,20.0330462039388,93580,60117,683,2967,62,7042,6745,80221,62584,7278,607,60,1721,654,7317,0.756659727502774,9.12105309083656
"47133","47","133",TN,Tennessee,Overton,Overton County,1122.727661,3.486591,22576,20.1081711836438,46580,22229,3840,17.2747312069819,21731,283,32,57,9,15,449,9977,8353,854,10,0,53,84,623,0.100230530219505,6.24436203267515
"24041","24","041",MD,Maryland,Talbot,Talbot County,695.561637,539.363457,37663,54.147609638799,81667,37175,3460,9.30733019502354,29600,4593,194,488,0,668,2120,16883,12228,1314,117,177,479,192,2376,0.693004797725523,14.0733281999645
"47139","47","139",TN,Tennessee,Polk,Polk County,1125.622665,19.906879,17620,15.6535582907794,53775,17264,2222,12.8707136237257,16164,72,51,37,0,108,1188,7143,5810,806,9,0,69,28,421,0.125997480050399,5.89388212235755
"37159","37","159",NC,North Carolina,Rowan,Rowan County,1325.062504,31.9682,147067,110.988726611798,59717,142790,23443,16.4178163736956,108005,23543,828,1581,29,5209,7872,65043,52296,6788,201,124,771,679,4184,0.309026336423597,6.43266761988223
"21005","21","005",KY,Kentucky,Anderson,Anderson County,523.849802,5.244774,23839,45.5073189089418,69885,23634,3160,13.3705678260134,22366,728,0,28,14,114,589,10865,8936,798,5,0,70,118,938,0.0460193281178095,8.63322595490106
"35013","35","013",NM,New Mexico,Doña Ana,Doña Ana County,9863.163862,17.59425,219870,22.292035606049,51232,214116,48732,22.7596256234938,128908,4084,2717,2588,384,40723,40466,91502,70436,10128,263,586,2057,1203,6829,0.287425411466416,7.46322484754432
"34021","34","021",NJ,New Jersey,Mercer,Mercer County,581.395408,11.337168,383732,660.018972836469,92697,365993,41079,11.2239851581861,206314,75624,1020,46762,99,26949,26964,181170,114962,18557,9405,1221,6480,2304,28241,5.19125683060109,15.5881216536954
"38051","38","051",ND,North Dakota,McIntosh,McIntosh County,2524.106808,51.795568,2529,1.00193858357518,64375,2414,329,13.6288318144159,2353,16,14,18,0,90,38,1293,975,70,0,6,96,8,138,0,10.6728538283063
"35017","35","017",NM,New Mexico,Grant,Grant County,10259.478771,15.294669,28006,2.72976830744689,44895,27068,5538,20.45958327176,20006,256,303,238,0,1444,5759,9731,7081,1168,30,0,184,5,1263,0.308293083958483,12.9791388346521
"21013","21","013",KY,Kentucky,Bell,Bell County,929.803436,5.484276,24248,26.0786302364234,33658,23401,6153,26.2937481304218,22897,469,49,28,0,48,757,6848,5126,1118,3,9,296,5,291,0.0438084112149533,4.24941588785047
"37057","37","057",NC,North Carolina,Davidson,Davidson County,1432.729886,37.602681,169498,118.304225839259,58473,167555,23343,13.9315448658649,137816,16348,329,2652,30,2697,9626,75568,60665,7527,107,18,687,721,5843,0.141594325640483,7.73210882913402
"23005","23","005",ME,Maine,Cumberland,Cumberland County,2165.736308,987.475618,303357,140.071069076799,87710,294808,21265,7.21316924913842,269937,9630,524,6576,98,2187,14405,164899,111388,12827,1375,827,8920,2035,27527,0.833843746778331,16.6932485945943
"27015","27","015",MN,Minnesota,Brown,Brown County,1582.765944,18.533953,25880,16.3511226016119,67038,24810,1918,7.73075372833535,24403,219,79,141,2,352,684,13314,10895,810,59,36,431,53,1030,0.443142556707225,7.73621751539733
"45079","45","079",SC,South Carolina,Richland,Richland County,1961.418134,37.932713,416161,212.173525260168,59850,387564,65215,16.8268982671249,176478,196789,869,12021,474,10183,19347,202979,149034,17181,2184,286,13049,3908,17337,1.0759733765562,8.54127766911848
"51065","51","065",VA,Virginia,Fluvanna,Fluvanna County,743.630407,10.747024,27442,36.9027405841407,90766,25778,1561,6.05555124524789,21205,3559,33,381,23,529,1712,13164,9963,1212,90,0,120,231,1548,0.683682771194166,11.7593436645397
"45087","45","087",SC,South Carolina,Union,Union County,1330.177796,4.792745,27158,20.4168195271845,42305,26722,5624,21.0463288675997,17688,7915,43,37,0,112,1363,10591,8729,1341,19,8,137,133,224,0.179397601737324,2.11500330469266
"56033","56","033",WY,Wyoming,Sheridan,Sheridan County,6535.475074,7.98633,31176,4.77027295598251,68898,30333,2633,8.68031516829855,29042,88,403,328,0,418,897,15372,12040,1380,0,70,446,82,1354,0,8.80822274264897
"51089","51","089",VA,Virginia,Henry,Henry County,990.284625,5.269785,50760,51.2579906004297,43694,49816,8035,16.1293560301911,35943,11636,23,249,0,1364,1545,19464,16299,1627,37,0,148,246,1107,0.190094533497739,5.68742293464858
"21015","21","015",KY,Kentucky,Boone,Boone County,637.8303,26.513521,136150,213.458031078172,91697,134670,7725,5.73624415237247,119240,4889,261,3156,275,2674,5655,69275,55297,5116,272,29,273,953,7335,0.392638036809816,10.5882352941176
"28081","28","081",MS,Mississippi,Lee,Lee County,1165.404272,8.314455,83343,71.5142393093956,64479,82056,11039,13.4530077020571,53608,24847,106,858,166,1989,1769,38045,33624,2398,54,55,69,230,1615,0.141937179655671,4.24497305822053
"18177","18","177",IN,Indiana,Wayne,Wayne County,1040.539271,6.701976,66522,63.9303117661957,54854,63855,10246,16.0457286038681,58609,2889,272,715,3,943,3091,29789,23648,3093,71,1,916,439,1621,0.238343012521401,5.44160596193226
"17101","17","101",IL,Illinois,Lawrence,Lawrence County,963.938126,5.076516,15302,15.8744628802036,55811,13421,1840,13.7098576857164,13195,1228,34,67,0,121,657,5958,4919,488,6,2,212,26,305,0.100704934541793,5.11916750587445
"22115","22","115",LA,Louisiana,Vernon,Vernon Parish,3436.208063,35.118476,48452,14.1004267237819,56547,46492,8390,18.0461154607244,36306,6500,599,867,191,966,3023,20966,16980,1762,38,23,763,424,976,0.181245826576362,4.6551559668034
"31111","31","111",NE,Nebraska,Lincoln,Lincoln County,6641.092845,28.436694,34532,5.19974660887308,63019,33709,3699,10.9733305645377,30789,420,389,282,20,977,1655,16387,14218,969,45,118,314,200,523,0.274607920912919,3.19155428083237
"26029","26","029",MI,Michigan,Charlevoix,Charlevoix County,1078.288793,2522.931117,26174,24.2736455854086,69764,25828,2230,8.63404057611894,24621,139,248,109,2,164,891,12426,9482,1332,87,63,239,155,1068,0.700144857556736,8.594881699662
"55065","55","065",WI,Wisconsin,Lafayette,Lafayette County,1640.985431,2.53901,16716,10.186562101172,69293,16571,1744,10.5244101140547,15877,80,31,110,0,115,503,8303,6430,569,5,0,324,104,871,0.0602191978802842,10.4901842707455
"36047","36","047",NY,New York,Kings,Kings County,179.684484,71.158757,2679620,14912.9181348791,74692,2653797,503524,18.9737195422257,1082004,803621,14503,321110,1460,261596,195326,1222797,221951,48795,620228,25588,104158,23869,178208,50.722074064624,14.5738008843659
"51169","51","169",VA,Virginia,Scott,Scott County,1387.786258,8.105326,21536,15.5182398412249,44535,20729,3523,16.9955135317671,20899,252,22,23,33,14,293,7808,6642,589,37,0,86,70,384,0.473872950819672,4.91803278688525
"39069","39","069",OH,Ohio,Henry,Henry County,1077.461417,9.687647,27601,25.6166945419262,71616,27139,2581,9.51029883193928,25032,151,123,50,46,1085,1114,13385,11366,986,29,31,194,43,736,0.216660440791931,5.49869256630557
"21019","21","019",KY,Kentucky,Boyd,Boyd County,414.05181,5.571591,48242,116.511989163868,58327,46345,8071,17.4150393785737,44883,985,15,159,16,579,1605,18840,15601,1625,9,0,489,187,929,0.0477707006369427,4.93099787685775
"40047","40","047",OK,Oklahoma,Garfield,Garfield County,2741.521326,4.07593,62456,22.7815116401542,64165,60446,8463,14.0009264467459,48134,1315,1270,766,2730,2919,5322,28409,22210,4109,72,119,366,276,1257,0.253440811010595,4.42465415889331
"40073","40","073",OK,Oklahoma,Kingfisher,Kingfisher County,2326.031241,20.586906,15290,6.57342847786798,65167,15035,1838,12.2248087795145,12636,100,289,228,41,450,1546,6850,5748,592,3,4,107,15,381,0.0437956204379562,5.56204379562044
"40103","40","103",OK,Oklahoma,Noble,Noble County,1895.123224,28.103707,10981,5.79434617281647,66813,10706,1155,10.7883429852419,8859,124,809,22,9,202,956,4712,3646,763,0,0,113,25,165,0,3.50169779286927
"21027","21","027",KY,Kentucky,Breckinridge,Breckinridge County,1475.580278,41.098823,20528,13.9118151049183,51756,20129,4734,23.5183069203637,19435,346,0,0,4,118,625,7611,6134,876,83,18,138,197,165,1.09052686900539,2.16791486007095
"41049","41","049",OR,Oregon,Morrow,Morrow County,5259.046091,44.37273,12140,2.30840342334623,64975,12095,2020,16.701116163704,8492,81,115,89,48,1485,1830,4900,3827,516,40,0,198,74,245,0.816326530612245,5
"42013","42","013",PA,Pennsylvania,Blair,Blair County,1360.498258,3.294803,122640,90.1434450789278,59386,119234,15739,13.2000939329386,115276,2329,79,688,21,353,3894,56376,46228,4481,415,90,1691,380,3091,0.736128849155669,5.48282957286789
"53003","53","003",WA,Washington,Asotin,Asotin County,1647.427909,11.291731,22370,13.5787428862843,63724,22154,3564,16.0873882820258,20236,167,271,261,0,269,1166,9300,7319,712,11,22,230,29,977,0.118279569892473,10.505376344086
"41067","41","067",OR,Oregon,Washington,Washington County,1875.855586,6.118186,599541,319.609358244063,100121,594027,48495,8.1637703336717,412135,13785,4558,65752,3116,37095,63100,312020,204127,24077,12682,1909,7486,3280,58459,4.06448304595859,18.7356579706429
"55133","55","133",WI,Wisconsin,Waukesha,Waukesha County,1423.770012,79.817289,407290,286.064460247952,101639,402684,19932,4.9497869297017,362828,6480,737,15778,117,4546,16804,215530,170435,11888,617,317,2314,1530,28429,0.286271052753677,13.190275135712
"45089","45","089",SC,South Carolina,Williamsburg,Williamsburg County,2419.47755,7.461492,30879,12.7626726687338,40848,29328,6901,23.5304146208402,9893,19644,102,244,0,737,259,11755,9762,1017,131,0,58,145,642,1.1144193960017,5.46150574223735
"29023","29","023",MO,Missouri,Butler,Butler County,1799.41088,11.191324,42280,23.4965790581415,47245,41296,8718,21.1110034870205,37092,2166,148,82,29,589,2174,17147,13612,2333,103,19,225,170,685,0.600688167026302,3.99486790692249
"16017","16","017",ID,Idaho,Bonner,Bonner County,4489.020245,478.920605,47976,10.6874100319412,61816,47422,5621,11.8531483277804,44054,141,276,287,60,567,2591,19490,14518,1469,191,421,643,245,2003,0.979989738327347,10.2770651616213
"17003","17","003",IL,Illinois,Alexander,Alexander County,609.667767,44.639203,5261,8.62929005725179,40365,5148,1103,21.4257964257964,3340,1748,0,13,16,0,144,1797,1540,103,28,0,12,50,64,1.55815247634947,3.56149137451308
"18051","18","051",IN,Indiana,Gibson,Gibson County,1262.302951,30.891646,33006,26.1474473888004,64153,32198,3210,9.96956332691471,30186,590,7,159,190,666,1208,15614,13089,1319,18,12,434,170,572,0.115281157935186,3.66337901882926
"40139","40","139",OK,Oklahoma,Texas,Texas County,5286.923168,19.169341,21144,3.99930154611999,55682,20689,4234,20.4649813910774,11941,1300,394,257,0,4664,2588,10085,7998,1351,74,3,236,94,329,0.733763014377789,3.26227069905801
"29143","29","143",MO,Missouri,New Madrid,New Madrid County,1747.940899,56.236293,16341,9.34871425535538,44092,15894,2744,17.2643764942746,12636,1987,13,0,0,29,1676,6385,5562,502,0,18,50,15,238,0,3.72748629600626
"37021","37","021",NC,North Carolina,Buncombe,Buncombe County,1700.318977,8.942802,269449,158.469677539804,66531,262724,29543,11.2448805590658,229554,15089,561,3106,373,4744,16022,130073,96779,9040,1092,206,2687,1525,18744,0.839528572417027,14.4103695617077
"48147","48","147",TX,Texas,Fannin,Fannin County,2307.251053,20.847065,36052,15.6255210949513,65835,33020,4237,12.8316172016959,30856,2175,146,159,23,638,2055,14759,11342,1320,3,0,239,227,1628,0.0203265803916254,11.0305576258554
"46083","46","083",SD,South Dakota,Lincoln,Lincoln County,1495.18213,1.179561,65801,44.008685416806,92317,65120,4201,6.45116707616708,60029,1504,194,1075,8,424,2567,36779,30041,2196,65,6,570,74,3827,0.176731286875663,10.405394382664
"47131","47","131",TN,Tennessee,Obion,Obion County,1411.149165,27.448111,30670,21.7340595598907,50638,30145,4867,16.1452977276497,25083,3235,42,67,27,419,1797,13120,10981,1167,0,25,202,251,494,0,3.76524390243902
"21007","21","007",KY,Kentucky,Ballard,Ballard County,639.972655,69.63634,7742,12.0973918799702,57111,7589,1085,14.2970088285677,7162,301,13,40,0,0,226,3224,2905,150,5,0,66,29,69,0.155086848635236,2.14019851116625
"48053","48","053",TX,Texas,Burnet,Burnet County,2576.520277,69.861743,49684,19.2833724009539,71482,48579,3806,7.83466106753947,40856,655,146,268,65,2821,4873,22760,16266,3534,58,16,61,321,2504,0.254833040421793,11.0017574692443
"41039","41","039",OR,Oregon,Lane,Lane County,11795.044831,436.058218,382218,32.4049637348937,65157,373861,60298,16.1284541580962,318993,4046,3381,9870,868,12647,32413,178879,121422,16572,3710,5386,7545,2112,22132,2.07402769469865,12.3726094175392
"25013","25","013",MA,Massachusetts,Hampden,Hampden County,1598.035087,44.416923,464575,290.716395265231,66619,451890,71252,15.7675540507646,329283,41192,1056,12038,29,29737,51240,209900,164140,16726,3970,317,4037,2644,18066,1.8913768461172,8.60695569318723
"29033","29","033",MO,Missouri,Carroll,Carroll County,1799.06189,17.533392,8513,4.73191058479928,59101,8412,793,9.42700903471232,8074,178,3,6,0,3,249,3823,2957,404,0,0,114,21,327,0,8.55349202197227
"51117","51","117",VA,Virginia,Mecklenburg,Mecklenburg County,1619.54437,139.655803,30367,18.7503353180747,51265,29350,5508,18.7666098807496,18941,10123,134,311,4,159,695,12273,10173,661,21,0,120,489,809,0.171107308726473,6.59170536951031
"55061","55","061",WI,Wisconsin,Kewaunee,Kewaunee County,886.95179,1921.336269,20570,23.191790390321,77610,20402,1372,6.72483089893148,19494,97,45,110,0,233,591,10700,8536,773,21,15,285,33,1037,0.196261682242991,9.69158878504673
"47031","47","031",TN,Tennessee,Coffee,Coffee County,1111.010401,14.47948,58080,52.2767383165119,57424,57410,9700,16.8960111478836,51466,2249,14,747,125,959,2520,25023,20268,2481,0,0,304,89,1881,0,7.51708428246014
"19099","19","099",IA,Iowa,Jasper,Jasper County,1891.795097,6.544165,37808,19.9852510771149,67784,36095,3183,8.8183958997091,35470,690,76,223,0,284,1065,18050,14463,1208,14,2,564,269,1530,0.0775623268698061,8.47645429362881
"16025","16","025",ID,Idaho,Camas,Camas County,2782.253888,11.548054,1133,0.407223799699476,63750,1133,76,6.70785525154457,929,0,0,0,0,29,175,465,356,43,0,0,5,2,59,0,12.6881720430108
"55139","55","139",WI,Wisconsin,Winnebago,Winnebago County,1125.861145,372.630325,171197,152.058715908524,70041,163842,17725,10.8183493853835,152010,4421,680,5283,120,2109,6574,88979,70939,6554,512,633,1841,469,8031,0.57541667134942,9.02572517110779
"18171","18","171",IN,Indiana,Warren,Warren County,944.543938,4.442757,8454,8.9503512328931,72833,8330,1045,12.5450180072029,8182,8,2,39,1,20,202,3978,3134,525,1,0,117,20,181,0.0251382604323781,4.55002513826043
"22011","22","011",LA,Louisiana,Beauregard,Beauregard Parish,2997.852791,21.944259,36553,12.1930603496401,68525,35787,4765,13.3148908821639,29563,4267,60,247,13,470,1933,14499,12242,1431,15,21,118,195,477,0.103455410717981,3.28988206083178
"24037","24","037",MD,Maryland,St. Mary's,St. Mary's County,928.676345,1050.726154,113814,122.555075955983,113668,111369,8456,7.59277716420189,83764,16411,67,2839,0,2043,8690,58080,44685,3009,657,130,1077,567,7955,1.13119834710744,13.6966253443526
"28117","28","117",MS,Mississippi,Prentiss,Prentiss County,1074.80661,8.324262,24945,23.2088263766818,51578,23689,3866,16.3198108826882,20107,2669,37,612,0,285,1235,10261,9069,848,1,0,1,113,229,0.00974563882662509,2.23175129129714
"28135","28","135",MS,Mississippi,Tallahatchie,Tallahatchie County,1672.06954,16.969517,12621,7.54813104244456,35428,12059,3095,25.6654780661746,4441,7764,3,8,0,162,243,4407,3673,302,43,0,44,12,333,0.975720444746993,7.55616065350579
"34005","34","005",NJ,New Jersey,Burlington,Burlington County,2070.137467,54.133685,461853,223.10257524555,102615,451399,29718,6.58353252887135,312451,76293,907,25304,222,14899,31777,234607,178836,15884,6004,325,1918,2426,29214,2.55917342619785,12.4523138695776
"30071","30","071",MT,Montana,Phillips,Phillips County,13313.630162,185.493134,4233,0.317944839122984,61250,4174,290,6.9477719214183,3527,0,230,0,0,41,435,1866,1148,213,1,17,178,14,295,0.0535905680600214,15.8092175777063
"50001","50","001",VT,Vermont,Addison,Addison County,1984.788915,107.311072,37434,18.8604439077089,85870,34374,2577,7.49694536568337,34494,391,80,769,29,212,1459,19341,13611,1424,76,75,1195,161,2799,0.392947624217983,14.4718473708702
"50003","50","003",VT,Vermont,Bennington,Bennington County,1746.264295,6.898408,37326,21.3747713372333,68558,36227,4059,11.2043503464267,34919,357,44,402,27,292,1285,17461,12683,1248,38,54,699,234,2505,0.217627856365615,14.3462573735754
"51710","51","710",VA,Virginia,Norfolk,Norfolk city,137.981431,111.701531,236973,1717.42674563217,60998,215523,36342,16.8622374410156,106209,96487,961,9017,409,7927,15963,125430,91185,11305,3712,744,7108,2227,9149,2.95941959658774,7.2941082675596
"37131","37","131",NC,North Carolina,Northampton,Northampton County,1390.073545,35.850398,17528,12.6094047779321,45698,16769,3132,18.6773212475401,7087,9458,38,11,0,90,844,6529,5449,499,20,0,62,124,375,0.306325624138459,5.74360545259611
"41057","41","057",OR,Oregon,Tillamook,Tillamook County,2857.229748,593.692057,27345,9.57045894511665,63098,26558,3319,12.4971759921681,24024,145,291,230,0,962,1693,10750,7789,850,188,48,385,276,1214,1.74883720930233,11.293023255814
"30017","30","017",MT,Montana,Custer,Custer County,9798.723734,25.612454,11957,1.22026095689494,61114,11533,1281,11.107257435186,10934,28,146,46,17,124,662,6150,4446,978,4,0,306,126,290,0.0650406504065041,4.71544715447155
"30093","30","093",MT,Montana,Silver Bow,Silver Bow County,1859.568269,1.518178,35306,18.9861273654589,56297,34178,5438,15.9108198256188,32662,53,687,171,9,152,1572,16296,12794,1628,129,1,416,283,1045,0.79160530191458,6.41261659302896
"17017","17","017",IL,Illinois,Cass,Cass County,973.198203,20.569928,12955,13.3117796149486,64826,12845,1577,12.2771506422733,10644,467,119,98,101,667,859,5760,4580,743,0,25,87,45,280,0,4.86111111111111
"19025","19","025",IA,Iowa,Calhoun,Calhoun County,1475.894578,5.873827,9893,6.7030532854224,65614,9204,832,9.03954802259887,9275,114,11,33,0,78,382,4196,3432,350,5,29,108,49,223,0.119161105815062,5.31458531935176
"20009","20","009",KS,Kansas,Barton,Barton County,2318.705423,13.926862,25477,10.9875966766995,54634,24826,3592,14.4687021670829,21931,277,189,92,0,575,2413,12256,10035,820,0,12,404,51,934,0,7.62075718015666
"20197","20","197",KS,Kansas,Wabaunsee,Wabaunsee County,2057.320864,13.845234,6922,3.3645699711331,70000,6783,402,5.9265811587793,6425,70,40,49,6,60,272,3246,2393,344,5,0,111,55,338,0.154035736290819,10.4128157732594
"22001","22","001",LA,Louisiana,Acadia,Acadia Parish,1697.073813,5.934788,57674,33.9843792050782,44977,56735,13459,23.7225698422491,45230,9511,248,95,0,157,2433,22432,18828,1872,0,167,405,223,937,0,4.17706847360913
"26065","26","065",MI,Michigan,Ingham,Ingham County,1440.251655,11.990765,282540,196.174049874638,62548,265022,43825,16.5363630189192,202102,33555,1082,17965,15,5436,22385,137987,95316,12104,3743,1462,6054,1601,17707,2.71257437294818,12.8323682665758
"13207","13","207",GA,Georgia,Monroe,Monroe County,1025.872449,5.643846,28287,27.5736033534906,74867,27028,3708,13.71910611218,20847,6114,42,295,0,156,833,12742,11018,1069,38,0,126,106,385,0.298226338094491,3.02150368858892
"36073","36","073",NY,New York,Orleans,Orleans County,1013.364725,1103.744014,40148,39.6185095154166,61069,38163,4801,12.5802478840762,35018,2167,122,270,0,961,1610,17535,13257,1695,69,116,644,283,1471,0.39349871685201,8.38893641288851
"37167","37","167",NC,North Carolina,Stanly,Stanly County,1023.250043,25.187036,62723,61.2978229799107,60634,60758,8369,13.7743177853122,51085,7093,173,1181,13,1208,1970,28124,22944,2928,15,0,329,100,1808,0.0533352296970559,6.42867301948514
"36003","36","003",NY,New York,Allegany,Allegany County,2666.225086,12.989848,47222,17.7111828434728,58725,42434,7236,17.0523636706415,44575,785,57,440,26,305,1034,18985,14426,1640,38,34,1440,251,1156,0.20015801948907,6.08901764550961
"17183","17","183",IL,Illinois,Vermilion,Vermilion County,2326.634937,7.531157,74113,31.854159336042,52787,71083,12407,17.4542436306853,58996,10763,87,728,15,777,2747,29995,24585,2010,220,28,544,204,2404,0.733455575929322,8.01466911151859
"17077","17","077",IL,Illinois,Jackson,Jackson County,1511.439594,48.312243,53176,35.1823521172094,44847,49871,11449,22.9572296525035,39415,7721,68,1935,81,1462,2494,22448,16737,2378,346,152,1152,194,1489,1.54133998574483,6.63310762651461
"21163","21","163",KY,Kentucky,Meade,Meade County,791.146057,49.058672,29964,37.8741696743361,68518,29549,3925,13.2830214220447,27188,1118,33,256,83,127,1159,13684,11077,1336,77,0,195,90,909,0.562700964630225,6.64279450453084
"21185","21","185",KY,Kentucky,Oldham,Oldham County,485.084364,23.445201,67997,140.175616957219,117334,64188,2561,3.98984233813174,60436,2662,105,1139,5,679,2971,32388,24771,2571,10,0,225,225,4586,0.0308756329504755,14.1595652710881
"53049","53","049",WA,Washington,Pacific,Pacific County,2417.475212,759.242682,23396,9.67786552013672,58889,22954,3022,13.1654613574976,19236,123,496,407,39,1556,1539,8482,5822,897,20,7,472,95,1169,0.235793444942231,13.7821268568734
"55043","55","043",WI,Wisconsin,Grant,Grant County,2970.397062,94.526753,51842,17.4528855630817,63497,48379,6679,13.8055767998512,49279,903,57,469,2,181,951,25660,19460,1415,84,87,1728,466,2420,0.327357755261107,9.43102104442712
"05029","05","029",AR,Arkansas,Conway,Conway County,1429.458477,37.757545,20782,14.5383726315822,50282,20647,4313,20.889233302659,17343,2290,75,85,0,287,702,8867,6997,1077,5,0,62,119,607,0.0563888575617458,6.84560730799594
"17083","17","083",IL,Illinois,Jersey,Jersey County,957.143527,20.333974,21462,22.422969381895,77607,20489,1655,8.07750500268437,20568,151,0,127,38,33,545,10053,7929,747,2,0,304,64,1007,0.0198945588381578,10.0169103750124
"49025","49","025",UT,Utah,Kane,Kane County,10344.775233,292.843946,7814,0.755357156052382,70327,7571,978,12.9177123233391,7281,13,133,84,4,133,166,3422,2516,293,0,28,64,28,493,0,14.4067796610169
"51195","51","195",VA,Virginia,Wise,Wise County,1044.90429,5.247907,36105,34.5534039294642,47541,33203,6612,19.9138632051321,32896,1698,55,389,0,162,905,12211,9859,1067,24,0,475,38,748,0.196544099582344,6.12562443698305
"35007","35","007",NM,New Mexico,Colfax,Colfax County,9733.113274,26.296498,12370,1.27091914496093,46286,11780,2130,18.081494057725,9129,97,320,76,0,964,1784,4949,3569,515,0,0,142,173,550,0,11.1133562335825
"37035","37","035",NC,North Carolina,Catawba,Catawba County,1039.552784,37.943193,161011,154.88487210862,62070,157959,20605,13.0445242119791,124060,13044,729,6584,24,7146,9424,74280,60112,7223,229,32,730,1205,4749,0.308292945611201,6.39337641357027
"39023","39","023",OH,Ohio,Clark,Clark County,1025.32204,14.608569,135877,132.521290579104,58954,132426,20647,15.5913491308353,115436,11031,77,860,84,1692,6697,59345,47461,5810,309,43,1263,281,4178,0.520684135141966,7.04018872693571
"31041","31","041",NE,Nebraska,Custer,Custer County,6670.75718,0.932956,10566,1.58392813812479,62288,10399,1177,11.3183959996153,10058,61,66,2,0,122,257,5072,3987,510,1,24,185,64,301,0.0197160883280757,5.93454258675079
"42079","42","079",PA,Pennsylvania,Luzerne,Luzerne County,2304.768924,42.104649,325396,141.183784895566,60836,313804,46812,14.9175918726339,262196,16981,307,3586,339,21367,20620,150800,115572,15530,1206,274,3796,2048,12374,0.79973474801061,8.20557029177719
"42067","42","067",PA,Pennsylvania,Juniata,Juniata County,1013.697486,5.502986,23535,23.2169856639064,61915,23259,2082,8.95137366180833,22155,278,0,100,0,229,773,10838,8306,1227,14,21,213,75,982,0.129175124561727,9.06071230854401
"42107","42","107",PA,Pennsylvania,Schuylkill,Schuylkill County,2016.50991,10.820294,143201,71.0142803116698,63574,136269,16822,12.3447005555189,130117,4157,113,644,19,2344,5807,63364,50883,6185,273,50,1978,611,3384,0.430844012372956,5.34057193359005
"47145","47","145",TN,Tennessee,Roane,Roane County,934.385981,88.599487,53777,57.553303552828,66460,53210,6466,12.1518511557978,49424,1450,217,354,17,187,2128,23119,18815,1952,0,11,223,203,1915,0,8.28323024352264
"21203","21","203",KY,Kentucky,Rockcastle,Rockcastle County,819.904083,3.96138,16171,19.7230387496436,45693,15679,3693,23.5537980738568,15742,16,9,13,0,30,361,5875,4715,555,0,0,86,50,469,0,7.98297872340426
"24009","24","009",MD,Maryland,Calvert,Calvert County,552.158541,341.580669,93244,168.87178785848,128078,92740,3959,4.26892387319388,72722,11375,146,1860,58,896,6187,48004,36976,2934,936,46,427,459,6226,1.94983751354054,12.9697525206233
"24013","24","013",MD,Maryland,Carroll,Carroll County,1159.355858,13.112464,173225,149.414865853897,111672,169609,8646,5.09760684869317,153236,6487,387,3846,44,2181,7044,90034,70085,5770,453,17,882,486,12341,0.503143256991803,13.7070440055979
"25027","25","027",MA,Massachusetts,Worcester,Worcester County,3912.614264,177.372507,858898,219.52023431053,88524,834054,83304,9.98784251379407,671257,44660,2022,43903,352,31511,65193,432718,317917,33266,6582,643,10855,8336,55119,1.5210830148041,12.7378569876918
"21195","21","195",KY,Kentucky,Pike,Pike County,2036.305633,6.073018,58196,28.5792069014033,41271,56948,13607,23.893727611154,55991,452,45,306,36,153,1213,18901,15754,1775,77,0,341,200,754,0.407385852600392,3.98920692026877
"22031","22","031",LA,Louisiana,De Soto,De Soto Parish,2269.99265,46.989193,26821,11.8154567592983,49807,26614,5381,20.2186818967461,16276,9164,151,73,0,100,1057,10193,8372,1024,71,39,194,242,251,0.696556460315903,2.46247424703228
"24047","24","047",MD,Maryland,Worcester,Worcester County,1213.156432,586.531107,52827,43.5450850414318,76689,52167,4275,8.19483581574559,42548,6588,20,802,0,683,2186,24119,18871,1633,284,126,640,219,2346,1.17749492101663,9.72677142501762
"26009","26","009",MI,Michigan,Antrim,Antrim County,1232.002675,326.536774,23662,19.2061271295535,68850,23443,2199,9.38019878001962,22331,148,112,87,0,173,811,10480,7894,978,6,29,289,242,1042,0.0572519083969466,9.94274809160305
"54003","54","003",WV,West Virginia,Berkeley,Berkeley County,831.767529,1.060958,123283,148.218096645607,73619,121632,13305,10.9387332280979,103566,8360,108,1296,18,2649,7286,61078,49197,5382,293,50,637,554,4965,0.479714463472936,8.12894986738269
"05059","05","059",AR,Arkansas,Hot Spring,Hot Spring County,1592.697317,18.725599,33129,20.8005624461035,50260,30864,6093,19.7414463452566,27782,3803,132,83,7,112,1210,12758,10373,1593,31,2,281,166,312,0.242984793854836,2.44552437686158
"13223","13","223",GA,Georgia,Paulding,Paulding County,808.983871,5.212122,169898,210.014075793608,89237,168942,11309,6.69401333001859,116984,35663,336,1882,265,3440,11328,82606,64072,7255,347,0,216,616,10100,0.420066339006852,12.2267147664819
"17019","17","019",IL,Illinois,Champaign,Champaign County,2579.898018,6.110542,206525,80.0516138851501,61090,192287,35991,18.7173339851368,141142,27268,251,22693,88,3282,11801,98994,65474,8206,4044,1648,7395,810,11417,4.08509606642827,11.5330222033659
"17203","17","203",IL,Illinois,Woodford,Woodford County,1366.366884,39.858698,38414,28.1139717668977,80093,37352,2788,7.46412508031698,36710,245,14,213,0,273,959,18421,14815,1322,17,24,378,64,1801,0.092285977959937,9.77688507681451
"17117","17","117",IL,Illinois,Macoupin,Macoupin County,2235.091099,12.250027,44907,20.0917985043615,64706,43989,6453,14.6695764850303,42815,484,57,206,6,245,1094,19857,16664,1128,31,27,575,117,1315,0.156116231052022,6.62234980107771
"17145","17","145",IL,Illinois,Perry,Perry County,1144.587283,13.199036,20996,18.3437299294195,56338,18644,3257,17.4694271615533,18269,1654,10,131,0,267,665,7830,6860,374,57,91,126,59,263,0.727969348659004,3.35887611749681
"19081","19","081",IA,Iowa,Hancock,Hancock County,1478.895052,5.265568,10790,7.29598762630791,67865,10551,1046,9.91375225097147,10308,89,0,46,0,94,253,5556,4439,447,0,26,103,120,421,0,7.57739380849532
"47153","47","153",TN,Tennessee,Sequatchie,Sequatchie County,688.550848,0.498315,16065,23.3316102168245,53038,15813,3520,22.2601656864605,15155,85,59,44,12,352,358,6249,4837,617,0,0,115,151,529,0,8.46535445671307
"48291","48","291",TX,Texas,Liberty,Liberty County,3000.121461,46.620495,93523,31.1730712291985,59605,86962,15410,17.7203836158322,63934,7939,373,415,21,10566,10275,32970,25859,3987,107,136,270,455,2156,0.32453745829542,6.53927813163482
"48131","48","131",TX,Texas,Duval,Duval County,4645.084668,5.478267,9960,2.14420203545792,50697,9347,2017,21.5791162939981,7444,85,45,0,0,84,2302,3590,2516,642,2,0,40,128,262,0.0557103064066852,7.29805013927577
"48169","48","169",TX,Texas,Garza,Garza County,2313.937114,7.209242,5735,2.47845974953319,56215,4308,663,15.3899721448468,4026,540,37,67,0,337,728,1616,1403,192,0,0,19,0,2,0,0.123762376237624
"48025","48","025",TX,Texas,Bee,Bee County,2279.80949,0.246409,30977,13.5875388429934,50283,23560,4703,19.9617996604414,20148,1999,169,196,0,1849,6616,9981,8326,854,1,0,150,193,457,0.0100190361687206,4.5786995291053
"49057","49","057",UT,Utah,Weber,Weber County,1582.59347,126.615001,262960,166.15764249299,82291,260040,19866,7.63959390862944,223362,2768,1827,3637,602,13104,17660,131828,97066,12711,1821,444,1616,1652,16518,1.38134538944686,12.5299632854932
"51147","51","147",VA,Virginia,Prince Edward,Prince Edward County,906.356801,10.079281,21922,24.1869426872652,57304,16499,2988,18.1101884962725,13737,6559,98,308,185,140,895,8237,5980,1154,45,1,364,199,494,0.546315406094452,5.99732912468132
"55087","55","087",WI,Wisconsin,Outagamie,Outagamie County,1651.266077,18.260943,190611,115.43324401498,78705,187315,12949,6.91295411472653,167326,2764,2446,6469,108,2942,8556,101029,81317,6696,435,432,2211,886,9052,0.43056944045769,8.95980362074256
"55097","55","097",WI,Wisconsin,Portage,Portage County,2074.252977,56.835087,70281,33.8825595427843,71301,67334,7011,10.4122731458104,64211,619,165,2042,6,1155,2083,36822,27647,2961,129,359,1352,239,4135,0.350334039432948,11.2296996360871
"27167","27","167",MN,Minnesota,Wilkin,Wilkin County,1945.179855,0.48047,6454,3.31794511618567,67114,6323,856,13.5378775897517,6018,31,36,4,0,132,233,3139,2436,209,12,0,146,72,264,0.382287352660083,8.41032175852182
"28127","28","127",MS,Mississippi,Simpson,Simpson County,1525.930873,3.378528,25889,16.9660372288699,50867,25333,4321,17.0568033789918,15890,9081,40,149,114,112,503,10225,8189,1142,4,0,292,264,334,0.039119804400978,3.26650366748166
"28007","28","007",MS,Mississippi,Attala,Attala County,1903.529295,4.42586,17842,9.37311553169451,42680,17414,4103,23.5615022395774,9480,7528,21,47,0,173,593,6886,5721,622,106,0,136,129,172,1.53935521347662,2.49782166715074
"28079","28","079",MS,Mississippi,Leake,Leake County,1509.697192,6.376466,21335,14.131973029463,46669,20675,4335,20.9673518742443,10314,8483,1234,96,0,811,397,8014,6687,660,35,13,117,100,402,0.43673571250312,5.01622161217869
"28095","28","095",MS,Mississippi,Monroe,Monroe County,1981.578016,18.140832,34168,17.2428235094025,51190,33201,5557,16.7374476672389,23146,10324,9,94,0,0,595,13500,11686,865,32,0,49,11,857,0.237037037037037,6.34814814814815
"28029","28","029",MS,Mississippi,Copiah,Copiah County,2013.158772,5.64478,28210,14.0128043512308,46889,27113,6353,23.4315641942979,12424,14400,5,53,0,704,624,10527,9194,786,11,0,63,178,295,0.104493207941484,2.80231784933979
"27021","27","021",MN,Minnesota,Cass,Cass County,5235.567138,1016.592501,30288,5.78504662468527,61970,29867,3653,12.2308902802424,24693,144,2846,158,2,244,2201,12703,9327,1321,73,56,470,194,1262,0.574667401401244,9.9346611036763
"31025","31","025",NE,Nebraska,Cass,Cass County,1443.520799,22.130961,26749,18.5303876594853,87673,26297,1482,5.63562383541849,24948,44,103,117,70,400,1067,13699,11023,1044,0,0,194,117,1321,0,9.64303963792978
"27019","27","019",MN,Minnesota,Carver,Carver County,916.541648,57.071065,107216,116.978863136179,116308,106049,4012,3.78315684259163,95099,1742,201,3487,30,1571,5086,58029,42038,3209,666,42,677,565,10832,1.14770201106343,18.6665288045632
"37179","37","179",NC,North Carolina,Union,Union County,1638.781163,17.88922,240109,146.516817145036,95533,237005,16125,6.80365393135166,178008,27360,893,9115,42,11293,13398,119069,87220,11018,311,69,809,982,18660,0.261193089721086,15.6715853832652
"21085","21","085",KY,Kentucky,Grayson,Grayson County,1293.792165,29.767586,26465,20.4553719800892,47024,25933,5462,21.0619673774727,25305,135,10,88,4,265,658,10404,8387,1240,31,0,130,84,532,0.297962322183775,5.11341791618608
"21067","21","067",KY,Kentucky,Fayette,Fayette County,735.181664,4.43438,321276,437.002193787031,66087,309254,46179,14.9323856764989,230704,47240,584,13248,49,9036,20415,165422,125430,13748,2487,895,5409,1544,15909,1.50342759729661,9.61722140948604
"26087","26","087",MI,Michigan,Lapeer,Lapeer County,1675.677869,41.080674,88687,52.9260436273029,75402,86900,8832,10.1634062140391,82211,957,241,327,3,1001,3947,40090,32227,3872,299,21,465,295,2911,0.745821900723372,7.26116238463457
"29007","29","007",MO,Missouri,Audrain,Audrain County,1792.918159,11.843439,24873,13.8729143185615,51745,23510,4255,18.098681412165,22180,1190,161,124,32,104,1082,10706,8899,1045,4,4,133,165,456,0.0373622267887166,4.25929385391369
"13133","13","133",GA,Georgia,Greene,Greene County,1003.664492,48.41722,19020,18.9505558397298,77527,18844,2434,12.9165782211845,11363,5968,0,222,0,652,815,7261,5869,597,0,0,57,60,678,0,9.3375568103567
"36099","36","099",NY,New York,Seneca,Seneca County,838.37277,172.818533,33651,40.1384696690471,64050,31526,4144,13.1447059569879,30133,1498,78,236,5,413,1288,14480,11078,1549,55,56,428,256,1058,0.379834254143646,7.30662983425414
"37183","37","183",NC,North Carolina,Wake,Wake County,2161.634072,58.017921,1132103,523.725553119427,96734,1110026,90909,8.18980816665556,692488,222729,3043,89236,391,46402,77814,591910,400499,39261,4402,988,7008,7376,132376,0.743694142690612,22.3642107752868
"39031","39","031",OH,Ohio,Coshocton,Coshocton County,1460.521589,9.127208,36629,25.07939648128,52048,36075,6804,18.8607068607069,35013,415,21,155,0,121,904,15264,11059,2026,16,283,283,678,919,0.10482180293501,6.02070230607966
"06069","06","069",CA,California,San Benito,San Benito County,3596.591085,4.7193,64753,18.0039928003102,104451,64339,4832,7.51021930710766,34864,617,1227,2078,125,8429,17413,30710,23137,3778,247,87,346,344,2771,0.804298274177792,9.02311950504722
"12083","12","083",FL,Florida,Marion,Marion County,4113.9945,192.281277,378225,91.9361948587923,55265,368450,52923,14.3636857104085,281422,46704,610,5980,54,10842,32613,139755,109739,14315,202,416,708,1769,12606,0.144538656935351,9.02007083825266
"13123","13","123",GA,Georgia,Gilmer,Gilmer County,1103.89338,12.276629,31519,28.5525763366748,70334,31230,4634,14.8382965097663,28345,241,227,116,0,997,1593,13217,9827,2224,34,10,118,94,910,0.257244457895135,6.88507225542861
"16061","16","061",ID,Idaho,Lewis,Lewis County,1240.14196,2.340247,3630,2.92708425090302,46484,3600,637,17.6944444444444,2986,67,100,35,0,121,321,1307,952,176,5,5,42,12,115,0.382555470543229,8.79877582249426
"17103","17","103",IL,Illinois,Lee,Lee County,1877.142112,9.779872,34221,18.2303725334569,64588,31459,3931,12.4956292316984,30139,1800,14,209,0,345,1714,15132,12747,1216,103,25,164,135,742,0.680676711604547,4.903515728258
"17023","17","023",IL,Illinois,Clark,Clark County,1298.554904,8.771353,15467,11.9109326470188,65874,15162,1371,9.04234269885239,14875,129,7,28,0,7,421,7074,5918,715,14,0,111,9,307,0.197907831495618,4.33983601922533
"34007","34","007",NJ,New Jersey,Camden,Camden County,573.324566,15.689888,522581,911.492426787098,82005,516195,64050,12.4081015895156,304112,100874,1118,30964,194,49271,36048,250162,175944,22215,13403,490,4322,4226,29562,5.3577281921315,11.8171424916654
"37087","37","087",NC,North Carolina,Haywood,Haywood County,1433.713845,2.438478,62152,43.350352106002,56596,61405,7440,12.1162771761257,57454,513,335,259,0,644,2947,27174,21869,2458,0,17,657,266,1907,0,7.01773754323986
"42101","42","101",PA,Pennsylvania,Philadelphia,Philadelphia County,347.981635,21.606282,1593208,4578.4255252436,57537,1548400,351811,22.7209377421855,590860,638907,5216,121051,806,135715,100653,717569,341002,53617,142078,13351,52298,15890,99333,19.7999077440636,13.8429893153132
"32015","32","015",NV,Nevada,Lander,Lander County,14294.78316,0.66227,5728,0.400705623575195,92388,5679,611,10.7589364324705,4858,203,236,23,0,35,373,2335,1515,362,368,0,60,22,8,15.7601713062099,0.342612419700214
"40023","40","023",OK,Oklahoma,Choctaw,Choctaw County,1995.281898,75.475686,14285,7.15938936464004,43252,14030,3195,22.7726300784034,8633,1390,2194,99,13,221,1735,5454,4266,739,43,24,64,81,237,0.788412174550788,4.34543454345435
"42117","42","117",PA,Pennsylvania,Tioga,Tioga County,2936.765816,8.279717,41186,14.0242711133491,59707,40516,4926,12.1581597393622,39649,368,29,175,2,149,814,18275,14514,1334,92,2,897,172,1264,0.503419972640219,6.91655266757866
"35006","35","006",NM,New Mexico,Cibola,Cibola County,11758.505167,5.554598,27211,2.3141547002392,49866,25902,7063,27.2681646204926,11620,400,11353,70,26,926,2816,8842,6761,915,84,0,161,181,740,0.950011309658448,8.369147251753
"51735","51","735",VA,Virginia,Poquoson,Poquoson city,39.77369,163.429842,12479,313.750119739959,114503,12452,560,4.49726951493736,11544,225,14,261,0,74,361,6350,5421,179,0,24,8,61,657,0,10.3464566929134
"40119","40","119",OK,Oklahoma,Payne,Payne County,1773.885851,31.99188,82058,46.2588953814255,46658,72354,17559,24.2681814412472,63827,3176,3345,3367,67,898,7378,36655,27474,3351,174,303,2087,456,2810,0.474696494339108,7.66607556949939
"42041","42","041",PA,Pennsylvania,Cumberland,Cumberland County,1412.79205,12.666487,261269,184.930967016696,82849,248034,19199,7.74047106445084,221159,11297,188,12995,27,3524,12079,128792,97438,7773,556,454,4477,1349,16745,0.431703832536182,13.0015839493136
"42021","42","021",PA,Pennsylvania,Cambria,Cambria County,1780.643392,13.523237,133263,74.8398026234329,54221,127056,18240,14.3558745749906,122895,4877,54,664,21,691,4061,56653,44893,4381,553,64,1549,812,4401,0.976117769579722,7.7683441300549
"47017","47","017",TN,Tennessee,Carroll,Carroll County,1547.925981,6.308712,28381,18.3348560256513,49700,27371,4502,16.4480654707537,24378,2520,31,87,0,172,1193,11616,9073,1036,0,0,360,496,651,0,5.60433884297521
"48021","48","021",TX,Texas,Bastrop,Bastrop County,2300.500051,19.009784,98435,42.7885232852794,80151,95924,11454,11.9407030565865,59508,6251,989,682,0,16903,14102,44714,33829,4976,115,97,781,366,4550,0.257190141790043,10.1757838708235
"48335","48","335",TX,Texas,Mitchell,Mitchell County,2359.720442,12.480258,8947,3.79155082981648,49869,7211,1042,14.4501456108723,6017,722,96,10,0,658,1444,3745,2957,687,16,0,39,8,38,0.427236315086782,1.01468624833111
"48001","48","001",TX,Texas,Anderson,Anderson County,2752.164827,39.845046,58077,21.1022971554022,57445,45524,7117,15.6335119936737,36996,11225,465,385,33,1782,7191,19753,16706,1960,51,0,127,268,641,0.258188629575254,3.24507669721055
"51683","51","683",VA,Virginia,Manassas,Manassas city,25.493247,0.146287,42620,1671.81528504392,110559,42484,2014,4.74060822898032,22653,5708,235,2554,11,3766,7693,22588,16320,2437,628,107,450,331,2315,2.78023729413848,10.2488046750487
"18125","18","125",IN,Indiana,Pike,Pike County,865.964084,17.466144,12227,14.1195232295569,64182,12029,1321,10.9817939978386,11752,70,11,30,0,226,138,5430,4557,488,29,0,95,16,245,0.534069981583794,4.51197053406998
"08047","08","047",CO,Colorado,Gilpin,Gilpin County,388.556744,0.942056,5856,15.0711577920779,95902,5780,538,9.30795847750865,5255,9,95,10,0,2,485,3557,2580,439,39,0,68,17,414,1.09642957548496,11.6390216474557
"21217","21","217",KY,Kentucky,Taylor,Taylor County,690.009231,26.953785,26056,37.7618136531857,63211,24882,3551,14.271360823085,23781,1136,72,241,0,44,782,11795,9206,931,9,0,308,163,1178,0.076303518440017,9.98728274692666
"21099","21","099",KY,Kentucky,Hart,Hart County,1068.8092,13.41082,19345,18.09958222665,45561,18815,4259,22.6361945256444,17700,818,26,102,0,165,534,7675,6075,1059,12,1,38,191,299,0.156351791530945,3.8957654723127
"22039","22","039",LA,Louisiana,Evangeline,Evangeline Parish,1715.687375,44.662183,32335,18.8466736254908,34526,30889,8576,27.7639289067306,21415,8193,98,85,20,894,1630,11046,8904,953,52,12,368,419,338,0.470758645663589,3.05993119681333
"22053","22","053",LA,Louisiana,Jefferson Davis,Jefferson Davis Parish,1687.430141,18.666917,32277,19.1279029666212,52470,31674,5074,16.019448127802,25034,5404,107,2,0,265,1465,12900,10937,1225,31,21,127,195,364,0.24031007751938,2.82170542635659
"13237","13","237",GA,Georgia,Putnam,Putnam County,892.721731,41.451859,22206,24.8744924973715,60825,22007,3528,16.0312627800245,15134,5655,0,107,114,560,636,9295,7452,888,3,0,16,123,813,0.0322754168908015,8.74663797740721
"13011","13","011",GA,Georgia,Banks,Banks County,602.473937,4.635947,18381,30.5092035873412,69096,18297,2411,13.1770235557742,16063,541,17,259,0,512,989,8321,6866,691,20,0,60,12,672,0.240355726475183,8.07595240956616
"30111","30","111",MT,Montana,Yellowstone,Yellowstone County,6820.102421,40.493134,165524,24.2700167508232,72300,162023,17356,10.7120593989742,144877,1378,6388,1274,237,2575,8795,82869,65173,8242,800,495,1512,744,5903,0.965379092302308,7.12329097732566
"29069","29","069",MO,Missouri,Dunklin,Dunklin County,1403.538813,13.708531,28174,20.0735453405662,44868,27374,6019,21.9880178271352,22593,2219,5,68,22,251,3016,10860,8546,1541,14,70,182,58,449,0.128913443830571,4.13443830570902
"48037","48","037",TX,Texas,Bowie,Bowie County,2291.98202,98.385599,92747,40.4658497277391,56628,86991,15117,17.377659757906,61938,23462,477,1250,104,2121,3395,37867,32231,3165,123,14,332,328,1674,0.324821084321441,4.4207357329601
"51520","51","520",VA,Virginia,Bristol,Bristol city,33.336229,0.322409,17036,511.035606336877,45250,16751,2840,16.9542116888544,14892,1066,0,50,1,170,857,7286,5670,480,26,26,294,46,744,0.356848751029371,10.2113642602251
"54009","54","009",WV,West Virginia,Brooke,Brooke County,231.015795,8.732461,22349,96.7423028369121,51963,21314,2353,11.0396922210753,21090,334,19,122,3,18,763,9282,7643,709,27,0,316,65,522,0.290885585003232,5.62378797672915
"06029","06","029",CA,California,Kern,Kern County,21068.705437,78.332288,906883,43.0440779910174,63883,881217,170013,19.2929777795934,509039,46915,9970,44904,1708,140344,154003,351806,278306,41814,2179,647,3116,3751,21993,0.619375451243015,6.25145676878734
"08019","08","019",CO,Colorado,Clear Creek,Clear Creek County,1023.234059,3.2749,9403,9.18949082792405,87169,9315,617,6.62372517444981,8481,220,92,78,14,70,448,5360,3306,455,41,0,429,10,1119,0.764925373134328,20.8768656716418
"13157","13","157",GA,Georgia,Jackson,Jackson County,879.497248,8.78352,77033,87.5875395575996,82056,76173,6198,8.13674136505061,63289,5478,51,1364,27,2569,4255,36440,28464,2881,190,23,169,515,4198,0.521405049396268,11.5203073545554
"13129","13","129",GA,Georgia,Gordon,Gordon County,923.182597,5.729235,57785,62.5932509860777,57555,57164,8014,14.0193128542439,46997,2071,1265,682,105,2864,3801,26088,21187,2684,15,87,254,158,1703,0.0574977000919963,6.52790555044465
"17107","17","107",IL,Illinois,Logan,Logan County,1600.748259,2.262329,28027,17.5086868546768,62547,24626,2842,11.5406480955088,24860,1695,56,83,13,118,1202,12076,9608,1128,39,36,392,69,804,0.322954620735343,6.65783371977476
"18079","18","079",IN,Indiana,Jennings,Jennings County,975.382325,4.528274,27610,28.3068488041343,66892,26907,3745,13.9183112201286,26300,218,38,65,0,338,651,12758,10619,1517,0,20,111,16,475,0,3.72315409938862
"51171","51","171",VA,Virginia,Shenandoah,Shenandoah County,1315.919346,9.716893,44337,33.6927944214599,62149,43835,5504,12.556176571233,39293,1216,61,538,11,714,2504,20387,15786,2363,29,7,423,267,1512,0.142247510668563,7.4164909010644
"55039","55","039",WI,Wisconsin,Fond du Lac,Fond du Lac County,1863.667255,119.853823,104027,55.8184406153554,70368,100513,8634,8.58993364042462,94069,1642,195,1644,88,1569,4820,52489,42129,4177,115,250,1450,576,3792,0.219093524357484,7.22437082055288
"13283","13","283",GA,Georgia,Treutlen,Treutlen County,516.524094,7.810908,6411,12.411812100289,38641,6040,1700,28.1456953642384,4264,1833,5,0,0,2,307,2163,1838,290,5,0,0,0,30,0.231160425335183,1.3869625520111
"37195","37","195",NC,North Carolina,Wilson,Wilson County,952.013025,14.332439,78667,82.6322728095028,49827,77200,15714,20.3549222797927,36875,31173,240,780,0,6093,3506,34109,28336,3002,61,36,479,410,1785,0.178838429739951,5.23322290304612
"39017","39","017",OH,Ohio,Butler,Butler County,1208.290721,9.175912,388327,321.38540274365,77062,377008,44672,11.8490854305479,311138,32073,373,15372,199,7242,21930,182553,144450,14075,701,480,3335,1114,18398,0.383998071792849,10.0781690796645
"39101","39","101",OH,Ohio,Marion,Marion County,1045.855303,0.908577,65366,62.5000416525115,55106,59975,9641,16.0750312630263,57521,3375,116,482,26,740,3106,26661,21845,2767,159,0,295,318,1277,0.596376730055137,4.78976782566295
"31125","31","125",NE,Nebraska,Nance,Nance County,1143.745449,17.166724,3366,2.94296252976828,60054,3278,446,13.6058572300183,3203,19,16,5,0,7,116,1607,1175,136,0,0,63,19,214,0,13.3167392657125
"42129","42","129",PA,Pennsylvania,Westmoreland,Westmoreland County,2661.762744,21.294228,354414,133.150109189446,69454,347295,33778,9.7260254250709,329734,8809,142,3350,58,1584,10737,169014,134564,11451,1386,21,3029,1203,17360,0.820050410025205,10.2713384690026
"01055","01","055",AL,Alabama,Etowah,Etowah County,1385.916764,35.022972,103348,74.5701348627312,52177,101767,16146,15.8656538956636,80555,15724,329,748,2,2404,3586,43715,38498,3128,50,0,388,313,1338,0.114377216058561,3.0607343017271
"56021","56","021",WY,Wyoming,Laramie,Laramie County,6956.355037,4.348083,100316,14.4207705711442,76282,98336,8831,8.98043442889684,85134,2367,983,1104,136,3473,7119,50613,41063,4572,65,181,532,397,3803,0.128425503329184,7.51387983324442
"01009","01","009",AL,Alabama,Blount,Blount County,1670.259093,14.860281,59077,35.3699616110996,57440,58399,8277,14.173187897053,53941,729,227,100,117,1859,2104,24402,20716,2299,0,0,215,174,998,0,4.08982870256536
"05097","05","097",AR,Arkansas,Montgomery,Montgomery County,2021.363825,52.979164,8555,4.23229103746328,47103,8412,1527,18.1526390870185,7777,64,86,72,0,232,324,3222,2583,439,0,0,36,38,126,0,3.91061452513966
"08065","08","065",CO,Colorado,Lake,Lake County,976.215864,18.111565,7403,7.58336375488362,78942,7262,527,7.25695400716056,5470,9,182,24,2,430,1286,4390,2860,715,0,243,171,86,315,0,7.1753986332574
"17131","17","131",IL,Illinois,Mercer,Mercer County,1453.604388,19.411909,15692,10.7952343357951,67028,15505,1244,8.02321831667204,14961,96,0,74,0,97,464,7255,5982,543,10,0,164,39,517,0.137835975189524,7.12611991729842
"19147","19","147",IA,Iowa,Palo Alto,Palo Alto County,1460.400553,14.428727,8938,6.12023871234456,67306,8537,913,10.6946234040061,8262,183,0,50,0,61,382,4401,3421,477,31,29,122,50,271,0.704385366962054,6.15769143376505
"19065","19","065",IA,Iowa,Fayette,Fayette County,1892.806735,1.354955,19519,10.3121991480023,56043,18868,2232,11.8295526817893,18176,164,127,95,1,47,909,9082,7216,721,13,26,348,78,680,0.143140277471922,7.48733759083902
"18081","18","081",IN,Indiana,Johnson,Johnson County,829.870738,3.563935,161952,195.153284221476,82730,158665,11886,7.49125516024328,142093,4210,151,6838,61,1564,7035,81130,64696,5737,133,13,605,671,9275,0.163934426229508,11.4322691975841
"21043","21","043",KY,Kentucky,Carter,Carter County,1060.593553,6.782466,26671,25.1472394156633,47004,25941,6195,23.8811148375159,25518,112,30,30,0,40,941,8799,6873,1217,0,0,382,57,270,0,3.06853051483123
"21045","21","045",KY,Kentucky,Casey,Casey County,1150.621984,3.842017,15942,13.8551150783505,42190,15550,4059,26.1028938906752,15228,146,30,46,0,164,328,5331,4085,708,26,30,113,33,336,0.487713374601388,6.30275745638717
"22033","22","033",LA,Louisiana,East Baton Rouge,East Baton Rouge Parish,1179.74489,38.443657,454369,385.141740262168,62083,441372,78833,17.8608973836129,203084,205448,691,14103,0,10273,20770,213013,171430,19013,2438,973,4810,1382,12967,1.14453108495726,6.08742189443837
"29123","29","123",MO,Missouri,Madison,Madison County,1280.453084,8.323284,12649,9.87853452661136,54042,12413,1497,12.0599371626521,12066,144,22,37,0,56,324,5399,4276,620,40,0,30,32,401,0.740877940359326,7.42730135210224
"13093","13","093",GA,Georgia,Dooly,Dooly County,1016.908646,12.141885,11236,11.0491734377485,54109,9265,1942,20.9606044252563,4895,5360,39,0,0,324,618,3902,3188,330,83,0,53,21,227,2.12711430035879,5.81752947206561
"29073","29","073",MO,Missouri,Gasconade,Gasconade County,1344.21632,18.008168,14801,11.0108765827214,62638,14473,1722,11.8980169971671,14042,129,33,24,62,0,511,6988,5935,572,3,0,45,104,329,0.0429307384087006,4.70807097882084
"29223","29","223",MO,Missouri,Wayne,Wayne County,1966.281378,38.535344,11081,5.63551082972215,42758,10900,2739,25.1284403669725,10467,114,0,74,0,46,380,3658,2596,642,29,0,31,42,318,0.792782941498086,8.69327501366867
"46075","46","075",SD,South Dakota,Jones,Jones County,2511.43873,3.14718,1006,0.400567207944587,61250,1006,149,14.8111332007952,787,14,191,0,0,2,12,477,314,27,0,0,57,6,73,0,15.3039832285115
"48229","48","229",TX,Texas,Hudspeth,Hudspeth County,11837.669202,2.126078,3329,0.28122090110759,35163,2437,620,25.4411161263849,1235,24,20,34,0,507,1509,966,682,113,0,0,32,4,135,0,13.9751552795031
"48137","48","137",TX,Texas,Edwards,Edwards County,5485.26322,5.196312,1380,0.251583186558548,40809,1346,315,23.4026745913819,1226,14,2,0,0,124,14,716,564,85,0,0,0,0,67,0,9.35754189944134
"48153","48","153",TX,Texas,Floyd,Floyd County,2569.637283,0.983737,5386,2.09601566556972,49321,5340,1016,19.0262172284644,4233,298,5,16,0,323,511,2187,1771,309,0,0,63,18,26,0,1.18884316415181
"47119","47","119",TN,Tennessee,Maury,Maury County,1588.022047,6.318294,102002,64.2321057145877,71500,100691,8938,8.87666226375744,82838,11082,329,890,8,744,6111,49963,39506,3681,38,0,336,253,6149,0.0760562816484198,12.3071072593719
"47083","47","083",TN,Tennessee,Houston,Houston County,518.758193,17.303404,8253,15.9091463255213,51544,7966,1066,13.3818729600803,7728,281,25,27,19,0,173,3171,2424,543,17,0,44,81,62,0.536108483128351,1.95521917376222
"48367","48","367",TX,Texas,Parker,Parker County,2340.624023,16.510094,151188,64.5930309671098,95721,149019,11791,7.91241385326703,132194,2113,783,1280,83,2752,11983,71963,56029,6618,182,0,652,798,7684,0.252907744257466,10.6777093784306
"21165","21","165",KY,Kentucky,Menifee,Menifee County,527.162212,6.205679,6174,11.7117651065627,43797,6111,1643,26.8859433807887,6076,12,0,0,0,0,86,1989,1596,148,0,0,6,0,239,0,12.0160884866767
"48253","48","253",TX,Texas,Jones,Jones County,2405.076785,22.097342,19758,8.21512232924405,59361,13553,1924,14.196118940456,13649,2159,99,70,0,1457,2324,6338,4876,838,0,0,123,28,473,0,7.46292205743137
"49055","49","055",UT,Utah,Wayne,Wayne County,6374.203167,14.660837,2532,0.397226121236371,64870,2505,212,8.46307385229541,2497,0,0,0,0,2,33,1271,754,107,0,7,105,6,292,0,22.9740361919748
"19107","19","107",IA,Iowa,Keokuk,Keokuk County,1500.056813,1.944064,10026,6.68374685086011,60016,9883,1207,12.2128908226247,9682,60,8,12,0,98,166,4501,3674,294,14,0,196,29,294,0.31104199066874,6.53188180404355
"21097","21","097",KY,Kentucky,Harrison,Harrison County,793.722604,8.855951,18803,23.6896365370489,58840,18467,2925,15.8390642768181,17703,389,1,0,3,84,623,8227,6837,647,0,0,226,35,482,0,5.85875774887565
"21239","21","239",KY,Kentucky,Woodford,Woodford County,490.993051,6.38099,26886,54.7584124566358,78295,26409,2228,8.43651785376198,24095,1034,29,101,0,629,998,13540,10911,852,21,0,201,64,1491,0.155096011816839,11.0118168389956
"21167","21","167",KY,Kentucky,Mercer,Mercer County,645.898189,10.166125,22662,35.0860249896133,60728,22442,2515,11.2066660725426,20811,790,59,42,3,141,816,9949,8142,1068,0,0,3,60,676,0,6.79465272891748
"27131","27","131",MN,Minnesota,Rice,Rice County,1284.234762,52.062452,67152,52.2895049931688,78214,59518,5503,9.24594240397863,55390,4258,354,1446,84,2415,3205,32398,22764,2768,129,146,1755,483,4353,0.398172726711525,13.4360145688005
"35037","35","037",NM,New Mexico,Quay,Quay County,7443.508559,18.554572,8641,1.16087728408025,38998,8413,2094,24.8900511113753,6265,226,215,50,36,757,1092,3422,2804,252,0,23,150,18,175,0,5.11396843950906
"35023","35","023",NM,New Mexico,Hidalgo,Hidalgo County,8905.761778,23.581028,4160,0.467113325473908,53651,4045,939,23.2138442521632,2887,7,28,0,0,361,877,1629,1287,177,0,0,62,14,89,0,5.463474524248
"36057","36","057",NY,New York,Montgomery,Montgomery County,1044.052635,18.613523,49624,47.5301707370338,58033,48859,7383,15.1108291205305,41127,1580,305,390,9,3234,2979,21665,16322,2206,55,108,748,573,1653,0.253865681975537,7.62981767828294
"36037","36","037",NY,New York,Genesee,Genesee County,1276.705561,6.137411,58204,45.5892116224596,68178,57184,5974,10.4469781757135,52954,1188,269,476,0,632,2685,28247,23098,2034,34,158,1007,417,1499,0.120366764612171,5.30675823981308
"16077","16","077",ID,Idaho,Power,Power County,3635.892403,99.205466,7918,2.17773221052053,56671,7849,875,11.1479169320933,5635,3,261,0,0,1386,633,3530,2564,370,0,62,248,24,262,0,7.42209631728045
"39089","39","089",OH,Ohio,Licking,Licking County,1767.47883,12.761091,178844,101.185936128016,78505,174769,17152,9.81409746579771,157835,7361,163,4860,37,1339,7249,85420,66242,6001,204,67,1652,1024,10230,0.238819948489815,11.976118005151
"40151","40","151",OK,Oklahoma,Woods,Woods County,3331.971779,9.081295,8661,2.59936175167707,50724,7737,1435,18.5472405325061,7622,270,313,15,0,72,369,4044,3137,491,0,0,292,0,124,0,3.06627101879327
"40123","40","123",OK,Oklahoma,Pontotoc,Pontotoc County,1865.705448,12.725534,38116,20.4298058093037,59457,36778,4897,13.3150252868563,25109,934,6730,330,40,286,4687,17006,14104,1337,30,35,741,217,542,0.17640832647301,3.18711043161237
"42119","42","119",PA,Pennsylvania,Union,Union County,818.320616,4.614461,42908,52.4342160774793,64914,34497,3731,10.8154332260776,38101,2818,99,608,1,525,756,16432,12153,1372,44,268,1395,117,1083,0.267770204479065,6.59079844206426
"45063","45","063",SC,South Carolina,Lexington,Lexington County,1810.412793,151.817364,295934,163.462167934426,71280,292862,33967,11.5982954429048,222068,44550,736,6127,202,6118,16133,142954,115986,11263,143,42,1204,1753,12563,0.100032178183192,8.7881416399681
"47177","47","177",TN,Tennessee,Warren,Warren County,1120.619163,3.524883,41163,36.7323720306575,52948,40577,6818,16.8026221751238,35577,1145,139,176,22,1678,2426,17419,14545,1677,10,0,142,49,996,0.0574085768413801,5.71789425340146
"51157","51","157",VA,Virginia,Rappahannock,Rappahannock County,689.900919,2.142396,7422,10.7580665507129,98663,7393,565,7.64236439875558,6479,327,18,16,0,335,247,3468,2476,249,52,0,129,34,528,1.49942329873126,15.2249134948097
"31171","31","171",NE,Nebraska,Thomas,Thomas County,1845.591359,2.001976,592,0.320764397336995,70069,592,39,6.58783783783784,518,8,6,0,0,0,60,352,233,15,0,0,51,0,53,0,15.0568181818182
"48431","48","431",TX,Texas,Sterling,Sterling County,2391.72277,0.167451,1392,0.582007253290481,63558,1356,24,1.76991150442478,1049,2,2,3,0,169,167,575,458,53,0,0,6,0,58,0,10.0869565217391
"01019","01","019",AL,Alabama,Cherokee,Cherokee County,1433.62085,120.310807,25069,17.4864923316371,46621,24658,3516,14.2590639954579,22884,1008,120,27,0,206,824,10079,8605,801,72,0,104,169,328,0.714356582994345,3.25429110030757
"01129","01","129",AL,Alabama,Washington,Washington County,2797.848584,21.524393,15434,5.51638143974699,51184,15282,2415,15.8029053788771,10298,3608,1042,62,0,20,404,5516,4773,225,2,0,40,134,342,0.0362581580855693,6.20014503263234
"06097","06","097",CA,California,Sonoma,Sonoma County,4080.091725,497.303747,488436,119.712014562614,99266,481716,42925,8.91085203729999,330543,7589,5200,21833,1605,66293,55373,242102,174617,22593,3185,1665,5321,3283,31438,1.31556120973804,12.9854358906577
"54025","54","025",WV,West Virginia,Greenbrier,Greenbrier County,2641.329257,12.163298,32995,12.4918163506338,45519,32140,6434,20.0186683260734,30687,691,65,261,0,123,1168,13148,11093,1309,34,0,240,70,402,0.258594463036203,3.05749923942805
"40075","40","075",OK,Oklahoma,Kiowa,Kiowa County,2629.039887,40.296743,8446,3.21257963477981,42679,8267,1915,23.1643885327205,6789,307,329,32,0,204,785,3253,2406,473,6,0,57,72,239,0.184445127574547,7.34706424838611
"47175","47","175",TN,Tennessee,Van Buren,Van Buren County,708.142395,2.893456,6182,8.72988263892886,44730,5952,1012,17.002688172043,5882,8,26,14,0,25,227,2421,2050,210,0,4,84,0,73,0,3.0152829409335
"37115","37","115",NC,North Carolina,Madison,Madison County,1164.498325,4.840167,21414,18.3890346085298,56664,20527,2566,12.5006089540605,19996,245,33,83,0,220,837,9348,7310,638,14,1,184,42,1159,0.149764655541292,12.3983739837398
"39091","39","091",OH,Ohio,Logan,Logan County,1187.522538,21.594566,46098,38.8186316679406,69125,45630,4981,10.9160639929871,43041,742,49,300,20,316,1630,20974,16958,1850,53,11,472,254,1376,0.252693811385525,6.56050348049967
"39139","39","139",OH,Ohio,Richland,Richland County,1282.631597,12.560134,125008,97.4621241924699,56557,117887,16356,13.8743033583007,106875,9847,117,1080,166,1114,5809,53293,44553,4821,239,149,666,428,2437,0.448464151014205,4.57283320511137
"40017","40","017",OK,Oklahoma,Canadian,Canadian County,2322.112748,23.146754,156681,67.4734679162099,82364,153759,12250,7.96701331304184,119845,5582,5736,4803,208,5087,15420,78324,65074,5351,86,14,430,718,6651,0.109800316633471,8.49165006894438
"47089","47","089",TN,Tennessee,Jefferson,Jefferson County,712.639829,101.435633,55017,77.2016911785603,60393,53132,5920,11.142061281337,51100,926,32,321,18,332,2288,24606,20586,2120,85,45,352,51,1367,0.345444200601479,5.55555555555556
"47185","47","185",TN,Tennessee,White,White County,975.592109,7.113368,27420,28.1060083892089,48220,27008,4605,17.0505035545024,25788,494,99,95,65,149,730,11115,9520,908,0,0,33,56,598,0,5.38011695906433
"47117","47","117",TN,Tennessee,Marshall,Marshall County,972.442311,1.801922,34567,35.5465816419006,65325,34016,5302,15.5867826904986,30960,1629,112,204,0,408,1254,15692,12898,1124,15,0,60,92,1503,0.0955901096099924,9.57812898292123
"48257","48","257",TX,Texas,Kaufman,Kaufman County,2022.22376,69.501259,149773,74.0635151077445,84075,148029,14486,9.78592032642253,98892,22755,555,2277,76,6612,18606,71908,57059,6217,72,34,847,531,7148,0.100127941258274,9.94047950158536
"54043","54","043",WV,West Virginia,Lincoln,Lincoln County,1132.065764,4.053564,20410,18.0289879343087,50985,20206,3876,19.1824210630506,19934,21,20,72,32,0,331,6418,5365,209,20,0,171,3,650,0.311623558741041,10.1277656590838
"55123","55","123",WI,Wisconsin,Vernon,Vernon County,2050.138652,64.286576,30811,15.0287396269235,65177,30392,4433,14.5860752829692,29408,66,36,75,14,202,1010,13711,10268,1094,94,4,510,314,1427,0.685580920428853,10.4077018452338
"06053","06","053",CA,California,Monterey,Monterey County,8499.609697,1267.80685,437609,51.4857758885631,91043,421244,51913,12.3237363618236,173937,9778,3430,25927,2138,174515,47884,189526,131052,19470,2502,993,5421,13648,16440,1.3201354959214,8.67427160389603
"09180","09","180",CT,Connecticut,Southeastern Connecticut,Southeastern Connecticut Planning Region,1549.162991,216.4628,280293,180.931897823784,80330,267571,26614,9.94651886788927,221146,16191,1300,10827,0,10025,20804,137271,105833,10084,1867,297,4026,1708,13456,1.36008333879698,9.80250744876922
"12031","12","031",FL,Florida,Duval,Duval County,1975.169547,403.639669,995708,504.112673017027,65579,971889,139341,14.3371310921309,544487,290585,1999,46991,729,33095,77822,489335,365712,43078,6172,1926,6551,9658,56238,1.26130360591415,11.4927401473428
"51091","51","091",VA,Virginia,Highland,Highland County,1075.266904,1.791758,2247,2.08971371818582,57070,2243,230,10.2541239411502,2120,0,0,69,0,0,58,805,621,25,0,0,31,5,123,0,15.2795031055901
"31103","31","103",NE,Nebraska,Keya Paha,Keya Paha County,2002.257963,2.192527,987,0.492943475935124,63977,987,85,8.61195542046606,947,1,0,0,0,19,20,441,258,32,0,0,73,18,60,0,13.6054421768707
"01049","01","049",AL,Alabama,DeKalb,DeKalb County,2012.620262,4.107136,71680,35.6152630247146,47920,70473,14251,20.2219289657032,59102,1043,1098,72,413,6443,3509,30290,24878,3703,31,8,379,135,1156,0.102344007923407,3.81644106965995
"01071","01","071",AL,Alabama,Jackson,Jackson County,2792.044647,126.334711,52618,18.8456871764343,46748,52008,9680,18.6125211505922,47208,1731,397,213,17,948,2104,20023,17064,1708,20,17,201,238,775,0.0998851320980872,3.87054886880088
"04017","04","017",AZ,Arizona,Navajo,Navajo County,25769.070673,24.116169,107110,4.15653328593749,50335,104364,26591,25.4790924073435,49409,1194,46154,418,152,3409,6374,33309,25309,3289,304,138,1112,485,2672,0.912666246359843,8.02185595484704
"41033","41","033",OR,Oregon,Josephine,Josephine County,4244.080759,5.631773,87994,20.7333472185702,56068,86776,13981,16.111597676777,78007,498,518,753,162,1426,6630,32841,24295,3500,122,214,711,449,3550,0.371486860936025,10.8096586583843
"45067","45","067",SC,South Carolina,Marion,Marion County,1267.466476,12.418901,29212,23.0475523835472,35972,28930,7925,27.3937089526443,11164,16451,233,65,0,908,391,10681,9352,949,17,0,44,117,202,0.159161127235278,1.89120868832506
"47161","47","161",TN,Tennessee,Stewart,Stewart County,1190.814528,86.082696,13724,11.5248845872327,57257,13487,1547,11.4703047378958,12689,101,20,75,103,62,674,5460,4373,665,35,0,136,46,205,0.641025641025641,3.75457875457875
"48499","48","499",TX,Texas,Wood,Wood County,1671.172293,130.731064,45341,27.1312540244467,61748,43538,5497,12.6257522164546,38945,1812,48,256,0,1362,2918,16925,13158,1994,9,55,230,137,1342,0.0531757754800591,7.92909896602659
"48489","48","489",TX,Texas,Willacy,Willacy County,1529.680708,502.856285,20308,13.2759731451094,42839,18905,5032,26.6172970113727,14122,180,114,0,0,650,5242,7939,6374,638,0,0,250,49,628,0,7.91031616072553
"46109","46","109",SD,South Dakota,Roberts,Roberts County,2851.720399,89.929974,10242,3.59151619618512,59022,10006,2085,20.8374975014991,5683,47,4118,10,0,45,339,4243,3401,265,22,3,156,83,313,0.518501060570351,7.37685599811454
"47027","47","027",TN,Tennessee,Clay,Clay County,612.608184,59.089285,7592,12.3929131185097,39572,7491,1668,22.2667200640769,7154,53,29,43,0,162,151,2592,2129,249,14,0,14,79,107,0.540123456790123,4.12808641975309
"48403","48","403",TX,Texas,Sabine,Sabine County,1273.523416,219.936062,9980,7.83652650168468,47061,9850,1705,17.3096446700508,8709,498,85,165,38,108,377,3029,2609,109,0,0,81,45,185,0,6.1076262793001
"51083","51","083",VA,Virginia,Halifax,Halifax County,2117.913728,30.523987,34013,16.059672096332,49145,33112,4867,14.698598695337,20595,11819,32,72,0,180,1315,13505,10918,1195,50,16,100,337,889,0.370233246945576,6.58274713069234
"13191","13","191",GA,Georgia,McIntosh,McIntosh County,1117.184398,369.182273,11183,10.0099858358387,51262,11021,2240,20.3248344070411,7064,3548,4,157,0,0,410,4519,3572,330,35,0,50,7,525,0.774507634432397,11.6176145164859
"16007","16","007",ID,Idaho,Bear Lake,Bear Lake County,2527.123155,191.364281,6436,2.54676943118746,63244,6346,671,10.5735896627797,6125,8,91,54,0,40,118,2644,2074,234,14,4,53,13,252,0.529500756429652,9.53101361573374
"19045","19","045",IA,Iowa,Clinton,Clinton County,1799.934695,39.410955,46488,25.8276037064778,61080,45525,5649,12.4085667215815,42575,1405,99,438,2,146,1823,21251,17620,1470,88,41,421,388,1223,0.414098160086584,5.75502329302151
"19145","19","145",IA,Iowa,Page,Page County,1385.497642,1.359014,15225,10.9888314050267,58264,14282,1918,13.4294916678336,14212,234,82,136,2,38,521,6772,5325,802,1,1,221,113,309,0.0147666863555818,4.56290608387478
"20107","20","107",KS,Kansas,Linn,Linn County,1538.662702,31.893232,9696,6.30157602923425,56697,9609,1105,11.4996357581434,9074,93,19,57,21,60,372,4188,3243,430,27,0,140,63,285,0.644699140401146,6.80515759312321
"21055","21","055",KY,Kentucky,Crittenden,Crittenden County,931.272391,30.377986,8979,9.64164737060266,45810,8710,1560,17.910447761194,8596,64,53,25,0,93,148,3374,2485,569,0,0,155,7,158,0,4.6828689982217
"09110","09","110",CT,Connecticut,Capitol,Capitol Planning Region,2660.77186,48.836864,977165,367.248697526439,88190,942162,101370,10.7592961719959,654037,123631,2550,57018,380,63134,76415,485812,360334,33596,12907,814,9577,4523,64061,2.6567890459684,13.1863766230558
"12065","12","065",FL,Florida,Jefferson,Jefferson County,1549.018611,193.06392,14458,9.33365157612041,51573,13168,2414,18.3323207776428,9179,4647,13,33,4,215,367,5936,4779,760,0,22,43,30,302,0,5.08760107816712
"13027","13","027",GA,Georgia,Brooks,Brooks County,1277.341275,11.955761,16275,12.7413090914172,42263,16120,4277,26.5322580645161,9273,5789,6,105,24,610,468,6521,5451,610,0,0,209,20,231,0,3.54240147216685
"13135","13","135",GA,Georgia,Gwinnett,Gwinnett County,1115.656265,15.62455,957977,858.666804510796,82296,951183,96291,10.1232885785385,377684,272622,4487,122104,643,91331,89106,464985,334360,52088,3250,277,3442,6139,65429,0.698947277869179,14.0712065980623
"48481","48","481",TX,Texas,Wharton,Wharton County,2813.095079,21.310003,41614,14.7929589407241,59712,40955,5998,14.6453424490294,29464,5380,7,192,0,1797,4774,17908,14894,1676,20,36,386,260,636,0.111681929863748,3.55148536966719
"51025","51","025",VA,Virginia,Brunswick,Brunswick County,1466.554906,8.36682,15965,10.8860567952033,52678,13666,2346,17.1666910581004,6596,8714,34,15,0,205,401,6248,5008,580,4,0,84,305,267,0.0640204865556978,4.27336747759283
"54045","54","045",WV,West Virginia,Logan,Logan County,1175.120719,4.748336,32350,27.5290865669776,42194,31495,7481,23.7529766629624,30913,569,2,109,0,42,715,9181,8027,504,66,0,150,54,380,0.718875939440148,4.1389826816251
"55121","55","121",WI,Wisconsin,Trempealeau,Trempealeau County,1898.37358,23.331638,30679,16.1606758138722,68474,30188,2229,7.38372863389426,27894,142,178,118,34,1548,765,15240,12235,1092,8,28,392,131,1354,0.05249343832021,8.88451443569554
"38001","38","001",ND,North Dakota,Adams,Adams County,2557.733899,2.894336,2190,0.856226678176423,57950,2114,284,13.434247871334,2094,11,26,12,0,7,40,1030,707,100,0,3,48,0,172,0,16.6990291262136
"47077","47","077",TN,Tennessee,Henderson,Henderson County,1346.816755,15.219341,27845,20.6746759695605,51576,27310,4923,18.026363969242,24584,2270,40,37,22,216,676,11506,9711,515,22,8,86,95,1069,0.191204588910134,9.29080479749696
"51127","51","127",VA,Virginia,New Kent,New Kent County,543.986299,35.598427,23296,42.8246079778564,113120,22685,889,3.91888913378885,18464,3058,159,264,0,280,1071,12083,8963,779,25,0,47,106,2163,0.206902259372672,17.9011834809236
"31049","31","049",NE,Nebraska,Deuel,Deuel County,1139.208344,2.229828,1858,1.6309571552787,58875,1847,132,7.14672441797509,1676,2,17,9,0,30,124,876,703,59,0,0,33,30,51,0,5.82191780821918
"01023","01","023",AL,Alabama,Choctaw,Choctaw County,2365.900083,19.114321,12669,5.35483306798633,43299,12475,2388,19.1422845691383,7180,5062,28,15,0,85,299,4402,3849,400,0,0,66,36,51,0,1.15856428895956
"05009","05","009",AR,Arkansas,Boone,Boone County,1527.375337,31.797989,37662,24.657986211807,52275,36991,4869,13.1626611878565,35724,123,130,165,2,215,1303,15850,12700,1393,4,11,337,92,1313,0.0252365930599369,8.28391167192429
"06013","06","013",CA,California,Contra Costa,Contra Costa County,1856.752855,225.364427,1162648,626.172727764568,120020,1153216,95255,8.25994436428215,542206,101345,8354,212568,5802,148400,143973,556391,345234,54037,42102,2280,9665,8623,94450,7.56698077431159,16.9754722847781
"22067","22","067",LA,Louisiana,Morehouse,Morehouse Parish,2058.910717,28.888046,25438,12.3550767840313,37875,24537,7067,28.8014019643803,12287,12277,13,131,38,147,545,9196,7850,716,0,11,355,35,229,0,2.49021313614615
"23027","23","027",ME,Maine,Waldo,Waldo County,1890.642743,317.988397,39772,21.0362323327628,62694,38992,5035,12.9129052113254,37514,222,99,167,0,459,1311,18015,13524,1289,99,27,527,208,2341,0.549542048293089,12.9947266167083
"26099","26","099",MI,Michigan,Macomb,Macomb County,1241.505063,237.173297,878453,707.571016969747,73876,870199,85418,9.81591566986402,680537,108151,1799,39992,462,7428,40084,422678,336067,34529,2778,659,4405,3571,40669,0.657237897406536,9.62174515825286
"30061","30","061",MT,Montana,Mineral,Mineral County,3158.799812,9.897218,4652,1.47271124378552,56098,4518,639,14.1434262948207,4326,33,65,30,0,16,182,1890,1296,269,3,0,115,25,182,0.158730158730159,9.62962962962963
"40037","40","037",OK,Oklahoma,Creek,Creek County,2460.214788,50.817257,72076,29.2966290388789,61657,70769,9590,13.5511311449929,55330,1423,8224,433,6,1083,5577,30846,25506,2444,35,31,207,211,2412,0.11346690008429,7.81949037152305
"40039","40","039",OK,Oklahoma,Custer,Custer County,2560.924945,34.326632,28391,11.0862288468981,58669,26740,4290,16.0433807030666,20807,964,1414,354,43,1468,3341,14054,11522,1651,0,0,404,61,416,0,2.96001138465917
"20151","20","151",KS,Kansas,Pratt,Pratt County,1903.740948,1.771939,9175,4.81945824070177,61685,8658,1005,11.6077616077616,8257,206,97,17,0,39,559,4180,3469,225,5,11,195,29,246,0.119617224880383,5.88516746411483
"45059","45","059",SC,South Carolina,Laurens,Laurens County,1846.327163,26.061233,67456,36.5352367401638,52077,65189,12281,18.8390679409103,46271,15564,54,404,59,2087,3017,28596,22883,3337,2,10,491,252,1621,0.00699398517275143,5.66862498251504
"47021","47","021",TN,Tennessee,Cheatham,Cheatham County,783.466439,11.821692,41184,52.5663869566211,77014,40697,3802,9.34221195665528,37902,789,102,219,15,713,1444,20410,15491,2426,44,0,55,341,2053,0.215580597746203,10.0587947084762
"48077","48","077",TX,Texas,Clay,Clay County,2819.871856,72.50682,10290,3.649101989548,75227,10173,925,9.09269635309152,9461,27,121,95,8,33,545,4745,3762,620,0,0,83,12,268,0,5.64805057955743
"51097","51","097",VA,Virginia,King and Queen,King and Queen County,816.23277,28.929275,6681,8.18516512146407,70147,6671,1330,19.9370409233998,4472,1611,27,0,0,207,364,3248,2598,301,0,0,31,11,307,0,9.45197044334975
"31083","31","083",NE,Nebraska,Harlan,Harlan County,1433.471221,53.339808,3094,2.15839701186439,64583,3048,224,7.3490813648294,2904,3,4,37,0,38,108,1479,1149,200,3,4,43,5,75,0.202839756592292,5.0709939148073
"31009","31","009",NE,Nebraska,Blaine,Blaine County,1840.70993,9.414983,384,0.208615161868551,52083,384,44,11.4583333333333,384,0,0,0,0,0,0,200,110,4,0,0,38,5,43,0,21.5
"04011","04","011",AZ,Arizona,Greenlee,Greenlee County,4772.93811,11.936413,9483,1.98682651680141,73756,9428,1208,12.8128977513789,7158,171,323,71,0,289,1471,4129,3397,511,0,0,167,24,30,0,0.726568176313877
"06025","06","025",CA,California,Imperial,Imperial County,10814.595263,790.21676,179578,16.6051521700854,53847,171450,36092,21.0510352872558,70860,4608,2634,2710,59,62551,36156,59335,47220,5172,417,149,1755,1126,3496,0.702789247493048,5.89196932670431
"12109","12","109",FL,Florida,St. Johns,St. Johns County,1555.652807,572.113481,278722,179.167227253941,100020,275491,18720,6.79514031311368,232319,15352,335,8721,174,4227,17594,128385,90213,8480,138,792,1098,1972,25692,0.107489192662694,20.0116836078981
"13045","13","045",GA,Georgia,Carroll,Carroll County,1292.752875,12.024409,120060,92.8715784136237,66895,116368,19641,16.8783514368211,85441,24231,895,1041,0,3305,5147,54488,42028,6470,250,65,815,716,4144,0.458816620173249,7.60534429599178
"28001","28","001",MS,Mississippi,Adams,Adams County,1197.464268,65.273639,29425,24.5727582745709,37271,27437,7461,27.1932062543281,11452,15707,57,264,0,1226,719,9965,8989,631,0,0,19,94,232,0,2.32814851981937
"27139","27","139",MN,Minnesota,Scott,Scott County,922.320608,31.800969,151347,164.093698749925,118268,149421,7517,5.03075203619304,121217,7644,786,9644,14,3633,8409,83336,61677,6024,853,201,547,746,13288,1.02356724584813,15.9450897571278
"31055","31","055",NE,Nebraska,Douglas,Douglas County,845.399893,33.511554,582638,689.186271283335,76083,571091,62856,11.0063019728905,427980,62372,3513,24377,198,20832,43366,301107,227027,26006,3078,565,4977,3215,36239,1.02222797875838,12.0352565699236
"48331","48","331",TX,Texas,Milam,Milam County,2632.349434,11.831398,25080,9.52761045933387,56985,24558,3505,14.2723348806906,18807,2687,47,89,39,1307,2104,10580,8553,916,0,0,214,159,738,0,6.97542533081285
"22059","22","059",LA,Louisiana,LaSalle,LaSalle Parish,1618.363237,97.655624,14764,9.12279744278447,59926,13699,2081,15.1908898459742,12166,1732,58,278,82,78,370,6278,4221,1305,82,0,130,399,141,1.30614845492195,2.24593819687799
"48503","48","503",TX,Texas,Young,Young County,2368.539759,42.371869,17903,7.55866560059717,65565,17606,2767,15.7162331023515,15798,330,71,62,0,438,1204,8135,6480,999,0,24,124,74,434,0,5.33497234173325
"51019","51","019",VA,Virginia,Bedford,Bedford County,1968.660754,42.062887,79761,40.5153604235461,74773,78985,7161,9.06627840729252,69564,4925,53,1010,0,981,3228,36473,29879,2508,20,0,382,394,3290,0.0548350834864146,9.0203712335152
"54033","54","033",WV,West Virginia,Harrison,Harrison County,1077.456354,1.318839,65862,61.1273020531094,56184,64399,8830,13.7113930340533,61644,862,69,468,18,243,2558,28346,23893,1534,77,129,841,221,1651,0.27164326536372,5.82445494955197
"55127","55","127",WI,Wisconsin,Walworth,Walworth County,1438.464471,54.912925,105127,73.0827921852788,75172,102355,9786,9.56084216696791,93316,839,288,927,19,3355,6383,54345,42295,4487,142,189,1959,419,4854,0.261293587266538,8.93182445487165
"56043","56","043",WY,Wyoming,Washakie,Washakie County,5798.15247,10.41589,7725,1.33232094877974,61875,7547,503,6.66489996024911,6644,1,57,32,0,289,702,3828,2997,329,0,86,179,95,142,0,3.70950888192267
"05093","05","093",AR,Arkansas,Mississippi,Mississippi County,2336.409932,72.224609,40361,17.2747938823605,50012,39322,8599,21.8681654035909,23530,14037,60,164,20,569,1981,16253,13519,2095,23,0,88,160,368,0.141512336184089,2.26419737894543
"05021","05","021",AR,Arkansas,Clay,Clay County,1655.58194,5.497697,14537,8.78059831940423,44685,14358,2789,19.4247109625296,13720,98,39,6,0,73,601,6194,5045,542,4,0,157,99,347,0.0645786244752987,5.60219567323216
"06059","06","059",CA,California,Orange,Orange County,2053.491982,406.263283,3175227,1546.25731574929,109361,3137483,303810,9.68323971795226,1594137,53753,19759,688905,9847,427775,381051,1563277,1115833,141241,22024,8694,27015,20943,227527,1.40883541432516,14.5544903430422
"18129","18","129",IN,Indiana,Posey,Posey County,1060.302169,26.505383,25226,23.7913311294943,75594,24873,2490,10.0108551441322,24021,320,8,112,0,311,454,12131,10366,799,6,33,234,38,655,0.0494600610007419,5.39938999258099
"18075","18","075",IN,Indiana,Jay,Jay County,994.310124,0.458556,20451,20.5680295376335,52231,20170,2725,13.5101636093208,19428,59,24,87,0,148,705,8776,6763,1029,36,6,236,209,497,0.4102096627165,5.66317228805834
"19131","19","131",IA,Iowa,Mitchell,Mitchell County,1215.368212,1.118491,10537,8.66980055588289,66056,10261,688,6.70499951271806,10215,59,9,89,0,66,99,5611,4231,380,1,13,193,206,587,0.017822135091784,10.4615932988772
"20183","20","183",KS,Kansas,Smith,Smith County,2319.241779,3.884267,3561,1.53541559670222,50943,3496,256,7.32265446224256,3394,21,8,12,0,37,89,1693,1389,125,3,0,73,26,77,0.177200236266982,4.5481393975192
"33005","33","005",NH,New Hampshire,Cheshire,Cheshire County,1830.36725,57.589052,76610,41.8549883909909,76551,72615,6538,9.00364938373614,71795,517,102,512,14,532,3138,38344,29595,2956,43,167,895,422,4266,0.112142708116003,11.1255998330899
"39043","39","043",OH,Ohio,Erie,Erie County,650.833148,969.939819,75299,115.696319757825,65171,74100,8501,11.472334682861,62352,6743,162,558,21,1023,4440,35164,29587,3021,224,30,426,464,1412,0.637015129109316,4.01547036742123
"41009","41","009",OR,Oregon,Columbia,Columbia County,1705.984352,78.454244,52865,30.9879747361247,83265,52190,4760,9.12052117263844,46598,243,470,319,203,449,4583,23814,17519,3137,89,24,551,187,2307,0.373729738809104,9.68757873519778
"42125","42","125",PA,Pennsylvania,Washington,Washington County,2219.644653,9.945723,209631,94.4434955913639,74403,204201,19392,9.49652548224543,191587,6750,76,2432,66,1308,7412,100001,76735,6848,977,17,2332,1045,12047,0.976990230097699,12.0468795312047
"36017","36","017",NY,New York,Chenango,Chenango County,2314.006879,13.433905,47096,20.3525756243009,61741,46254,5747,12.4248713624768,44432,370,20,248,7,681,1338,20856,16517,1944,11,30,825,118,1411,0.0527426160337553,6.76543920214806
"42099","42","099",PA,Pennsylvania,Perry,Perry County,1428.247558,10.59117,45941,32.1659923328222,76103,45398,3712,8.17657165513899,43702,392,37,153,9,239,1409,22091,17133,2171,42,27,342,118,2258,0.190122674392286,10.2213571137567
"46123","46","123",SD,South Dakota,Tripp,Tripp County,4175.808485,13.340585,5607,1.3427339927444,56758,5358,1174,21.9111608809257,4480,36,830,30,0,26,205,2599,1941,248,25,0,310,1,74,0.961908426317815,2.84724894190073
"51037","51","037",VA,Virginia,Charlotte,Charlotte County,1231.010116,5.809378,11563,9.39309908969099,51548,11342,2304,20.3138776229942,8159,3019,0,42,0,10,333,4537,3663,371,11,0,107,114,271,0.242450958783337,5.9731099845713
"31073","31","073",NE,Nebraska,Gosper,Gosper County,1186.616216,11.831826,1873,1.57843789318315,76583,1835,120,6.53950953678474,1819,5,9,0,4,2,34,915,625,195,0,0,20,41,34,0,3.71584699453552
"12086","12","086",FL,Florida,Miami-Dade,Miami-Dade County,4920.781681,1267.531174,2688237,546.302838506279,64215,2647752,403997,15.25811329762,1259156,426417,6450,41646,544,170507,783517,1319578,958955,116162,44468,6856,25731,30099,137307,3.36986521448524,10.405372020449
"12045","12","045",FL,Florida,Gulf,Gulf County,1433.456927,624.416742,15002,10.4656091978967,56250,12349,1522,12.324884606041,11878,2266,137,57,0,69,595,5106,3694,873,0,10,98,129,302,0,5.91461026243635
"12029","12","029",FL,Florida,Dixie,Dixie County,1826.030991,876.346111,16737,9.16578091088926,45057,15144,2445,16.1450079239303,14265,1366,75,51,0,83,897,5345,4057,731,0,19,134,57,347,0,6.49204864359214
"25009","25","009",MA,Massachusetts,Essex,Essex County,1275.60537,870.172676,806103,631.937603084879,94378,790497,76850,9.72173202428346,582834,35280,1672,28271,183,92689,65174,412030,290022,31299,16307,586,12261,9232,52323,3.95772152513167,12.698832609276
"26003","26","003",MI,Michigan,Alger,Alger County,2369.92769,10703.517569,8866,3.74104241129821,55528,7814,801,10.2508318402867,7324,691,283,70,0,57,441,2856,2078,278,9,8,158,64,261,0.315126050420168,9.13865546218487
"42009","42","009",PA,Pennsylvania,Bedford,Bedford County,2621.700065,11.998899,47613,18.1611163823197,58337,47012,5071,10.7866076746363,45949,347,47,249,0,111,910,21872,17567,2100,135,98,461,153,1358,0.617227505486467,6.20885149963424
"46027","46","027",SD,South Dakota,Clay,Clay County,1067.154436,13.955918,14953,14.0120300263644,55963,12612,2670,21.1703139866794,12973,259,496,452,8,203,562,7330,5271,493,21,121,831,34,559,0.286493860845839,7.62619372442019
"48141","48","141",TX,Texas,El Paso,El Paso County,2624.264473,5.322143,863832,329.17109113339,55417,849872,165778,19.5062315266299,428762,27772,6066,10820,1379,131477,257556,377646,294396,41217,3532,465,5311,7561,25164,0.93526741975289,6.66338316836402
"51650","51","650",VA,Virginia,Hampton,Hampton city,133.282615,219.667964,137217,1029.51911620281,64430,132914,17890,13.4598311690266,53076,67213,396,2862,116,2721,10833,67348,53389,5832,1030,103,1221,1046,4727,1.52936984023282,7.01876818910732
"05007","05","007",AR,Arkansas,Benton,Benton County,2195.618068,94.872593,286528,130.499928095873,85269,282793,22289,7.88173681809663,205967,5374,3225,12068,1963,10490,47441,141682,109371,11528,150,290,1390,923,18030,0.105870893973829,12.7256814556542
"05003","05","003",AR,Arkansas,Ashley,Ashley County,2397.012347,38.656004,19018,7.93404340357367,44804,18864,4390,23.2718405428329,13461,4725,43,25,55,181,528,6525,5683,389,20,19,87,145,182,0.306513409961686,2.78927203065134
"06051","06","051",CA,California,Mono,Mono County,7896.625263,214.695142,13219,1.67400624440648,82038,13095,1478,11.286750668194,10437,40,207,542,0,805,1188,7400,4514,769,287,82,595,88,1065,3.87837837837838,14.3918918918919
"06039","06","039",CA,California,Madera,Madera County,5534.591551,42.271836,157243,28.4109493087325,73543,150314,30154,20.0606729912051,77220,4091,2046,3675,134,46527,23550,57706,42305,7279,129,68,877,2740,4308,0.22354694485842,7.46542820503934
"13251","13","251",GA,Georgia,Screven,Screven County,1672.668617,26.023811,14026,8.38540273754655,49941,13632,2511,18.4198943661972,7938,5629,12,56,0,39,352,5799,4736,594,0,0,61,96,312,0,5.38023797206415
"13033","13","033",GA,Georgia,Burke,Burke County,2142.023426,20.571289,24337,11.3616871340416,50321,23944,4150,17.3321082525894,12127,11095,0,122,0,323,670,10318,8339,722,45,0,153,229,830,0.436131033145959,8.04419461135879
"17111","17","111",IL,Illinois,McHenry,McHenry County,1562.790267,19.871804,311133,199.088135221922,100101,308820,18641,6.03620231850269,267635,4787,564,8899,12,6535,22701,162822,124800,10962,2616,152,1422,1523,21347,1.60666249032686,13.1106361548194
"19109","19","109",IA,Iowa,Kossuth,Kossuth County,2519.36181,4.125592,14718,5.84195566574854,62553,14454,1514,10.4746091047461,13841,124,18,84,6,286,359,6915,5339,597,13,13,310,113,530,0.187997107736804,7.6644974692697
"27075","27","075",MN,Minnesota,Lake,Lake County,5462.563285,2283.905281,10915,1.99814618715214,73860,10705,921,8.60345632881831,10482,31,33,15,0,30,324,4850,3631,427,11,16,198,27,540,0.22680412371134,11.1340206185567
"28021","28","021",MS,Mississippi,Claiborne,Claiborne County,1262.400025,35.711134,9044,7.16413167054556,34282,7951,2419,30.4238460570997,1008,7763,0,11,0,6,256,2466,2089,90,3,0,219,6,59,0.121654501216545,2.39253852392539
"28073","28","073",MS,Mississippi,Lamar,Lamar County,1286.109796,8.871408,64425,50.0929237926433,67972,63869,10759,16.8454179648969,47873,13481,153,781,0,406,1731,29912,24526,3057,93,0,241,1101,894,0.310912008558438,2.98876705001337
"31131","31","131",NE,Nebraska,Otoe,Otoe County,1594.561689,8.689332,15995,10.030969708065,73031,15759,1804,11.447426867187,14161,112,41,23,0,674,984,7967,5961,1185,1,14,259,37,510,0.0125517760763148,6.40140579892055
"51193","51","193",VA,Virginia,Westmoreland,Westmoreland County,593.951805,61.108784,18480,31.1136355583598,56647,18295,2935,16.0426345996174,11706,4507,27,204,0,894,1142,7028,5255,677,38,48,47,35,928,0.540694365395561,13.2043255549232
"51153","51","153",VA,Virginia,Prince William,Prince William County,868.305537,30.842048,481114,554.083763720143,123193,475568,28768,6.04918749789725,241644,99551,2666,46608,476,37653,52516,249858,170959,26313,7491,339,2920,4407,37429,2.99810292245996,14.9801087017426
"01085","01","085",AL,Alabama,Lowndes,Lowndes County,1854.651875,23.271196,10153,5.47434272536996,33125,9997,2552,25.5276582974892,2493,7603,0,0,0,0,57,3642,3121,261,2,0,106,24,128,0.0549148819330038,3.51455244371225
"01095","01","095",AL,Alabama,Marshall,Marshall County,1465.531833,148.497637,97923,66.8173817825218,58272,96335,15992,16.6004048372866,83991,2746,877,600,78,4197,5434,40866,34202,3931,91,10,140,160,2332,0.222678999657417,5.70645524396809
"02020","02","020",AK,Alaska,Anchorage,Anchorage Municipality,4420.814008,621.079537,290674,65.7512393586317,95731,284386,27415,9.64006666994859,172004,15469,21507,28440,8563,7728,36963,148597,106757,18875,2036,1239,3545,3196,12949,1.37014879169835,8.71417323364536
"12015","12","015",FL,Florida,Charlotte,Charlotte County,1764.086777,689.242502,189900,107.647765674511,62164,185835,19490,10.4877983157102,162761,9794,298,2442,86,3367,11152,66322,49548,4849,165,342,705,1550,9163,0.248786224782124,13.8159283495673
"16055","16","055",ID,Idaho,Kootenai,Kootenai County,3205.837533,184.443858,173396,54.0875818612484,71949,170986,15857,9.2738586784883,155469,507,1604,1256,185,2392,11983,80056,61697,6412,439,368,1158,641,9341,0.54836614369941,11.6680823423603
"17149","17","149",IL,Illinois,Pike,Pike County,2153.190724,45.25153,14776,6.862373980764,55514,14312,1925,13.4502515371716,14235,102,6,44,88,74,227,6292,5117,545,5,25,71,28,501,0.0794659885568977,7.96249205340114
"17181","17","181",IL,Illinois,Union,Union County,1070.731267,22.54042,17122,15.9909405167301,54090,16780,3372,20.0953516090584,15634,254,40,59,26,40,1069,6750,5718,526,0,2,64,111,329,0,4.87407407407407
"17059","17","059",IL,Illinois,Gallatin,Gallatin County,836.413648,13.357002,4967,5.93844924921646,51868,4955,950,19.1725529767911,4673,15,21,6,0,4,248,2074,1876,139,0,0,2,15,42,0,2.02507232401157
"37049","37","049",NC,North Carolina,Craven,Craven County,1830.014539,172.777673,101098,55.2443698372169,61676,96165,13507,14.0456507045183,69166,21224,426,2652,189,1883,5558,44932,35760,4547,73,99,703,852,2898,0.16246772901273,6.4497462832725
"39155","39","155",OH,Ohio,Trumbull,Trumbull County,1599.521858,47.80846,201749,126.130817775921,53537,197890,33912,17.1367931679216,175173,15945,166,1175,169,532,8589,84556,70513,6139,579,156,1222,1330,4617,0.684753299588438,5.46028667392024
"42085","42","085",PA,Pennsylvania,Mercer,Mercer County,1741.864529,25.965918,110600,63.4951789640582,57353,103728,14013,13.5093706617307,98886,6171,94,773,20,786,3870,47137,38127,3470,84,61,1485,748,3162,0.178203958673653,6.70810615864395
"30023","30","023",MT,Montana,Deer Lodge,Deer Lodge County,1907.998859,12.19989,9435,4.94497151059355,46436,9021,2070,22.9464582640505,8589,51,167,45,7,41,535,4088,3063,221,0,0,274,159,371,0,9.07534246575342
"31127","31","127",NE,Nebraska,Nemaha,Nemaha County,1055.100616,5.769944,7019,6.65244612083517,57196,6531,1001,15.3269024651661,6427,113,34,26,0,70,349,3187,2683,192,0,0,174,11,127,0,3.9849388139316
"28017","28","017",MS,Mississippi,Chickasaw,Chickasaw County,1299.608408,6.380767,17024,13.0993304561631,40224,16498,4392,26.6214086555946,8557,7517,5,30,0,576,339,6566,5548,489,0,0,227,136,166,0,2.52817544928419
"36063","36","063",NY,New York,Niagara,Niagara County,1352.88756,1598.842379,212230,156.871868937874,65882,208545,27046,12.9689035939485,180212,14059,1267,2495,45,2261,11891,98566,78305,7563,941,134,2721,1207,7695,0.95469025830408,7.80695168719437
"36025","36","025",NY,New York,Delaware,Delaware County,3736.306657,64.163829,44637,11.9468245242591,58338,42534,6295,14.7999247660695,41231,616,258,360,4,324,1844,18859,13687,1480,187,114,1300,165,1926,0.991569012142744,10.2126305742616
"37119","37","119",NC,North Carolina,Mecklenburg,Mecklenburg County,1356.13297,58.206612,1115403,822.487930516135,79265,1098264,115796,10.5435487278104,539668,349308,3862,69559,345,76272,76389,590774,386714,45898,12557,837,9860,7756,127152,2.12551669504751,21.5229512470082
"04021","04","021",AZ,Arizona,Pinal,Pinal County,13899.612881,20.747424,433338,31.1762639513759,73313,411007,46424,11.2951847535443,299613,19867,20660,6791,1560,33521,51326,167486,121871,19168,318,850,1956,2516,20807,0.189866615717135,12.4231279032277
"05077","05","077",AR,Arkansas,Lee,Lee County,1553.493435,57.858191,8666,5.57839499334608,33801,7111,1964,27.6191815497117,3663,4793,9,16,0,47,138,2514,1822,303,0,0,35,24,330,0,13.126491646778
"08035","08","035",CO,Colorado,Douglas,Douglas County,2177.889328,6.795841,360206,165.392242557515,139010,358730,10799,3.01034203997435,302851,5272,1345,19296,245,6654,24543,195197,131200,10603,1931,322,2508,1309,47324,0.989257007023673,24.2442250649344
"08107","08","107",CO,Colorado,Routt,Routt County,6117.602804,15.831744,24944,4.07741411124147,95144,24639,1965,7.97516132959942,21759,48,166,273,44,311,2343,13686,9300,1014,113,408,558,78,2215,0.825661259681426,16.1844220371182
"17141","17","141",IL,Illinois,Ogle,Ogle County,1964.903709,12.378959,51672,26.2974718625258,75782,51024,4234,8.29805581687049,46277,556,204,252,15,948,3420,24422,20235,1897,158,22,316,278,1516,0.646957661125215,6.20751781180902
"18061","18","061",IN,Indiana,Harrison,Harrison County,1253.827671,5.278989,39684,31.6502825052104,71302,39162,2976,7.59920330933047,38192,295,4,257,0,130,806,18035,14845,1745,11,4,212,13,1205,0.0609925145550319,6.68145273080122
"21111","21","111",KY,Kentucky,Jefferson,Jefferson County,986.344428,43.437019,779232,790.020177414131,66296,763818,107897,14.1260090754604,526215,171527,697,23233,374,11725,45461,384235,291259,30301,7658,996,6725,5774,41522,1.99305112756516,10.8064075370541
"22085","22","085",LA,Louisiana,Sabine,Sabine Parish,2244.547678,375.313525,22209,9.89464390428511,40777,21890,5237,23.9241662859753,14882,3221,1323,77,0,260,2446,7234,5312,1107,9,8,110,387,301,0.124412496544097,4.1609068288637
"19027","19","027",IA,Iowa,Carroll,Carroll County,1474.877207,2.145349,20728,14.0540513485608,68041,20349,1587,7.79890903729913,19472,243,81,89,0,161,682,10600,8750,803,36,3,296,77,635,0.339622641509434,5.99056603773585
"22123","22","123",LA,Louisiana,West Carroll,West Carroll Parish,931.582171,2.386489,9800,10.519737608847,45035,9510,1827,19.211356466877,7950,1509,8,1,7,179,146,3554,3233,238,0,0,38,4,41,0,1.15362971299944
"26139","26","139",MI,Michigan,Ottawa,Ottawa County,1459.508866,2765.824533,296183,202.933333876712,83932,286398,21639,7.55556952213353,255482,5068,1256,8032,61,9684,16600,150765,120336,12373,751,616,3966,882,11841,0.498126222929725,7.85394488110636
"26007","26","007",MI,Michigan,Alpena,Alpena County,1481.205164,2908.63323,28911,19.5185654915797,49133,28378,4685,16.5092677426175,27419,223,43,134,0,104,988,11893,9601,721,104,119,211,309,828,0.874463970402758,6.96207853359119
"28125","28","125",MS,Mississippi,Sharkey,Sharkey County,1118.149684,8.806463,3910,3.49684845951269,41000,3809,1025,26.9099501181412,1035,2836,0,0,21,7,11,1474,1155,229,2,44,22,0,22,0.135685210312076,1.49253731343284
"36029","36","029",NY,New York,Erie,Erie County,2700.663216,476.876397,951232,352.221629992386,68014,928025,127623,13.7521079712292,717085,122787,3796,41161,185,22302,43916,455254,346470,32692,13708,1415,11528,5309,44132,3.01106634977397,9.69392910331375
"51053","51","053",VA,Virginia,Dinwiddie,Dinwiddie County,1305.057845,8.988308,28057,21.4986639155447,77225,27279,3014,11.0487921111478,18340,8635,5,215,16,311,535,13371,11055,858,139,0,120,19,1180,1.03956323386433,8.82506917956772
"51043","51","043",VA,Virginia,Clarke,Clarke County,455.729731,5.68574,14882,32.6553195626379,107475,14615,789,5.39856312008211,13120,680,44,184,0,360,494,7421,5531,464,24,62,140,123,1077,0.323406548982617,14.5128688855949
"35033","35","033",NM,New Mexico,Mora,Mora County,4988.962636,6.093304,4208,0.843461919244568,40231,4193,911,21.7266873360362,2213,0,26,0,0,1144,825,1312,856,160,0,0,124,0,172,0,13.109756097561
"27143","27","143",MN,Minnesota,Sibley,Sibley County,1525.091344,30.32993,14950,9.80269152979994,74781,14802,1278,8.63396838265099,13549,146,54,67,9,629,496,7742,6354,395,7,4,199,79,704,0.0904159132007233,9.09325755618703
"47061","47","061",TN,Tennessee,Grundy,Grundy County,933.545795,1.755421,13550,14.514553086279,47948,13275,2422,18.2448210922787,12920,49,32,45,0,4,500,5266,4224,649,5,0,35,63,290,0.094948727687049,5.50702620584884
"48123","48","123",TX,Texas,DeWitt,DeWitt County,2354.237965,3.919919,19826,8.42140866588225,61100,17896,2959,16.5344210996871,12035,1548,163,78,0,4571,1431,7490,6107,723,0,99,144,112,305,0,4.07209612817089
"51131","51","131",VA,Virginia,Northampton,Northampton County,548.33104,1511.369142,12132,22.1253204998207,54693,11845,1983,16.7412410299705,7078,3843,4,135,0,301,771,4850,3390,751,0,0,132,15,562,0,11.5876288659794
"36049","36","049",NY,New York,Lewis,Lewis County,3306.02236,39.654224,26690,8.07314563958364,64401,26429,3459,13.0878958719588,25428,290,21,60,0,164,727,11676,8643,1496,125,0,420,159,833,1.07057211373758,7.13429256594724
"06095","06","095",CA,California,Solano,Solano County,2128.287124,218.615209,450995,211.905148940797,97037,441378,39705,8.99569076845697,207575,59699,3273,70814,4529,49978,55127,209755,155338,24105,4554,651,2499,2564,20044,2.17110438368573,9.55591046697337
"37029","37","029",NC,North Carolina,Camden,Camden County,622.438924,181.122666,10547,16.9446343943619,79120,10537,619,5.87453734459524,8558,851,24,144,25,97,848,4860,3799,313,12,0,36,112,588,0.246913580246914,12.0987654320988
"37041","37","041",NC,North Carolina,Chowan,Chowan County,447.179939,157.966156,13835,30.9383288323227,51188,13591,2837,20.8741078654992,8358,4638,9,15,0,388,427,5623,4676,532,34,19,99,37,226,0.604659434465588,4.01920682909479
"27155","27","155",MN,Minnesota,Traverse,Traverse County,1486.320974,31.025234,3345,2.25052331125888,63456,3245,273,8.41294298921418,2951,19,225,0,0,52,98,1569,1106,134,1,4,46,20,258,0.0637348629700446,16.4435946462715
"29189","29","189",MO,Missouri,St. Louis,St. Louis County,1315.699985,39.811029,999703,759.82595682708,78067,978040,94056,9.61678458958734,641470,241990,858,46972,198,13017,55198,491731,373150,30269,7674,703,6685,4458,68792,1.56060935755525,13.9897626954575
"28145","28","145",MS,Mississippi,Union,Union County,1076.417818,3.369003,27880,25.9007232449956,55970,27506,3388,12.3173125863448,21610,4374,50,69,0,1176,601,12007,11121,659,0,0,47,70,110,0,0.916132256183893
"36051","36","051",NY,New York,Livingston,Livingston County,1636.25477,22.005357,61980,37.879186747917,70443,56947,6667,11.7073770347867,56557,1380,50,606,0,914,2473,28236,21572,2321,175,26,1725,374,2043,0.61977617226236,7.23544411389715
"40147","40","147",OK,Oklahoma,Washington,Washington County,1076.201531,22.871165,52579,48.8560910623719,59426,51316,7156,13.9449684308987,38683,1388,5085,1120,9,1373,4921,22900,18117,2752,63,67,407,296,1198,0.275109170305677,5.23144104803493
"37053","37","053",NC,North Carolina,Currituck,Currituck County,678.344375,685.095432,28616,42.1850627124313,82793,28433,2409,8.47254950233883,24837,1594,54,248,0,527,1356,14296,11719,1367,8,12,54,73,1063,0.0559597090095132,7.43564633463906
"40079","40","079",OK,Oklahoma,Le Flore,Le Flore County,4116.561526,49.746379,48525,11.7877504547226,46750,46898,9567,20.3995906008785,34969,910,5695,403,36,1393,5119,18627,15590,1860,7,11,192,138,829,0.0375798571965427,4.45052880227627
"31107","31","107",NE,Nebraska,Knox,Knox County,2870.350752,81.515363,8415,2.93169745688279,61250,8220,983,11.9586374695864,7197,59,772,41,1,41,304,3930,2981,358,11,0,184,17,379,0.279898218829517,9.64376590330789
"48507","48","507",TX,Texas,Zavala,Zavala County,3360.268878,11.208707,9700,2.88667376099181,49243,9634,2987,31.0047747560722,5615,70,11,32,0,447,3525,3612,3103,181,0,84,99,13,132,0,3.65448504983389
"51045","51","045",VA,Virginia,Craig,Craig County,849.770438,2.793174,4898,5.76390961719946,66286,4740,518,10.9282700421941,4638,3,0,0,0,72,185,1964,1779,100,0,0,3,0,82,0,4.17515274949084
"08079","08","079",CO,Colorado,Mineral,Mineral County,2268.209075,5.222161,794,0.350055913606641,58929,794,89,11.2090680100756,747,0,1,6,0,6,34,413,277,50,0,0,49,2,35,0,8.47457627118644
"48103","48","103",TX,Texas,Crane,Crane County,2033.319687,1.69598,4636,2.28001530189286,71364,4514,172,3.81036774479397,1871,109,11,114,6,2016,509,2237,1905,261,11,0,23,12,25,0.491729995529727,1.11756817165847
"47075","47","075",TN,Tennessee,Haywood,Haywood County,1380.741528,2.472509,17806,12.8959690419335,44890,17557,3849,21.9228797630575,7883,8946,6,22,0,601,348,7153,5863,645,0,0,112,280,253,0,3.53697749196141
"54077","54","077",WV,West Virginia,Preston,Preston County,1680.4203,6.668159,34206,20.3556217453455,60136,30490,4205,13.7914070186947,30848,2105,83,115,2,58,995,13272,10138,2024,44,0,199,47,820,0.331525015069319,6.17842073538276
"46055","46","055",SD,South Dakota,Haakon,Haakon County,4689.279882,42.452623,1755,0.374257891224758,53109,1715,183,10.6705539358601,1587,32,86,0,0,12,38,798,578,11,0,0,53,21,135,0,16.9172932330827
"13261","13","261",GA,Georgia,Sumter,Sumter County,1250.646292,25.211441,29378,23.4902547490222,38899,27535,6666,24.2091883057926,12285,15006,44,378,36,394,1235,11843,9315,1219,0,2,217,164,926,0,7.81896478932703
"06015","06","015",CA,California,Del Norte,Del Norte County,2606.049835,578.810831,27462,10.537787739581,61149,25096,3585,14.2851450430347,18969,747,1965,859,79,1974,2869,9607,6926,1337,62,0,504,116,662,0.645362756323514,6.89080878526075
"36075","36","075",NY,New York,Oswego,Oswego County,2464.636023,933.469962,118037,47.8922643743246,65054,112815,19320,17.1253822629969,110043,1249,152,925,74,1106,4488,53261,42313,4203,406,53,1653,1112,3521,0.762283847468129,6.61084095304256
"06113","06","113",CA,California,Yolo,Yolo County,2623.627933,22.88838,217141,82.7636408611144,85097,209629,36521,17.4217307719829,127655,5971,1628,32018,953,17605,31311,100577,66155,7776,3000,5532,1986,1468,14660,2.98278930570608,14.5758970738837
"45057","45","057",SC,South Carolina,Lancaster,Lancaster County,1422.080345,15.487881,97611,68.6395816827072,72186,95425,11546,12.0995546240503,70124,19252,153,1904,0,2106,4072,43090,33429,3063,81,19,236,861,5401,0.187978649338594,12.5342306799722
"46063","46","063",SD,South Dakota,Harding,Harding County,6919.33329,16.954253,1176,0.169958571254197,71484,1167,75,6.426735218509,1010,0,25,0,0,12,129,691,329,82,0,0,74,4,202,0,29.232995658466
"29071","29","071",MO,Missouri,Franklin,Franklin County,2389.725905,20.813988,104858,43.8786723534304,70111,103415,8364,8.08780157617367,95968,905,99,415,47,644,6780,49186,39084,4794,47,14,751,346,4150,0.0955556459155044,8.43736022445411
"34039","34","039",NJ,New Jersey,Union,Union County,266.163569,6.841269,572079,2149.35125099709,95000,565679,50130,8.861916387209,254904,118209,1987,32237,87,106983,57672,285292,182286,22965,26827,597,7108,12837,32672,9.40334814856358,11.4521262425865
"35059","35","059",NM,New Mexico,Union,Union County,9906.83438,15.49879,4074,0.411231261544518,41714,3587,639,17.8143295232785,2851,50,136,0,0,202,835,1315,1039,81,0,0,94,10,91,0,6.92015209125475
"50005","50","005",VT,Vermont,Caledonia,Caledonia County,1681.454164,22.351439,30418,18.0902938963491,62964,29636,3500,11.8099608584154,28614,323,68,130,0,247,1036,15234,11284,1256,24,33,531,385,1721,0.157542339503742,11.2970985952475
"53053","53","053",WA,Washington,Pierce,Pierce County,4320.041415,356.079568,918993,212.727821730848,91486,899960,77932,8.659495977599,624753,65366,10783,60762,14346,30241,112742,446913,324848,44413,13092,1358,9782,4778,48642,2.92942921776722,10.8839975565714
"55105","55","105",WI,Wisconsin,Rock,Rock County,1860.044982,20.695798,163817,88.0715260035577,70630,160664,15851,9.86593138475327,136720,7595,338,1881,10,5835,11438,80958,65796,7069,409,165,1272,814,5433,0.505200227278342,6.71088712665827
"26005","26","005",MI,Michigan,Allegan,Allegan County,2137.39569,2610.802938,120189,56.2315160278067,75543,118878,11307,9.51143188815424,108393,1552,374,916,21,2212,6721,56188,45721,4409,158,99,910,751,4140,0.281198832490923,7.36812130704065
"21091","21","091",KY,Kentucky,Hancock,Hancock County,486.07627,29.131626,9058,18.6349356244031,68102,8883,1345,15.1412810987279,8617,81,4,10,0,113,233,3917,3503,318,0,0,14,2,80,0,2.04237937196834
"16045","16","045",ID,Idaho,Gem,Gem County,1449.796224,12.49193,19250,13.2777280567672,65204,18748,2204,11.755920631534,16689,22,55,52,0,918,1514,8321,6511,801,17,14,95,84,799,0.204302367503906,9.60221127268357
"35031","35","031",NM,New Mexico,McKinley,McKinley County,14118.189399,12.689169,72073,5.10497472183685,44029,71320,23950,33.5810431856422,7477,386,55049,958,56,4070,4077,23701,18219,1953,343,21,639,69,2457,1.44719632083034,10.3666511961521
"24005","24","005",MD,Maryland,Baltimore,Baltimore County,1549.740652,215.957832,850737,548.95443240912,88157,830921,84846,10.2110790315806,475191,256007,1980,51693,1044,22862,41960,422546,311640,32854,13484,320,7298,6793,50157,3.19113185310002,11.8701869145608
"22051","22","051",LA,Louisiana,Jefferson,Jefferson Parish,779.233472,883.63089,436171,559.743665631448,63257,432591,66951,15.4767436215733,245470,117131,1857,18127,100,20878,32608,204156,159873,23595,1830,389,3091,2559,12819,0.896373361547052,6.27902192441074
"36079","36","079",NY,New York,Putnam,Putnam County,596.350119,41.229629,97942,164.235734813361,120970,96699,6129,6.33822480067012,78451,3357,192,2190,21,8194,5537,49087,35560,3426,3217,29,768,414,5673,6.55367001446411,11.5570313932406
"48299","48","299",TX,Texas,Llano,Llano County,2419.217897,82.338677,21637,8.94379957540468,64241,21393,2420,11.3121114383209,19493,133,85,103,0,591,1232,8055,5947,936,0,8,124,96,944,0,11.7194289261328
"51700","51","700",VA,Virginia,Newport News,Newport News city,178.698611,131.131002,185118,1035.92299326826,63355,177672,26056,14.6652258093566,81623,76203,336,6431,240,4874,15411,92115,69544,8480,2107,363,3235,1499,6887,2.28735819356239,7.47652391032948
"35025","35","025",NM,New Mexico,Lea,Lea County,11374.066523,8.147103,73103,6.42716480092456,65855,70650,12557,17.7735314932767,45587,3078,800,440,0,5848,17350,30122,23631,4810,40,10,373,254,1004,0.132793307217316,3.33311201115464
"31151","31","151",NE,Nebraska,Saline,Saline County,1486.812316,5.821039,14275,9.60107731580023,71104,13460,1524,11.3224368499257,11599,136,38,419,17,1159,907,6999,5745,645,11,9,192,59,338,0.157165309329904,4.82926132304615
"53015","53","015",WA,Washington,Cowlitz,Cowlitz County,2955.587568,65.453462,110621,37.4277525043372,70912,109144,13253,12.1426738987026,95070,832,1687,1368,310,2438,8916,45906,37511,3529,166,153,712,654,3181,0.361608504334945,6.92937742343049
"56023","56","023",WY,Wyoming,Lincoln,Lincoln County,10555.073815,49.947312,19794,1.87530663896167,83033,19649,1387,7.05888340373556,18723,11,68,57,0,104,831,9577,6542,1491,19,72,347,290,816,0.198391980787303,8.52041349065469
"05057","05","057",AR,Arkansas,Hempstead,Hempstead County,1883.439299,35.737908,20037,10.6385164685894,45049,19727,4536,22.993866274649,11379,6206,155,38,0,1632,627,7626,6595,790,52,1,61,4,123,0.681877786519801,1.61290322580645
"13063","13","063",GA,Georgia,Clayton,Clayton County,367.145192,6.928044,296312,807.070353790715,56207,291605,49313,16.9108897309717,37502,207916,507,15178,286,15865,19058,134762,99453,17166,4374,0,1000,2917,9852,3.24572208782891,7.31066621154331
"17061","17","061",IL,Illinois,Greene,Greene County,1406.736598,8.423898,12015,8.54104458296037,58900,11710,1606,13.7147736976943,11619,105,10,25,1,54,201,5447,4265,634,18,0,51,47,432,0.33045713236644,7.93097117679457
"18109","18","109",IN,Indiana,Morgan,Morgan County,1045.922857,14.491958,71757,68.6063981867833,79134,70506,5994,8.50140413581823,68428,337,12,430,0,505,2045,34416,28422,2590,80,6,302,233,2783,0.232450023245002,8.08635518363552
"05047","05","047",AR,Arkansas,Franklin,Franklin County,1577.206796,28.861865,17160,10.8799936974149,47695,16874,3412,20.2204575085931,15377,96,80,140,17,159,1291,6644,5758,557,99,0,29,71,130,1.49006622516556,1.95665261890427
"16027","16","027",ID,Idaho,Canyon,Canyon County,1520.451458,43.117846,235006,154.563303394853,68473,230147,23412,10.172628798116,179575,1435,2608,1817,675,27028,21868,106912,81584,10801,252,204,1582,1725,10764,0.235707871894642,10.068093385214
"17199","17","199",IL,Illinois,Williamson,Williamson County,1088.338987,62.470432,67120,61.671961403327,60325,64711,8541,13.1986833768602,60005,2218,322,1034,0,531,3010,29817,24380,2337,131,142,400,313,2114,0.439346681423349,7.08991514907603
"19197","19","197",IA,Iowa,Wright,Wright County,1503.260259,4.703964,12897,8.57935272537528,58240,12678,1810,14.2766997949203,11503,21,20,28,0,536,789,5740,4741,262,10,33,174,95,425,0.174216027874564,7.40418118466899
"19087","19","087",IA,Iowa,Henry,Henry County,1124.80019,5.774829,20436,18.1685602311287,62365,18788,2125,11.3104109005748,18177,524,60,459,4,381,831,9653,7882,987,10,72,115,37,550,0.103594737387341,5.69771055630374
"08109","08","109",CO,Colorado,Saguache,Saguache County,8206.547699,4.45451,6454,0.786445194339935,51946,6419,1123,17.4949369060601,5413,82,109,71,0,278,501,2660,1656,405,0,0,138,0,461,0,17.3308270676692
"21103","21","103",KY,Kentucky,Henry,Henry County,741.386195,12.61689,15731,21.2183610999123,58294,15606,2534,16.237344611047,14354,374,1,84,0,218,700,6857,5166,938,0,0,63,54,636,0,9.27519323319236
"39015","39","015",OH,Ohio,Brown,Brown County,1267.91178,8.879057,43715,34.4779508239919,66677,42951,6829,15.8995133989895,42178,451,13,118,0,113,842,18800,14805,2606,66,6,116,174,1027,0.351063829787234,5.46276595744681
"13299","13","299",GA,Georgia,Ware,Ware County,2329.0207,22.655225,35917,15.421503123609,44138,33456,7920,23.6728837876614,22600,10832,161,443,26,371,1484,12933,10992,1124,12,0,46,154,605,0.0927858965437253,4.67795561741282
"45041","45","041",SC,South Carolina,Florence,Florence County,2073.299561,9.766894,137015,66.0854816049421,56088,133813,23845,17.8196438313168,70072,58677,287,2067,25,2169,3718,59787,48562,5362,115,98,377,636,4637,0.192349507418001,7.75586665997625
"37019","37","019",NC,North Carolina,Brunswick,Brunswick County,2201.668728,516.63477,139721,63.4614091680009,71193,138584,12578,9.07608381919991,116031,12048,620,833,44,2567,7578,55354,42944,4588,505,30,457,880,5950,0.912309860172707,10.7489973624309
"46093","46","093",SD,South Dakota,Meade,Meade County,8989.677126,30.742173,29970,3.33382384928159,70256,28966,2156,7.44320927984534,26457,545,669,222,30,199,1848,15919,12293,1358,58,0,761,346,1103,0.364344494000879,6.92882718763741
"32017","32","017",NV,Nevada,Lincoln,Lincoln County,27540.342252,9.802713,4507,0.163650834792102,67412,4009,288,7.18383636817161,3808,204,164,0,4,56,271,1651,1032,270,0,0,77,72,200,0,12.1138703815869
"37063","37","063",NC,North Carolina,Durham,Durham County,744.736824,26.723652,325101,436.531388704367,74927,311331,38202,12.270541642175,154835,111478,1302,16949,142,17058,23337,168520,114323,13348,3875,629,4191,2367,29787,2.29943033467838,17.6756468075006
"39157","39","157",OH,Ohio,Tuscarawas,Tuscarawas County,1469.987547,10.363043,92840,63.1569976150281,61953,91505,11413,12.4725424840173,88718,569,66,336,2,806,2343,42276,35169,2883,10,556,604,490,2564,0.0236540826946731,6.06490680291418
"41003","41","003",OR,Oregon,Benton,Benton County,1748.781825,7.670893,95615,54.6752022654398,72882,89739,17101,19.0563745974437,78175,1124,982,6669,158,2356,6151,45707,28322,3314,893,2416,3417,672,6673,1.95374887872755,14.5995142975912
"42111","42","111",PA,Pennsylvania,Somerset,Somerset County,2784.35776,17.118618,73802,26.5059329157471,57357,69340,7513,10.8350158638592,69865,1462,95,332,1,306,1741,31886,26256,2311,38,9,651,302,2319,0.119174559367748,7.27278429404754
"20149","20","149",KS,Kansas,Pottawatomie,Pottawatomie County,2177.493041,54.149843,25482,11.7024484212806,85241,25121,1821,7.24891525018908,23392,438,81,110,0,216,1245,12366,9889,1311,0,3,259,110,794,0,6.42083131166101
"21119","21","119",KY,Kentucky,Knott,Knott County,910.442831,3.438036,14282,15.6868718317142,38336,13697,3798,27.7286997152661,13800,154,35,21,0,105,167,4104,3315,298,26,0,151,45,269,0.633528265107212,6.55458089668616
"13319","13","319",GA,Georgia,Wilkinson,Wilkinson County,1163.459876,7.0848,8852,7.6083414500149,40757,8689,1896,21.820692830015,5096,3387,1,1,0,179,188,3231,2792,257,6,0,58,5,113,0.185701021355617,3.4973692355308
"32027","32","027",NV,Nevada,Pershing,Pershing County,15634.69197,79.934815,6587,0.421306669337599,66304,4807,472,9.81901393800707,4880,263,217,101,1,556,569,1993,1467,205,63,0,79,6,173,3.16106372303061,8.68038133467135
"36065","36","065",NY,New York,Oneida,Oneida County,3140.213528,117.357246,231055,73.5793913183855,66402,220693,31854,14.4336249903712,191180,13909,441,9824,113,4360,11228,100408,77781,8703,1502,98,3150,743,8431,1.49589674129551,8.3967412955143
"40031","40","031",OK,Oklahoma,Comanche,Comanche County,2769.531009,37.661894,121777,43.9702605257958,57150,111976,18561,16.5758734014432,72613,18938,5779,2976,535,3898,17038,53915,40844,5059,360,98,774,829,5951,0.667717703793008,11.0377445979783
"30091","30","091",MT,Montana,Sheridan,Sheridan County,4343.256745,75.111952,3700,0.851895298213599,67457,3619,356,9.8369715390992,3433,0,57,1,7,17,185,1728,1225,203,9,13,149,45,84,0.520833333333333,4.86111111111111
"23007","23","007",ME,Maine,Franklin,Franklin County,4395.226692,121.284631,29839,6.78895585847976,56890,28692,3477,12.1183605186115,28413,120,38,155,3,121,989,13669,10269,1273,0,46,526,286,1269,0,9.28378081790914
"37025","37","025",NC,North Carolina,Cabarrus,Cabarrus County,935.587429,6.985702,226396,241.982729761539,83828,224288,18865,8.41106077899843,146679,42874,206,11170,80,11688,13699,111840,83579,9538,805,62,521,1423,15912,0.719778254649499,14.2274678111588
"38089","38","089",ND,North Dakota,Stark,Stark County,3457.408933,14.023939,32989,9.54153837144609,78734,32084,3255,10.1452437351951,28984,818,502,416,160,983,1126,16528,13404,1514,128,7,251,146,1078,0.774443368828654,6.52226524685382
"39165","39","165",OH,Ohio,Warren,Warren County,1039.665906,15.705152,243189,233.910719392197,103128,236019,12120,5.13517979484703,207082,8505,265,16113,6,2616,8602,120107,93128,7263,420,117,946,888,17345,0.349688194693065,14.4412898498839
"39133","39","133",OH,Ohio,Portage,Portage County,1262.380877,43.125138,161217,127.708683597241,69796,153784,17374,11.2976642563596,142780,7585,70,2951,41,846,6944,80900,62774,5473,375,88,1986,649,9555,0.46353522867738,11.8108776266996
"42063","42","063",PA,Pennsylvania,Indiana,Indiana County,2142.969423,18.085568,83394,38.9151609467458,57170,77854,10100,12.9730007449842,77644,1881,49,699,2,374,2745,35567,27354,2903,86,99,2255,316,2554,0.241797171535412,7.18081367559817
"12003","12","003",FL,Florida,Baker,Baker County,1515.738971,9.68612,27969,18.4523856251764,67872,24834,3398,13.6828541515664,21970,3319,51,195,3,183,2248,11312,8766,1137,0,12,392,198,807,0,7.13401697312588
"13075","13","075",GA,Georgia,Cook,Cook County,591.684404,12.308449,17242,29.1405348585122,46706,16957,3694,21.7845137701244,11068,4655,102,42,0,151,1224,7706,6332,1075,5,0,71,67,156,0.0648845055800675,2.02439657409811
"27035","27","035",MN,Minnesota,Crow Wing,Crow Wing County,2585.738269,409.712718,66558,25.740424233169,65975,65574,6841,10.4324884862903,63000,416,479,288,1,530,1844,30545,23599,2865,120,73,570,402,2916,0.392862989032575,9.54657063349157
"30087","30","087",MT,Montana,Rosebud,Rosebud County,12971.010183,44.234227,8310,0.640659430742812,57656,8197,1670,20.3733073075515,4463,10,3176,49,1,130,481,3207,2562,301,0,15,173,6,150,0,4.67726847521048
"28015","28","015",MS,Mississippi,Carroll,Carroll County,1627.517127,16.050556,9930,6.10131828124227,42285,9540,2084,21.8448637316562,6290,3557,0,0,0,0,83,3525,2963,288,0,0,26,6,242,0,6.86524822695035
"38005","38","005",ND,North Dakota,Benson,Benson County,3596.341571,131.67767,5960,1.65723969270882,63220,5933,1614,27.2037754930052,2391,15,3268,35,9,15,227,2014,1486,214,0,0,126,111,77,0,3.82323733862959
"18035","18","035",IN,Indiana,Delaware,Delaware County,1015.558819,9.841207,112156,110.43771951135,53377,104721,21600,20.6262354255593,97726,6999,93,1754,22,800,4762,51601,40040,5173,536,261,2120,517,2954,1.03873955931087,5.72469525784384
"27061","27","061",MN,Minnesota,Itasca,Itasca County,6908.685824,674.252538,45054,6.52135603612013,63962,43883,5161,11.7608185402092,40432,274,1286,125,29,331,2577,18780,14308,2082,184,75,344,334,1453,0.979765708200213,7.73695420660277
"47093","47","093",TN,Tennessee,Knox,Knox County,1316.601438,45.52922,481406,365.642924354758,68580,469459,58167,12.3902193801802,399172,39699,717,10931,285,6988,23614,238588,187572,17067,1620,334,4038,1875,26082,0.678994752460308,10.931815514611
"48375","48","375",TX,Texas,Potter,Potter County,2352.718735,35.190085,117905,50.1143626928274,47974,111208,23029,20.7080425868643,79258,12199,927,6088,62,4988,14383,49483,39867,5517,193,76,788,629,2413,0.390032940605865,4.87642220560597
"51760","51","760",VA,Virginia,Richmond,Richmond city,155.205067,6.849165,227171,1463.68288349761,59606,217337,42324,19.4739045813644,101368,99855,355,5128,108,7487,12870,119758,79117,9461,5148,2009,5101,1829,17093,4.29866898244794,14.2729504500743
"51036","51","036",VA,Virginia,Charles City,Charles City County,473.711548,55.27468,6760,14.2702875379344,65573,6706,836,12.4664479570534,2998,2968,386,13,0,38,357,3222,2624,209,57,0,14,77,241,1.76908752327747,7.47982619490999
"38069","38","069",ND,North Dakota,Pierce,Pierce County,2637.34513,166.227811,3999,1.51629756549914,59583,3829,429,11.2039697048838,3723,10,111,65,0,22,68,1831,1523,34,0,0,81,3,190,0,10.3768432550519
"38033","38","033",ND,North Dakota,Golden Valley,Golden Valley County,2592.280439,4.148883,1734,0.668909109490063,84750,1711,215,12.5657510227937,1554,3,13,0,0,0,164,808,703,27,1,0,41,23,13,0.123762376237624,1.60891089108911
"47033","47","033",TN,Tennessee,Crockett,Crockett County,687.714872,0.545783,13955,20.291839784439,59136,13737,2147,15.6293222683264,10419,1544,88,65,8,535,1296,6377,5742,393,0,0,28,18,196,0,3.07354555433589
"30105","30","105",MT,Montana,Valley,Valley County,12758.579872,351.382239,7552,0.591915407182082,59725,7383,910,12.3256128944873,6388,29,625,4,0,68,438,3358,2268,329,11,13,213,33,491,0.327575938058368,14.6217986896962
"51015","51","015",VA,Virginia,Augusta,Augusta County,2504.708862,9.537137,77433,30.9149702685086,76124,73764,5981,8.10829130741283,70321,3407,181,346,66,926,2186,37136,31412,2972,130,0,136,129,2357,0.350064627315812,6.34694097371823
"31099","31","099",NE,Nebraska,Kearney,Kearney County,1337.063552,0.274634,6655,4.9773251167047,74276,6542,619,9.46193824518496,6299,6,21,50,0,25,254,3464,2819,257,13,8,117,23,227,0.375288683602771,6.55311778290993
"54107","54","107",WV,West Virginia,Wood,Wood County,949.229778,26.590767,84272,88.7793471645598,54350,82913,12257,14.7829652768565,80313,1029,135,491,82,95,2127,35520,28787,3056,241,57,688,239,2452,0.678490990990991,6.90315315315315
"45071","45","071",SC,South Carolina,Newberry,Newberry County,1632.48445,43.979027,37918,23.2271737718543,56706,36666,5699,15.5430098729068,23411,11420,101,83,0,1631,1272,16467,14090,1278,0,64,289,179,567,0,3.44325013663691
"22021","22","021",LA,Louisiana,Caldwell,Caldwell Parish,1372.098436,29.104196,9658,7.03885358848992,45707,9360,2327,24.8611111111111,7453,1957,0,7,0,57,184,3085,2718,92,0,0,5,147,123,0,3.9870340356564
"48041","48","041",TX,Texas,Brazos,Brazos County,1518.090934,13.210254,234548,154.501943689231,57562,216892,52720,24.3070283827896,164847,25596,1049,13811,218,7926,21101,112581,85443,10678,1464,1370,2699,1199,9728,1.30039704745916,8.64088967054832
"53077","53","077",WA,Washington,Yakima,Yakima County,11122.734369,41.188782,256143,23.0287797498691,64910,252637,39239,15.5317708807498,151432,2332,8433,2751,1106,44174,45915,105896,84570,12544,237,267,1453,1104,5721,0.223804487421621,5.40247034826622
"55055","55","055",WI,Wisconsin,Jefferson,Jefferson County,1441.308422,67.985724,85932,59.6208269433119,77018,82905,6326,7.63042036065376,78429,994,255,435,25,2029,3765,46221,36228,4003,136,125,1586,512,3631,0.294238549577032,7.85573656995738
"48359","48","359",TX,Texas,Oldham,Oldham County,3886.337114,2.339716,2171,0.558623695350377,71103,1852,318,17.170626349892,1763,147,7,18,0,35,201,874,666,104,3,0,35,7,59,0.34324942791762,6.75057208237986
"20209","20","209",KS,Kansas,Wyandotte,Wyandotte County,392.739381,11.801597,167989,427.73658086506,57771,165936,27937,16.8360090637354,84386,34478,1853,8862,372,21316,16722,76861,59296,9314,688,160,855,838,5710,0.895122363747544,7.42899519912569
"22109","22","109",LA,Louisiana,Terrebonne,Terrebonne Parish,3185.395699,2207.589252,108862,34.1753459496964,63088,107203,17532,16.3540199434717,73482,20784,5950,1301,24,1259,6062,46254,37650,5110,151,0,540,1314,1489,0.326458252259264,3.21918104380162
"40135","40","135",OK,Oklahoma,Sequoyah,Sequoyah County,1744.553528,105.073391,39538,22.6636783368449,47494,39075,7632,19.531669865643,24913,700,7981,278,17,433,5216,15212,12959,1353,32,7,244,93,524,0.210360241914278,3.44464896134631
"41035","41","035",OR,Oregon,Klamath,Klamath County,15410.373388,484.953082,69506,4.51033847460984,57219,68416,12201,17.8335477081384,56303,447,2451,611,201,2786,6707,26823,21691,2206,50,129,692,120,1935,0.186407187861164,7.21395817022704
"48261","48","261",TX,Texas,Kenedy,Kenedy County,3777.657843,1261.92731,116,0.0307068572170844,45455,116,3,2.58620689655172,75,0,1,1,0,0,39,46,44,0,0,0,1,0,1,0,2.17391304347826
"06003","06","003",CA,California,Alpine,Alpine County,1912.292607,12.557304,1515,0.792242774172896,101125,1515,208,13.7293729372937,961,0,391,3,0,16,144,638,397,55,3,15,14,0,154,0.470219435736677,24.1379310344828
"09150","09","150",CT,Connecticut,Northeastern Connecticut,Northeastern Connecticut Planning Region,1434.57347,23.995619,95687,66.7006619047542,83119,94421,8356,8.84972622615732,81504,1611,417,1369,63,3335,7388,46788,38288,3365,60,49,407,395,4224,0.128238009746089,9.02795588612465
"13295","13","295",GA,Georgia,Walker,Walker County,1155.874768,1.672676,68065,58.8861370490614,52276,66388,9114,13.7283846478279,62089,2711,144,378,5,343,2395,29901,23719,2835,0,0,302,311,2734,0,9.14350690612354
"16035","16","035",ID,Idaho,Clearwater,Clearwater County,6364.412864,79.592497,8810,1.384259662008,55885,7996,900,11.255627813907,8002,19,108,76,2,100,503,3299,2593,259,0,0,96,83,268,0,8.12367384055774
"54031","54","031",WV,West Virginia,Hardy,Hardy County,1508.19015,5.624064,14249,9.44774768619196,49205,14161,2446,17.272791469529,12983,631,0,0,2,88,545,6157,5005,446,20,0,102,81,503,0.324833522819555,8.16956309891181
"12007","12","007",FL,Florida,Bradford,Bradford County,761.368539,16.898784,27816,36.5342125070392,54759,23937,4352,18.1810586121903,20708,5017,23,260,0,140,1668,10616,7956,1180,71,48,187,209,965,0.668801808590806,9.09005275056519
"54103","54","103",WV,West Virginia,Wetzel,Wetzel County,927.389119,8.449879,14431,15.5608899267234,50715,14102,2397,16.9975889944689,13944,11,0,11,0,63,402,5082,4157,423,5,0,204,134,159,0.0983864620228257,3.12868949232586
"39051","39","051",OH,Ohio,Fulton,Fulton County,1050.103237,4.586248,42602,40.569344516743,71453,42108,3577,8.49482283651563,38861,213,167,214,7,990,2150,20337,17952,1101,97,9,319,92,767,0.476963170575798,3.77145104981069
"47011","47","011",TN,Tennessee,Bradley,Bradley County,851.489212,6.959141,108859,127.845424775622,60692,105361,14128,13.4091362078948,94075,5263,237,1075,0,3175,5034,49631,40455,5400,0,108,594,326,2748,0,5.53686204186899
"48351","48","351",TX,Texas,Newton,Newton County,2418.212546,15.672146,12333,5.10004797568361,38871,12156,2944,24.2184929253044,9277,2272,22,85,20,55,602,4221,3736,252,16,0,30,14,173,0.379057095475006,4.0985548448235
"47007","47","007",TN,Tennessee,Bledsoe,Bledsoe County,1052.973468,0.858669,14816,14.0706299353784,51783,13646,3549,26.0076212809615,13226,845,45,20,0,69,611,5497,4300,766,22,0,123,0,286,0.400218300891395,5.20283791158814
"54093","54","093",WV,West Virginia,Tucker,Tucker County,1085.320044,5.303786,6747,6.21659946049978,54053,6550,639,9.75572519083969,6555,4,0,10,0,19,159,2972,2113,390,7,0,120,0,342,0.235531628532974,11.507402422611
"02282","02","282",AK,Alaska,Yakutat,Yakutat City and Borough,19744.183834,3986.144517,564,0.0285653742257392,76875,561,56,9.98217468805704,173,12,147,114,12,8,98,318,140,53,0,10,92,9,14,0,4.40251572327044
"26051","26","051",MI,Michigan,Gladwin,Gladwin County,1299.620414,36.677053,25461,19.5911050070655,53717,25173,3574,14.1977515592103,24297,69,66,126,0,145,758,9131,7415,666,4,12,184,187,663,0.0438068119592597,7.26097908224729
"37145","37","145",NC,North Carolina,Person,Person County,1016.15489,31.205409,39131,38.5088930684573,60688,38726,6665,17.210659505242,26043,9987,165,189,4,418,2325,18393,14586,1298,57,0,158,610,1684,0.309900505627141,9.15565704344044
"32033","32","033",NV,Nevada,White Pine,White Pine County,23016.356483,23.426584,8997,0.390895926844252,71297,7399,684,9.24449249898635,7161,659,486,63,0,137,491,3387,2542,313,16,0,218,26,272,0.47239444936522,8.03070563920874
"18001","18","001",IN,Indiana,Adams,Adams County,877.815487,2.693924,35827,40.8138162638728,61731,35257,4040,11.4587174178177,33860,213,9,51,0,397,1297,15265,11531,2332,123,45,303,83,848,0.805764821487062,5.55519161480511
"47035","47","035",TN,Tennessee,Cumberland,Cumberland County,1764.575268,9.098322,61552,34.8820484545066,56002,60910,7697,12.6366770645214,58492,574,101,165,516,189,1515,22039,17585,2085,53,26,410,382,1498,0.240482780525432,6.79704160805844
"32023","32","023",NV,Nevada,Nye,Nye County,47090.939212,43.207981,51698,1.09783327461912,53602,50648,7746,15.2937924498499,39991,1228,590,1005,231,3562,5091,16552,12526,1797,94,0,347,467,1321,0.567907201546641,7.98090865152247
"20103","20","103",KS,Kansas,Leavenworth,Leavenworth County,1200.218357,14.338598,82050,68.362560463654,84307,76397,7711,10.0933282720526,66198,6151,376,1056,36,2102,6131,36661,29320,2893,64,135,407,374,3468,0.174572433921606,9.45964376312703
"18173","18","173",IN,Indiana,Warrick,Warrick County,996.739078,16.078776,64065,64.2745944390474,91105,62952,3815,6.06017283009277,58604,1322,50,1563,5,683,1838,31207,25691,2060,43,0,540,399,2474,0.137789598487519,7.92770852693306
"26071","26","071",MI,Michigan,Iron,Iron County,3020.175216,116.800609,11585,3.83587016363358,52241,11174,1642,14.6948272776087,10850,85,126,71,0,59,394,4427,3558,273,0,0,170,90,336,0,7.58978992545742
"28087","28","087",MS,Mississippi,Lowndes,Lowndes County,1309.105224,28.5325,58547,44.7229137327161,53687,56588,10235,18.0868735420937,29678,26124,61,685,0,621,1378,24604,21290,1469,0,38,304,269,1234,0,5.01544464314746
"29510","29","510",MO,Missouri,St. Louis,St. Louis city,159.853177,11.53497,298018,1864.3232846101,52941,289284,58373,20.1784405635984,137897,130753,616,10433,203,4077,14039,151829,103621,9964,9466,1337,6334,2053,19054,6.23464555519697,12.5496446660388
"27093","27","093",MN,Minnesota,Meeker,Meeker County,1574.629006,94.913846,23352,14.8301599367337,75926,22968,1736,7.55834204110066,22154,75,80,49,0,469,525,11624,9423,960,40,3,341,45,812,0.344115622849277,6.98554714384033
"47123","47","123",TN,Tennessee,Monroe,Monroe County,1646.647004,43.545177,46489,28.2325233562931,52123,45190,7235,16.0101792431954,41740,858,65,194,0,685,2947,17921,14688,1963,109,22,279,80,780,0.608224987444897,4.35243568997266
"28051","28","051",MS,Mississippi,Holmes,Holmes County,1959.77683,20.568825,16848,8.59689722936463,28818,16002,5598,34.9831271091114,2549,13980,23,33,0,0,263,5279,4558,371,0,0,98,88,164,0,3.10664898655048
"28105","28","105",MS,Mississippi,Oktibbeha,Oktibbeha County,1186.834318,9.566078,51388,43.2983772213435,42953,46114,13133,28.4794205664223,29026,18883,38,1599,32,201,1609,21814,17830,1513,43,72,627,197,1532,0.197121114880352,7.02301274410929
"51071","51","071",VA,Virginia,Giles,Giles County,925.207239,11.232364,16711,18.0618993189698,61987,16527,1596,9.6569250317662,15882,377,3,59,39,0,351,7406,6329,726,60,0,84,66,141,0.810153929246557,1.90386173372941
"12057","12","057",FL,Florida,Hillsborough,Hillsborough County,2648.267124,790.775123,1468560,554.536204709537,70612,1443248,197369,13.6753350775473,864562,241312,4946,62784,1262,90067,203627,723695,518229,62410,6543,3701,9677,10688,112447,0.904110156903115,15.5378992531384
"13143","13","143",GA,Georgia,Haralson,Haralson County,730.804592,2.616531,30178,41.2942123385016,65940,29866,3737,12.5125560838412,27517,1409,1,182,0,361,708,13781,10915,1570,0,73,22,159,1042,0,7.56113489587113
"20035","20","035",KS,Kansas,Cowley,Cowley County,2915.648165,17.322935,34661,11.8879226979707,55726,32375,4519,13.9583011583012,29043,718,469,619,11,708,3093,15037,11988,1722,28,66,332,272,629,0.18620735519053,4.18301522910155
"21101","21","101",KY,Kentucky,Henderson,Henderson County,1130.16882,75.607018,44770,39.6135508321668,56912,43703,7431,17.0034093769306,38740,3225,79,134,46,593,1953,19291,15839,2062,63,66,238,128,895,0.326577160333834,4.63946918252035
"48181","48","181",TX,Texas,Grayson,Grayson County,2416.016688,120.091746,137008,56.7082175717157,66608,134425,15361,11.4271898828343,111394,7560,870,2057,76,3607,11444,63791,49755,6567,187,104,1015,447,5716,0.293144800990735,8.96051167092537
"01029","01","029",AL,Alabama,Cleburne,Cleburne County,1450.666452,2.352217,15144,10.4393397800861,51553,14978,1931,12.8922419548671,14028,411,35,15,0,263,392,5593,4764,612,15,0,1,13,188,0.268192383336313,3.36134453781513
"34029","34","029",NJ,New Jersey,Ocean,Ocean County,1627.263273,742.151361,638691,392.493956323686,82379,631808,66258,10.487046697731,555742,19810,1535,11956,106,19249,30293,269436,209068,21920,3682,1024,3582,3392,26768,1.36655829213617,9.93482682343859
"01001","01","001",AL,Alabama,Autauga,Autauga County,1539.631461,25.677536,58761,38.1656269623345,68315,58291,6630,11.373968537167,43747,11496,59,658,0,321,2480,27031,23092,2000,152,57,131,156,1443,0.562317339351115,5.33831526765565
"13021","13","021",GA,Georgia,Bibb,Bibb County,645.898113,14.305197,156554,242.381881676127,48897,150191,37641,25.0620876084452,58258,85028,210,3428,39,3244,6347,63811,51469,5159,684,113,1391,774,4221,1.0719155004623,6.61484696995816
"34025","34","025",NJ,New Jersey,Monmouth,Monmouth County,1212.586195,500.430336,643064,530.324361807533,118527,636657,40595,6.37627482302087,504819,42384,2193,34800,270,20446,38152,325055,223441,22735,19760,1380,4666,5242,47831,6.07897125101906,14.714740582363
"35039","35","039",NM,New Mexico,Rio Arriba,Rio Arriba County,15179.593247,91.463243,40285,2.65389192875518,52031,39961,8722,21.826280623608,14240,255,6029,220,9,12301,7231,15331,12116,1297,105,0,380,222,1211,0.684886830604657,7.89902811297371
"36117","36","117",NY,New York,Wayne,Wayne County,1563.913376,2018.184723,91324,58.3945385987926,71007,90405,9958,11.0148774957137,81988,2214,156,801,3,1734,4428,42736,34254,3882,119,69,844,329,3239,0.278453762635717,7.57909022837888
"41041","41","041",OR,Oregon,Lincoln,Lincoln County,2540.733352,553.145247,50334,19.8108156294238,57794,49706,7315,14.716533215306,42243,193,1113,688,30,1847,4220,19621,13932,2380,106,78,635,181,2309,0.540237500637073,11.7680036695377
"51017","51","017",VA,Virginia,Bath,Bath County,1370.626043,14.039993,4177,3.04751250082587,55699,4040,956,23.6633663366337,3909,202,4,14,0,48,0,1722,1511,108,0,0,19,12,72,0,4.18118466898955
"54019","54","019",WV,West Virginia,Fayette,Fayette County,1713.381313,17.365663,40545,23.6637342151286,50090,38991,8388,21.5126567669462,37483,1825,24,0,15,184,1014,13818,10912,1508,14,0,436,237,711,0.101317122593718,5.14546244029527
"54039","54","039",WV,West Virginia,Kanawha,Kanawha County,2335.428419,24.05488,179895,77.028693552093,55226,176803,29058,16.435241483459,157101,12020,169,2138,180,401,7886,76292,60392,6088,1573,99,2147,592,5401,2.06181513133749,7.07937922717978
"21041","21","041",KY,Kentucky,Carroll,Carroll County,333.331142,22.186244,10842,32.5262138273297,50625,10545,2140,20.293978188715,9557,354,0,0,0,414,517,4464,3522,495,0,0,87,199,161,0,3.60663082437276
"24031","24","031",MD,Maryland,Montgomery,Montgomery County,1277.247584,35.632258,1056910,827.490310602146,125583,1047814,75205,7.17732345626228,492918,195859,4071,161673,431,110461,91497,551214,313452,43963,51804,2503,9560,8964,120968,9.39816477810796,21.9457415813096
"25011","25","011",MA,Massachusetts,Franklin,Franklin County,1810.939913,65.598236,70980,39.1951160226043,70383,69880,8360,11.9633657698912,64245,875,59,1337,8,1227,3229,35365,25547,2832,362,112,1420,262,4830,1.02361091474622,13.6575710448183
"28033","28","033",MS,Mississippi,DeSoto,DeSoto County,1233.7302,50.234809,186214,150.935755645764,79666,184491,18083,9.80156213582234,114180,57584,322,2384,11,4566,7167,92131,77080,8531,117,0,418,606,5379,0.126993085931988,5.83842571989884
"48307","48","307",TX,Texas,McCulloch,McCulloch County,2759.893532,20.286193,7638,2.76749806158827,53214,7464,1005,13.4646302250804,5837,65,39,31,0,386,1280,3189,2522,284,0,0,83,51,249,0,7.80809031044214
"32009","32","009",NV,Nevada,Esmeralda,Esmeralda County,9277.050177,18.55201,980,0.105637026996971,40694,973,157,16.1356628982528,881,2,13,19,0,0,65,397,265,24,0,0,55,4,49,0,12.3425692695214
"18015","18","015",IN,Indiana,Carroll,Carroll County,964.05741,7.236323,20397,21.1574536831785,61464,20169,1468,7.27849670286083,19535,143,7,23,0,222,467,9486,8229,673,38,0,149,33,364,0.400590343664347,3.83723381825849
"26129","26","129",MI,Michigan,Ogemaw,Ogemaw County,1459.466626,29.641292,20820,14.2654855062099,50377,20417,3485,17.0691090757702,19762,101,85,164,4,57,647,7482,6246,510,20,7,153,57,489,0.267308206361935,6.53568564554932
"26147","26","147",MI,Michigan,St. Clair,St. Clair County,1868.725515,297.817403,160257,85.757377803021,66887,158320,18761,11.850050530571,147655,3753,284,759,22,1253,6531,71975,59439,6467,570,81,857,493,4068,0.791941646405002,5.65196248697464
"44007","44","007",RI,Rhode Island,Providence,Providence County,1060.552452,67.87021,657984,620.416273385788,72579,630289,85858,13.6220051436722,428472,58807,2816,27554,445,68921,70969,319802,238609,28796,7657,1192,9914,4993,28641,2.39429396939356,8.95585393462205
"47125","47","125",TN,Tennessee,Montgomery,Montgomery County,1396.441789,12.068782,222305,159.193889606522,67890,217646,25950,11.9230309769075,145652,44841,890,5369,776,5386,19391,104222,86038,8884,631,96,959,1351,6263,0.605438391126634,6.00928786628543
"48369","48","369",TX,Texas,Parmer,Parmer County,2281.317978,11.355762,9809,4.29970749128073,65575,9713,924,9.51302378255946,7161,67,76,18,0,542,1945,4677,3892,571,0,0,47,75,92,0,1.96707290998503
"51001","51","001",VA,Virginia,Accomack,Accomack County,1163.732898,2229.25299,33367,28.6723869861759,52694,32960,5240,15.8980582524272,20860,9484,79,268,0,579,2097,14099,10266,1933,117,97,531,306,849,0.829846088375062,6.02170366692673
"28161","28","161",MS,Mississippi,Yalobusha,Yalobusha County,1209.914676,72.140595,12499,10.330480527207,47006,12223,2510,20.535056860018,7517,4799,24,13,0,25,121,4991,4454,400,8,0,1,29,99,0.160288519334803,1.98357042676818
"39095","39","095",OH,Ohio,Lucas,Lucas County,879.721651,663.490729,430014,488.806885122349,57265,420801,75081,17.8424005646374,300496,81452,1081,7172,273,10247,29293,195444,157641,17894,2275,587,3379,1494,12174,1.16401629111152,6.22889421010622
"05035","05","035",AR,Arkansas,Crittenden,Crittenden County,1587.312629,81.689126,47945,30.2051398848916,51860,47239,9305,19.6977074027816,19945,24005,65,367,0,117,3446,19881,15843,2674,20,15,205,51,1073,0.100598561440571,5.39711282128666
"27053","27","053",MN,Minnesota,Hennepin,Hennepin County,1434.868069,136.605077,1270787,885.647278279492,92595,1248688,122904,9.84265084632831,876481,168955,7887,90694,305,42992,83473,690929,442657,45860,33099,7492,21172,9166,131483,4.79050669460972,19.029885849342
"31147","31","147",NE,Nebraska,Richardson,Richardson County,1429.261302,7.07761,7850,5.49234768269126,50321,7707,837,10.8602569093032,7226,84,184,4,0,10,342,3650,2874,365,0,0,178,23,210,0,5.75342465753425
"41037","41","037",OR,Oregon,Lake,Lake County,21078.901105,568.48946,8201,0.389062027434376,54663,7690,1505,19.5708712613784,7169,21,169,71,0,72,699,3037,2141,212,5,36,257,3,383,0.16463615409944,12.6111294040171
"29091","29","091",MO,Missouri,Howell,Howell County,2401.376474,2.920041,39960,16.640456185297,46401,39222,9006,22.9616031818877,37521,181,161,198,0,312,1587,15459,12746,1726,50,3,193,250,491,0.323436186040494,3.17614334691765
"38009","38","009",ND,North Dakota,Bottineau,Bottineau County,4322.321796,74.690378,6411,1.48323061136561,80113,6089,499,8.19510592872393,5858,31,327,24,0,55,116,2976,2258,253,1,2,217,82,163,0.0336021505376344,5.47715053763441
"37185","37","185",NC,North Carolina,Warren,Warren County,1112.117461,38.615565,18803,16.9073867279205,42282,17986,3819,21.2331813632826,7224,8978,1167,108,8,394,924,6896,5569,596,17,0,139,116,459,0.246519721577726,6.65603248259861
"26115","26","115",MI,Michigan,Monroe,Monroe County,1422.818203,338.203448,154823,108.814323343318,72573,153049,16690,10.9050042796751,142046,3322,157,569,12,1467,7250,69702,58621,4570,144,78,821,673,4795,0.206593784970302,6.8792861036986
"30005","30","005",MT,Montana,Blaine,Blaine County,10949.218331,29.079295,7030,0.642054965704382,58507,6909,1395,20.1910551454624,3060,56,3636,3,0,19,256,2563,1648,280,15,0,229,58,333,0.585251658213032,12.9925868123293
"54099","54","099",WV,West Virginia,Wayne,Wayne County,1310.547891,15.816947,38933,29.7074225729306,52694,38771,6490,16.7393154677465,37494,343,0,24,0,46,1026,13872,11579,893,70,0,624,107,599,0.504613610149942,4.31805074971165
"55109","55","109",WI,Wisconsin,St. Croix,St. Croix County,1870.380087,33.740117,93752,50.1245712845316,97950,92801,5513,5.94066874279372,87951,620,92,887,6,696,3500,50444,39515,3458,126,99,653,494,6099,0.249781936404726,12.0906351597811
"08015","08","015",CO,Colorado,Chaffee,Chaffee County,2624.715692,3.999975,19564,7.45375968133618,65703,18145,2137,11.7773491319923,17538,207,84,226,74,218,1217,8649,5619,727,24,211,406,133,1529,0.277488727020465,17.6783443172621
"53007","53","007",WA,Washington,Chelan,Chelan County,7565.814948,189.653434,79076,10.4517491563686,71876,78213,7212,9.22097349545472,55416,401,591,635,32,15051,6950,36824,28092,2913,258,129,1458,994,2980,0.700630023897458,8.09254833804041
"12035","12","035",FL,Florida,Flagler,Flagler County,1259.229648,219.207666,117515,93.3229297663424,69251,116442,11382,9.77482351728758,91349,10786,166,2911,132,4576,7595,47069,33563,5786,133,121,233,586,6647,0.282563895557586,14.121821156175
"12039","12","039",FL,Florida,Gadsden,Gadsden County,1337.405282,31.475262,43746,32.7096061222226,45721,40943,10460,25.5477126737171,15384,24041,580,17,0,1667,2057,16195,13276,1295,92,0,220,51,1261,0.568076566841618,7.78635381290522
"12073","12","073",FL,Florida,Leon,Leon County,1731.219895,86.414547,294128,169.896383959936,61317,277399,53940,19.4449150862116,170168,91031,467,10348,129,5099,16886,147179,110917,11573,2500,692,3413,1468,16616,1.69861189435993,11.2896540946738
"12107","12","107",FL,Florida,Putnam,Putnam County,1886.428532,255.28682,73604,39.0176456470178,44852,72237,16506,22.8497861206861,54928,11620,182,431,0,741,5702,25550,20045,2730,72,179,326,183,2015,0.281800391389432,7.88649706457926
"50021","50","021",VT,Vermont,Rutland,Rutland County,2410.114035,38.7609,60585,25.1378146926562,62641,58789,6677,11.3575668917655,57229,383,82,460,0,209,2222,28803,23460,1892,132,15,813,169,2322,0.458285595250495,8.06166024372461
"01101","01","101",AL,Alabama,Montgomery,Montgomery County,2034.059354,37.703222,228132,112.156019219093,56707,219231,42877,19.5579092372885,74723,134763,333,7604,8,3126,7575,98021,80271,8954,345,114,1423,709,6205,0.351965395170423,6.33027616531152
"05105","05","105",AR,Arkansas,Perry,Perry County,1427.953397,24.42856,10055,7.04154632855991,53980,9945,1526,15.3443941679236,9156,234,14,7,0,208,436,3749,3141,338,4,0,35,36,195,0.10669511869832,5.20138703654308
"26157","26","157",MI,Michigan,Tuscola,Tuscola County,2084.527022,282.490891,53218,25.5300120546962,59815,52385,6443,12.2993223250931,50123,662,173,262,2,239,1757,22372,18740,2101,76,29,295,132,999,0.339710352225997,4.46540318254962
"38037","38","037",ND,North Dakota,Grant,Grant County,4297.393836,17.56345,2320,0.539862085844906,57069,2272,349,15.3609154929577,2159,2,26,72,2,5,54,1034,670,113,0,0,86,12,153,0,14.7969052224371
"55017","55","017",WI,Wisconsin,Chippewa,Chippewa County,2611.6285,85.233303,66254,25.3688455306718,69815,63609,6318,9.93255671367259,62057,1011,210,940,1,176,1859,32569,25438,2773,23,159,719,389,3068,0.070619300561884,9.42000061408087
"18009","18","009",IN,Indiana,Blackford,Blackford County,427.559406,1.298757,12074,28.2393506739973,51108,11864,2019,17.0178691840863,11503,124,13,17,0,20,397,4852,3844,520,0,0,80,1,407,0,8.38829348722176
"18179","18","179",IN,Indiana,Wells,Wells County,953.341278,5.596377,28167,29.545557975934,68074,27453,1748,6.36724583834189,26434,317,7,54,0,429,926,14158,12075,1017,70,38,143,142,673,0.49442011583557,4.75349625653341
"20045","20","045",KS,Kansas,Douglas,Douglas County,1180.428103,48.87504,119094,100.89051565049,66153,110618,18017,16.2875842991195,94930,5101,2010,5873,23,1496,9661,65718,46329,5496,1671,676,3219,642,7685,2.54268237012691,11.6939042575854
"20085","20","085",KS,Kansas,Jackson,Jackson County,1699.600349,4.666513,13274,7.81007135460408,70385,13084,1036,7.91806786915316,11283,139,839,28,0,232,753,6378,4742,791,7,2,156,266,414,0.10975227343995,6.49106302916275
"13013","13","013",GA,Georgia,Barrow,Barrow County,417.082926,4.909581,84399,202.3554423803,75053,83850,8009,9.55158020274299,60747,10655,324,3558,10,2920,6185,40978,32441,5043,12,0,350,441,2691,0.0292840060520279,6.56693835716726
"13271","13","271",GA,Georgia,Telfair,Telfair County,1132.621093,17.356399,12619,11.1414135565635,41801,10012,3138,31.3423891330404,6462,4427,38,21,0,676,995,3676,3390,105,0,3,0,11,167,0,4.54298150163221
"17135","17","135",IL,Illinois,Montgomery,Montgomery County,1822.745303,15.472185,28352,15.5545593524978,61796,26044,3640,13.9763477192444,26527,780,36,132,0,149,728,11366,9296,694,3,59,349,80,885,0.0263945099419321,7.78638043286996
"18093","18","093",IN,Indiana,Lawrence,Lawrence County,1163.282516,7.207557,45113,38.7807771366865,64210,44290,4742,10.7067058026643,42901,151,102,316,4,348,1291,21016,17436,2060,11,5,456,120,928,0.052341073467834,4.41568328892273
"19137","19","137",IA,Iowa,Montgomery,Montgomery County,1098.405769,2.410446,10285,9.36357063142847,61261,10084,1461,14.4882982943276,9539,46,200,31,25,108,336,4722,3947,333,12,0,98,27,305,0.254129606099111,6.45912748835239
"21209","21","209",KY,Kentucky,Scott,Scott County,730.870979,8.350617,57286,78.3804551637561,80782,55727,5173,9.28275342293682,49806,2821,133,563,0,1163,2800,28795,23253,2673,16,0,322,138,2393,0.0555652022920646,8.31047056780691
"21177","21","177",KY,Kentucky,Muhlenberg,Muhlenberg County,1210.24968,31.390324,30735,25.3955861405392,50935,29666,4840,16.3149733701881,28586,722,65,351,13,119,879,12094,10461,997,2,0,117,234,283,0.0165371258475277,2.34000330742517
"22007","22","007",LA,Louisiana,Assumption,Assumption Parish,891.009958,67.104891,21067,23.6439557278214,47023,20925,3354,16.0286738351254,13836,6091,98,88,0,16,938,8361,6820,724,121,7,85,181,423,1.4471953115656,5.05920344456405
"12113","12","113",FL,Florida,Santa Rosa,Santa Rosa County,2622.106399,543.294939,188994,72.0771666901378,84715,183367,16407,8.94762961710668,155936,11060,490,3785,398,3815,13510,83822,66254,5913,21,194,823,1535,9082,0.025053088687934,10.8348643554198
"12095","12","095",FL,Florida,Orange,Orange County,2338.56413,260.321773,1427403,610.375820653676,72629,1387668,187454,13.5085625668388,731351,291433,4004,75431,1348,105409,218427,717790,520091,66782,10863,2790,9387,14007,93870,1.51339528274286,13.0776410927987
"12117","12","117",FL,Florida,Seminole,Seminole County,801.28898,93.135089,471321,588.203521780619,79490,466454,44796,9.60351931808924,311064,55496,1043,23898,186,27127,52507,243840,178582,18872,1428,579,2451,3773,38155,0.585629921259842,15.6475557742782
"12131","12","131",FL,Florida,Walton,Walton County,2689.179222,961.27598,76618,28.4912211775225,74832,74880,7898,10.5475427350427,65723,2816,493,847,0,2224,4515,33781,24385,3744,56,119,337,450,4690,0.165773659749563,13.8835440040259
"13087","13","087",GA,Georgia,Decatur,Decatur County,1546.84284,67.154651,29063,18.7885926407365,47383,27955,6805,24.342693614738,15237,11685,93,141,0,1126,781,10902,8963,1227,30,58,138,259,227,0.275178866263071,2.0821867547239
"13095","13","095",GA,Georgia,Dougherty,Dougherty County,851.18338,15.352851,85038,99.9056161082468,45640,81493,21493,26.3740443964512,20720,59469,158,700,34,1552,2405,32937,26128,3406,434,63,653,437,1816,1.31766706135957,5.51355618301606
"06019","06","019",CA,California,Fresno,Fresno County,15432.139293,136.609893,1008280,65.3363724145073,67756,990821,193675,19.5469211895993,483826,45035,13573,108082,1737,182307,173720,411511,312282,48158,3531,1848,6174,5714,33804,0.858057257278663,8.21460422686149
"13303","13","303",GA,Georgia,Washington,Washington County,1757.373959,15.099021,19975,11.3663912553742,43810,18120,3045,16.8046357615894,8602,10156,95,145,0,186,791,7422,6225,822,18,0,46,110,201,0.242522231204527,2.70816491511722
"18059","18","059",IN,Indiana,Hancock,Hancock County,792.425266,2.76969,80170,101.170423811297,85262,79282,3889,4.9052748417043,73061,2171,124,692,0,862,3260,41586,32587,2878,0,64,444,350,5263,0,12.6557014379839
"20087","20","087",KS,Kansas,Jefferson,Jefferson County,1379.494404,62.293259,18387,13.3287963667593,74562,18155,1096,6.03690443404021,17247,137,100,44,0,56,803,9022,7141,933,0,0,157,57,734,0,8.13566836621592
"32007","32","007",NV,Nevada,Elko,Elko County,44479.019595,74.784279,53600,1.20506253258391,87755,52640,5473,10.3970364741641,38092,464,2703,700,93,4457,7091,25906,17043,3961,2493,34,828,357,1190,9.62325330039373,4.59353045626496
"22105","22","105",LA,Louisiana,Tangipahoa,Tangipahoa Parish,2049.124443,136.690438,133953,65.3708467817052,55274,129545,24896,19.2180323439731,85044,39939,124,954,43,1157,6692,56297,46396,5298,158,8,709,672,3056,0.28065438655701,5.4283531982166
"22121","22","121",LA,Louisiana,West Baton Rouge,West Baton Rouge Parish,498.174685,29.604699,27377,54.9546189806895,80510,26591,3922,14.7493512842691,15247,11289,0,129,0,357,355,12469,10628,1315,0,0,84,51,391,0,3.13577672628118
"01063","01","063",AL,Alabama,Greene,Greene County,1675.782054,33.41615,7706,4.59845000822523,32796,7612,2504,32.8954282711508,1333,6305,7,0,0,12,49,2170,1654,390,0,0,51,3,72,0,3.31797235023041
"36053","36","053",NY,New York,Madison,Madison County,1696.054036,16.691322,68020,40.1048543007624,68869,62575,5961,9.52616859768278,62497,1141,227,688,0,609,2858,30850,24013,1905,102,73,1857,205,2695,0.33063209076175,8.73581847649919
"37163","37","163",NC,North Carolina,Sampson,Sampson County,2449.946536,4.923828,59317,24.2115487535684,49963,58195,12959,22.268236102758,33200,14931,1107,328,0,7246,2505,24170,19972,2747,156,3,189,190,913,0.645428216797683,3.77741001241208
"40131","40","131",OK,Oklahoma,Rogers,Rogers County,1750.176497,92.946097,95870,54.7773325515067,75312,94123,8980,9.5407073722682,69283,896,12159,1603,77,1179,10673,45762,37582,3571,24,56,519,319,3691,0.052445260259604,8.0656439840916
"40063","40","063",OK,Oklahoma,Hughes,Hughes County,2083.57524,26.461993,13409,6.43557273218509,44799,11919,2484,20.8406745532343,8600,545,2789,58,21,424,972,4260,3433,267,0,0,91,15,454,0,10.6572769953052
"47085","47","085",TN,Tennessee,Humphreys,Humphreys County,1374.668727,67.18411,19032,13.84479011284,54185,18536,2233,12.0468277945619,17358,237,34,146,0,356,901,7773,6462,913,0,0,93,20,285,0,3.66653801620996
"48401","48","401",TX,Texas,Rusk,Rusk County,2393.663216,37.217198,52755,22.0394413246479,61661,47796,6416,13.4237174658967,36902,8205,29,211,65,1005,6338,21072,17924,1719,50,28,169,283,899,0.237281700835232,4.26632498101746
"48419","48","419",TX,Texas,Shelby,Shelby County,2060.566466,101.081677,24157,11.7234752669221,49231,23964,5575,23.2640627608079,16631,3908,291,109,163,1500,1555,10047,8361,793,24,0,166,235,468,0.238877276799044,4.65810689758137
"13205","13","205",GA,Georgia,Mitchell,Mitchell County,1326.483085,4.314212,21634,16.3092920253861,45966,19690,5658,28.7353986795328,10384,9715,251,15,0,430,839,7509,6311,927,58,76,15,25,97,0.772406445598615,1.29178319350113
"13275","13","275",GA,Georgia,Thomas,Thomas County,1410.592608,19.645695,45665,32.3729188293038,55958,45062,8420,18.685366827926,26962,16468,143,357,0,523,1212,20528,16287,2772,38,40,155,50,1186,0.185113016367888,5.77747466874513
"28157","28","157",MS,Mississippi,Wilkinson,Wilkinson County,1756.287539,25.018736,8531,4.85740507209737,34928,7442,1601,21.5130341306101,2458,5748,0,0,0,196,129,2773,2237,126,47,0,0,54,309,1.69491525423729,11.143166245943
"28011","28","011",MS,Mississippi,Bolivar,Bolivar County,2270.141682,81.446732,30688,13.5180989994262,37845,28497,9054,31.7717654489946,9533,19406,4,246,0,446,1053,10635,8947,1130,0,0,162,116,280,0,2.63281617301363
"28025","28","025",MS,Mississippi,Clay,Clay County,1062.082196,15.376919,18598,17.5108857582243,37412,18314,4214,23.0097193403953,7075,11161,4,7,0,0,351,6979,5917,376,0,41,14,29,602,0,8.6258776328987
"28085","28","085",MS,Mississippi,Lincoln,Lincoln County,1518.269755,5.291052,34855,22.9570535046323,47069,34368,7675,22.3318202979516,23670,10547,0,192,0,14,432,13497,11878,792,30,0,196,191,410,0.222271615914648,3.03771208416685
"08049","08","049",CO,Colorado,Grand,Grand County,4782.276777,59.886083,15724,3.28797364377223,79367,15679,1345,8.57835321130174,13595,127,59,15,0,62,1866,8728,5464,583,277,130,590,53,1631,3.1736938588451,18.6869844179652
"21179","21","179",KY,Kentucky,Nelson,Nelson County,1084.389929,13.962497,46779,43.1385415420987,66212,46209,4051,8.76669047155316,42608,2235,51,245,0,239,1401,22182,18844,1741,10,0,224,339,1024,0.0450815976918222,4.61635560364259
"26155","26","155",MI,Michigan,Shiawassee,Shiawassee County,1375.19804,25.833543,68124,49.5375924183254,62498,67233,7402,11.0094745140035,64633,449,178,198,29,459,2178,31454,25658,2951,74,69,453,126,2123,0.235264195332867,6.74953900934698
"26039","26","039",MI,Michigan,Crawford,Crawford County,1441.108421,17.887265,13197,9.15753444202516,57998,12999,1798,13.8318332179398,12333,40,27,122,0,142,533,5115,4125,501,66,13,133,32,245,1.29032258064516,4.78983382209189
"29113","29","113",MO,Missouri,Lincoln,Lincoln County,1622.789067,36.002285,60172,37.0793723125323,82543,59034,6793,11.5069282108615,56083,1298,77,171,75,296,2172,28259,23182,2323,75,4,743,214,1718,0.265402172759121,6.07947910400226
"51013","51","013",VA,Virginia,Arlington,Arlington County,67.332992,0.273562,235845,3502.66627094189,137387,232818,15527,6.66915788298156,153250,21994,869,24308,242,12885,22297,148246,60954,7996,27496,2111,6961,2719,40009,18.5475493436585,26.9882492613629
"18057","18","057",IN,Indiana,Hamilton,Hamilton County,1021.441615,20.942536,349527,342.189895993223,114866,347349,14697,4.23119110750283,290880,14260,256,22566,139,4217,17209,184368,136666,12036,83,367,1719,1296,32201,0.0450186583355029,17.4656122537534
"29019","29","019",MO,Missouri,Boone,Boone County,1775.568234,14.222019,184043,103.653014553762,66564,174545,31074,17.8028588616116,145293,17075,383,8721,125,2196,10250,95304,73395,8587,775,729,3985,500,7333,0.813187274406111,7.6943255267355
"18133","18","133",IN,Indiana,Putnam,Putnam County,1244.585885,5.585892,36942,29.6821621112954,70609,32183,2869,8.91464437746636,34188,984,42,986,0,136,606,15990,12713,911,0,0,663,118,1585,0,9.91244527829894
"19057","19","057",IA,Iowa,Des Moines,Des Moines County,1077.769233,35.341938,38824,36.0225536332415,58084,37950,5557,14.6429512516469,33941,2043,16,446,1,229,2148,18215,15042,1562,49,14,554,271,723,0.269009058468295,3.96925610760362
"51161","51","161",VA,Virginia,Roanoke,Roanoke County,648.915079,1.762677,96653,148.945529434985,80872,94199,6665,7.07544666079258,82697,5905,358,3471,65,888,3269,46477,37058,2727,184,10,381,307,5810,0.395894743636637,12.5008068507003
"19115","19","115",IA,Iowa,Louisa,Louisa County,1040.5968,40.784321,10823,10.4007623317696,72500,10655,1072,10.0610042233693,9014,75,46,220,0,890,578,5341,4366,601,0,6,82,87,199,0,3.72589402733571
"55077","55","077",WI,Wisconsin,Marquette,Marquette County,1180.290403,22.667821,15619,13.2331839353268,59748,15520,1616,10.4123711340206,14746,74,53,86,0,186,474,6911,5625,518,5,0,179,48,536,0.0723484300390682,7.75575170018811
"53021","53","021",WA,Washington,Franklin,Franklin County,3215.718486,60.508754,96692,30.0685524622133,77877,94022,12619,13.421326923486,54722,2226,1773,1817,199,20764,15191,42094,32235,6142,127,13,389,617,2571,0.301705706276429,6.10775882548582
"56007","56","007",WY,Wyoming,Carbon,Carbon County,20455.215119,171.386122,14609,0.714194395659536,65196,14014,1948,13.9003853289568,12585,205,231,75,0,571,942,6516,5281,419,3,28,222,76,487,0.0460405156537753,7.47391037446286
"39111","39","111",OH,Ohio,Monroe,Monroe County,1180.317743,4.495411,13401,11.3537224018499,55381,13247,1841,13.8974862232958,12813,119,4,13,0,51,401,5318,4551,374,0,0,89,80,224,0,4.2121098157202
"48149","48","149",TX,Texas,Fayette,Fayette County,2460.316901,25.574662,24564,9.98407968909043,72881,24123,2451,10.1604278074866,20364,1467,80,90,5,1069,1489,10737,9075,815,0,0,182,21,644,0,5.99795101052436
"47015","47","015",TN,Tennessee,Cannon,Cannon County,687.992379,0.156144,14481,21.0481982679055,57651,14330,2168,15.129099790649,13670,359,31,0,2,100,319,6287,5299,562,16,0,36,14,360,0.254493399077461,5.72610147924288
"54063","54","063",WV,West Virginia,Monroe,Monroe County,1224.426771,2.297599,12438,10.1582228472853,52392,12358,1628,13.1736526946108,11963,85,0,0,0,8,382,4208,3253,554,0,45,170,30,156,0,3.70722433460076
"28047","28","047",MS,Mississippi,Harrison,Harrison County,1485.708638,1064.623409,208748,140.503995642785,55211,203728,37450,18.3823529411765,135147,51802,532,4890,162,3062,13153,91384,74158,8417,181,103,2888,1247,4390,0.198065306837083,4.80390440339666
"54067","54","067",WV,West Virginia,Nicholas,Nicholas County,1675.324341,19.580619,24624,14.6980494447433,48826,24473,4081,16.6755199607731,23817,14,15,58,0,223,497,9044,7693,756,142,0,87,83,283,1.57010172490049,3.12914639540027
"53035","53","035",WA,Washington,Kitsap,Kitsap County,1023.308789,442.187072,275411,269.13772554337,93675,267221,22101,8.27068231912911,213401,7468,2891,13188,2673,7183,28607,131017,86609,11023,8385,682,6983,2189,15146,6.39993283314379,11.5603318653305
"55045","55","045",WI,Wisconsin,Green,Green County,1512.667179,1.313241,37066,24.5037378443709,76080,36466,2414,6.61986507980036,35233,217,30,101,0,312,1173,19534,15654,1263,4,2,540,135,1936,0.0204771168219515,9.91092454182451
"04009","04","009",AZ,Arizona,Graham,Graham County,11970.605961,47.476264,38453,3.2122851696296,64089,35262,6230,17.6677443139924,26349,759,4601,284,29,1609,4822,13864,11513,1424,34,0,174,136,583,0.245239469128679,4.20513560300058
"05115","05","115",AR,Arkansas,Pope,Pope County,2100.355838,50.772506,63475,30.2210696166808,51678,60085,10728,17.8547058334027,54268,1576,770,639,35,2343,3844,26768,21798,2890,76,32,514,421,1037,0.283921099820681,3.8740286909743
"41005","41","005",OR,Oregon,Clackamas,Clackamas County,4845.115802,31.863504,420925,86.8761485176985,95740,418012,31670,7.57633752141087,346783,3665,2115,19956,954,13057,34395,202643,142370,15617,4261,802,4475,2348,32770,2.10271265229986,16.1712963191425
"20065","20","065",KS,Kansas,Graham,Graham County,2327.173854,0.599356,2430,1.04418498679128,47071,2396,238,9.93322203672788,2207,103,0,32,0,0,88,1132,864,32,2,0,52,99,83,0.176678445229682,7.3321554770318
"20089","20","089",KS,Kansas,Jewell,Jewell County,2356.813568,11.367163,2929,1.24277967496833,47109,2897,543,18.7435277873662,2732,33,7,8,0,18,131,1272,967,131,11,6,50,22,85,0.864779874213837,6.68238993710692
"27077","27","077",MN,Minnesota,Lake of the Woods,Lake of the Woods County,3361.481342,1248.250013,3786,1.1262891608815,61667,3734,399,10.6855918585967,3468,15,81,4,0,7,211,1912,1469,156,13,4,133,9,128,0.679916317991632,6.69456066945607
"31021","31","021",NE,Nebraska,Burt,Burt County,1273.20006,14.187539,6717,5.27568306900645,54950,6627,941,14.1994869473367,6178,30,57,43,11,110,288,2979,2294,291,3,2,92,31,266,0.100704934541793,8.92917086270561
"05131","05","131",AR,Arkansas,Sebastian,Sebastian County,1375.756968,34.511829,128184,93.1734332309775,54047,126132,20818,16.5049313417689,90210,7660,1236,5942,153,12162,10821,56890,46183,5567,82,51,628,972,3407,0.144137809808402,5.98875021972227
"08033","08","033",CO,Colorado,Dolores,Dolores County,2763.958508,2.716141,2329,0.842632041421368,64708,2329,389,16.7024474023186,1929,0,136,0,0,175,89,1043,737,77,7,0,92,0,130,0.671140939597315,12.464046021093
"13073","13","073",GA,Georgia,Columbia,Columbia County,751.598754,45.345677,156921,208.782943245805,92571,156181,11234,7.19293640071456,108715,26560,375,6850,5,4017,10399,75125,62142,5886,124,98,253,738,5884,0.165058236272879,7.83227953410982
"16031","16","031",ID,Idaho,Cassia,Cassia County,6644.89788,39.158534,24859,3.74106576939599,63525,24473,2536,10.3624402402648,19510,30,226,90,12,2460,2531,11236,9191,882,33,11,171,206,742,0.293698825204699,6.60377358490566
"18019","18","019",IN,Indiana,Clark,Clark County,964.747496,10.673417,121484,125.923104754034,69005,119725,11609,9.69638755481311,102794,8629,392,1266,14,1660,6729,61188,49425,4508,179,123,555,447,5951,0.292541021115251,9.72576322154671
"54075","54","075",WV,West Virginia,Pocahontas,Pocahontas County,2435.206742,4.094092,7940,3.2605034566712,41680,7576,1540,20.3273495248152,7547,37,0,39,0,21,296,2486,1817,284,0,7,158,56,164,0,6.59694288012872
"18135","18","135",IN,Indiana,Randolph,Randolph County,1171.656773,2.420288,24586,20.98396097438,59674,24042,3134,13.0355211712836,22811,52,19,110,17,476,1101,10613,8831,1096,32,7,197,189,261,0.301517007443701,2.45924809196269
"54081","54","081",WV,West Virginia,Raleigh,Raleigh County,1567.910105,10.328835,74303,47.3898342532846,47975,70886,15613,22.0255057416133,65247,5406,4,542,3,347,2754,26338,22005,2384,7,5,356,226,1355,0.0265775685321589,5.14465790872504
"54109","54","109",WV,West Virginia,Wyoming,Wyoming County,1293.620955,6.083278,21237,16.4167099473122,44510,21023,5137,24.4351424630167,20617,109,0,0,0,0,511,5972,5293,335,42,0,103,87,112,0.703281982585399,1.87541862022773
"06043","06","043",CA,California,Mariposa,Mariposa County,3752.476985,36.220865,17130,4.56498469370359,60021,16960,2712,15.9905660377358,14043,140,276,230,62,844,1535,7072,4131,975,135,109,541,56,1125,1.90893665158371,15.9078054298643
"08123","08","123",CO,Colorado,Weld,Weld County,10320.980111,82.342514,331466,32.1157483528843,89182,324810,31432,9.67704196299375,265146,4681,2563,5731,421,20551,32373,166155,124983,16880,631,334,2852,1653,18822,0.379765881255454,11.3279768890494
"19091","19","091",IA,Iowa,Humboldt,Humboldt County,1125.017997,3.373409,9606,8.53853007295491,66617,9496,1267,13.3424599831508,9024,36,16,67,70,53,340,4706,3654,393,8,0,96,41,514,0.169995750106247,10.9222269443264
"20177","20","177",KS,Kansas,Shawnee,Shawnee County,1409.020132,30.313507,178625,126.772496675725,63463,174048,22395,12.867140099283,139041,14335,1076,2628,141,7624,13780,83882,66251,7447,753,72,1059,622,7678,0.897689611597244,9.15333444600749
"21229","21","229",KY,Kentucky,Washington,Washington County,769.96286,10.138826,12025,15.617636414307,65456,11726,1657,14.1309909602593,10603,660,0,63,0,35,664,5686,4456,623,8,0,99,53,447,0.140696447414703,7.86141399929652
"26135","26","135",MI,Michigan,Oscoda,Oscoda County,1465.088063,15.136485,8264,5.64061656681452,48692,8195,1139,13.8987187309335,7848,35,46,26,7,24,278,2719,1930,228,4,147,65,29,316,0.147112909157779,11.6219198234645
"31081","31","081",NE,Nebraska,Hamilton,Hamilton County,1404.05752,6.811577,9400,6.69488241478882,73254,9257,510,5.50934428000432,8858,19,37,35,2,54,395,4694,3629,492,0,3,156,38,376,0,8.01022582019599
"55019","55","019",WI,Wisconsin,Clark,Clark County,3133.102389,23.238613,34703,11.0762419133951,63187,34026,4168,12.249456298125,32542,244,86,128,0,403,1300,15788,11153,1481,7,359,826,178,1784,0.0443374714973397,11.299721307322
"30011","30","011",MT,Montana,Carter,Carter County,8651.796246,19.503322,1332,0.153956468937399,46486,1306,222,16.9984686064319,1246,0,14,0,0,11,61,648,341,34,0,0,58,12,203,0,31.3271604938272
"20143","20","143",KS,Kansas,Ottawa,Ottawa County,1866.683177,1.567629,5768,3.08997266974352,74551,5663,589,10.4008476072753,5461,43,25,4,0,39,196,2894,2346,200,15,7,110,20,196,0.518313752591569,6.77263303386317
"20157","20","157",KS,Kansas,Republic,Republic County,1857.998454,7.951912,4686,2.52206883698516,54531,4596,465,10.1174934725849,4505,58,5,13,0,36,69,2166,1759,214,2,3,59,45,84,0.0923361034164358,3.8781163434903
"31051","31","051",NE,Nebraska,Dixon,Dixon County,1233.120004,17.1119,5579,4.52429607978365,60568,5486,518,9.44221655122129,4766,11,17,47,0,300,438,2734,2124,224,0,0,167,23,196,0,7.16898317483541
"27127","27","127",MN,Minnesota,Redwood,Redwood County,2275.493307,8.220836,15428,6.78006828345288,65617,15079,1519,10.0736123085085,13383,106,664,400,0,246,629,7246,5654,450,56,18,221,84,763,0.77284018768976,10.529947557273
"55031","55","031",WI,Wisconsin,Douglas,Douglas County,3378.047451,454.294232,44092,13.0525105521971,64682,42956,4824,11.2300959120961,40328,555,657,544,0,157,1851,21745,16635,2291,172,0,937,211,1499,0.790986433662911,6.89353874453897
"20117","20","117",KS,Kansas,Marshall,Marshall County,2331.45054,12.735557,10014,4.29518011563737,64306,9821,1036,10.5488239486814,9433,74,22,68,0,30,387,4827,3685,558,20,0,223,40,301,0.414336026517506,6.23575719908846
"22035","22","035",LA,Louisiana,East Carroll,East Carroll Parish,1090.092484,56.411688,7371,6.76181159689566,30856,5501,2216,40.2835848027631,2042,4935,50,0,0,79,265,1623,1402,96,0,0,57,49,19,0,1.17067159581023
"24039","24","039",MD,Maryland,Somerset,Somerset County,828.145301,752.652883,24672,29.7918734432329,52149,19771,3922,19.8371351980173,13043,9884,51,206,0,233,1255,9396,6878,1086,35,162,348,249,638,0.372498935717327,6.79012345679012
"35049","35","049",NM,New Mexico,Santa Fe,Santa Fe County,4947.86129,2.643021,154481,31.2217725893444,70522,152064,18751,12.3309922138047,104066,1592,4888,2119,125,17948,23743,70746,50169,6592,512,413,1538,906,10616,0.723715828456733,15.0057953806576
"05031","05","031",AR,Arkansas,Craighead,Craighead County,1831.541649,14.320012,111038,60.6254299816908,55169,107299,20511,19.1157419920037,83513,18035,383,1357,22,2858,4870,50201,42158,4911,67,5,702,267,2091,0.133463476823171,4.16525567219777
"12101","12","101",FL,Florida,Pasco,Pasco County,1933.694374,694.08224,569211,294.364511607148,63187,560241,66197,11.8158078398404,444803,34035,1407,16234,362,19389,52981,242883,176177,19877,1172,607,1861,4335,38854,0.482536859310862,15.9970026720684
"13101","13","101",GA,Georgia,Echols,Echols County,1088.849471,0.809587,3707,3.40451099874759,61184,3707,555,14.9716752090639,2444,153,4,59,0,320,727,1901,1601,61,5,0,162,49,23,0.263019463440295,1.20988953182536
"18029","18","029",IN,Indiana,Dearborn,Dearborn County,790.171257,6.01902,50709,64.1746957394073,80352,49998,4230,8.46033841353654,48795,286,8,277,42,196,1105,25312,20873,2100,77,0,279,133,1850,0.304203539823009,7.30878634639697
"19005","19","005",IA,Iowa,Allamakee,Allamakee County,1655.186555,51.091699,14046,8.48605249817293,64049,13716,1594,11.6214639836687,12981,241,132,84,0,206,402,6758,5117,626,0,17,373,115,510,0,7.54661142349808
"37187","37","187",NC,North Carolina,Washington,Washington County,897.456201,195.282199,11051,12.3136928439363,38927,10892,2354,21.6121924348145,5060,5335,68,19,0,223,346,3906,3030,516,0,4,63,85,208,0,5.32514080901178
"39151","39","151",OH,Ohio,Stark,Stark County,1489.745358,13.646459,374199,251.183195833123,63130,365462,48133,13.1704527420087,322098,27867,405,3368,27,2433,18001,177007,142387,11708,1681,180,2503,2375,16173,0.949679956159926,9.13692678820612
"40115","40","115",OK,Oklahoma,Ottawa,Ottawa County,1219.410535,35.714103,30472,24.9891231257896,46186,29278,5977,20.41464580914,19641,356,6011,222,217,871,3154,12105,10168,1147,13,5,257,83,432,0.107393638992152,3.56877323420074
"42033","42","033",PA,Pennsylvania,Clearfield,Clearfield County,2965.949946,23.867425,79707,26.8740206177438,56982,74728,10274,13.7485279948614,74333,1851,78,429,20,437,2559,34235,27267,3348,62,55,843,424,2236,0.181101212209727,6.53132758872499
"47053","47","053",TN,Tennessee,Gibson,Gibson County,1561.102696,2.345193,50455,32.3201030459306,55455,49325,6864,13.9158641662443,38755,8061,127,136,8,725,2643,21155,17643,2036,3,8,164,203,1098,0.0141810446702907,5.1902623493264
"47147","47","147",TN,Tennessee,Robertson,Robertson County,1233.703852,0.457701,73297,59.4121513693709,74440,72440,7470,10.3119823302043,61202,5263,133,524,2,3115,3058,35452,29164,2416,23,0,130,395,3324,0.0648764526683967,9.37605776825003
"21033","21","033",KY,Kentucky,Caldwell,Caldwell County,893.117876,8.584485,12635,14.1470687571368,52488,12512,2024,16.1764705882353,11418,757,0,0,0,183,277,5305,4364,607,0,0,51,24,259,0,4.88218661639962
"05049","05","049",AR,Arkansas,Fulton,Fulton County,1600.597353,6.357861,12183,7.61153326735509,38917,12010,1841,15.3288925895087,11334,23,44,4,0,5,773,4212,3145,532,4,0,144,41,346,0.0949667616334283,8.21462488129155
"22025","22","025",LA,Louisiana,Catahoula,Catahoula Parish,1833.776037,81.356082,8895,4.85064687318738,48259,7598,1873,24.6512240063175,5938,2813,10,7,0,38,89,2877,2306,203,0,0,59,44,265,0,9.21098366353841
"22041","22","041",LA,Louisiana,Franklin,Franklin Parish,1616.925546,28.050179,19752,12.2157758276892,41129,18769,4884,26.021631413501,13180,6008,9,44,4,17,490,6500,5382,498,50,0,73,239,258,0.769230769230769,3.96923076923077
"13193","13","193",GA,Georgia,Macon,Macon County,1037.709945,13.841916,12099,11.659327404827,33960,10110,2651,26.2215628090999,4115,7277,11,95,0,384,217,3533,2630,367,0,42,112,52,330,0,9.3405038211152
"27169","27","169",MN,Minnesota,Winona,Winona County,1621.79113,40.051875,49792,30.701857396396,66162,46485,6518,14.0217274389588,45634,678,225,1180,4,439,1632,27040,20569,1663,395,248,1696,248,2221,1.46079881656805,8.2137573964497
"37117","37","117",NC,North Carolina,Martin,Martin County,1182.102539,0.74661,21992,18.6041390441511,44799,21573,4425,20.5117507996106,11503,9171,18,125,21,229,925,8885,7060,961,24,17,166,79,578,0.270118176702307,6.5053460889139
"39001","39","001",OH,Ohio,Adams,Adams County,1512.221266,6.250108,27509,18.1911209811012,46234,27050,5313,19.641404805915,26532,131,38,127,6,127,548,10284,8780,692,81,13,126,88,504,0.787631271878646,4.90081680280047
"34009","34","009",NJ,New Jersey,Cape May,Cape May County,651.437193,955.149826,95456,146.531394009614,83870,94207,8443,8.96217903128218,83363,3601,66,764,0,2865,4797,42154,32469,3305,320,573,1578,787,3122,0.759121317075485,7.4061773497177
"31155","31","155",NE,Nebraska,Saunders,Saunders County,1939.715798,28.209422,22374,11.5346794736989,84474,22069,1471,6.66545833522135,21258,74,29,127,6,113,767,11676,9368,1033,44,0,260,48,923,0.376841384035629,7.9051044878383
"13189","13","189",GA,Georgia,McDuffie,McDuffie County,666.591525,23.112523,21715,32.5761717417574,54752,21253,3430,16.1388980379241,11864,8938,0,34,0,274,605,9457,8192,498,0,56,56,112,543,0,5.74177857671566
"13175","13","175",GA,Georgia,Laurens,Laurens County,2090.990041,28.838468,49407,23.628519998293,46776,48476,11823,24.3893885634128,28879,18500,121,476,0,667,764,19037,16586,1485,11,0,53,189,713,0.0577822135840731,3.74533802594947
"41059","41","059",OR,Oregon,Umatilla,Umatilla County,8327.976998,41.618632,79904,9.59464705764549,70322,75794,8868,11.7001345752962,60983,612,2559,694,100,7711,7245,33310,26813,3408,185,124,801,313,1666,0.555388772140498,5.00150105073551
"13085","13","085",GA,Georgia,Dawson,Dawson County,546.042258,9.272655,27355,50.0968553243365,84516,27200,2623,9.64338235294118,24956,357,27,212,0,334,1469,13367,9935,1287,3,0,188,129,1825,0.0224433305902596,13.6530261090746
"13163","13","163",GA,Georgia,Jefferson,Jefferson County,1363.77136,8.059597,15591,11.4322682359307,46865,15070,2925,19.4094226940942,6737,8138,9,68,0,403,236,6165,4845,981,5,5,103,109,117,0.08110300081103,1.8978102189781
"02110","02","110",AK,Alaska,Juneau,Juneau City and Borough,7003.393461,1426.244167,32108,4.58463460303933,95711,31517,2176,6.90421042611924,20543,345,3018,2317,437,620,4828,16370,10960,1938,439,100,875,349,1709,2.68173488087966,10.4398289554062
"40071","40","071",OK,Oklahoma,Kay,Kay County,2381.778879,65.545215,43859,18.4143878286528,53746,42751,6998,16.3692077378307,33080,886,3876,268,16,1087,4646,18612,14922,2265,0,14,302,375,734,0,3.94369224156458
"36113","36","113",NY,New York,Warren,Warren County,2246.09348,166.839689,65684,29.2436626457773,74531,64939,5607,8.6342567640401,61373,906,47,475,0,304,2579,31577,24915,2678,231,159,918,297,2379,0.73154511194857,7.53396459448333
"36091","36","091",NY,New York,Saratoga,Saratoga County,2097.812305,87.488004,236328,112.654501757248,97038,232775,15248,6.55053162925572,213299,3908,459,6993,13,2118,9538,123295,96093,7460,816,125,1846,661,16294,0.661827324709031,13.2154588588345
"22095","22","095",LA,Louisiana,St. John the Baptist,St. John the Baptist Parish,555.484721,506.440074,41986,75.5844371820265,65114,41481,5830,14.0546274197826,13830,23616,158,387,1,1745,2249,17519,15182,1099,22,29,87,226,874,0.125577943946572,4.98886922769564
"48223","48","223",TX,Texas,Hopkins,Hopkins County,1987.637219,65.631763,37008,18.6190918776511,63766,36377,4874,13.3985760233114,30096,2709,169,281,28,1604,2121,16779,13667,1724,126,0,246,114,902,0.750938673341677,5.37576732820788
"32001","32","001",NV,Nevada,Churchill,Churchill County,12820.847808,190.742991,25409,1.98185021618814,69922,24800,2464,9.93548387096774,19628,484,1031,716,46,1273,2231,11611,9437,819,108,120,448,91,588,0.930152441650159,5.06416329342865
"48491","48","491",TX,Texas,Williamson,Williamson County,2890.005219,41.559494,617396,213.631448116772,102851,612543,38840,6.34077934120543,417463,41744,2633,50370,776,26254,78156,321072,221157,24979,1376,580,2977,4694,65309,0.428564309562964,20.3409204166044
"56045","56","045",WY,Wyoming,Weston,Weston County,6210.804121,5.225499,6870,1.1061369616812,71800,6411,830,12.9464982062081,5939,6,158,16,48,28,675,2939,1989,335,205,4,190,48,168,6.9751616195985,5.71623001020755
"06023","06","023",CA,California,Humboldt,Humboldt County,9241.14122,1254.150035,136132,14.731081016853,57881,133139,26394,19.8243940543342,102072,1866,5521,4389,386,7506,14392,58327,40486,6352,714,476,3106,811,6382,1.22413290585835,10.9417593910196
"34035","34","035",NJ,New Jersey,Somerset,Somerset County,781.832071,7.993022,344978,441.243091446424,131948,341965,18097,5.29206205313409,198971,33100,1230,65730,24,21402,24521,180486,123569,11690,6593,280,2484,3538,32332,3.65291490752745,17.9138548142238
"48193","48","193",TX,Texas,Hamilton,Hamilton County,2165.008743,1.238628,8244,3.80783681666638,54890,8032,1377,17.1439243027888,7232,78,19,3,9,132,771,3312,2598,494,0,0,51,9,160,0,4.83091787439614
"48197","48","197",TX,Texas,Hardeman,Hardeman County,1800.337387,4.54886,3541,1.9668535606543,60455,3490,390,11.1747851002865,2852,116,23,43,0,125,382,1802,1351,327,0,0,39,17,68,0,3.77358490566038
"02016","02","016",AK,Alaska,Aleutians West,Aleutians West Census Area,11377.885026,25183.635754,5219,0.458696848146548,100662,4987,478,9.58492079406457,1356,201,487,2123,183,285,584,3413,1657,320,59,24,1189,67,97,1.72868444184002,2.84207442133021
"17179","17","179",IL,Illinois,Tazewell,Tazewell County,1674.346566,29.712323,131276,78.404317639936,74606,128551,11195,8.70860592294109,123986,1533,145,1420,61,521,3610,60929,49953,4144,295,112,971,440,5014,0.484170099624153,8.2292504390356
"08125","08","125",CO,Colorado,Yuma,Yuma County,6123.764032,11.134194,9938,1.62285808990492,60118,9652,1355,14.0385412349772,8333,17,117,25,13,232,1201,4617,3566,442,0,2,339,20,248,0,5.3714533246697
"19161","19","161",IA,Iowa,Sac,Sac County,1489.300201,8.569436,9778,6.56549968464014,68778,9574,831,8.67975767704199,9359,32,0,74,42,105,166,4875,4179,215,7,8,170,50,246,0.143589743589744,5.04615384615385
"19167","19","167",IA,Iowa,Sioux,Sioux County,1988.881469,2.802041,35815,18.0076090798953,81914,33547,2039,6.07803976510567,32394,180,102,158,6,1374,1601,18709,14048,1459,44,110,555,121,2372,0.235180928964669,12.6783900796408
"48083","48","083",TX,Texas,Coleman,Coleman County,3270.933224,47.963343,7808,2.38708633447786,51034,7719,1321,17.1136157533359,6306,253,53,96,4,402,694,3361,2416,699,7,0,31,13,195,0.208271347813151,5.80184468908063
"13015","13","015",GA,Georgia,Bartow,Bartow County,1188.568882,27.370205,109410,92.051879917886,74812,108124,11700,10.820909326329,87427,11887,250,1204,126,2783,5733,51272,39718,5624,284,64,519,450,4613,0.553908566078951,8.99711343423311
"40113","40","113",OK,Oklahoma,Osage,Osage County,5818.878186,148.530641,46004,7.90599124599031,58189,44278,5548,12.5299245675053,29305,4878,5125,144,0,634,5918,18825,15352,1806,41,37,257,95,1237,0.217795484727756,6.57104913678619
"36001","36","001",NY,New York,Albany,Albany County,1354.273421,26.971925,315041,232.627322603269,78829,299750,37608,12.5464553794829,227136,38455,265,23091,215,6635,19244,157506,108841,13962,7274,546,6979,1434,18470,4.61823676558353,11.7265374017498
"28063","28","063",MS,Mississippi,Jefferson,Jefferson County,1346.620554,18.988092,7207,5.35191593399665,31544,6730,2139,31.7830609212481,946,5697,17,33,0,14,500,2102,1946,112,0,0,0,27,17,0,0.808753568030447
"47103","47","103",TN,Tennessee,Lincoln,Lincoln County,1477.179214,0.971039,35365,23.9409001053003,61374,34727,4147,11.9417168197656,30655,2199,43,235,0,536,1697,15839,13507,1132,0,0,87,106,1007,0,6.357724603826
"51113","51","113",VA,Virginia,Madison,Madison County,830.450499,3.206844,13828,16.6512031923049,74586,13612,1083,7.95621510431972,11849,1087,4,98,0,73,717,6470,4750,464,105,0,160,54,937,1.62287480680062,14.4822256568779
"40005","40","005",OK,Oklahoma,Atoka,Atoka County,2526.412629,37.269115,14117,5.58776497471348,49181,12696,2311,18.2025834908633,9837,457,1317,106,1,50,2349,4937,3874,516,0,0,77,55,415,0,8.40591452298967
"19049","19","049",IA,Iowa,Dallas,Dallas County,1523.682218,8.569306,100367,65.871346934627,99533,99817,5657,5.66737128945971,85828,2309,219,4584,34,1517,5876,54746,40550,3702,111,116,525,918,8824,0.202754539144412,16.1180725532459
"02090","02","090",AK,Alaska,Fairbanks North Star,Fairbanks North Star Borough,18996.83833,259.573207,96299,5.06921195659825,81655,92321,6356,6.88467412614681,68726,3979,6733,3032,653,1672,11504,48184,34862,6415,467,370,2404,734,2932,0.969201394653827,6.08500747135979
"38067","38","067",ND,North Dakota,Pembina,Pembina County,2896.993133,7.008436,6853,2.36555617682923,64243,6629,609,9.18690601900739,6227,66,104,34,15,14,393,3169,2482,342,9,24,95,45,172,0.284001262227832,5.4275796781319
"05065","05","065",AR,Arkansas,Izard,Izard County,1502.713758,9.576574,13748,9.14878161380352,46159,12680,2503,19.7397476340694,12189,249,126,5,4,131,1044,4112,3348,379,6,0,73,170,136,0.14591439688716,3.30739299610895
"51510","51","510",VA,Virginia,Alexandria,Alexandria city,38.682338,1.069028,157594,4074.05570986945,113179,155927,13760,8.82464230056373,89304,33645,423,10066,37,8402,15717,97901,51382,6025,13106,787,3197,1762,21642,13.386992982707,22.1060050459137
"51530","51","530",VA,Virginia,Buena Vista,Buena Vista city,16.674752,0.219579,6639,398.146850999643,48783,6081,1334,21.9371813846407,5771,275,8,36,15,70,464,3056,2463,187,0,0,241,53,112,0,3.66492146596859
"19153","19","153",IA,Iowa,Polk,Polk County,1482.507931,50.475974,493378,332.799568679002,78827,484508,50072,10.3346074781015,393717,35994,1057,24325,93,11630,26562,257254,195543,20921,2113,579,3558,2565,31975,0.821367209061861,12.4293499809527
"12105","12","105",FL,Florida,Polk,Polk County,4657.154151,549.789492,736229,158.085598227818,60901,720030,106728,14.8227157201783,474356,109389,2190,12972,302,69935,67085,315558,250722,27578,930,1059,2724,4650,27895,0.294716026847679,8.83989631066238
"13099","13","099",GA,Georgia,Early,Early County,1327.626624,9.702715,10753,8.09941575862823,48355,10591,2356,22.2453026154282,4718,5685,7,0,0,98,245,4220,3261,606,11,2,80,93,167,0.260663507109005,3.95734597156398
"48443","48","443",TX,Texas,Terrell,Terrell County,6107.081791,0.259482,862,0.141147610184348,52813,862,55,6.38051044083527,690,0,0,0,0,39,133,364,255,67,0,0,0,0,42,0,11.5384615384615
"17191","17","191",IL,Illinois,Wayne,Wayne County,1848.810381,4.224962,16127,8.72290645148644,53522,16050,2237,13.9376947040498,15515,127,0,87,0,182,216,7059,5827,630,33,5,81,40,443,0.46748831279218,6.2756764414223
"12119","12","119",FL,Florida,Sumter,Sumter County,1442.988379,58.752792,131832,91.3604031179797,70105,123545,11443,9.26221214941924,114749,9332,315,1431,6,2646,3353,27879,20198,2115,5,314,350,1494,3403,0.0179346461494315,12.2063201693031
"48051","48","051",TX,Texas,Burleson,Burleson County,1707.015413,46.043534,17958,10.5201159071198,71745,17698,2205,12.4590349191999,13264,2171,116,132,0,533,1742,7492,5614,831,0,0,4,152,891,0,11.8926855312333
"51061","51","061",VA,Virginia,Fauquier,Fauquier County,1678.296035,9.665552,73290,43.6692922294844,122785,72837,4241,5.82259016708541,60832,4844,171,1318,21,1127,4977,38097,28808,2623,333,18,526,393,5396,0.874084573588472,14.1638449221724
"36115","36","115",NY,New York,Washington,Washington County,2152.773115,38.123568,61310,28.479545555826,68703,58363,6641,11.3787845038809,56445,1595,91,367,23,719,2070,27765,22368,2159,106,3,695,487,1947,0.381775616783721,7.01242571582928
"48473","48","473",TX,Texas,Waller,Waller County,1329.431568,11.827973,57463,43.2237366579518,71643,52888,6890,13.0275298744517,28128,14220,807,879,41,8523,4865,24146,19117,2394,38,9,393,169,2026,0.157375962892405,8.39062370578978
"26027","26","027",MI,Michigan,Cass,Cass County,1269.375088,47.139869,51604,40.6530744835289,65183,51125,6573,12.8567237163814,44494,2531,615,486,6,838,2634,23505,18939,2483,90,6,572,260,1155,0.382897255902999,4.91384811742182
"16029","16","029",ID,Idaho,Caribou,Caribou County,4569.240776,89.216879,7058,1.54467675178604,65380,6968,468,6.71641791044776,6480,0,8,5,0,322,243,3337,2640,440,9,17,73,42,116,0.269703326341025,3.47617620617321
"12115","12","115",FL,Florida,Sarasota,Sarasota County,1440.049632,1086.618344,439392,305.122816766915,77213,431335,35122,8.14262696048315,378003,18724,1009,7881,142,7754,25879,178719,134013,14252,927,899,1449,2039,25140,0.518691353465496,14.0667752169607
"13107","13","107",GA,Georgia,Emanuel,Emanuel County,1762.679433,24.889123,22907,12.9955564075615,47905,21881,4674,21.3609981262282,13861,7345,84,47,0,350,1220,8865,6867,1240,23,2,105,149,479,0.259447264523407,5.40327129159616
"13263","13","263",GA,Georgia,Talbot,Talbot County,1013.662778,8.766848,5793,5.7149183394401,48065,5742,1057,18.4082201323581,2373,3275,3,9,0,44,89,2420,1939,265,5,0,24,69,118,0.206611570247934,4.87603305785124
"42133","42","133",PA,Pennsylvania,York,York County,2342.295974,16.50321,457051,195.129481958457,79183,448114,38540,8.60049005387022,386877,27481,715,6713,177,11342,23746,225878,180773,17002,1630,427,3203,2184,20659,0.721628489715687,9.14608771106526
"31053","31","053",NE,Nebraska,Dodge,Dodge County,1370.277207,36.091675,37175,27.1295470800311,66793,35942,3255,9.05625730343331,32888,220,545,178,34,1141,2169,17862,14974,1538,3,172,295,235,645,0.0167954316425932,3.61101780315754
"37077","37","077",NC,North Carolina,Granville,Granville County,1377.85021,14.503653,61161,44.3887147936059,68079,57408,8245,14.3621098104794,35983,17841,261,404,231,3280,3161,26260,21457,1990,51,27,114,161,2460,0.194211728865194,9.36785986290937
"42003","42","003",PA,Pennsylvania,Allegheny,Allegheny County,1890.570512,37.045297,1245310,658.695347301598,72537,1212023,134587,11.1043272281137,969070,158051,1152,50929,310,10636,55162,627652,407968,43827,43098,2367,24318,6866,99208,6.86654388100412,15.8062110851236
"06105","06","105",CA,California,Trinity,Trinity County,8234.26508,73.40795,15889,1.92961968622948,47317,15717,3457,21.9952917223389,12828,218,503,392,54,1028,866,5176,3295,160,53,11,54,195,1408,1.02395672333849,27.2024729520866
"17069","17","069",IL,Illinois,Hardin,Hardin County,459.435094,10.485761,3665,7.97718774177926,53026,3590,414,11.5320334261838,3585,40,0,0,0,7,33,1210,973,133,55,0,18,15,16,4.54545454545455,1.32231404958678
"13187","13","187",GA,Georgia,Lumpkin,Lumpkin County,732.820607,3.275562,33405,45.5841438967614,67592,31352,4556,14.5317683082419,30782,440,137,310,101,570,1065,15172,11903,1164,37,0,698,135,1235,0.243870287371474,8.13999472712892
"40069","40","069",OK,Oklahoma,Johnston,Johnston County,1665.492484,39.645099,10410,6.25040346924796,48476,9959,2275,22.8436590019078,7160,228,1023,7,35,232,1725,3736,2913,472,16,23,95,38,179,0.428265524625268,4.79122055674518
"48339","48","339",TX,Texas,Montgomery,Montgomery County,2699.248493,89.868467,629989,233.394221255938,95946,626227,55202,8.81501436380099,474627,35254,2294,20776,317,23823,72898,297162,228388,23695,2509,439,2259,3060,36812,0.844320606268635,12.3878557823679
"40091","40","091",OK,Oklahoma,McIntosh,McIntosh County,1601.354476,242.872388,19159,11.9642466968694,43467,18763,4154,22.1393167403933,13095,489,2965,158,18,47,2387,6183,4582,532,40,0,147,73,809,0.646935144751739,13.0842633026039
"40095","40","095",OK,Oklahoma,Marshall,Marshall County,962.15398,143.71993,15494,16.1034515494079,53734,15303,2874,18.7806312487747,10475,154,922,40,20,1558,2325,5890,4790,559,7,18,118,51,347,0.118845500848896,5.89134125636672
"48395","48","395",TX,Texas,Robertson,Robertson County,2214.840334,27.332985,16912,7.63576486322016,59410,16703,2380,14.2489373166497,11078,3525,25,39,11,452,1782,6617,5134,1052,8,0,41,136,246,0.120900710291673,3.71769684146894
"55111","55","111",WI,Wisconsin,Sauk,Sauk County,2153.683697,45.695276,65664,30.4891568299781,72930,64741,5573,8.60814630605026,60258,534,527,283,0,1060,3002,33750,26535,2919,63,111,1047,483,2592,0.186666666666667,7.68
"05117","05","117",AR,Arkansas,Prairie,Prairie County,1677.059924,72.638193,8217,4.89964603077594,47045,7987,797,9.97871541254539,6970,866,4,17,0,95,265,3540,2854,337,0,0,62,27,260,0,7.34463276836158
"55079","55","079",WI,Wisconsin,Milwaukee,Milwaukee County,625.371984,2455.452227,933063,1492.01279218162,59319,913393,162787,17.8222298616258,506296,243518,5188,43166,262,53105,81528,445979,324845,36626,16996,1884,13553,4105,47970,3.81094177080087,10.7561118348622
"55053","55","053",WI,Wisconsin,Jackson,Jackson County,2558.687748,32.538317,20958,8.19091740146168,64630,19778,2513,12.7060370108201,18068,362,1021,118,12,336,1041,9119,7127,890,6,13,332,116,635,0.0657966882333589,6.96348283803049
"55083","55","083",WI,Wisconsin,Oconto,Oconto County,2583.453775,392.049248,39048,15.1146501547139,73611,38463,3181,8.27028572914229,37025,94,510,149,0,117,1153,18925,15171,1365,10,0,351,214,1814,0.0528401585204756,9.58520475561427
"02068","02","068",AK,Alaska,Denali,Denali Borough,32740.165582,66.105677,2101,0.0641719417923498,87292,2052,150,7.30994152046784,1591,48,64,73,0,45,280,1389,365,441,0,0,510,15,58,0,4.17566594672426
"55125","55","125",WI,Wisconsin,Vilas,Vilas County,2221.459142,414.414741,23146,10.4192778351806,63726,22832,2235,9.78889278206027,19873,113,2085,84,0,72,919,10001,7712,601,23,49,423,97,1096,0.22997700229977,10.958904109589
"06027","06","027",CA,California,Inyo,Inyo County,26410.783053,77.280938,18829,0.712928502052165,63417,18434,2199,11.929044157535,12980,181,1805,324,176,961,2402,8094,5289,1111,27,257,500,119,791,0.33358042994811,9.77267111440573
"37097","37","097",NC,North Carolina,Iredell,Iredell County,1487.729535,59.508634,187839,126.258836422173,73103,185782,17505,9.42233370294216,145120,21937,497,4795,102,6040,9348,90895,69890,7757,264,26,1094,833,11031,0.290445018977942,12.1359810770669
"05119","05","119",AR,Arkansas,Pulaski,Pulaski County,1964.159855,126.989203,398322,202.795102947464,58326,391159,64768,16.5579725891517,209994,148791,1389,8976,143,10768,18261,186769,148406,15930,1273,266,2226,2701,15967,0.68159062799501,8.54906328137967
"29217","29","217",MO,Missouri,Vernon,Vernon County,2140.343861,27.020859,19777,9.24010406008308,53318,19036,3454,18.1445681865938,18820,107,29,133,1,45,642,8229,6157,527,30,15,232,233,1035,0.364564345607,12.5774699234415
"17015","17","015",IL,Illinois,Carroll,Carroll County,1153.5974,55.881822,15594,13.5177142389537,61539,14596,1641,11.2428062482872,14262,533,41,103,0,103,552,6722,5526,530,34,6,230,45,351,0.505801844689081,5.22166022017257
"13147","13","147",GA,Georgia,Hart,Hart County,601.970613,63.521436,26110,43.3742103619932,61765,25274,2742,10.8490939305215,19695,4607,126,342,0,129,1211,10998,8760,1199,0,0,222,50,767,0,6.97399527186761
"17001","17","001",IL,Illinois,Adams,Adams County,2214.826163,41.754318,65583,29.6109017924762,63767,64113,7731,12.0583968929858,59980,2578,40,487,9,239,2250,32863,27143,2477,242,25,723,295,1958,0.736390469524998,5.95806834433862
"48457","48","457",TX,Texas,Tyler,Tyler County,2394.158684,29.093511,19962,8.33779320201484,50898,17737,3184,17.9511755088234,16314,2107,30,150,0,267,1094,6255,4847,896,0,0,94,183,235,0,3.75699440447642
"13171","13","171",GA,Georgia,Lamar,Lamar County,475.264405,6.044329,18676,39.2960209170304,64966,17513,1967,11.2316564837549,12523,5024,0,93,0,313,723,7952,6786,597,2,11,148,219,189,0.0251509054325956,2.37676056338028
"48373","48","373",TX,Texas,Polk,Polk County,2737.733241,136.27162,50536,18.459066516481,57315,46758,7654,16.3693913341033,39621,4085,866,321,0,956,4687,17662,14491,1721,30,18,230,415,757,0.169856188427132,4.28603782131129
"06067","06","067",CA,California,Sacramento,Sacramento County,2500.063008,75.323438,1579211,631.668479932967,84010,1560173,204388,13.1003420774491,785699,151960,11842,271712,18052,151033,188913,727094,508032,69107,12250,5443,12390,11478,108394,1.68478903690582,14.9078386013363
"40127","40","127",OK,Oklahoma,Pushmataha,Pushmataha County,3614.429654,69.991694,10845,3.00047339087043,42274,10659,2314,21.7093535978985,7636,125,1680,47,24,44,1289,3588,2822,477,0,0,61,21,207,0,5.76923076923077
"51079","51","079",VA,Virginia,Greene,Greene County,403.900921,1.680243,20631,51.0793586430074,81338,20446,2273,11.1170889171476,16664,1326,18,481,15,1095,1032,10557,7585,1402,136,0,116,145,1173,1.28824476650564,11.1111111111111
"39013","39","013",OH,Ohio,Belmont,Belmont County,1378.201569,23.693388,66554,48.2904688958455,56943,62795,8800,14.0138546062585,61237,2014,40,409,38,300,2516,28090,24356,2051,24,0,331,68,1260,0.085439658241367,4.48558205767177
"55129","55","129",WI,Wisconsin,Washburn,Washburn County,2064.515987,145.563849,16685,8.08179743100241,58504,16473,2035,12.3535482304377,15688,91,204,103,20,69,510,7064,5428,643,10,9,164,70,740,0.141562853907135,10.475651189128
"05103","05","103",AR,Arkansas,Ouachita,Ouachita County,1897.73968,18.183262,22606,11.9120658319164,47348,22180,4230,19.0712353471596,12619,9275,32,8,0,41,631,8345,7446,519,0,11,83,118,168,0,2.01318154583583
"45029","45","029",SC,South Carolina,Colleton,Colleton County,2736.331638,198.865069,38561,14.0922245916743,46795,37645,6259,16.6263780050472,22245,13432,245,204,0,815,1620,15466,12300,1991,7,3,123,376,666,0.045260571576361,4.30622009569378
"42019","42","019",PA,Pennsylvania,Butler,Butler County,2044.759923,15.99481,194562,95.1515128067189,82932,189482,14930,7.87937640514666,183767,2180,89,2758,9,980,4779,94590,73720,6302,394,26,2293,769,11086,0.416534517390845,11.7200549740987
"05133","05","133",AR,Arkansas,Sevier,Sevier County,1459.636818,45.919661,15913,10.9020269999794,53567,15648,3144,20.0920245398773,9216,752,414,44,204,4553,730,6683,4873,1394,19,0,82,64,251,0.284303456531498,3.75579829417926
"39093","39","093",OH,Ohio,Lorain,Lorain County,1270.483154,1119.495057,313101,246.442464832556,67272,304388,41092,13.4998751593361,254310,23561,675,3932,23,5073,25527,144410,115436,11719,673,226,2380,1880,12096,0.46603420815733,8.37615123606398
"22101","22","101",LA,Louisiana,St. Mary,St. Mary Parish,1446.578733,1453.492316,49114,33.951833301285,47322,48461,10623,21.920719754029,28427,14554,762,625,13,1623,3110,19136,16287,1673,1,59,288,140,688,0.0052257525083612,3.59531772575251
"29163","29","163",MO,Missouri,Pike,Pike County,1736.428525,36.976721,17719,10.204278347708,53363,15891,2513,15.8139827575357,15820,890,191,63,13,223,519,6653,5528,669,9,0,153,54,240,0.135277318502931,3.60739516007816
"40035","40","035",OK,Oklahoma,Craig,Craig County,1971.642559,3.649781,14144,7.17371408698629,48018,13176,2538,19.2622950819672,8756,478,3052,179,18,220,1441,5246,3883,667,0,0,111,43,542,0,10.331681280976
"20173","20","173",KS,Kansas,Sedgwick,Sedgwick County,2582.051703,31.558986,522700,202.435915358586,65372,514863,70351,13.6640232450186,381239,42066,4769,22280,370,23479,48497,250143,202376,22994,1353,936,3086,3551,15847,0.540890610570753,6.33517627916832
"18073","18","073",IN,Indiana,Jasper,Jasper County,1449.56375,4.428654,33045,22.7965137787145,77777,32362,2427,7.49953649341821,29641,334,19,51,0,890,2110,14923,12485,1412,22,30,151,120,703,0.147423440327012,4.71084902499497
"06055","06","055",CA,California,Napa,Napa County,1947.60624,104.444864,137384,70.5399259760022,105809,134649,10620,7.88717331729162,87333,2520,1386,10960,422,18725,16038,66906,48672,6312,944,733,1943,969,7333,1.41093474426808,10.9601530505485
"48301","48","301",TX,Texas,Loving,Loving County,1732.230053,19.981167,96,0.0554198905819353,-666666666,96,5,5.20833333333333,91,0,0,5,0,0,0,39,29,0,0,0,2,0,8,0,20.5128205128205
"29101","29","101",MO,Missouri,Johnson,Johnson County,2147.776086,10.180467,54025,25.1539256592691,62503,49639,6115,12.3189427667761,46867,1932,125,969,183,534,3415,26671,21514,2444,64,63,958,244,1384,0.23996100633647,5.18915676202617
"08014","08","014",CO,Colorado,Broomfield,Broomfield County,85.386685,1.502572,73946,866.013243165489,117541,73463,3679,5.00796319235534,60019,984,230,5156,0,1591,5966,41490,26667,2756,1212,317,552,533,9453,2.92118582791034,22.7838033261027
"51139","51","139",VA,Virginia,Page,Page County,802.941047,8.378554,23753,29.5824956125328,56760,23527,2361,10.0352786160581,22077,423,29,79,0,258,887,10681,8296,1610,34,0,80,96,565,0.318322254470555,5.2897668757607
"54053","54","053",WV,West Virginia,Mason,Mason County,1115.6835,36.124377,25488,22.845188622042,53058,24650,4023,16.3204868154158,24561,78,7,101,0,110,631,9091,8202,521,0,0,77,51,240,0,2.639973600264
"01133","01","133",AL,Alabama,Winston,Winston County,1587.65747,48.873867,23655,14.8993094839279,49494,23175,4217,18.1963322545847,22050,263,123,105,0,371,743,9707,7155,1839,32,0,87,99,495,0.329659008962604,5.09941279489029
"01105","01","105",AL,Alabama,Perry,Perry County,1863.936201,10.902207,8479,4.54897543995928,32332,7547,2478,32.8342387703723,2411,6004,1,7,0,8,48,2156,1821,127,0,0,118,20,70,0,3.24675324675325
"39105","39","105",OH,Ohio,Meigs,Meigs County,1113.957874,7.519818,22242,19.9666437296533,46255,21888,4287,19.5860745614035,21533,96,4,0,0,40,569,8159,7076,597,5,0,58,33,390,0.0612820198553744,4.77999754871921
"46017","46","017",SD,South Dakota,Buffalo,Buffalo County,1220.933806,42.362357,1859,1.52260506742001,42917,1843,673,36.5165491047206,352,0,1472,0,0,16,19,583,433,45,0,0,20,14,71,0,12.1783876500858
"46095","46","095",SD,South Dakota,Mellette,Mellette County,3385.920519,9.210222,1989,0.587432572276514,41397,1903,935,49.1329479768786,640,5,1250,0,5,5,84,587,400,113,0,0,32,12,30,0,5.11073253833049
"36013","36","013",NY,New York,Chautauqua,Chautauqua County,2746.450219,1139.029655,127440,46.4017148821295,54625,122629,21513,17.5431586329498,113168,3352,432,894,69,4009,5516,53861,41823,5493,246,270,1918,835,3276,0.456731215536288,6.08232301665398
"46102","46","102",SD,South Dakota,Oglala Lakota,Oglala Lakota County,5422.40222,7.126155,13695,2.52563337140268,32279,13529,7546,55.7764801537438,630,8,12834,0,0,118,105,3123,2103,345,17,44,270,285,59,0.544348382965098,1.88920909382004
"11001","11","001",DC,District of Columbia,District of Columbia,District of Columbia,158.316184,18.709787,670587,4235.74509602884,101722,649184,98039,15.1018817469315,265633,297101,2209,27067,420,30879,47278,366965,108961,16401,90524,12169,37673,9402,91835,24.6682926164621,25.0255473955282
"10003","10","003",DE,Delaware,New Castle,New Castle County,1104.206939,175.316802,570567,516.721078131171,85309,554534,58355,10.5232501523802,334333,144393,1121,33239,188,21923,35370,284140,205863,22178,7047,772,6525,3176,38579,2.48011543605265,13.5774618145984
"08031","08","031",CO,Colorado,Denver,Denver County,396.460127,4.275563,710800,1792.86629749781,85853,698563,81703,11.6958670871489,467213,63002,5996,25450,827,58089,90223,409324,245990,27216,20009,7746,17358,5336,85669,4.88830364210259,20.9293860120589
"34027","34","027",NJ,New Jersey,Morris,Morris County,1194.048303,53.10374,508816,426.12681473741,130808,500925,24800,4.95084094425313,375503,17212,739,54664,56,20810,39832,262320,184652,15488,9607,327,4332,3146,44768,3.6623208295212,17.0661787130223
"01065","01","065",AL,Alabama,Hale,Hale County,1667.926667,32.403804,14742,8.8385180785649,35851,14448,3613,25.0069213732004,5663,8373,42,9,0,11,644,5358,4658,503,20,0,8,43,126,0.373273609555804,2.35162374020157
"39167","39","167",OH,Ohio,Washington,Washington County,1636.805226,20.784952,59639,36.436222864308,59053,57956,8198,14.1452136103251,56574,721,117,465,0,226,1536,26577,21599,2122,204,99,735,94,1724,0.767580991082515,6.48681190503067
"54013","54","013",WV,West Virginia,Calhoun,Calhoun County,723.286841,3.670131,6279,8.68120314662271,39031,6245,2103,33.6749399519616,6027,3,5,2,0,0,242,1794,1623,149,0,3,3,0,16,0,0.891861761426979
"42039","42","039",PA,Pennsylvania,Crawford,Crawford County,2621.988043,65.389924,83876,31.9894670091751,58734,80087,10204,12.7411440058936,78993,1281,39,499,20,546,2498,35404,26979,3412,227,100,2057,321,2308,0.641170489210259,6.5190373969043
"46121","46","121",SD,South Dakota,Todd,Todd County,3596.439524,5.855476,9353,2.60062763118494,33792,9184,4794,52.1994773519164,784,1,8067,314,0,41,146,2290,1761,292,4,0,131,18,84,0.174672489082969,3.66812227074236
"30021","30","021",MT,Montana,Dawson,Dawson County,6143.260044,29.884283,8915,1.45118388870859,68168,8469,634,7.486125870823,8398,68,144,1,0,18,286,4405,3546,267,3,15,270,19,285,0.0681044267877412,6.46992054483541
"48337","48","337",TX,Texas,Montague,Montague County,2411.034611,19.087359,20197,8.37690172835101,63336,19861,2573,12.9550375106994,18501,159,93,0,1,590,853,8196,6570,910,12,0,66,61,577,0.146412884333821,7.04001952171791
"30083","30","083",MT,Montana,Richland,Richland County,5398.974516,49.002593,11366,2.1052146044247,67515,11310,942,8.3289124668435,10278,22,18,13,109,340,586,5451,4152,437,0,0,591,12,259,0,4.75142175747569
"48179","48","179",TX,Texas,Gray,Gray County,2398.261679,8.70079,21272,8.86975770253301,54563,19510,3316,16.9964120963608,16510,993,282,259,26,1749,1453,8829,7219,1013,0,0,69,198,330,0,3.73768263676521
"05055","05","055",AR,Arkansas,Greene,Greene County,1495.304294,5.273183,45954,30.732206270251,54879,44942,7892,17.5604111966535,42055,1144,76,197,67,463,1952,19536,16084,2087,31,0,536,203,595,0.158681408681409,3.0456592956593
"13001","13","001",GA,Georgia,Appling,Appling County,1316.393192,10.358093,18441,14.0087324304546,43268,18087,4577,25.3054680157019,13032,3349,105,105,0,665,1185,7195,5745,938,53,2,64,262,131,0.736622654621265,1.82070882557331
"01051","01","051",AL,Alabama,Elmore,Elmore County,1601.948961,99.777799,87694,54.7420686519613,73258,83185,7986,9.60028851355413,64769,18276,248,602,0,677,3122,38872,33427,2155,43,0,487,274,2486,0.110619469026549,6.3953488372093
"13077","13","077",GA,Georgia,Coweta,Coweta County,1142.367471,12.680737,147449,129.073178064959,90031,146607,12209,8.32770604404974,107301,26607,299,2814,3,2666,7759,72084,56277,5383,328,68,702,1778,7548,0.45502469341324,10.4711170301315
"18039","18","039",IN,Indiana,Elkhart,Elkhart County,1199.580238,12.457801,206841,172.427815537255,63978,203329,24427,12.0135347146742,164733,10268,686,2230,138,13979,14807,97136,72667,15437,206,1295,1952,857,4722,0.212073793444243,4.86122549827047
"37197","37","197",NC,North Carolina,Yadkin,Yadkin County,867.49804,7.176192,37280,42.9741604949332,57486,36926,5102,13.8168228348589,32621,1189,166,21,0,1485,1798,16725,14193,1301,121,18,264,109,719,0.723467862481315,4.29895366218236
"01021","01","021",AL,Alabama,Chilton,Chilton County,1794.438907,20.592053,45140,25.1554955835562,62471,44441,6422,14.450619923044,36693,4257,647,229,136,1512,1666,18524,15250,1981,0,0,302,159,832,0,4.49147052472468
"39173","39","173",OH,Ohio,Wood,Wood County,1598.441989,8.718772,131564,82.3076476377523,70537,125680,16241,12.9225015913431,117113,2660,268,2547,165,1794,7017,66642,55235,3972,65,139,1781,434,5016,0.0975360883526905,7.52678491041685
"36119","36","119",NY,New York,Westchester,Westchester County,1115.81194,179.391718,997904,894.329917279788,114651,977070,83412,8.5369523166201,571908,145484,3824,62024,134,125547,88983,485163,256224,35367,90262,809,20407,8447,73647,18.6044690135068,15.1798467731463
"22071","22","071",LA,Louisiana,Orleans,Orleans Parish,439.001673,467.09909,380408,866.529727325208,51116,366993,84133,22.9249604215884,123390,216866,818,10680,61,8407,20186,171424,110652,14847,9065,3924,9582,3973,19381,5.28805768153817,11.3058848235953
"54057","54","057",WV,West Virginia,Mineral,Mineral County,849.209714,3.466312,26957,31.7436312321788,64728,26162,3631,13.878908340341,25202,656,1,22,29,123,924,11553,9230,912,109,45,399,30,828,0.943477884532156,7.16696961828097
"01127","01","127",AL,Alabama,Walker,Walker County,2048.757702,36.683003,64978,31.7158051128098,52987,63595,10437,16.4116675839296,57555,3890,100,123,0,1126,2184,25402,21317,2507,33,16,152,390,987,0.12991103062751,3.88552082513188
"54061","54","061",WV,West Virginia,Monongalia,Monongalia County,932.633989,14.990435,105988,113.643724387145,60893,99735,20594,20.6487191056299,93518,3660,44,3583,1,1029,4153,53500,38956,4399,736,63,2726,664,5956,1.37570093457944,11.1327102803738
"54073","54","073",WV,West Virginia,Pleasants,Pleasants County,337.007574,11.468023,7622,22.61670237714,59666,7022,542,7.71859868983196,7273,54,22,0,0,120,153,2989,2455,220,0,0,29,8,277,0,9.26731348277016
"36083","36","083",NY,New York,Rensselaer,Rensselaer County,1689.859764,33.52577,160943,95.240447419754,83734,155156,17789,11.4652349893011,133037,10759,219,4998,2,2616,9312,78978,59276,5477,1974,119,2508,931,8693,2.49943022107422,11.0068626706171
"37045","37","045",NC,North Carolina,Cleveland,Cleveland County,1202.400601,10.177696,99527,82.7735780547901,50723,97521,17926,18.3816818941561,72559,20110,98,968,111,2134,3547,42455,34994,3763,2,0,929,334,2433,0.00471087033329408,5.73077376045224
"37071","37","071",NC,North Carolina,Gaston,Gaston County,921.389651,20.549064,228972,248.507240939263,62628,225050,27965,12.4261275272162,166431,39351,584,3904,318,5444,12940,106701,85888,9699,454,32,1041,835,8752,0.425488046035182,8.20235986541832
"34011","34","011",NJ,New Jersey,Cumberland,Cumberland County,1251.948172,503.663199,153588,122.679199854289,62310,143658,22292,15.5174094028874,86989,29168,1413,2390,32,15756,17840,61388,48099,7847,869,317,739,589,2928,1.41558610803414,4.76966182315762
"08037","08","037",CO,Colorado,Eagle,Eagle County,4362.757046,18.967822,55650,12.7556954039013,98887,55385,4457,8.04730522704704,43224,545,73,610,49,2283,8866,31408,21600,2883,1175,243,1212,334,3961,3.74108507386653,12.6114365766684
"48237","48","237",TX,Texas,Jack,Jack County,2359.405672,23.704615,8588,3.63989970097859,58861,7559,1096,14.4992723905278,7666,339,0,60,0,147,376,3060,2592,245,0,0,18,13,192,0,6.27450980392157
"01037","01","037",AL,Alabama,Coosa,Coosa County,1685.846963,39.991153,10329,6.12689065300407,52279,9969,1102,11.0542682315177,6859,3120,9,0,0,75,266,3851,3028,464,0,0,66,57,236,0,6.12827836925474
"12111","12","111",FL,Florida,St. Lucie,St. Lucie County,1481.145193,300.766786,334682,225.961642100809,66154,331223,41337,12.4801115864538,211265,68373,1143,6691,176,14295,32739,142823,113995,12033,320,603,1791,1559,12522,0.224053548798163,8.76749543140811
"01067","01","067",AL,Alabama,Henry,Henry County,1455.293386,16.620066,17282,11.8752687026917,58395,16807,2608,15.5173439638246,12194,4375,60,96,8,74,475,7154,6272,527,11,4,9,74,257,0.153760134190663,3.59239586245457
"06087","06","087",CA,California,Santa Cruz,Santa Cruz County,1152.818088,419.720203,268571,232.969106570784,104409,257415,29302,11.3831750286502,176572,2839,2541,13163,595,40948,31913,129470,83143,11444,2332,2538,5928,3010,21075,1.80118946474087,16.2779022167297
"20099","20","099",KS,Kansas,Labette,Labette County,1671.56071,20.006201,20096,12.0222974132959,56143,19685,2988,15.1790703581407,17431,815,159,12,0,298,1381,9028,7035,1243,8,13,189,25,515,0.0886132033673017,5.70447496677005
"13009","13","009",GA,Georgia,Baldwin,Baldwin County,670.028056,24.803189,43778,65.3375625214118,54699,39122,8864,22.6573283574459,23141,18284,50,695,59,444,1105,16374,13694,1302,36,41,82,427,792,0.219860754855258,4.83693660681568
"22087","22","087",LA,Louisiana,St. Bernard,St. Bernard Parish,977.763283,4604.190778,44038,45.0395313115884,55857,43690,9840,22.5223163195239,28618,10499,327,1076,0,563,2955,18507,15341,1551,116,162,205,176,956,0.626789863294969,5.16561301129302
"51800","51","800",VA,Virginia,Suffolk,Suffolk city,1033.837942,77.026744,94856,91.7513240194081,87758,93993,8868,9.43474514059558,46146,39413,293,1790,0,1631,5583,45875,38087,2958,138,104,488,459,3641,0.300817438692098,7.93678474114441
"08059","08","059",CO,Colorado,Jefferson,Jefferson County,1979.742585,25.072423,580519,293.229536202556,103167,572241,38194,6.67446058566233,487122,6641,3587,16688,410,16118,49953,317312,220294,20137,6265,1748,4225,3145,61498,1.97439743848326,19.3809247680516
"54071","54","071",WV,West Virginia,Pendleton,Pendleton County,1802.760298,5.428393,6156,3.4147634640221,52458,6048,989,16.3525132275132,5839,205,18,16,0,0,78,2432,1920,212,0,5,95,0,200,0,8.22368421052632
"51185","51","185",VA,Virginia,Tazewell,Tazewell County,1343.663016,2.920222,40392,30.0611087147761,46508,38764,7035,18.1482819110515,37700,1630,20,279,18,99,646,14127,12098,1063,19,0,202,128,617,0.134494230905359,4.36752318255822
"29045","29","045",MO,Missouri,Clark,Clark County,1306.924726,18.695976,6693,5.12118247275398,53362,6602,720,10.9057861254165,6414,11,38,62,0,25,143,2832,2306,209,0,14,84,19,200,0,7.06214689265537
"34033","34","033",NJ,New Jersey,Salem,Salem County,859.515222,105.389623,64840,75.4378728152414,73378,63462,8271,13.0329961236646,48862,9492,208,583,12,2499,3184,28330,23054,2063,219,8,548,322,2116,0.77303212142605,7.46911401341334
"42123","42","123",PA,Pennsylvania,Warren,Warren County,2290.280116,37.368144,38492,16.8066778081393,57925,37855,4389,11.5942411834632,36672,298,41,169,37,143,1132,16977,13425,1878,104,23,618,202,727,0.612593508864935,4.28226423985392
"38035","38","035",ND,North Dakota,Grand Forks,Grand Forks County,3719.806622,8.267352,72927,19.6050513939861,64698,68519,9708,14.1683328711744,61283,2755,1456,2066,337,1205,3825,39811,32113,3119,535,123,1666,301,1954,1.34384968978423,4.90819120343624
"40041","40","041",OK,Oklahoma,Delaware,Delaware County,1910.774936,140.487351,40791,21.3478831187683,53290,40152,7647,19.0451285116557,26067,171,8936,571,48,457,4541,15849,11968,2031,5,6,313,263,1263,0.0315477317180895,7.9689570319894
"08053","08","053",CO,Colorado,Hinsdale,Hinsdale County,2893.614472,15.324685,911,0.314831159719193,58712,911,67,7.35455543358946,834,9,12,1,0,0,55,408,222,25,0,0,116,0,45,0,11.0294117647059
"01087","01","087",AL,Alabama,Macon,Macon County,1576.435599,11.765503,19198,12.178106109871,41206,16499,4127,25.0136371901327,3133,15142,7,78,0,49,789,6787,5209,651,7,0,443,134,343,0.103138352733166,5.05377928392515
"51035","51","035",VA,Virginia,Carroll,Carroll County,1229.582401,7.586185,29126,23.6877170463015,49113,28950,4411,15.2366148531952,27572,139,70,38,10,579,718,12029,10098,1257,10,37,171,38,418,0.0831324299609278,3.47493557236678
"06061","06","061",CA,California,Placer,Placer County,3644.336873,246.435971,406608,111.572561530318,109375,403083,27446,6.80901948233987,306615,6579,1838,35465,626,14389,41096,187335,134286,11802,1284,479,2321,2224,34939,0.685403154776203,18.6505458136493
"39103","39","103",OH,Ohio,Medina,Medina County,1091.571154,4.196171,182347,167.050035475745,89968,180756,10758,5.95166965411937,170020,2585,225,1826,0,818,6873,94868,76540,5051,105,107,896,1048,11121,0.110680102879791,11.7226040392967
"40033","40","033",OK,Oklahoma,Cotton,Cotton County,1638.523151,23.98626,5537,3.3792625979198,60208,5414,1179,21.7768747691171,4339,99,485,4,0,222,388,2353,1896,285,0,0,14,63,95,0,4.03739906502337
"40065","40","065",OK,Oklahoma,Jackson,Jackson County,2078.860497,4.114418,24776,11.9180676316445,60954,24012,3491,14.5385640513077,18186,1572,323,376,36,1493,2790,11658,9744,1128,5,38,152,197,394,0.0428890032595642,3.37965345685366
"22073","22","073",LA,Louisiana,Ouachita,Ouachita Parish,1580.797959,55.327711,159585,100.952179936361,49261,153782,36050,23.4422754288538,91697,59511,266,1854,19,2168,4070,67312,54195,6547,701,110,1060,566,4133,1.04141906346565,6.1400641787497
"08041","08","041",CO,Colorado,El Paso,El Paso County,5507.386922,7.070359,730323,132.607897419124,82748,709408,65325,9.20838220036989,543305,43818,7107,20261,2115,29113,84604,368980,266083,34200,1529,1500,12711,3876,49081,0.414385603555748,13.3018049758795
"54085","54","085",WV,West Virginia,Ritchie,Ritchie County,1170.64885,4.424612,8507,7.26691014132889,48973,8299,1686,20.3157006868297,8252,32,0,56,0,1,166,2859,2311,269,0,0,41,24,214,0,7.4851346624694
"51063","51","063",VA,Virginia,Floyd,Floyd County,986.585627,2.190752,15532,15.743184955197,57146,15414,1453,9.42649539379785,14621,469,43,62,0,53,284,7584,6023,667,5,0,120,0,769,0.0659282700421941,10.1397679324895
"30025","30","025",MT,Montana,Fallon,Fallon County,4197.320396,5.915331,2941,0.700685133020281,79750,2863,365,12.7488648271044,2747,1,68,0,0,9,116,1423,1150,103,1,0,57,2,110,0.0702740688685875,7.73014757554462
"30079","30","079",MT,Montana,Prairie,Prairie County,4497.780202,15.092932,1283,0.285251822538926,44107,1249,278,22.257806244996,1156,0,1,51,0,75,0,555,271,46,0,0,78,24,136,0,24.5045045045045
"48049","48","049",TX,Texas,Brown,Brown County,2446.120248,32.375524,38159,15.5998054597682,53792,36298,4822,13.284478483663,31039,1325,102,155,4,854,4680,16839,13924,1803,26,66,191,128,701,0.154403468139438,4.16295504483639
"48135","48","135",TX,Texas,Ector,Ector County,2325.508519,10.188915,162300,69.7911870345636,70566,160274,25297,15.7835955925478,97752,8058,1236,1951,89,29474,23740,73281,59875,8868,180,107,871,898,2482,0.245629835837393,3.38696251415783
"49015","49","015",UT,Utah,Emery,Emery County,11558.171971,24.695314,9898,0.856363793931649,67056,9791,1156,11.8067613114084,9461,8,58,0,96,33,242,3955,3179,442,3,10,46,42,233,0.0758533501896334,5.89127686472819
"36085","36","085",NY,New York,Richmond,Richmond County,148.98268,117.441532,492925,3308.60607420943,96185,487849,50556,10.3630426627912,326334,48670,1787,56516,183,23636,35799,221119,119172,18786,55556,306,5934,2876,18489,25.1249327285308,8.36156096943275
"37055","37","055",NC,North Carolina,Dare,Dare County,992.55855,3000.513281,37160,37.4385974510018,79742,36986,2398,6.48353431027957,32650,1164,59,170,15,1107,1995,18731,14264,1535,5,171,314,122,2320,0.0266937162991832,12.385884362821
"31023","31","023",NE,Nebraska,Butler,Butler County,1514.867107,15.326897,8373,5.52721751057203,75690,8202,647,7.88831992197025,7741,10,63,6,0,264,289,4408,3483,355,0,2,219,28,321,0,7.28221415607985
"48277","48","277",TX,Texas,Lamar,Lamar County,2349.976646,66.748711,50149,21.3402120763033,58246,49447,7892,15.9605233886788,38958,6380,423,443,117,793,3035,22572,18244,1818,17,16,746,412,1319,0.0753145489987595,5.84352294878611
"20041","20","041",KS,Kansas,Dickinson,Dickinson County,2193.895358,12.632458,18492,8.42884321377009,62971,18109,1601,8.84090783588271,17007,221,77,129,0,243,815,8752,6684,810,26,49,386,108,689,0.297074954296161,7.87248628884826
"16053","16","053",ID,Idaho,Jerome,Jerome County,1547.629732,12.908802,24474,15.813860055772,67347,24223,3571,14.742187177476,17833,7,159,96,24,2006,4349,11337,9278,1177,62,0,228,74,518,0.546881891152862,4.56910999382553
"39107","39","107",OH,Ohio,Mercer,Mercer County,1197.732212,28.431995,42321,35.3342755383789,73278,41468,2637,6.35912028552137,40618,216,17,259,230,84,897,21473,18698,1586,46,23,334,105,681,0.214222511991804,3.17142457970475
"17105","17","105",IL,Illinois,Livingston,Livingston County,2702.983877,5.975815,35771,13.2338932186683,68175,33805,3451,10.2085490312084,32689,1287,5,189,0,505,1096,16394,13207,1288,7,199,398,252,1043,0.0426985482493595,6.36208368915457
"19061","19","061",IA,Iowa,Dubuque,Dubuque County,1575.486019,21.14074,98812,62.7184239075117,73495,95249,9479,9.95181051769572,89619,2968,116,1278,708,733,3390,50680,40535,3220,399,100,1197,335,4894,0.787292817679558,9.65666929755328
"16065","16","065",ID,Idaho,Madison,Madison County,1215.396274,10.50095,52487,43.1850920747516,53025,46376,13963,30.1082456442988,46754,487,158,949,65,1376,2698,26209,15694,4035,283,233,2711,37,3216,1.07978175435919,12.2705940707391
"22075","22","075",LA,Louisiana,Plaquemines,Plaquemines Parish,2020.67639,4628.435461,23305,11.5332668384372,77996,22989,3379,14.6983339858193,14918,4945,285,996,23,375,1763,10962,9108,1189,0,0,290,92,283,0,2.58164568509396
"22077","22","077",LA,Louisiana,Pointe Coupee,Pointe Coupee Parish,1442.300231,86.71668,20652,14.3187940736037,53045,20499,3922,19.1326406166154,12829,6984,40,63,0,51,685,7836,7118,274,8,13,51,265,107,0.102092904543134,1.36549259826442
"30063","30","063",MT,Montana,Missoula,Missoula County,6715.861996,64.585268,118541,17.6508987335659,66840,115895,13756,11.8693645109798,105605,744,2477,2142,113,1145,6315,64821,46404,5403,1014,2309,2554,467,6670,1.56430786319248,10.2898751947671
"49019","49","019",UT,Utah,Grand,Grand County,9512.657346,30.634871,9680,1.01759157803265,59171,9599,1505,15.6787165329722,8431,2,349,140,101,208,449,5480,4102,499,3,249,159,16,452,0.0547445255474453,8.24817518248175
"48029","48","029",TX,Texas,Bexar,Bexar County,3212.42675,40.788665,2014059,626.958731432553,67275,1977132,299972,15.1720775345298,1150364,153125,17789,62102,2674,176609,451396,960800,696295,110946,16365,1939,18084,14279,102892,1.70326810990841,10.7089925062448
"15003","15","003",HI,Hawaii,Honolulu,Honolulu County,1555.88702,4054.602618,1010100,649.21166319647,99816,979082,86612,8.84624576899586,195246,25438,2441,426815,101542,15556,243062,503138,325990,68959,28116,4754,24708,13059,37552,5.58812890300474,7.46355870556388
"13221","13","221",GA,Georgia,Oglethorpe,Oglethorpe County,1137.165329,7.708032,14974,13.1678302337689,66672,14771,1646,11.1434567734074,11630,2503,0,130,10,127,574,6959,5903,604,0,2,62,69,319,0,4.58399195286679
"13225","13","225",GA,Georgia,Peach,Peach County,389.233785,2.678496,28054,72.0749356328357,60940,26356,5463,20.7277280315678,13791,12251,170,112,111,392,1227,11644,9224,850,63,0,209,155,1143,0.541051185159739,9.81621435932669
"39027","39","027",OH,Ohio,Clinton,Clinton County,1058.609496,9.329331,42077,39.7474235390762,64210,40824,5905,14.4645306682344,39275,822,23,308,7,383,1259,19725,16381,1452,57,26,394,207,1208,0.288973384030418,6.12420785804816
"13243","13","243",GA,Georgia,Randolph,Randolph County,1109.126226,6.830041,6365,5.73875168650101,24638,6187,1739,28.1073218037821,1960,4116,0,11,0,87,191,2390,1736,467,28,0,57,23,79,1.17154811715481,3.30543933054393
"13159","13","159",GA,Georgia,Jasper,Jasper County,954.167637,13.100766,14882,15.5968400340956,57374,14706,1963,13.3482932136543,11227,2758,0,15,0,399,483,6326,5292,526,32,0,21,101,354,0.505848877647803,5.59595320897882
"48239","48","239",TX,Texas,Jackson,Jackson County,2148.246693,71.039573,15010,6.98709326489814,67176,14799,1770,11.9602675856477,11532,886,25,91,0,984,1492,5890,4423,1157,10,0,67,47,186,0.169779286926995,3.15789473684211
"13285","13","285",GA,Georgia,Troup,Troup County,1072.278218,82.757751,69527,64.8404479666489,53599,67834,13008,19.1762243122918,39707,25176,61,1667,0,1364,1552,30516,25250,2769,23,35,377,506,1556,0.0753702975488268,5.09896447765107
"13025","13","025",GA,Georgia,Brantley,Brantley County,1147.972258,10.291563,18105,15.7712870444644,40166,17982,2933,16.3107551996441,16805,667,0,126,0,117,390,6865,5938,703,0,0,0,86,138,0,2.01019664967225
"13029","13","029",GA,Georgia,Bryan,Bryan County,1133.284235,43.751265,44995,39.7031906121945,90627,44700,3200,7.15883668903803,32658,6055,53,1023,25,1506,3675,21534,17837,1541,28,151,115,311,1551,0.130026934150645,7.2025633881304
"48289","48","289",TX,Texas,Leon,Leon County,2779.462025,19.328383,15928,5.73060536777796,57363,15846,2277,14.3695569859902,13215,1199,44,21,0,839,610,6183,4957,893,3,0,30,53,247,0.0485201358563804,3.99482451884199
"06047","06","047",CA,California,Merced,Merced County,5019.407132,105.277636,282290,56.2397097060187,64772,276803,51272,18.5229206330856,117491,8329,3311,20601,796,104067,27695,106381,82207,10510,526,396,2481,4496,5765,0.49444919675506,5.41920079713483
"12085","12","085",FL,Florida,Martin,Martin County,1408.493389,542.089457,159399,113.169860252713,77894,155844,16391,10.5175688509022,132109,8637,172,2462,3,4957,11059,65741,49818,4985,168,457,717,1217,8379,0.255548287978583,12.7454708629318
"48475","48","475",TX,Texas,Ward,Ward County,2164.201058,0.624206,11347,5.24304336607528,70771,11236,1530,13.6169455322179,8498,720,25,75,0,1247,782,5042,4249,647,1,0,75,6,64,0.0198333994446648,1.26933756445855
"48485","48","485",TX,Texas,Wichita,Wichita County,1625.459969,13.644166,129584,79.7214342225367,58862,117321,18483,15.7542128007774,98200,12983,1126,2966,180,3925,10204,62261,46085,6724,187,168,4632,840,3625,0.300348532789387,5.82226433883169
"36011","36","011",NY,New York,Cayuga,Cayuga County,1791.201989,445.696708,76171,42.5250756016216,63227,72403,9744,13.4580058837341,68242,2625,134,575,8,1087,3500,34081,27355,2513,214,28,1258,547,2166,0.627915847539685,6.35544731668672
"37091","37","091",NC,North Carolina,Hertford,Hertford County,914.689325,18.737418,21633,23.6506531876274,46196,19513,3959,20.2890380771793,7343,12622,384,232,21,308,723,8435,6472,1091,98,71,152,258,293,1.16182572614108,3.47362181387078
"08093","08","093",CO,Colorado,Park,Park County,5681.165603,43.519329,17597,3.09742775157051,85019,17422,1185,6.80174492021582,16144,91,163,104,0,221,874,8580,5809,873,30,0,124,29,1715,0.34965034965035,19.988344988345
"08119","08","119",CO,Colorado,Teller,Teller County,1442.988176,4.960197,24758,17.1574517461604,69655,24621,1727,7.01433735429105,21920,214,115,49,28,152,2280,11249,8558,600,21,0,92,120,1858,0.186683260734287,16.5170237354431
"49041","49","041",UT,Utah,Sevier,Sevier County,4948.109945,20.139931,21667,4.37884368796094,66972,21303,2501,11.7401304980519,20128,117,192,95,42,387,706,9170,7110,866,12,13,199,104,866,0.130861504907306,9.44383860414395
"49045","49","045",UT,Utah,Tooele,Tooele County,18234.232014,636.461735,74032,4.06005583032832,95545,73221,3322,4.53694978216632,64120,589,261,594,583,2185,5700,36512,25996,5209,447,31,606,214,4009,1.22425503943909,10.9799517966696
"48323","48","323",TX,Texas,Maverick,Maverick County,3313.819983,31.871181,57806,17.4439167777811,48497,57490,13473,23.4353800660985,30045,84,1244,168,0,5311,20954,22296,17708,2757,36,81,322,324,1068,0.161463939720129,4.79009687836383
"12121","12","121",FL,Florida,Suwannee,Suwannee County,1783.430092,9.505389,43881,24.6048332350332,49729,41625,5999,14.412012012012,34243,4966,9,245,0,1633,2785,16938,13910,1340,10,101,532,111,934,0.0590388475616956,5.51422836226237
"49051","49","051",UT,Utah,Wasatch,Wasatch County,3048.291171,79.107621,35009,11.4847952626898,104855,34777,1864,5.35986427811485,30727,157,76,412,28,1375,2234,16948,11876,1760,38,0,257,253,2764,0.224215246636771,16.3087089922115
"41045","41","045",OR,Oregon,Malheur,Malheur County,25609.051315,108.997319,31538,1.23151770099064,48371,27920,5276,18.8968481375358,24233,273,718,358,63,1863,4030,11394,8597,1068,18,2,583,247,879,0.157977883096367,7.71458662453923
"13113","13","113",GA,Georgia,Fayette,Fayette County,503.925706,12.781937,119259,236.659885733235,105910,118220,6226,5.26645237692438,73107,29734,119,5571,163,4114,6451,54097,39985,3587,336,59,261,1457,8412,0.621106530861231,15.549845647633
"21071","21","071",KY,Kentucky,Floyd,Floyd County,1018.643075,6.228697,35780,35.1251590258933,38723,35015,10254,29.2845923175782,34503,302,4,132,0,46,793,10890,9343,1024,0,0,211,48,264,0,2.42424242424242
"08075","08","075",CO,Colorado,Logan,Logan County,4761.949509,16.363553,21302,4.47337796415934,54864,19950,2332,11.6892230576441,17543,238,92,124,245,815,2245,10183,7685,1237,210,38,220,15,778,2.06226063046254,7.64018462142787
"39113","39","113",OH,Ohio,Montgomery,Montgomery County,1194.894573,7.494894,536121,448.676403855422,61942,518377,78373,15.1189192421732,377282,109498,888,11954,109,6997,29393,248049,193692,20064,4713,396,5624,1777,21783,1.90002781708453,8.78173264153454
"08077","08","077",CO,Colorado,Mesa,Mesa County,8621.348059,31.99171,156131,18.1098128658675,68077,152255,17446,11.4584085908509,135709,1111,1209,1562,60,2844,13636,72651,53931,5522,542,991,1412,1564,8689,0.746032401481053,11.9599179639647
"19089","19","089",IA,Iowa,Howard,Howard County,1225.702841,0.93148,9479,7.73352209273373,63947,9276,805,8.67830961621389,9091,16,15,30,7,25,295,4560,3424,379,18,39,191,65,444,0.394736842105263,9.73684210526316
"17129","17","129",IL,Illinois,Menard,Menard County,814.269349,2.640418,12284,15.0859172276175,84846,12134,964,7.94461842755893,11777,116,0,47,0,16,328,5863,4846,436,0,0,143,18,420,0,7.1635681391779
"48333","48","333",TX,Texas,Mills,Mills County,1937.892798,4.023558,4501,2.32262589790583,59315,4319,297,6.87659180365825,3649,30,4,13,0,170,635,2012,1534,299,0,0,32,17,130,0,6.46123260437376
"17133","17","133",IL,Illinois,Monroe,Monroe County,997.924032,33.755285,34905,34.9776124040672,100685,34533,1481,4.28865143485941,33706,217,43,214,0,291,434,18632,15419,965,13,0,240,220,1775,0.0697724345212538,9.52662086732503
"41019","41","019",OR,Oregon,Douglas,Douglas County,13042.338721,251.961371,111322,8.53543236235353,56440,109996,16359,14.8723589948725,98769,287,1214,1110,28,1608,8306,42065,31282,5293,53,69,1143,320,3905,0.125995483180792,9.28325210983003
"55023","55","023",WI,Wisconsin,Crawford,Crawford County,1478.377524,73.56924,16123,10.9058746756218,60823,15359,1900,12.3705970440784,15133,301,33,26,13,48,569,7013,5234,950,54,26,241,129,379,0.769998574076715,5.40424925139027
"48207","48","207",TX,Texas,Haskell,Haskell County,2339.103809,18.465208,5408,2.31199657714721,52786,5140,773,15.0389105058366,4345,323,11,4,0,337,388,2265,1699,354,15,0,37,8,152,0.662251655629139,6.71081677704194
"40083","40","083",OK,Oklahoma,Logan,Logan County,1926.268077,13.2037,49919,25.9148768523147,80565,48260,6551,13.5743887277248,39700,3586,1901,330,0,354,4048,22183,17737,1792,83,24,306,102,2139,0.374160393093811,9.6425190461164
"53027","53","027",WA,Washington,Grays Harbor,Grays Harbor County,4924.74356,834.361384,75672,15.3656731722291,59105,72532,10806,14.8982518060994,62047,1060,2904,906,285,2553,5917,28624,22051,2268,309,243,1119,233,2401,1.07951369480157,8.38806595863611
"53043","53","043",WA,Washington,Lincoln,Lincoln County,5984.424965,75.262191,11036,1.8441203732262,68172,10905,1269,11.636863823934,10104,59,185,100,31,132,425,4418,3107,396,1,5,214,63,632,0.0226346763241286,14.3051154368493
"53047","53","047",WA,Washington,Okanogan,Okanogan County,13639.402442,120.409385,42336,3.10394829832385,58218,41656,7853,18.8520261186864,28643,571,3827,247,54,4831,4163,17501,11586,2339,76,47,936,305,2212,0.434260899377178,12.6392777555568
"19133","19","133",IA,Iowa,Monona,Monona County,1797.639077,12.591063,8671,4.82354890419419,59897,8476,1040,12.2699386503067,8263,26,60,0,20,5,297,4057,3217,269,20,0,94,31,426,0.49297510475721,10.5003697313286
"13265","13","265",GA,Georgia,Taliaferro,Taliaferro County,504.029143,1.917633,1635,3.24386004798933,45881,1632,308,18.8725490196078,599,822,0,1,4,117,92,670,550,11,0,0,10,2,97,0,14.4776119402985
"40055","40","055",OK,Oklahoma,Greer,Greer County,1655.740225,11.148547,5531,3.34049986615503,55204,4526,750,16.570923552806,4498,314,123,6,0,128,462,1926,1628,135,0,21,21,2,119,0,6.17860851505711
"13273","13","273",GA,Georgia,Terrell,Terrell County,869.695791,4.951325,9004,10.3530453903278,43507,8693,2589,29.7825836880248,3260,5279,0,212,0,204,49,3275,2486,411,0,21,66,56,235,0,7.17557251908397
"24035","24","035",MD,Maryland,Queen Anne's,Queen Anne's County,962.618587,360.075353,50316,52.269923601631,108332,49851,3419,6.85843814567411,42958,2952,26,557,15,1385,2423,25693,20278,1777,200,9,347,110,2972,0.778422138325614,11.5673529755186
"39121","39","121",OH,Ohio,Noble,Noble County,1030.84643,16.984489,14216,13.7906089464752,51547,12036,2001,16.6251246261216,13338,553,19,5,0,164,137,4135,3486,299,37,0,141,8,164,0.894800483675937,3.96614268440145
"08099","08","099",CO,Colorado,Prowers,Prowers County,4243.457243,15.317423,11968,2.82034183795357,49422,11587,2037,17.5800466039527,9037,159,219,69,0,1195,1289,5353,4637,255,3,0,56,83,319,0.0560433401830749,5.9592751728003
"16057","16","057",ID,Idaho,Latah,Latah County,2786.483032,2.369979,39872,14.3090769052277,62258,34048,4751,13.953829887218,35749,486,280,809,90,320,2138,18879,12311,1635,53,194,2653,240,1793,0.28073520843265,9.4973250701838
"51073","51","073",VA,Virginia,Gloucester,Gloucester County,564.124714,181.747503,38875,68.9120668448502,83750,38172,2846,7.45572671067798,32867,3172,83,258,0,295,2200,19083,16163,1128,28,0,119,230,1415,0.146727453754651,7.41497668081539
"08103","08","103",CO,Colorado,Rio Blanco,Rio Blanco County,8342.275014,4.868111,6511,0.78048254092238,69882,6175,799,12.9392712550607,5583,19,71,4,0,114,720,2852,2279,172,0,36,119,9,237,0,8.30995792426367
"48371","48","371",TX,Texas,Pecos,Pecos County,12338.274936,2.532275,15114,1.22496865067426,59325,12741,2926,22.9652303586846,10102,686,23,191,23,1565,2524,5976,5328,378,0,34,93,26,117,0,1.9578313253012
"19125","19","125",IA,Iowa,Marion,Marion County,1436.123093,41.484609,33487,23.3176391099227,74193,31721,2438,7.685760221935,31774,187,32,335,10,202,947,16435,13199,1003,52,60,717,187,1217,0.316397931244296,7.40492850623669
"39135","39","135",OH,Ohio,Preble,Preble County,1098.741137,6.062721,40929,37.2508124268037,66355,40562,4191,10.3323307529215,39238,279,20,93,6,196,1097,19524,16632,1293,14,5,316,85,1179,0.0717066174964147,6.03872157344806
"13241","13","241",GA,Georgia,Rabun,Rabun County,958.643876,17.853954,16915,17.644717108692,57261,16549,2397,14.4842588676053,15171,237,12,175,1,446,873,6735,4849,662,31,19,218,63,893,0.460282108389013,13.2590942835932
"29213","29","213",MO,Missouri,Taney,Taney County,1637.476145,50.1016,56202,34.3223320667062,54467,54282,8906,16.4069120518772,50055,1108,194,493,0,1191,3161,24653,18578,3247,42,40,446,219,2081,0.170364661501643,8.44116334725997
"48315","48","315",TX,Texas,Marion,Marion County,986.530318,102.099491,9668,9.8000029229715,48040,9565,1502,15.7030841610037,6901,2117,71,58,14,151,356,3364,2884,305,11,0,14,98,52,0.326991676575505,1.54577883472057
"05143","05","143",AR,Arkansas,Washington,Washington County,2438.337035,27.906771,247331,101.434295771995,61985,238639,36258,15.193660717653,174159,8570,2256,6408,6582,17255,32101,119440,90172,13487,744,630,2289,674,11444,0.622906898861353,9.5813797722706
"53057","53","057",WA,Washington,Skagit,Skagit County,4481.277789,483.821018,129480,28.8935446755452,82029,127780,15305,11.9776177805603,101449,1178,2358,2657,327,12431,9080,57119,43519,5589,383,177,1002,419,6030,0.67052994625256,10.556907508885
"53065","53","065",WA,Washington,Stevens,Stevens County,6415.666346,162.933477,46774,7.29059110581122,62381,46337,6161,13.2960700951723,40930,162,2036,356,107,517,2666,17576,13833,1435,89,18,339,266,1596,0.506372325898953,9.08056440600819
"48321","48","321",TX,Texas,Matagorda,Matagorda County,2831.173987,1345.214023,36251,12.8042289758436,56412,35830,7798,21.7638850125593,20954,3574,60,628,80,6637,4318,14742,12414,1518,57,86,101,132,434,0.386650386650387,2.94396961063628
"25015","25","015",MA,Massachusetts,Hampshire,Hampshire County,1365.533874,46.625893,153931,112.725874422358,84025,133208,14133,10.6097231397514,130857,3218,147,7563,130,2652,9364,75077,51537,4317,1680,667,5625,433,10818,2.23770262530469,14.4092065479441
"40097","40","097",OK,Oklahoma,Mayes,Mayes County,1697.389413,72.971003,39324,23.1673413883842,56552,38694,6599,17.0543236677521,25142,150,8378,185,32,327,5110,16439,13314,1464,25,31,280,207,1118,0.152077376969402,6.80090029807166
"12069","12","069",FL,Florida,Lake,Lake County,2465.151774,530.846242,386829,156.918938655174,66239,381943,36977,9.68128752196008,285523,39249,1042,8116,568,10966,41365,160502,123240,13546,134,536,1701,2577,18768,0.0834880562235985,11.6933122328694
"10001","10","001",DE,Delaware,Kent,Kent County,1517.891101,549.776917,182400,120.166723343877,69278,177226,21850,12.3288907948044,112081,47504,997,4233,86,3151,14348,82419,65885,7391,644,235,2035,959,5270,0.781373227047162,6.39415668717165
"39071","39","071",OH,Ohio,Highland,Highland County,1432.479979,12.194983,43285,30.2168272049546,60522,42711,6342,14.8486338413992,41206,740,55,47,0,146,1091,18581,15142,1832,19,109,244,159,1076,0.102254991658145,5.79086163285076
"13059","13","059",GA,Georgia,Clarke,Clarke County,308.985572,4.776726,128864,417.055072073074,48692,118537,31528,26.5976024363701,76090,34353,587,5252,36,4062,8484,62244,44691,5236,1466,678,2901,600,6672,2.3552470920892,10.7191054559476
"19143","19","143",IA,Iowa,Osceola,Osceola County,1032.593803,1.835263,6149,5.95490693643065,67561,6013,760,12.6392815566273,5651,58,20,85,0,102,233,3035,2284,273,2,31,239,16,190,0.0658978583196046,6.26029654036244
"08111","08","111",CO,Colorado,San Juan,San Juan County,1003.660672,2.035929,690,0.687483348954018,67344,690,132,19.1304347826087,616,0,5,0,0,0,69,372,234,35,0,12,30,0,61,0,16.3978494623656
"19149","19","149",IA,Iowa,Plymouth,Plymouth County,2234.715258,2.176851,25621,11.4649953314097,79963,25267,1433,5.67142913681878,23643,456,114,133,97,485,693,13441,10739,992,32,1,403,104,1170,0.23807752399375,8.7047094710215
"51085","51","085",VA,Virginia,Hanover,Hanover County,1211.008825,12.702538,110513,91.2569732924944,104678,108429,5620,5.18311521825342,91983,9591,187,1877,98,1457,5320,56934,44204,3203,184,16,670,484,8173,0.323181227386096,14.3552183229705
"19129","19","129",IA,Iowa,Mills,Mills County,1132.9405,8.316363,14605,12.8912330347445,81907,14423,996,6.90563683006309,14137,38,18,103,0,21,288,6839,5402,510,16,11,367,16,517,0.233952332212312,7.55958473461032
"45073","45","073",SC,South Carolina,Oconee,Oconee County,1622.796885,121.710335,78775,48.5427355254013,56710,78007,12239,15.6896175984207,67134,5312,65,625,12,1721,3906,31671,25040,3581,166,0,371,391,2122,0.524138802058666,6.70013577089451
"05033","05","033",AR,Arkansas,Crawford,Crawford County,1541.738669,26.917847,60593,39.301732010978,56702,59501,10620,17.8484395220248,51822,771,603,790,12,1379,5216,24303,20961,1766,3,31,301,152,1089,0.0123441550425873,4.4809282804592
"48203","48","203",TX,Texas,Harrison,Harrison County,2331.141019,40.649337,69098,29.6412784283815,63427,66994,10946,16.3387766068603,46326,14215,281,421,0,2427,5428,30667,25172,2820,11,0,584,241,1839,0.0358691753350507,5.9966739491962
"36043","36","043",NY,New York,Herkimer,Herkimer County,3653.400319,120.358452,60293,16.5032557988343,68104,59253,7140,12.0500227836565,56310,700,87,285,82,313,2516,27448,21994,1847,59,86,1118,268,2076,0.214951909064413,7.56339259691052
"53073","53","073",WA,Washington,Whatcom,Whatcom County,5459.626157,1027.968988,226523,41.4905697727245,77581,221226,28469,12.8687405639482,181059,2091,4738,10044,635,9116,18840,109391,78718,8957,2135,2180,3854,1140,12407,1.95171449205145,11.3418837015842
"13313","13","313",GA,Georgia,Whitfield,Whitfield County,752.248663,1.579031,103033,136.966677466863,59659,101791,13695,13.4540381762631,79165,3383,1936,1595,25,9269,7660,47067,39524,4956,22,12,319,445,1789,0.0467418785985935,3.80096458240381
"53017","53","017",WA,Washington,Douglas,Douglas County,4711.819965,76.557106,43189,9.166097244974,79422,42996,3402,7.91236394083171,27842,198,413,307,147,11017,3265,20326,16180,1157,203,120,355,729,1582,0.998720850142674,7.78313490111188
"13065","13","065",GA,Georgia,Clinch,Clinch County,2110.829175,23.303279,6713,3.18026682571317,53350,6621,2149,32.457332729195,4383,1778,173,11,0,128,240,2512,1965,138,75,0,81,156,97,2.98566878980892,3.86146496815287
"16003","16","003",ID,Idaho,Adams,Adams County,3529.648934,17.359846,4464,1.26471501372267,55891,4423,645,14.5828623106489,4137,12,33,0,0,24,258,1708,1189,174,0,0,27,3,315,0,18.4426229508197
"48219","48","219",TX,Texas,Hockley,Hockley County,2352.723963,0.446119,21495,9.13621841662689,53283,20762,3129,15.0708024275118,15029,627,116,86,0,1629,4008,9554,7505,1428,26,8,179,67,341,0.272137324680762,3.56918568138999
"17153","17","153",IL,Illinois,Pulaski,Pulaski County,516.100615,9.768333,5177,10.0309897906245,41038,5085,1271,24.9950835791544,3304,1630,2,11,0,1,229,1690,1368,165,5,0,12,21,119,0.29585798816568,7.0414201183432
"13053","13","053",GA,Georgia,Chattahoochee,Chattahoochee County,644.22583,6.277089,9402,14.5942611459711,52943,5386,908,16.8585220943186,5700,1582,216,335,73,500,996,5719,3168,552,237,0,1329,73,360,4.14408113306522,6.29480678440287
"05121","05","121",AR,Arkansas,Randolph,Randolph County,1688.445989,10.370823,18619,11.0272997308177,45993,18306,3519,19.2232055063913,16846,258,52,71,269,105,1018,6962,5816,779,1,0,72,16,278,0.0143636885952313,3.99310542947429
"05145","05","145",AR,Arkansas,White,White County,2678.25146,20.548272,77118,28.7941596044159,51144,73769,11867,16.0867030866624,68350,3373,151,667,0,690,3887,31811,26864,2753,115,81,573,263,1162,0.361510169438245,3.65282449467165
"29089","29","089",MO,Missouri,Howard,Howard County,1201.239501,19.855699,10142,8.44294580019809,59023,9390,1206,12.8434504792332,8911,599,147,30,9,58,388,4286,3255,462,11,0,159,66,333,0.25664955669622,7.76948203453103
"48275","48","275",TX,Texas,Knox,Knox County,2203.098613,12.587673,3333,1.51286918358202,48750,3203,366,11.4267873868249,2442,199,3,62,0,156,471,1394,1154,170,0,0,8,9,53,0,3.80200860832138
"34031","34","031",NJ,New Jersey,Passaic,Passaic County,482.081967,31.997851,519986,1078.62570184045,84465,512486,68995,13.4628067888684,263234,55831,1542,28369,179,90649,80182,246290,168284,26329,17263,410,10022,2738,21244,7.00921677697024,8.62560396280807
"30007","30","007",MT,Montana,Broadwater,Broadwater County,3088.195855,118.487318,6977,2.25924789993606,61679,6919,633,9.1487209134268,6284,19,76,25,0,20,553,3138,2421,282,0,19,14,36,366,0,11.6634799235182
"13169","13","169",GA,Georgia,Jones,Jones County,1020.304151,3.820256,28382,27.8171954629243,66288,28100,4016,14.2918149466192,20237,6989,0,156,0,158,842,12627,10588,993,0,20,26,97,903,0,7.15134236160608
"36077","36","077",NY,New York,Otsego,Otsego County,2594.488425,36.312826,59678,23.0018370577236,65778,54636,7090,12.9767918588476,54377,1312,117,908,83,581,2300,26908,19820,2380,172,43,2002,211,2280,0.639215103314999,8.47331648580348
"48159","48","159",TX,Texas,Franklin,Franklin County,736.569934,26.87512,10445,14.1805951042254,67915,10332,891,8.62369337979094,8248,474,11,18,0,397,1297,4489,3182,553,0,0,62,33,659,0,14.6803296948095
"40049","40","049",OK,Oklahoma,Garvin,Garvin County,2077.546552,30.019851,25806,12.4213823151916,53600,25345,3725,14.6971789307556,20654,489,1107,80,0,289,3187,10699,8990,744,5,0,144,59,757,0.0467333395644453,7.07542761005702
"36041","36","041",NY,New York,Hamilton,Hamilton County,4447.989312,234.204425,5090,1.14433728207663,66891,5046,541,10.7213634562029,4706,58,4,16,0,48,258,2223,1623,55,11,0,175,8,351,0.494826810616284,15.7894736842105
"42103","42","103",PA,Pennsylvania,Pike,Pike County,1411.272636,56.780869,58996,41.8034038888571,76416,58476,5854,10.0109446610575,48549,3568,40,822,0,2203,3814,25645,19240,2573,452,35,284,391,2670,1.76252680834471,10.4113862351336
"50019","50","019",VT,Vermont,Orleans,Orleans County,1798.874564,71.422469,27459,15.2645440374352,63981,26585,2610,9.8175662967839,26082,190,85,164,5,92,841,13184,10201,1100,29,36,530,73,1215,0.21996359223301,9.21571601941748
"13071","13","071",GA,Georgia,Colquitt,Colquitt County,1416.80749,24.881028,45813,32.3353739469573,47235,45246,11024,24.3645847146709,27866,10423,597,378,0,4546,2003,19065,15463,1939,306,0,269,278,810,1.60503540519276,4.2486231313926
"50007","50","007",VT,Vermont,Chittenden,Chittenden County,1390.433438,217.071279,168309,121.047865651229,89494,159030,17754,11.1639313337106,148313,4265,146,6546,65,915,8059,93578,61383,7656,1778,1974,6093,578,14116,1.90001923529035,15.0847421402466
"30073","30","073",MT,Montana,Pondera,Pondera County,4207.608374,43.980663,5987,1.42289858462003,59861,5889,1272,21.5995924605196,4768,3,998,9,0,27,182,2570,1809,206,2,4,349,17,183,0.0778210116731518,7.12062256809338
"55021","55","021",WI,Wisconsin,Columbia,Columbia County,1982.894214,78.696997,58272,29.3873468330167,79271,56729,4266,7.51996333444975,53933,976,236,520,0,617,1990,30294,23889,2476,33,34,720,265,2877,0.108932461873638,9.49693008516538
"31173","31","173",NE,Nebraska,Thurston,Thurston County,1019.377275,6.458648,6716,6.58833600150641,63459,6602,1253,18.9790972432596,2442,12,3793,61,0,79,329,2632,1974,298,73,0,111,33,143,2.77355623100304,5.43313069908815
"05147","05","147",AR,Arkansas,Woodruff,Woodruff County,1517.662786,21.064563,6259,4.12410454926975,49608,6030,1146,19.0049751243781,4352,1721,1,0,17,18,150,2625,2270,84,0,2,129,33,107,0,4.07619047619048
"40107","40","107",OK,Oklahoma,Okfuskee,Okfuskee County,1601.800028,26.649343,11349,7.08515407767242,45429,10293,2746,26.6783250752939,7035,737,1820,74,0,61,1622,3780,2731,517,0,0,202,81,249,0,6.58730158730159
"48409","48","409",TX,Texas,San Patricio,San Patricio County,1795.693481,37.532483,68942,38.3929666891741,63842,67900,10701,15.759941089838,49487,1074,233,654,159,3440,13895,28393,24595,1845,52,11,270,198,1422,0.18314373261015,5.00827668791604
"28121","28","121",MS,Mississippi,Rankin,Rankin County,2008.526163,79.225994,157185,78.2588760333713,76460,151949,14417,9.48805191215474,114933,33926,444,1940,0,2204,3738,76431,63938,6746,363,25,838,392,4129,0.474938179534482,5.40225824599966
"35009","35","009",NM,New Mexico,Curry,Curry County,3640.289851,7.992977,48327,13.2755912243429,55427,47126,9113,19.3375206892161,29180,2727,328,728,74,9583,5707,21564,17839,2367,40,194,415,134,575,0.185494342422556,2.66648117232424
"28083","28","083",MS,Mississippi,Leflore,Leflore County,1538.645699,31.868197,27920,18.1458278654702,33115,26469,8524,32.2037100003778,6027,20841,16,97,0,593,346,10240,8686,1081,0,0,118,38,317,0,3.095703125
"48199","48","199",TX,Texas,Hardin,Hardin County,2306.581582,18.001144,56576,24.5280723827439,70164,55766,7506,13.4598142237205,49234,3491,95,261,0,709,2786,23503,20324,1970,15,71,66,160,897,0.063821639790665,3.81653405948177
"51125","51","125",VA,Virginia,Nelson,Nelson County,1219.224542,8.98398,14773,12.1167180376525,64028,14726,1950,13.2418851011816,12160,1830,10,29,0,367,377,6495,3762,998,10,0,152,92,1481,0.153964588144727,22.802155504234
"47087","47","087",TN,Tennessee,Jackson,Jackson County,799.813547,27.751888,11730,14.6659181305415,42357,11497,2266,19.7094894320257,10982,81,16,0,6,106,539,4704,3857,541,6,0,15,31,254,0.127551020408163,5.39965986394558
"48391","48","391",TX,Texas,Refugio,Refugio County,1995.545557,123.688759,6718,3.36649793658407,54304,6553,1068,16.2978788341218,4735,447,17,16,0,166,1337,2557,2160,239,0,0,107,7,44,0,1.72076652326946
"12023","12","023",FL,Florida,Columbia,Columbia County,2065.197085,10.207202,69832,33.8137219479951,53501,65004,10196,15.6851886037782,51489,11759,122,661,21,1663,4117,26940,20910,3619,10,16,161,520,1704,0.0371195248700817,6.32516703786192
"20005","20","005",KS,Kansas,Atchison,Atchison County,1116.736557,6.851102,16309,14.6041605764322,55281,14839,2149,14.4821079587573,14318,602,27,80,0,234,1048,7614,5952,761,0,0,368,35,498,0,6.54058313632782
"01073","01","073",AL,Alabama,Jefferson,Jefferson County,2878.876108,32.657851,672265,233.516474756197,63595,654506,103894,15.8736512728684,338374,287203,1225,11712,167,13328,20256,306222,244136,25671,1988,465,4413,3109,26440,0.649202212773739,8.63425880570305
"48225","48","225",TX,Texas,Houston,Houston County,3188.278906,14.435337,22107,6.93383504134378,51043,19160,3374,17.6096033402923,14500,5368,185,76,10,645,1323,7676,6322,745,1,0,193,31,384,0.0130276185513288,5.00260552371027
"54051","54","051",WV,West Virginia,Marshall,Marshall County,791.063472,17.411505,30509,38.5670696219431,58129,29684,4354,14.6678345236491,28905,211,7,66,91,323,906,12888,10745,1190,17,8,336,97,495,0.131905648665425,3.84078212290503
"51155","51","155",VA,Virginia,Pulaski,Pulaski County,828.378951,24.875979,33841,40.8520761653201,59740,32419,4261,13.143526944076,30908,1697,13,173,73,190,787,14880,12627,1217,57,21,29,180,749,0.383064516129032,5.03360215053763
"29063","29","063",MO,Missouri,DeKalb,DeKalb County,1091.312448,11.560688,11838,10.847489205951,67910,9272,959,10.3429680759275,10222,974,65,136,0,21,420,4208,3267,339,3,0,147,55,397,0.0712927756653992,9.43441064638783
"13145","13","145",GA,Georgia,Harris,Harris County,1201.270829,23.680869,34914,29.0642202883293,85936,34405,2588,7.52216247638425,27027,5432,24,233,3,894,1301,15595,12703,1401,13,0,184,74,1220,0.0833600512984931,7.82302019878166
"13153","13","153",GA,Georgia,Houston,Houston County,973.955122,9.990192,164117,168.505710676883,76968,162009,15791,9.74698936478838,92377,51974,670,5390,267,2346,11093,78041,63657,7205,171,31,351,1041,5585,0.219115593085686,7.15649466306172
"08027","08","027",CO,Colorado,Custer,Custer County,1913.031975,3.36415,4885,2.55353808187132,66250,4876,376,7.71123872026251,4536,70,4,56,0,158,61,2029,1301,175,0,3,79,0,471,0,23.2134056185313
"29179","29","179",MO,Missouri,Reynolds,Reynolds County,2093.94639,15.373678,6102,2.91411472095998,43856,5925,1073,18.1097046413502,5659,101,17,12,2,29,282,2365,1868,341,11,0,30,37,78,0.465116279069767,3.29809725158562
"48411","48","411",TX,Texas,San Saba,San Saba County,2940.447162,8.300211,5779,1.96534733719524,54087,5154,736,14.2801707411719,4783,95,3,10,10,306,572,2312,1728,396,0,3,33,9,143,0,6.18512110726644
"08043","08","043",CO,Colorado,Fremont,Fremont County,3972.613671,2.235542,49107,12.3613832269873,56165,40536,6081,15.0014801657786,42850,1908,684,284,29,563,2789,16657,12442,1588,8,137,476,134,1872,0.0480278561565708,11.2385183406376
"48479","48","479",TX,Texas,Webb,Webb County,8706.187276,36.554554,267282,30.7002355367206,59984,264040,56471,21.3872898045751,143491,1313,739,1394,0,15166,105179,110657,87526,12539,1184,90,1752,2104,5462,1.06997297956749,4.93597332297098
"21199","21","199",KY,Kentucky,Pulaski,Pulaski County,1704.469887,49.351326,65145,38.2200944099167,48768,63813,13636,21.3686866312507,62178,594,133,549,0,227,1464,26510,22748,2302,59,5,302,128,966,0.22255752546209,3.64390795926066
"20193","20","193",KS,Kansas,Thomas,Thomas County,2783.425129,0.288241,7907,2.84074463423442,72417,7457,489,6.55759688882929,7421,72,16,24,0,220,154,4089,3425,291,0,10,106,6,251,0,6.13842015162631
"49003","49","003",UT,Utah,Box Elder,Box Elder County,14973.507311,2455.159793,58291,3.89294230064439,72769,57908,4719,8.14913310768806,52626,240,272,581,102,1100,3370,26707,20255,2956,116,22,446,302,2610,0.434343056127607,9.77271876287116
"47115","47","115",TN,Tennessee,Marion,Marion County,1290.472798,36.484703,28852,22.357697151552,58139,28501,4642,16.2871478193748,26560,838,22,149,0,235,1048,11826,9484,1090,0,18,112,142,980,0,8.28682563842381
"27025","27","025",MN,Minnesota,Chisago,Chisago County,1074.584929,71.183548,56927,52.9758034602028,97446,55475,3471,6.25687246507436,52816,613,246,725,19,261,2247,29403,22588,2634,294,64,288,330,3205,0.999897969594939,10.9002482739856
"37175","37","175",NC,North Carolina,Transylvania,Transylvania County,979.943598,5.091023,33131,33.8090886736932,62056,32163,4305,13.3849454341946,29993,1476,69,18,0,345,1230,13645,10596,1205,33,94,285,61,1371,0.241846830340784,10.0476364968853
"30103","30","103",MT,Montana,Treasure,Treasure County,2532.492072,17.14996,680,0.268510218657064,70096,680,67,9.85294117647059,647,0,1,8,0,13,11,361,258,6,0,5,8,4,80,0,22.1606648199446
"53067","53","067",WA,Washington,Thurston,Thurston County,1871.268836,133.615762,294272,157.258002879496,88895,290396,27142,9.34654747310569,223695,9218,3166,16894,2885,6259,32155,137214,97763,12519,1999,499,2831,1681,19922,1.4568484265454,14.5189266401388
"26015","26","015",MI,Michigan,Barry,Barry County,1432.533268,61.999481,62581,43.6855474130601,75182,61908,5163,8.33979453382439,59193,395,192,362,23,588,1828,28461,23292,2121,35,6,450,296,2261,0.122975299532694,7.94420434981202
"49023","49","023",UT,Utah,Juab,Juab County,8784.753341,36.271581,11943,1.35951455167898,88048,11784,1009,8.56245756958588,11057,76,138,71,1,57,543,5412,4094,614,15,45,135,10,499,0.277161862527716,9.22025129342203
"51101","51","101",VA,Virginia,King William,King William County,709.424849,31.090165,17845,25.1541795091533,79398,17697,1420,8.02395886308414,14080,2665,168,135,11,31,755,9155,7432,681,14,20,15,24,969,0.152921900600765,10.5843801201529
"13047","13","047",GA,Georgia,Catoosa,Catoosa County,419.998925,0.771159,68052,162.028986145619,68896,67306,6012,8.93233887023445,61163,1546,150,1042,35,1071,3045,32259,27324,2454,28,0,93,210,2150,0.0867974828729967,6.6648067206051
"34003","34","003",NJ,New Jersey,Bergen,Bergen County,602.918746,35.387155,953243,1581.04720797651,118714,942790,63825,6.76980027365585,593955,54689,2364,158543,204,55942,87546,482857,301870,32971,56596,1173,12438,7993,69816,11.7210685565292,14.4589391890353
"48487","48","487",TX,Texas,Wilbarger,Wilbarger County,2514.7381,18.202665,12795,5.0880049894659,50769,12200,2244,18.3934426229508,8746,977,70,422,0,983,1597,5436,4289,755,6,46,90,69,181,0.11037527593819,3.32965415746873
"41011","41","011",OR,Oregon,Coos,Coos County,4133.733922,544.707632,64908,15.702026599863,57563,63848,10275,16.0929081568726,56258,329,1402,769,30,1091,5029,25253,18989,2730,5,127,683,868,1851,0.019799627766998,7.32982219934265
"04027","04","027",AZ,Arizona,Yuma,Yuma County,14280.777141,13.250807,204374,14.3111259269808,56439,197646,34654,17.5333677382796,118769,3969,2662,2254,87,23954,52679,77216,60420,9405,624,317,1130,787,4533,0.808122668876917,5.87054496477414
"17161","17","161",IL,Illinois,Rock Island,Rock Island County,1107.209786,61.633874,143819,129.893179972309,64435,139029,21084,15.1651813650389,107919,15404,308,3774,237,6162,10015,65172,53093,5075,880,170,2017,509,3428,1.35027312342724,5.25992757625974
"21069","21","069",KY,Kentucky,Fleming,Fleming County,903.057248,6.844691,15111,16.7331584276261,46885,15090,3167,20.987408880053,14385,132,23,79,0,65,427,5874,4725,572,5,8,98,43,423,0.0851208716377256,7.20122574055158
"55078","55","078",WI,Wisconsin,Menominee,Menominee County,926.217566,19.022479,4279,4.61986487524682,62194,4254,850,19.9811941701928,506,8,3544,8,0,10,203,1364,1091,77,23,0,36,23,114,1.68621700879765,8.35777126099707
"40045","40","045",OK,Oklahoma,Ellis,Ellis County,3189.509979,0.952235,3755,1.17729683390967,57768,3682,541,14.6931015752309,3349,9,66,35,0,65,231,1559,1197,193,0,0,43,10,116,0,7.44066709429121
"51005","51","005",VA,Virginia,Alleghany,Alleghany County,1156.616591,8.162741,15159,13.1063311022486,52546,14863,2035,13.6917176882191,14000,783,0,9,0,77,290,6007,5412,352,22,0,36,27,158,0.366239387381388,2.63026469119361
"46023","46","023",SD,South Dakota,Charles Mix,Charles Mix County,2841.586061,137.511873,9302,3.27352394061452,60729,8961,2049,22.8657515902243,5829,12,2697,25,5,47,687,3780,2783,319,39,11,147,15,466,1.03174603174603,12.3280423280423
"47069","47","069",TN,Tennessee,Hardeman,Hardeman County,1729.509838,6.768751,25519,14.755047609044,43566,21855,3515,16.0832761381835,13918,10135,145,99,5,116,1101,8687,7234,533,161,0,74,164,521,1.85334407735697,5.99746748014274
"30035","30","035",MT,Montana,Glacier,Glacier County,7757.405145,105.684958,13781,1.77649610177734,41078,13569,3986,29.3757830348589,4237,23,8841,80,27,177,396,4830,3249,445,0,0,321,17,798,0,16.5217391304348
"30067","30","067",MT,Montana,Park,Park County,7258.388276,27.861797,17320,2.3862046698809,67602,17147,1968,11.4772263369686,16146,33,258,56,0,104,723,8950,5801,1111,52,73,425,79,1409,0.581005586592179,15.7430167597765
"13105","13","105",GA,Georgia,Elbert,Elbert County,909.352139,59.863331,19570,21.5208159311318,48190,19237,3653,18.9894474190362,12965,5400,148,218,0,101,738,8440,6668,874,9,31,187,44,627,0.106635071090047,7.42890995260664
"30089","30","089",MT,Montana,Sanders,Sanders County,7149.404122,76.395122,12615,1.76448271558484,47110,12410,2027,16.3336019339243,11427,39,396,23,16,39,675,4045,2566,467,4,45,240,109,614,0.0988875154511743,15.1792336217553
"48467","48","467",TX,Texas,Van Zandt,Van Zandt County,2182.250323,44.149754,60053,27.5188411554195,62334,59033,7760,13.1451899784866,54017,1667,243,290,13,1413,2410,24887,19932,2447,38,0,302,239,1929,0.152690159521035,7.75103467673886
"31067","31","067",NE,Nebraska,Gage,Gage County,2205.273758,22.012188,21654,9.81918907865588,60035,21233,2835,13.3518579569538,20695,150,97,125,0,146,441,10513,8754,743,0,0,228,53,735,0,6.99134405022353
"22097","22","097",LA,Louisiana,St. Landry,St. Landry Parish,2393.224007,39.013551,82574,34.5032474011949,44478,81024,22276,27.4930884676145,44705,33617,106,459,176,894,2617,29973,24416,2763,65,74,558,403,1694,0.216861842324759,5.65175324458679
"23013","23","013",ME,Maine,Knox,Knox County,945.723205,2017.077723,40729,43.0665122571461,68904,39021,3892,9.97411650137106,38682,157,98,146,4,314,1328,18931,13499,1828,12,46,929,174,2443,0.0633880936030849,12.9047593893614
"32019","32","019",NV,Nevada,Lyon,Lyon County,5187.884294,59.489121,59435,11.4565006911852,70026,59070,6114,10.3504316912138,46703,563,1472,860,48,3888,5901,25834,20132,3019,266,29,386,176,1826,1.02965084772006,7.06820469149183
"01033","01","033",AL,Alabama,Colbert,Colbert County,1535.74227,79.160396,57270,37.2914134869779,56149,56667,8998,15.8787301251169,44698,9185,178,214,53,1395,1547,25195,21510,1956,22,0,315,117,1275,0.0873189124826354,5.06052788251637
"22061","22","061",LA,Louisiana,Lincoln,Lincoln Parish,1221.532396,1.897706,48323,39.5593274138593,37001,44477,13210,29.7007442048699,26152,18095,263,670,32,625,2486,20920,16590,1544,0,30,596,88,2072,0,9.90439770554493
"06017","06","017",CA,California,El Dorado,El Dorado County,4423.288012,203.364019,191713,43.3417402348432,99246,190326,16364,8.59787942792892,158083,1405,1056,9945,330,6360,14534,86127,60894,6610,591,621,1451,910,15050,0.68619596642168,17.4741950840039
"16079","16","079",ID,Idaho,Shoshone,Shoshone County,6830.898576,13.962457,13399,1.96152817245401,44807,13116,2098,15.9957304056115,12218,115,242,4,43,43,734,5471,4219,605,44,0,268,97,238,0.804240541034546,4.35021019923232
"47189","47","189",TN,Tennessee,Wilson,Wilson County,1479.109875,29.878235,149096,100.801165971527,89462,146817,12172,8.29059305121342,124995,10464,193,2810,0,3357,7277,73588,57421,5171,393,0,284,798,9521,0.534054465401968,12.9382508017612
"38057","38","057",ND,North Dakota,Mercer,Mercer County,2700.790002,180.823535,8366,3.09761217784603,82155,8169,785,9.60949932672298,7689,21,282,62,0,141,171,3756,3256,146,0,0,168,1,185,0,4.92545260915868
"47171","47","171",TN,Tennessee,Unicoi,Unicoi County,481.902934,0.825726,17845,37.0302787988421,49855,17276,2880,16.6705255846261,16788,53,65,27,0,319,593,7508,6115,490,29,0,244,87,543,0.386254661694193,7.23228556206713
"56015","56","015",WY,Wyoming,Goshen,Goshen County,5764.310957,16.969725,12592,2.18447618352523,62356,11691,1084,9.27208964160465,11210,78,165,80,30,205,824,5734,4194,520,0,9,306,224,481,0,8.38855946982909
"27103","27","103",MN,Minnesota,Nicollet,Nicollet County,1161.653542,47.494286,34380,29.5957432719643,79113,31983,3308,10.3429947159428,30377,1037,133,515,0,344,1974,18663,13502,1268,47,101,943,389,2413,0.251835181910732,12.9293254032042
"53023","53","023",WA,Washington,Garfield,Garfield County,1841.054896,19.294817,2310,1.2547154378823,57958,2280,254,11.140350877193,2085,22,1,32,0,32,138,862,590,84,0,9,40,0,139,0,16.1252900232019
"29031","29","031",MO,Missouri,Cape Girardeau,Cape Girardeau County,1498.35122,20.284964,81703,54.5286037808946,65070,78094,11340,14.5209619176889,70305,6185,94,1269,84,463,3303,40636,33284,3433,140,26,669,434,2650,0.344522098631755,6.52131115267251
"40117","40","117",OK,Oklahoma,Pawnee,Pawnee County,1472.027959,68.849518,15682,10.6533302605566,56279,15421,2319,15.0379352830556,11985,89,1477,55,2,190,1884,6520,5492,506,7,16,106,39,354,0.107361963190184,5.42944785276074
"37173","37","173",NC,North Carolina,Swain,Swain County,1366.810476,32.416167,14130,10.3379365670007,52818,13871,2747,19.8039074327734,8786,169,4106,74,9,57,929,5620,4537,437,40,0,76,119,411,0.711743772241993,7.31316725978648
"51047","51","047",VA,Virginia,Culpeper,Culpeper County,982.076138,9.005667,52822,53.7860538059423,92359,51171,3752,7.33227804811319,37713,7070,168,381,60,3576,3854,25422,19639,2748,160,0,587,263,2025,0.629376130910235,7.96554165683266
"36107","36","107",NY,New York,Tioga,Tioga County,1343.600016,11.04457,48344,35.9809462818583,70427,47729,4848,10.1573466865009,45662,558,72,435,15,509,1093,22405,18410,1520,53,118,492,242,1570,0.236554340548985,7.00736442758313
"37099","37","099",NC,North Carolina,Jackson,Jackson County,1271.96859,9.746824,42388,33.3247222716404,51482,38643,7476,19.3463240431644,34309,877,3150,468,3,1067,2514,18158,14876,1404,5,0,642,264,967,0.0275360722546536,5.32547637405001
"48035","48","035",TX,Texas,Bosque,Bosque County,2545.883855,50.841834,18404,7.22892364624387,63868,18052,2084,11.5444272102814,15198,373,55,123,0,724,1931,7486,6287,518,0,8,100,89,484,0,6.46540208388993
"17151","17","151",IL,Illinois,Pope,Pope County,955.362036,14.66224,3799,3.97650299765523,57582,3625,678,18.7034482758621,3421,126,114,1,0,4,133,1263,999,142,0,0,0,22,100,0,7.91765637371338
"19019","19","019",IA,Iowa,Buchanan,Buchanan County,1479.086714,5.223045,20631,13.9484722597542,73493,20442,1764,8.62929263281479,19955,160,36,14,19,19,428,10291,8192,772,34,12,340,28,913,0.330385773977262,8.87182975415412
"47049","47","049",TN,Tennessee,Fentress,Fentress County,1291.385622,0.841022,18642,14.4356570821415,47884,18208,3672,20.1669595782074,17874,60,43,60,12,67,526,7127,6074,467,58,0,153,76,299,0.813806650764698,4.19531359618353
"17167","17","167",IL,Illinois,Sangamon,Sangamon County,2248.720954,22.731649,196122,87.2149119485636,71653,192400,24834,12.9074844074844,156663,24902,173,4274,32,1056,9022,91961,73446,5759,1000,452,1120,1031,9153,1.08741749219778,9.95313230608628
"20059","20","059",KS,Kansas,Franklin,Franklin County,1480.882204,13.893465,25968,17.5354933227356,68217,25194,2100,8.33531793284115,23846,167,97,132,0,395,1331,12700,10060,1088,7,0,192,277,1076,0.0551181102362205,8.47244094488189
"41029","41","029",OR,Oregon,Jackson,Jackson County,7208.58951,46.774848,222604,30.8803823121286,67690,219629,29130,13.2632757969121,189637,1426,1831,2560,684,7724,18742,97138,72434,8129,842,930,2596,1210,10997,0.866808046284667,11.3210072268319
"16043","16","043",ID,Idaho,Fremont,Fremont County,4827.63311,83.440652,13519,2.80033707863935,67015,12981,1484,11.4320930590864,12241,44,183,7,0,566,478,5718,4322,661,12,3,113,48,559,0.209863588667366,9.77614550542148
"31089","31","089",NE,Nebraska,Holt,Holt County,6247.711081,13.572143,10149,1.62443491198949,66325,9993,986,9.86690683478435,9639,43,30,24,0,162,251,5183,4065,232,2,0,285,47,552,0.038587690526722,10.6502025853753
"29095","29","095",MO,Missouri,Jackson,Jackson County,1565.698756,30.621016,715526,457.00106566349,65169,704419,97773,13.8799492915438,460920,163035,2646,12752,2144,26234,47795,355790,274426,23360,5776,635,4769,4532,42292,1.62342955113972,11.8867871497232
"51099","51","099",VA,Virginia,King George,King George County,465.234037,21.087162,26985,58.0030648101527,103264,26644,1846,6.92838913076115,19578,4264,25,366,0,971,1781,13820,10828,1149,175,19,106,101,1442,1.26628075253256,10.4341534008683
"48055","48","055",TX,Texas,Caldwell,Caldwell County,1410.355153,4.949867,46141,32.7158729500526,66779,43844,6144,14.0133199525591,30055,2102,326,319,16,3651,9672,20060,16003,1823,23,75,320,313,1503,0.114656031904287,7.49252243270189
"51103","51","103",VA,Virginia,Lancaster,Lancaster County,345.261477,254.114185,10866,31.4717995601925,62674,10632,1489,14.0048908954101,7304,2996,6,54,0,186,320,3953,2993,305,3,18,9,87,538,0.0758917278016696,13.6099165190994
"29041","29","041",MO,Missouri,Chariton,Chariton County,1945.541994,40.353307,7417,3.81230527167948,61910,7172,953,13.2877858337981,6981,200,12,0,0,72,152,3172,2527,305,36,0,80,18,206,1.13493064312736,6.49432534678436
"30013","30","013",MT,Montana,Cascade,Cascade County,6988.317263,34.317455,84423,12.0805906232938,61351,82121,11172,13.604315583103,72122,1246,3100,799,27,1549,5580,40313,32129,3866,374,219,826,369,2530,0.927740431126436,6.27589115173765
"51115","51","115",VA,Virginia,Mathews,Mathews County,222.508058,430.071655,8537,38.3671498314906,79054,8454,578,6.8370002365744,7412,767,0,0,31,30,297,3172,2359,255,26,0,58,13,461,0.819672131147541,14.5334174022699
"40013","40","013",OK,Oklahoma,Bryan,Bryan County,2342.250032,101.809038,46528,19.8646597777056,54289,45363,7399,16.3106496483919,33332,1010,6262,309,15,862,4738,19983,16287,1970,0,66,381,179,1100,0,5.50467897713056
"48477","48","477",TX,Texas,Washington,Washington County,1564.855487,45.47132,35807,22.8819851401397,70043,33541,3988,11.8899257624996,25706,6458,88,234,0,993,2328,16369,12506,1556,0,38,626,472,1171,0,7.15376626550186
"39053","39","053",OH,Ohio,Gallia,Gallia County,1208.30587,12.087309,29276,24.2289644756919,55533,28640,4916,17.1648044692737,27210,539,21,246,0,172,1088,11616,9718,709,62,13,224,72,818,0.533746556473829,7.04201101928375
"47065","47","065",TN,Tennessee,Hamilton,Hamilton County,1404.197533,86.784458,367193,261.496685025154,69069,357233,43857,12.2768613202028,266269,65680,550,6947,148,7780,19819,179167,136647,16040,1375,342,3056,1554,20153,0.767440432668962,11.2481651196928
"31161","31","161",NE,Nebraska,Sheridan,Sheridan County,6321.862268,74.723228,5102,0.807040676261693,53609,4979,539,10.8254669612372,4101,69,466,63,0,82,321,2375,1640,389,16,0,81,31,218,0.673684210526316,9.17894736842105
"17085","17","085",IL,Illinois,Jo Daviess,Jo Daviess County,1556.385346,45.789931,21942,14.0980510105625,67729,21731,1689,7.77230684275919,20798,175,33,125,16,119,676,10721,8351,581,47,2,411,98,1231,0.438391941050275,11.4821378602742
"46031","46","031",SD,South Dakota,Corson,Corson County,6396.47861,155.287098,3906,0.610648489294331,48125,3883,1687,43.4457893381406,1101,4,2723,0,0,6,72,1156,686,63,0,0,40,16,351,0,30.363321799308
"29107","29","107",MO,Missouri,Lafayette,Lafayette County,1627.237795,27.07317,32858,20.1925005066638,78397,32357,2975,9.19430107859196,30216,687,82,226,16,357,1274,15360,12400,1351,2,0,199,131,1277,0.0130208333333333,8.31380208333333
"42091","42","091",PA,Pennsylvania,Montgomery,Montgomery County,1250.888781,10.983227,856399,684.632409378048,107441,835381,52365,6.26839729416877,650218,78309,1420,67279,312,15619,43242,443958,308188,26735,14973,720,9305,4028,80009,3.37261632857162,18.0217498051618
"24033","24","033",MD,Maryland,Prince George's,Prince George's County,1250.040419,41.926971,957189,765.726440082415,97935,935601,89651,9.58218300322467,133154,585279,4256,39237,357,141111,53795,492653,307686,48791,48808,1603,8450,12015,65300,9.90717604480233,13.2547655246187
"51119","51","119",VA,Virginia,Middlesex,Middlesex County,337.554148,208.310589,10738,31.8111925556904,69389,10259,990,9.65006335900185,8479,1588,0,84,19,207,361,4437,3210,340,16,0,57,69,745,0.36060401171963,16.7906242956953
"16073","16","073",ID,Idaho,Owyhee,Owyhee County,19860.555062,74.132051,12043,0.606377815846766,58440,11909,1560,13.0993366361575,8934,45,429,16,0,1497,1122,5214,3882,571,24,27,164,38,508,0.46029919447641,9.74299961641734
"20043","20","043",KS,Kansas,Doniphan,Doniphan County,1019.105691,12.424174,7501,7.36037495055064,66358,6717,768,11.4336757481018,6830,361,12,8,5,45,240,3677,3031,178,22,4,124,46,272,0.598313842806636,7.39733478379113
"37075","37","075",NC,North Carolina,Graham,Graham County,756.190895,25.05591,8047,10.6414928468558,46010,7911,894,11.3007205157376,6898,39,720,0,0,91,299,3048,2518,354,0,0,59,46,71,0,2.32939632545932
"01075","01","075",AL,Alabama,Lamar,Lamar County,1566.544672,1.600679,13885,8.86345614534764,49565,13736,2107,15.3392545136867,11913,1527,49,23,0,94,279,5222,4519,471,0,0,6,49,177,0,3.38950593642283
"13069","13","069",GA,Georgia,Coffee,Coffee County,1533.913422,26.942696,43056,28.0693808284572,48398,40233,8063,20.0407625580991,26766,12375,96,330,0,755,2734,17589,14985,1063,18,0,271,871,381,0.102336687702541,2.16612655637046
"08091","08","091",CO,Colorado,Ouray,Ouray County,1400.332623,3.986292,4936,3.52487681778446,78750,4931,239,4.84688704116812,4522,105,9,15,0,40,245,2167,1350,299,0,5,175,3,335,0,15.4591601292109
"37089","37","089",NC,North Carolina,Henderson,Henderson County,965.934305,5.531389,116469,120.576523058677,65508,115037,13087,11.3763397863296,101264,3948,518,1506,168,3992,5073,53627,42688,5235,72,65,395,835,4337,0.134260726872657,8.08734406175993
"16039","16","039",ID,Idaho,Elmore,Elmore County,7964.417377,68.330393,28752,3.61005691176247,55000,27337,3285,12.0166806891758,21885,676,464,861,105,1468,3293,13077,10912,1252,13,7,348,124,421,0.0994111799342357,3.21939282710102
"16051","16","051",ID,Idaho,Jefferson,Jefferson County,2832.619466,31.166194,31383,11.0791443667923,77491,31281,2791,8.92234902976248,28033,34,255,74,2,1446,1539,14151,10834,1564,332,0,240,190,991,2.34612394883754,7.00303865451205
"18089","18","089",IN,Indiana,Lake,Lake County,1292.09164,330.868827,497682,385.175466346953,66375,491833,72391,14.718613838437,292007,115950,1616,7489,129,41821,38670,221831,181626,16885,3976,296,2364,3050,13634,1.79235544175521,6.14612024469078
"42081","42","081",PA,Pennsylvania,Lycoming,Lycoming County,3182.886778,38.917581,114022,35.8234546035743,63437,107523,13417,12.4782604652028,102334,5238,308,983,73,749,4337,51688,41034,4765,510,197,1698,251,3233,0.986689366971057,6.25483671258319
"34019","34","019",NJ,New Jersey,Hunterdon,Hunterdon County,1108.086285,24.761598,129099,116.506270087081,133534,126809,4685,3.69453272244084,110929,3320,158,5753,56,2230,6653,66185,47873,3424,1377,83,1140,455,11833,2.08053184256251,17.8786734154265
"51173","51","173",VA,Virginia,Smyth,Smyth County,1169.223433,3.287728,29799,25.4861467525857,45061,29048,5460,18.7964748003305,28396,530,44,108,23,78,620,11673,9494,1180,48,24,205,115,607,0.411205345669494,5.20003426711214
"09130","09","130",CT,Connecticut,Lower Connecticut River Valley,Lower Connecticut River Valley Planning Region,1098.452313,241.091041,175244,159.537194219555,99742,168957,10964,6.48922506910042,147012,8697,374,6041,8,2093,11019,93089,69721,5862,1049,163,2708,932,12654,1.1268785785646,13.5934428342769
"51177","51","177",VA,Virginia,Spotsylvania,Spotsylvania County,1041.093158,32.918176,141097,135.527737278627,105068,140211,10308,7.35177696471746,96233,23673,316,3864,84,7264,9663,69708,50717,7490,1463,19,704,526,8789,2.09875480576118,12.6083089458886
"31153","31","153",NE,Nebraska,Sarpy,Sarpy County,616.679696,24.39778,191272,310.164257459192,95911,189463,10398,5.48814280360809,159141,7973,872,4835,233,5822,12396,103080,83650,6650,76,42,751,863,11048,0.0737291424136593,10.7178890182383
"40057","40","057",OK,Oklahoma,Harmon,Harmon County,1391.491971,3.800411,2499,1.79591406352427,55729,2416,425,17.591059602649,1678,249,62,6,0,323,181,1069,842,100,0,0,25,7,95,0,8.88681010289991
"13279","13","279",GA,Georgia,Toombs,Toombs County,942.788055,18.076929,26946,28.5811851954361,47310,26498,5760,21.7374896218583,17345,6436,72,229,0,1123,1741,9940,7899,1219,43,40,307,29,403,0.432595573440644,4.05432595573441
"20077","20","077",KS,Kansas,Harper,Harper County,2075.290355,3.899269,5457,2.62951157020146,53032,5312,825,15.5308734939759,4970,8,36,11,6,144,282,2140,1725,180,13,0,84,22,116,0.607476635514019,5.42056074766355
"01117","01","117",AL,Alabama,Shelby,Shelby County,2034.28032,62.287592,223916,110.071359290346,90618,220029,15080,6.85364201991556,174752,29118,533,4491,22,6362,8638,112772,89102,7489,73,10,681,624,14793,0.064732380378108,13.1176178484021
"05013","05","013",AR,Arkansas,Calhoun,Calhoun County,1628.067843,9.887802,4773,2.93169601041005,60237,4596,574,12.4891209747607,3542,994,21,8,0,0,208,1643,1393,160,0,0,64,26,0,0,0
"36021","36","021",NY,New York,Columbia,Columbia County,1643.770716,35.0714,61469,37.3951180670626,81741,59940,6157,10.2719386052719,52887,2062,108,1378,5,1483,3546,29002,20126,2063,764,129,1229,622,4069,2.63430108268395,14.0300668919385
"13301","13","301",GA,Georgia,Warren,Warren County,736.483608,6.034478,5197,7.05650464388883,45091,5120,1175,22.94921875,1995,3104,0,24,0,0,74,1993,1721,107,0,0,10,111,44,0,2.2077270446563
"41043","41","043",OR,Oregon,Linn,Linn County,5929.809282,50.118766,128598,21.6867008506261,69523,126135,15074,11.9506877551829,110542,597,849,1085,189,5025,10311,56684,43738,5440,146,209,1149,941,5061,0.25756827323407,8.92844541669607
"46053","46","053",SD,South Dakota,Gregory,Gregory County,2628.707539,99.900744,3983,1.51519328069306,48272,3921,503,12.8283601122163,3523,36,224,5,8,0,187,1895,1431,185,0,0,99,33,147,0,7.75725593667546
"48407","48","407",TX,Texas,San Jacinto,San Jacinto County,1474.332269,151.949232,27666,18.7651051134932,54839,27507,4780,17.3773948449486,21088,2574,152,40,16,848,2948,10378,8382,1059,50,0,53,252,582,0.481788398535363,5.60801695895163
"17013","17","013",IL,Illinois,Calhoun,Calhoun County,657.415184,77.051402,4472,6.80239840642318,88059,4356,364,8.35629017447199,4255,33,11,1,0,0,172,1746,1317,143,0,0,2,13,271,0,15.5211912943872
"12009","12","009",FL,Florida,Brevard,Brevard County,2628.767901,1403.935673,610723,232.32290677609,71308,602971,60927,10.1044660522645,470655,60125,1553,14458,460,15406,48066,269483,209502,18890,1846,1196,2879,4000,31170,0.685015381304201,11.5665923267887
"31157","31","157",NE,Nebraska,Scotts Bluff,Scotts Bluff County,1915.57608,15.402683,36048,18.8183598533972,60137,35113,4379,12.471164525959,29563,204,662,202,66,1712,3639,16964,13704,1768,9,42,342,159,940,0.0530535251120019,5.54114595614242
"38063","38","063",ND,North Dakota,Nelson,Nelson County,2542.889235,70.073746,3025,1.18959172832394,62219,2913,316,10.8479231033299,2811,0,3,44,0,37,130,1350,933,131,4,21,139,27,95,0.296296296296296,7.03703703703704
"23001","23","001",ME,Maine,Androscoggin,Androscoggin County,1211.995417,75.541706,111532,92.0234502833933,64500,107822,13334,12.3666784144238,100100,4863,78,1141,18,456,4876,54700,40356,5884,188,81,1740,514,5937,0.343692870201097,10.853747714808
"48497","48","497",TX,Texas,Wise,Wise County,2342.372272,47.035843,70062,29.9107024265526,85385,68603,6230,9.08123551448187,60434,999,552,413,53,3447,4164,33718,26411,3739,17,0,272,255,3024,0.0504181742689365,8.9685034699567
"47149","47","149",TN,Tennessee,Rutherford,Rutherford County,1603.892838,12.406556,343727,214.307958646798,78291,338083,33248,9.83427146588264,244580,52366,498,12520,452,10210,23101,180732,138318,18513,524,253,1671,1218,20235,0.28993205409114,11.19613571476
"26061","26","061",MI,Michigan,Houghton,Houghton County,2613.558396,1275.35476,37414,14.3153487816692,52736,33798,5838,17.2732114326292,34326,430,168,1046,20,381,1043,16375,10694,1648,372,219,1751,271,1420,2.27175572519084,8.67175572519084
"21131","21","131",KY,Kentucky,Leslie,Leslie County,1038.269511,9.125982,10468,10.0821606423922,37019,10054,3381,33.6284066043366,10164,44,0,26,0,0,234,3236,2707,399,0,0,9,0,121,0,3.73918417799753
"37085","37","085",NC,North Carolina,Harnett,Harnett County,1540.87041,16.294103,134718,87.4298053396976,64992,131384,18893,14.3799853863484,87411,27962,1624,1599,407,6271,9444,57835,47717,5489,32,0,952,472,3173,0.0553298175845077,5.48629722486384
"21193","21","193",KY,Kentucky,Perry,Perry County,879.880331,7.473919,28136,31.9770757553166,45330,27366,6521,23.8288387049624,26590,269,48,211,53,64,901,9916,7139,1940,4,0,133,35,665,0.0403388463089956,6.70633319887051
"17043","17","043",IL,Illinois,DuPage,DuPage County,849.088844,22.15388,930559,1095.95009588891,107035,917954,57674,6.28288563479216,651437,45625,2746,116819,361,42819,70752,480623,330198,32140,24612,909,6945,5068,80751,5.12085355881845,16.8013182889708
"27003","27","003",MN,Minnesota,Anoka,Anoka County,1092.881709,62.440665,363985,333.050683347103,95782,360581,22852,6.33754967677165,288143,28448,1994,19004,64,8343,17989,190371,145605,13043,3126,282,1784,1439,25092,1.64205682588209,13.1805789747388
"06007","06","007",CA,California,Butte,Butte County,4238.488704,105.260548,213605,50.3965009505426,66085,208718,38015,18.2135704634962,161779,3862,2426,11182,680,11933,21743,91975,67647,8743,622,1205,2841,1118,9799,0.67627072574069,10.6539820603425
"27145","27","145",MN,Minnesota,Stearns,Stearns County,3478.072083,122.244044,158622,45.6063003338278,73105,152308,19300,12.6716915723403,133861,12826,202,2983,45,2766,5939,82627,63032,6064,1369,418,4141,664,6939,1.65684340469822,8.39798128940903
"27141","27","141",MN,Minnesota,Sherburne,Sherburne County,1121.230367,46.911209,97820,87.243445128703,99431,95780,5570,5.81541031530591,86929,3143,303,1302,0,1482,4661,52791,41230,4469,747,59,370,434,5482,1.41501392282775,10.3843458165218
"29097","29","097",MO,Missouri,Jasper,Jasper County,1653.72333,7.163884,122788,74.2494211531744,54963,120463,22265,18.4828536563094,106113,2320,1234,1622,344,2471,8684,56502,45212,5431,100,94,928,548,4189,0.176984885490779,7.41389685320874
"13305","13","305",GA,Georgia,Wayne,Wayne County,1662.28707,17.768149,30277,18.2140621475206,49847,28373,5150,18.1510591054876,21946,6112,77,293,9,1012,828,10946,8439,1777,103,16,23,185,403,0.940983007491321,3.68171021377672
"24021","24","021",MD,Maryland,Frederick,Frederick County,1710.961099,17.635238,273829,160.043966025904,115724,269356,16599,6.16247642525134,202183,27723,652,13586,95,5909,23681,143078,102910,11043,1812,306,2151,1486,23370,1.26644208054348,16.3337480255525
"01047","01","047",AL,Alabama,Dallas,Dallas County,2534.919602,39.124772,38326,15.1192171813897,37180,37774,10230,27.0821199767036,10634,26467,208,240,0,16,761,14138,12222,1036,75,0,120,109,576,0.530485217145282,4.07412646767577
"26049","26","049",MI,Michigan,Genesee,Genesee County,1649.674147,32.748546,405280,245.672759518611,58594,400350,65056,16.2497814412389,296619,79270,1240,4015,76,3670,20390,170085,136782,15480,2110,142,1697,1260,12614,1.24055619249199,7.41629185407296
"37093","37","093",NC,North Carolina,Hoke,Hoke County,1010.491623,3.949309,52612,52.0657458236049,57141,51151,8840,17.2821645715626,22292,17613,3809,748,63,3876,4211,21569,17392,2222,184,12,195,207,1357,0.85307617413881,6.29143678427373
"51031","51","031",VA,Virginia,Campbell,Campbell County,1303.300984,8.894442,55518,42.5979882479702,59022,54722,5460,9.97770549322028,43776,7823,103,555,24,383,2854,25668,21522,1806,31,0,241,284,1784,0.120772946859903,6.95028829671186
"27063","27","063",MN,Minnesota,Jackson,Jackson County,1820.689892,42.120424,9990,5.4869311044651,68368,9839,958,9.7367618660433,9265,49,3,146,0,220,307,5193,3994,419,25,0,358,20,377,0.481417292509147,7.25977277103794
"26149","26","149",MI,Michigan,St. Joseph,St. Joseph County,1296.650393,52.801553,60887,46.9571446001945,62281,59939,7714,12.8697509134287,54037,1318,28,323,0,751,4430,27239,20314,4096,23,325,626,313,1542,0.0844377546899666,5.66100077095341
"21011","21","011",KY,Kentucky,Bath,Bath County,719.99708,15.570646,12739,17.6931273110163,51471,12608,2916,23.1281725888325,12170,216,9,17,0,124,203,4661,3786,489,0,0,122,8,256,0,5.49238360866767
"46011","46","011",SD,South Dakota,Brookings,Brookings County,2051.833298,32.942236,34631,16.8780768075828,64438,31424,3922,12.4809063136456,31148,370,422,1057,0,422,1212,18827,14473,1595,72,121,600,109,1857,0.382429489562862,9.86349391830881
"47029","47","029",TN,Tennessee,Cocke,Cocke County,1129.584563,17.932684,36186,32.0347862260933,45110,35597,7158,20.1084361041661,34045,433,227,172,42,92,1175,14604,11867,1695,1,0,152,203,686,0.00684743905779239,4.69734319364558
"46099","46","099",SD,South Dakota,Minnehaha,Minnehaha County,2089.707824,18.182409,197742,94.6266256597984,73110,192729,16775,8.70393142702966,162678,12350,3978,3741,85,2875,12035,108862,87773,8002,595,234,2231,789,9238,0.54656353915967,8.48597306681854
"45001","45","001",SC,South Carolina,Abbeville,Abbeville County,1272.188737,53.216416,24368,19.1543906114616,49759,23589,3752,15.905718767222,16915,6372,28,58,0,155,840,9815,8134,914,19,0,232,188,328,0.193581253183902,3.34182373917473
"45003","45","003",SC,South Carolina,Aiken,Aiken County,2773.070083,24.554644,169865,61.2552135055434,63212,167009,23653,14.162709794083,114221,42219,208,1727,12,1692,9786,73609,60914,6126,92,34,566,372,5505,0.124984716542814,7.47870504965425
"47043","47","043",TN,Tennessee,Dickson,Dickson County,1268.833491,3.679792,54563,43.0024903874483,68492,53873,5849,10.857015573664,49230,2155,98,48,0,623,2409,25497,20969,2199,111,47,127,435,1609,0.435345334745264,6.31054633878496
"45037","45","037",SC,South Carolina,Edgefield,Edgefield County,1296.814342,16.317867,26181,20.1887033109324,60033,24013,4074,16.9658101861492,15775,8512,67,68,41,440,1278,11020,8916,1007,86,0,332,77,602,0.780399274047187,5.46279491833031
"27073","27","073",MN,Minnesota,Lac qui Parle,Lac qui Parle County,1981.395023,33.648338,6736,3.39962497220828,66967,6571,570,8.67447877035459,6395,36,7,47,0,92,159,3142,2283,253,6,4,156,32,408,0.190961171228517,12.9853596435391
"30077","30","077",MT,Montana,Powell,Powell County,6024.421103,16.247901,6998,1.16160538587105,60994,5178,271,5.2336809578988,6190,62,342,108,0,24,272,2415,1822,247,7,0,134,11,194,0.289855072463768,8.03312629399586
"41061","41","061",OR,Oregon,Union,Union County,5275.651492,4.936782,26286,4.98251259391567,61946,25752,3925,15.2415346380864,23701,257,233,363,369,296,1067,11304,8432,1124,19,104,624,184,817,0.168082094833687,7.22753007784855
"02070","02","070",AK,Alaska,Dillingham,Dillingham Census Area,47484.825241,5943.879883,4854,0.102222130446189,69412,4814,765,15.8911508101371,775,76,3451,78,3,2,469,1805,607,336,4,12,494,231,121,0.221606648199446,6.70360110803324
"18077","18","077",IN,Indiana,Jefferson,Jefferson County,934.204259,5.99263,33057,35.3851951342902,57801,30942,3979,12.859543662336,30942,694,47,248,0,298,828,14833,12297,1318,0,10,297,188,723,0,4.87426683745702
"28027","28","027",MS,Mississippi,Coahoma,Coahoma County,1432.526489,77.525442,21264,14.8437045759927,36075,20619,7623,36.9707551287647,4206,16148,74,40,0,37,759,7411,5768,848,49,0,196,0,550,0.661179328025907,7.42140062069896
"36071","36","071",NY,New York,Orange,Orange County,2103.272841,67.953621,401237,190.767927098432,91806,392337,51059,13.0140669883289,269528,45972,2276,11550,299,34986,36626,183472,129737,16870,8545,108,6578,3261,18373,4.65738641318566,10.0140620912183
"55051","55","051",WI,Wisconsin,Iron,Iron County,1963.751253,416.872439,6136,3.12463199737039,55777,5991,628,10.4823902520447,5828,4,77,23,0,36,168,2649,2150,217,1,0,67,44,170,0.0377500943752359,6.41751604379011
"21073","21","073",KY,Kentucky,Franklin,Franklin County,538.480613,10.617911,51475,95.5930422698431,62929,49746,6596,13.2593575362843,42223,4490,31,881,115,938,2797,24289,18200,2430,284,0,455,184,2736,1.16925357157561,11.2643583515171
"18023","18","023",IN,Indiana,Clinton,Clinton County,1049.1192,0.461117,33020,31.4740212551634,59515,32131,2877,8.9539696865955,28114,252,1,155,0,2255,2243,15322,12457,1485,0,43,222,224,891,0,5.81516773267198
"22089","22","089",LA,Louisiana,St. Charles,St. Charles Parish,719.347894,308.63508,52191,72.5532116453239,79191,51554,5249,10.181557202157,34653,12273,525,492,3,1856,2389,23995,20581,1408,67,121,82,232,1504,0.279224838508022,6.26797249426964
"37079","37","079",NC,North Carolina,Greene,Greene County,690.838977,1.229492,20407,29.5394450507386,50320,17790,4016,22.5744800449691,10428,6591,183,15,5,980,2205,8021,6885,747,2,0,58,8,321,0.0249345468146116,4.00199476374517
"47097","47","097",TN,Tennessee,Lauderdale,Lauderdale County,1222.203226,80.251266,25171,20.594774636931,46702,22920,4118,17.9668411867365,15132,8654,89,77,0,253,966,9045,7562,1059,29,6,7,208,174,0.320619126589276,1.92371475953565
"47041","47","041",TN,Tennessee,DeKalb,DeKalb County,788.430955,63.639368,20209,25.6319210602278,46907,19785,3999,20.2122820318423,18366,350,61,122,0,546,764,8153,6798,832,0,0,144,46,333,0,4.08438611554029
"12017","12","017",FL,Florida,Citrus,Citrus County,1507.16942,981.139562,155173,102.956574052571,52569,152199,22833,15.002069658802,139269,3586,526,2140,42,1893,7717,48459,37586,4133,59,107,372,883,5319,0.121752409253183,10.976289234198
"45047","45","047",SC,South Carolina,Greenwood,Greenwood County,1180.009086,21.260069,69309,58.7359884108553,47553,66291,11498,17.3447375963555,43025,21989,53,471,0,1118,2653,28878,24762,2704,64,7,337,211,793,0.221621995983101,2.74603504397811
"47135","47","135",TN,Tennessee,Perry,Perry County,1074.235994,20.9847,8432,7.8492994529096,55978,8229,1172,14.2423137683801,7700,30,44,186,0,52,420,3057,2473,340,51,0,10,15,168,1.66830225711482,5.49558390578999
"55117","55","117",WI,Wisconsin,Sheboygan,Sheboygan County,1324.828371,1967.670377,117741,88.8726438664107,68969,114589,8817,7.69445583782038,100929,2314,251,7042,17,1503,5685,60282,48745,4624,214,404,1080,496,4719,0.354998175243024,7.82820742510202
"45083","45","083",SC,South Carolina,Spartanburg,Spartanburg County,2093.691101,29.512814,330119,157.673211603339,61955,322193,46447,14.4158935793143,228719,66986,715,7438,42,7533,18686,151753,123459,14446,177,97,1459,1546,10569,0.11663690338906,6.9646069599942
"27129","27","129",MN,Minnesota,Renville,Renville County,2545.711106,10.851893,14707,5.77716770977547,66313,14327,1489,10.3929643330774,12960,93,109,118,0,816,611,7014,5627,402,42,12,217,112,602,0.598802395209581,8.58283433133733
"29051","29","051",MO,Missouri,Cole,Cole County,1014.104091,19.106873,76890,75.8206190886967,70667,72319,6795,9.39587107122609,63060,8761,117,1213,8,600,3131,37693,30967,3105,230,24,606,568,2193,0.610192874008437,5.81805640304566
"56013","56","013",WY,Wyoming,Fremont,Fremont County,23785.388834,212.768588,39402,1.65656320672281,60030,38391,5322,13.8626240525123,28134,216,7616,184,28,838,2386,16314,12323,1337,79,255,688,207,1425,0.484246659311021,8.7348289812431
"47025","47","025",TN,Tennessee,Claiborne,Claiborne County,1125.619421,18.052387,32092,28.5105244288425,42406,30657,5621,18.335127377108,30497,272,19,317,0,17,970,12619,10590,1192,42,0,178,34,583,0.332831444646961,4.62001743402805
"42007","42","007",PA,Pennsylvania,Beaver,Beaver County,1125.854815,24.162295,167629,148.890423318037,67194,164856,17201,10.4339544814869,148540,10127,127,839,6,1156,6834,78748,61181,5989,1244,67,1664,913,7690,1.5797226596231,9.76532737339361
"42049","42","049",PA,Pennsylvania,Erie,Erie County,2069.143908,1966.272916,270495,130.727978346105,59396,257534,39662,15.4006849581026,227590,18828,504,5142,60,3506,14865,122518,94171,11920,1720,431,3849,1751,8676,1.40387534892832,7.08140844610588
"37191","37","191",NC,North Carolina,Wayne,Wayne County,1434.651141,9.842326,117480,81.8875032700371,54323,114736,20581,17.9377004601869,67475,36035,131,1346,122,3083,9288,52846,43212,6570,231,77,453,309,1994,0.437119176475041,3.77322786965901
"48209","48","209",TX,Texas,Hays,Hays County,1753.038966,5.043724,245351,139.957527903575,79990,237907,30750,12.9252186778867,173667,9511,1727,4151,297,11718,44280,124248,91323,11266,429,317,2221,1904,16788,0.345277187560363,13.5116863048097
"49027","49","027",UT,Utah,Millard,Millard County,17574.316025,133.292861,13027,0.741252176270684,69403,12862,1439,11.1879956460893,11189,32,185,224,25,840,532,5230,4043,594,3,51,130,96,313,0.0573613766730402,5.98470363288719
"01123","01","123",AL,Alabama,Tallapoosa,Tallapoosa County,1855.798001,128.790973,41251,22.2281735284615,53282,40523,6826,16.84475483059,28516,10957,26,190,0,388,1174,15388,12904,1649,30,17,118,77,593,0.194957109435924,3.85365219651677
"27163","27","163",MN,Minnesota,Washington,Washington County,996.41526,99.954117,268651,269.617508668023,110828,265165,12377,4.66765975901797,218918,12941,723,18594,116,3964,13395,139002,100152,9311,1760,317,1270,1176,25016,1.26616883210314,17.9968633544841
"19119","19","119",IA,Iowa,Lyon,Lyon County,1521.901262,0.440273,12023,7.89998687838659,73735,11838,459,3.8773441459706,11453,24,20,40,35,111,340,5790,4659,362,0,0,146,16,607,0,10.4835924006908
"36015","36","015",NY,New York,Chemung,Chemung County,1054.988439,8.875327,83584,79.2274084815824,61358,79840,12118,15.1778557114228,71833,4470,267,1275,0,876,4863,35625,28788,2716,444,97,874,616,2090,1.24631578947368,5.86666666666667
"31145","31","145",NE,Nebraska,Red Willow,Red Willow County,1857.036304,2.591016,10690,5.75648412310199,58344,10375,1262,12.1638554216867,9717,114,74,0,0,390,395,5284,4734,210,0,0,90,45,205,0,3.87963663890992
"54029","54","029",WV,West Virginia,Hancock,Hancock County,213.958963,13.877476,28907,135.105347281011,57515,28417,3814,13.4215434423057,27022,612,0,113,107,96,957,12409,9893,1038,51,9,238,271,909,0.410992021919575,7.32532839068418
"12093","12","093",FL,Florida,Okeechobee,Okeechobee County,1992.442653,317.924583,39870,20.0106135752355,50476,37024,7113,19.2118625756266,30033,3241,58,384,13,3197,2944,15091,11049,2203,170,107,328,279,955,1.1264992379564,6.32827513087271
"31087","31","087",NE,Nebraska,Hitchcock,Hitchcock County,1838.742669,22.103381,2620,1.42488671425942,49456,2580,319,12.3643410852713,2502,2,3,3,0,15,95,1126,862,115,0,0,48,15,86,0,7.63765541740675
"22023","22","023",LA,Louisiana,Cameron,Cameron Parish,3327.199807,1688.890183,5447,1.6371123815709,69847,5410,669,12.365988909427,4964,60,128,50,0,1,244,2531,2256,111,0,0,104,5,55,0,2.17305412880284
"40085","40","085",OK,Oklahoma,Love,Love County,1331.031195,47.500219,10158,7.63167688192312,60758,10060,1430,14.2147117296223,7646,205,457,70,0,352,1428,4203,3379,589,0,11,68,35,121,0,2.87889602664763
"19017","19","017",IA,Iowa,Bremer,Bremer County,1127.88626,10.165785,25012,22.1759949447385,84727,23474,1541,6.56470989179518,23454,328,55,220,5,251,699,12544,9724,803,9,18,789,34,1167,0.0717474489795918,9.30325255102041
"16023","16","023",ID,Idaho,Butte,Butte County,5792.474008,5.259978,2605,0.449721482807213,37358,2566,568,22.1356196414653,2383,0,1,0,10,15,196,1047,690,106,8,10,54,10,169,0.764087870105062,16.1413562559694
"05073","05","073",AR,Arkansas,Lafayette,Lafayette County,1371.327392,43.028603,6277,4.57731686584731,40262,6145,1328,21.6110659072417,3740,2099,17,61,0,97,263,2313,1895,199,11,0,60,44,104,0.475572849113705,4.49632511889321
"46117","46","117",SD,South Dakota,Stanley,Stanley County,3741.060758,188.383651,2979,0.796298213983725,82298,2979,96,3.22255790533736,2769,9,100,0,0,13,88,1714,1429,128,18,16,15,0,108,1.05017502917153,6.30105017502917
"39049","39","049",OH,Ohio,Franklin,Franklin County,1378.95015,29.029553,1318149,955.907651919107,71070,1290258,187488,14.5310472789163,819022,302564,2647,71316,373,33239,88988,682147,498037,48278,12569,2115,15700,7080,98368,1.84256472578491,14.4203522114735
"30027","30","027",MT,Montana,Fergus,Fergus County,11238.811035,27.700317,11496,1.02288400118118,58321,11182,1651,14.7648005723484,10731,55,153,175,0,152,230,5584,3455,551,27,96,433,64,958,0.48352435530086,17.1561604584527
"37059","37","059",NC,North Carolina,Davie,Davie County,682.97754,7.511429,43030,63.0035359581517,69105,42701,4958,11.6109692981429,36814,1782,202,323,0,1202,2707,19362,15768,2075,16,0,93,130,1280,0.0826360913128809,6.61088730503047
"05063","05","063",AR,Arkansas,Independence,Independence County,1978.003738,20.251226,37910,19.1657878454424,52361,36843,7124,19.3361018375268,32862,727,122,274,127,1431,2367,15894,13148,1497,0,85,267,225,672,0,4.22801057002643
"37141","37","141",NC,North Carolina,Pender,Pender County,2256.645361,162.833419,61592,27.2936107128089,74538,60252,7050,11.700856403107,46696,8171,177,318,30,3203,2997,27872,21642,2814,127,7,233,80,2969,0.455654420206659,10.6522675086108
"29147","29","147",MO,Missouri,Nodaway,Nodaway County,2271.326612,2.361588,21140,9.30733602482002,53917,18306,3559,19.4417130995302,19799,457,53,260,2,182,387,9880,8196,875,2,22,194,47,544,0.0202429149797571,5.50607287449393
"31159","31","159",NE,Nebraska,Seward,Seward County,1479.995691,11.542537,17644,11.9216563313629,79677,16309,1104,6.76926850205408,16896,117,30,60,16,63,462,9229,7211,917,0,115,395,78,513,0,5.55856539170008
"40145","40","145",OK,Oklahoma,Wagoner,Wagoner County,1455.356135,74.815302,82269,56.5284317848428,75082,81752,7504,9.17898033075643,58448,2814,7374,1630,46,2107,9850,38272,31465,3035,138,40,246,654,2694,0.360576923076923,7.03908862876254
"40059","40","059",OK,Oklahoma,Harper,Harper County,2689.919591,5.259447,3272,1.21639323753302,59934,3143,443,14.0948138720967,2587,0,2,0,0,523,160,1403,1172,159,0,0,9,11,52,0,3.70634354953671
"01039","01","039",AL,Alabama,Covington,Covington County,2669.16556,34.194851,37542,14.0650698340346,48772,36847,6921,18.7830759627649,31404,4606,117,218,0,293,904,14928,13056,1193,6,15,139,182,337,0.0401929260450161,2.2575026795284
"20071","20","071",KS,Kansas,Greeley,Greeley County,2016.057907,0,1279,0.634406380669501,69948,1252,101,8.06709265175719,1072,2,41,0,0,145,19,709,456,65,0,0,48,12,128,0,18.0535966149506
"26011","26","011",MI,Michigan,Arenac,Arenac County,940.62766,822.313309,15031,15.9797554751898,53487,14891,2019,13.5585252837284,14214,84,97,24,0,53,559,6023,4912,468,24,0,107,94,418,0.398472521999004,6.94006309148265
"48245","48","245",TX,Texas,Jefferson,Jefferson County,2270.732117,611.205479,254942,112.273040968311,57294,239089,43498,18.1932251170066,121024,84879,862,9712,136,11928,26401,103041,90352,7393,348,92,976,1044,2836,0.337729641598975,2.75230248153648
"55013","55","013",WI,Wisconsin,Burnett,Burnett County,2127.924576,151.846353,16561,7.78270065902937,60466,16410,1911,11.6453382084095,15119,114,543,95,19,57,614,6800,5261,563,84,35,135,100,622,1.23529411764706,9.14705882352941
"18043","18","043",IN,Indiana,Floyd,Floyd County,384.496958,2.703901,80191,208.560817794558,75686,78537,7359,9.37010581000038,70587,4046,85,936,8,598,3931,38923,31168,2816,139,18,532,258,3992,0.357115330267451,10.2561467512782
"26053","26","053",MI,Michigan,Gogebic,Gogebic County,2854.517939,970.153215,14597,5.11364801761016,47913,14131,1993,14.103743542566,13366,247,316,81,43,55,489,6038,4858,581,29,7,135,38,390,0.480291487247433,6.45909241470686
"13291","13","291",GA,Georgia,Union,Union County,834.197318,18.082752,24880,29.8250779080064,59783,24295,2845,11.7102284420663,23257,166,143,59,0,247,1008,9400,7418,1020,65,0,87,68,742,0.691489361702128,7.8936170212766
"34023","34","023",NJ,New Jersey,Middlesex,Middlesex County,800.946846,35.297517,860147,1073.91271255471,105206,833382,69626,8.35463208948597,411593,87996,5087,214701,352,74810,65608,420626,272992,35909,30742,887,11244,10195,58657,7.30863046982355,13.9451674409095
"05095","05","095",AR,Arkansas,Monroe,Monroe County,1573.31648,35.707672,6787,4.31381739546769,41786,6685,1592,23.8145100972326,3656,2954,9,22,0,0,146,2286,1913,294,0,0,46,1,32,0,1.39982502187227
"27113","27","113",MN,Minnesota,Pennington,Pennington County,1596.779113,4.338967,13995,8.764518452215,71504,13765,1325,9.62586269524155,12819,169,163,175,0,143,526,7317,5711,455,41,8,178,303,621,0.560338936722701,8.48708487084871
"44009","44","009",RI,Rhode Island,Washington,Washington County,852.827596,604.769731,129998,152.43174659184,99510,123991,9753,7.8658934922696,118400,1457,468,2749,28,1342,5554,65562,51969,3037,847,362,1549,522,7276,1.29190689728806,11.0978920716269
"05085","05","085",AR,Arkansas,Lonoke,Lonoke County,1998.045639,82.719024,74292,37.1823338515843,68078,73300,8680,11.8417462482947,64497,4108,153,758,93,936,3747,34314,28691,3058,2,9,372,338,1844,0.00582852480037303,5.37389986594393
"31043","31","043",NE,Nebraska,Dakota,Dakota County,684.472101,8.143819,21308,31.1305602797681,66112,21029,2354,11.1940653383423,11203,1618,541,680,0,4051,3215,10396,7986,1570,62,24,121,28,605,0.596383224317045,5.81954597922278
"05081","05","081",AR,Arkansas,Little River,Little River County,1375.943077,83.115227,12024,8.73873360096858,58627,11768,1394,11.8456832087016,8697,2238,126,27,0,163,773,5008,4328,388,0,64,53,51,124,0,2.47603833865815
"05083","05","083",AR,Arkansas,Logan,Logan County,1836.602034,53.970569,21247,11.5686466674141,51131,20892,3036,14.5318782309018,19066,336,89,388,0,159,1209,9042,7164,1049,39,91,151,157,391,0.431320504313205,4.32426454324265
"51660","51","660",VA,Virginia,Harrisonburg,Harrisonburg city,44.898873,0.13108,51784,1153.34743480087,56050,44517,12123,27.2322932812184,36781,3881,212,1676,0,3216,6018,23583,16442,2932,351,499,1413,157,1789,1.48836025950897,7.58597294661409
"37121","37","121",NC,North Carolina,Mitchell,Mitchell County,573.036225,1.63215,14989,26.1571596106337,55534,14621,1959,13.3985363518227,13980,120,51,52,0,248,538,6316,5036,774,9,0,126,53,318,0.142495250158328,5.03483217226092
"51199","51","199",VA,Virginia,York,York County,271.17518,285.635878,70238,259.013380206846,105154,68748,3262,4.74486530517251,49774,9227,102,3903,98,979,6155,35523,27684,2629,34,103,1012,246,3815,0.0957126368831461,10.7395208738001
"22079","22","079",LA,Louisiana,Rapides,Rapides Parish,3420.935889,105.385798,129536,37.8656613871433,55407,126081,23102,18.3231414725454,80405,40339,604,1538,15,1301,5334,54593,44065,3693,1229,61,1370,2085,2090,2.25120436686022,3.82832963933105
"20063","20","063",KS,Kansas,Gove,Gove County,2775.601942,0.245369,2758,0.993658333447008,59417,2707,173,6.39083856667898,2625,21,0,30,0,9,73,1279,957,72,0,6,105,17,122,0,9.53870211102424
"51145","51","145",VA,Virginia,Powhatan,Powhatan County,673.921282,5.444168,30503,45.2619628059171,108089,28724,1305,4.54323910318897,26240,2685,106,47,0,261,1164,15147,11790,829,18,0,77,45,2388,0.11883541295306,15.7654981184393
"05135","05","135",AR,Arkansas,Sharp,Sharp County,1566.013573,5.209695,17422,11.1250632180823,43332,17121,2725,15.9161263944863,16111,175,32,91,0,203,810,6216,4846,897,14,0,132,56,271,0.225225225225225,4.35971685971686
"28137","28","137",MS,Mississippi,Tate,Tate County,1048.332525,16.090912,28094,26.7987488034868,61286,26101,4352,16.673690663193,18805,8556,14,10,19,116,574,11725,10720,533,27,0,106,35,304,0.230277185501066,2.59275053304904
"47151","47","151",TN,Tennessee,Scott,Scott County,1378.652171,2.418741,21917,15.8974108633236,39744,21393,5499,25.704669751788,21243,71,38,85,4,69,407,7780,6600,771,2,0,69,94,244,0.025706940874036,3.13624678663239
"23019","23","019",ME,Maine,Penobscot,Penobscot County,8798.661092,414.021728,152640,17.3480940343054,59438,146149,19608,13.4164448610664,141780,1504,1697,1486,34,1038,5101,72207,55613,5496,290,343,2477,1209,6779,0.401623111332696,9.38828645422189
"37123","37","123",NC,North Carolina,Montgomery,Montgomery County,1273.075626,25.886753,25839,20.2965161474233,55523,24932,4035,16.1840205358575,17424,4454,318,384,0,1752,1507,10716,8937,1093,3,5,151,46,481,0.0279955207166853,4.48861515490855
"31165","31","165",NE,Nebraska,Sioux,Sioux County,5352.785007,1.665309,1162,0.217083256375964,50833,1162,202,17.3838209982788,1086,4,0,1,0,49,22,506,359,54,0,0,36,1,56,0,11.0671936758893
"53013","53","013",WA,Washington,Columbia,Columbia County,2249.624779,12.561759,3980,1.76918392664984,68825,3941,367,9.3123572697285,3252,36,16,2,0,175,499,1743,1269,201,0,40,110,19,104,0,5.9667240390132
"06075","06","075",CA,California,San Francisco,San Francisco County,121.045788,479.608103,851036,7030.69486399642,136689,837888,87849,10.4845755041247,356474,44058,4725,296122,3312,65487,80858,487526,139890,31399,116647,16616,51322,17637,114015,23.9263136735272,23.386445030624
"29165","29","165",MO,Missouri,Platte,Platte County,1087.337875,16.894639,107033,98.4358242832294,92543,106089,7389,6.9649068235161,87098,7913,254,2840,621,2159,6148,56479,44243,3749,42,2,221,717,7505,0.0743639228739886,13.2881247897449
"38097","38","097",ND,North Dakota,Traill,Traill County,2232.235426,1.462184,8004,3.58564330033171,81157,7544,495,6.56150583244963,7381,69,91,26,5,56,376,4077,3321,355,10,6,174,21,190,0.245278390973755,4.66028942850135
"34001","34","001",NJ,New Jersey,Atlantic,Atlantic County,1438.939253,301.106094,274339,190.653635605561,73113,268551,34989,13.0288101701353,164950,37060,917,21399,162,25069,24782,126468,93741,11912,5102,609,4073,1934,9097,4.034222095708,7.19312395230414
"51041","51","041",VA,Virginia,Chesterfield,Chesterfield County,1096.874571,34.967237,366019,333.692666123445,95757,361091,24163,6.69166498195746,226434,86495,824,12831,280,19489,19666,184760,139887,15274,805,184,1120,1792,25698,0.435700368045031,13.9088547304611
"18087","18","087",IN,Indiana,LaGrange,LaGrange County,983.23927,18.315631,40364,41.0520625361109,81658,39921,2261,5.66368577941434,38352,69,13,39,0,306,1585,17471,8960,4708,144,1354,449,763,1093,0.824222998111156,6.25608150649648
"08045","08","045",CO,Colorado,Garfield,Garfield County,7633.799008,21.704895,61683,8.08024941911072,82772,60787,4917,8.08890058729663,47221,458,274,568,78,6140,6944,33232,21880,5100,886,1015,1020,237,3094,2.66610495907559,9.31030332209918
"12061","12","061",FL,Florida,Indian River,Indian River County,1301.540085,295.514461,160986,123.688852810092,67543,159436,18221,11.4284101457638,127687,13146,745,2475,55,4442,12436,62037,47438,5353,370,590,436,1074,6776,0.596418266518368,10.9225139835904
"37161","37","161",NC,North Carolina,Rutherford,Rutherford County,1464.475269,4.69378,64680,44.1659899413433,50512,63423,11655,18.3766141620548,54235,5585,122,351,6,1532,2849,26021,20656,3106,17,26,316,455,1445,0.0653318473540602,5.55320702509512
"39099","39","099",OH,Ohio,Mahoning,Mahoning County,1065.746923,35.461887,227979,213.914762576331,54279,221872,39017,17.5853645345064,174852,32671,574,2067,43,4346,13426,100983,82067,7361,1236,80,1275,1560,7404,1.22396839071923,7.33192715605597
"20025","20","025",KS,Kansas,Clark,Clark County,2524.30031,6.603384,1977,0.783187322113826,58287,1874,220,11.7395944503735,1721,0,48,18,0,20,170,912,693,67,0,6,81,14,51,0,5.59210526315789
"29021","29","021",MO,Missouri,Buchanan,Buchanan County,1057.361276,17.942874,84544,79.9575338334974,58303,80834,13398,16.5747086621966,70318,4957,357,1131,277,2238,5266,38201,30913,4155,128,0,472,399,2134,0.33506976257166,5.5862411978744
"39085","39","085",OH,Ohio,Lake,Lake County,593.807527,1942.301385,232236,391.096423403875,76835,229184,17476,7.62531415805641,204742,10946,248,3253,90,3079,9878,118513,94224,8557,680,161,1682,747,12462,0.573776716478361,10.5153021187549
"18027","18","027",IN,Indiana,Daviess,Daviess County,1112.436829,19.061974,33337,29.9675443413425,64113,32687,3150,9.63685868999908,30730,531,27,81,0,582,1386,14983,10314,3068,22,163,532,174,710,0.14683307748782,4.73870386437963
"19139","19","139",IA,Iowa,Muscatine,Muscatine County,1132.96448,30.262337,42968,37.9252842948792,67427,42138,4937,11.7162656034933,35899,1163,99,282,0,3437,2088,20877,17602,1618,107,25,479,105,941,0.512525746036308,4.50735258897351
"34017","34","017",NJ,New Jersey,Hudson,Hudson County,119.640821,41.836491,712029,5951.38844792782,86854,703117,99546,14.1578144177996,294600,85956,4273,114096,120,104184,108800,375393,131710,23745,125695,2116,25777,8175,58175,33.4835758791453,15.4970923805186
"06063","06","063",CA,California,Plumas,Plumas County,6612.400772,156.387638,19650,2.97168920601536,67885,19331,2101,10.8685531012364,17247,350,336,126,40,129,1422,7380,5671,653,22,57,386,26,565,0.29810298102981,7.65582655826558
"22127","22","127",LA,Louisiana,Winn,Winn Parish,2460.497667,17.449604,13665,5.55375450392573,44922,12019,2361,19.6438971628255,8964,4116,19,34,0,196,336,4788,3800,439,0,0,64,168,317,0,6.62071846282373
"05109","05","109",AR,Arkansas,Pike,Pike County,1554.861223,35.284868,10205,6.56328670947889,49248,9984,1745,17.4779647435897,9048,425,15,28,0,251,438,4210,3354,568,2,0,89,25,172,0.0475059382422803,4.0855106888361
"29183","29","183",MO,Missouri,St. Charles,St. Charles County,1451.69206,82.66366,406262,279.854117270573,99596,398999,18026,4.51780580903712,351477,20467,346,11152,184,4056,18580,215074,168546,12168,167,78,1542,2529,30044,0.0776476933520556,13.9691455034081
"17095","17","095",IL,Illinois,Knox,Knox County,1855.428865,8.837382,49751,26.8137469123614,50263,45839,7469,16.2939854708872,41625,4055,35,499,0,1275,2262,20421,16425,2083,108,26,627,173,979,0.528867342441604,4.79408452083639
"06081","06","081",CA,California,San Mateo,San Mateo County,1161.882953,757.162988,754250,649.161774903844,149907,748410,48137,6.4319022995417,327625,17238,6446,230174,9180,82367,81220,393729,232489,35500,29046,5019,9425,7508,74742,7.3771553530474,18.9831076705043
"01041","01","041",AL,Alabama,Crenshaw,Crenshaw County,1576.952763,5.388562,13205,8.37374480062343,48557,12895,1916,14.858472276076,9386,3059,10,154,6,142,448,5128,4029,648,25,0,66,78,282,0.487519500780031,5.49921996879875
"37177","37","177",NC,North Carolina,Tyrrell,Tyrrell County,1012.10667,534.571696,3389,3.34846128422412,55341,2690,430,15.9851301115242,1999,1118,0,12,0,156,104,1176,913,149,7,0,8,0,99,0.595238095238095,8.41836734693878
"20091","20","091",KS,Kansas,Johnson,Johnson County,1226.679687,16.319024,610742,497.882215277932,103644,604521,31858,5.26995753662817,500746,29591,1288,32803,185,11517,34612,329681,245584,18890,706,214,3218,3048,58021,0.214146402128118,17.599133708039
"18151","18","151",IN,Indiana,Steuben,Steuben County,799.737097,35.44688,34507,43.147929650186,68837,32914,3063,9.30607036519414,32572,108,19,190,0,435,1183,16098,13456,1346,46,61,485,124,580,0.285749782581687,3.60293204124736
"08063","08","063",CO,Colorado,Kit Carson,Kit Carson County,5596.50195,2.251929,7039,1.2577499414612,58992,6948,652,9.38399539435809,6033,2,49,12,0,519,424,3444,2728,283,0,6,105,33,289,0,8.39140534262486
"12099","12","099",FL,Florida,Palm Beach,Palm Beach County,5087.49166,1084.96938,1494805,293.819646281248,76066,1469938,166938,11.356805525131,919163,276750,3486,42126,847,78700,173733,682181,497601,67346,9427,3413,7723,13828,82843,1.38189131623425,12.1438445222016
"17121","17","121",IL,Illinois,Marion,Marion County,1482.865616,9.234118,37543,25.3178707462862,59099,36302,6157,16.9604980441849,34220,1628,13,254,5,192,1231,16031,13270,1645,30,45,184,87,770,0.187137421246335,4.80319381198927
"08081","08","081",CO,Colorado,Moffat,Moffat County,12284.943822,19.803411,13232,1.0770908025077,63983,13119,1947,14.8410702035216,11567,49,127,36,0,315,1138,6062,4469,1128,35,15,120,36,259,0.577367205542725,4.27251732101617
"27107","27","107",MN,Minnesota,Norman,Norman County,2260.512788,10.208059,6457,2.85643152928715,65278,6286,562,8.94050270442253,5854,84,119,8,0,27,365,3046,2276,334,11,19,200,27,179,0.36112934996717,5.87655942219304
"29017","29","017",MO,Missouri,Bollinger,Bollinger County,1600.364576,8.530122,10658,6.65973251334951,52306,10524,1570,14.9182820220448,10110,59,17,6,0,74,392,4464,3302,731,4,0,18,20,389,0.0896057347670251,8.71415770609319
"51011","51","011",VA,Virginia,Appomattox,Appomattox County,865.635017,3.206454,16253,18.7758116074456,60041,16156,2225,13.7719732607081,12621,2943,1,51,0,340,297,7614,6508,381,31,0,45,107,542,0.407144733385868,7.11846598371421
"53069","53","069",WA,Washington,Wahkiakum,Wahkiakum County,680.98077,61.564427,4476,6.5728728286997,59167,4436,609,13.7285843101894,3815,44,13,111,8,202,283,1550,1060,173,4,4,65,77,167,0.258064516129032,10.7741935483871
"13245","13","245",GA,Georgia,Richmond,Richmond County,840.036611,10.995252,206153,245.40954203721,50605,195984,40606,20.7190382888399,71015,115235,252,3659,148,3907,11937,91150,69772,7154,1749,147,2052,3900,6376,1.91881513987932,6.9950630828305
"37135","37","135",NC,North Carolina,Orange,Orange County,1029.651668,8.829147,145919,141.716858754217,85785,134428,16503,12.2764602612551,105171,15949,1074,11383,34,4084,8224,69679,41844,4897,3299,1212,2312,979,15136,4.73456852136225,21.7224701847041
"42005","42","005",PA,Pennsylvania,Armstrong,Armstrong County,1692.093647,27.586728,65538,38.7318988616237,61011,64856,6725,10.3691254471444,63113,689,23,241,0,215,1257,29788,23688,2907,88,17,695,282,2111,0.295420974889217,7.08674634080838
"48213","48","213",TX,Texas,Henderson,Henderson County,2263.082389,193.353703,82627,36.5108227617426,59778,81208,11986,14.7596295931435,68511,4611,303,551,40,1352,7259,33007,26043,3510,139,0,424,309,2582,0.421122792135002,7.82258308843579
"13259","13","259",GA,Georgia,Stewart,Stewart County,1188.153054,12.598484,5121,4.31005078239693,43094,3400,746,21.9411764705882,1231,3155,9,168,0,516,42,1450,1177,266,0,0,3,0,4,0,0.275862068965517
"21093","21","093",KY,Kentucky,Hardin,Hardin County,1615.891721,16.12368,111005,68.6958157885135,64136,107715,12401,11.5127883767349,85855,13155,241,2177,462,1521,7594,49975,39600,4845,135,149,1261,715,3270,0.270135067533767,6.54327163581791
"27097","27","097",MN,Minnesota,Morrison,Morrison County,2913.980724,73.275528,34023,11.675780735192,66264,33452,3448,10.3073059906732,32557,110,27,111,0,328,890,16347,12804,1540,106,55,506,196,1140,0.648437022083563,6.97375665259681
"17125","17","125",IL,Illinois,Mason,Mason County,1396.914848,62.748513,13074,9.35919610183713,58479,12869,1767,13.7306706037765,12609,65,8,40,0,51,301,5716,4530,502,12,13,81,98,480,0.209937018894332,8.39748075577327
"48387","48","387",TX,Texas,Red River,Red River County,2703.677244,33.25508,11627,4.30043934637636,44583,11429,2310,20.2117420596728,8995,1816,215,38,2,176,385,4303,3230,639,8,0,47,79,300,0.185916802231002,6.97188008366256
"12021","12","021",FL,Florida,Collier,Collier County,5171.811319,1575.210651,380221,73.5179565818959,82011,376549,39131,10.3920074147057,278439,24553,2831,5370,108,13381,55539,158573,117423,17207,854,547,1184,2734,18624,0.538553221544651,11.7447484754656
"48453","48","453",TX,Texas,Travis,Travis County,2575.210685,79.595808,1289054,500.562539410246,92731,1262697,142451,11.281487165963,813829,107055,9987,92880,635,111755,152913,725645,458195,56321,14239,5099,15768,8951,167072,1.9622542703388,23.0239304343033
"06101","06","101",CA,California,Sutter,Sutter County,1560.975504,14.811541,99101,63.486582426216,72654,98113,13065,13.31627816905,53760,1940,1609,16490,362,10863,14077,41767,31965,5391,279,171,656,417,2888,0.667991476524529,6.91454976416788
"06035","06","035",CA,California,Lassen,Lassen County,11762.091407,462.950203,31873,2.70980720155187,59515,23931,3645,15.2312899586311,22816,2682,721,569,302,926,3857,8909,7018,1031,32,21,253,43,511,0.359187338646313,5.73577281400831
"12097","12","097",FL,Florida,Osceola,Osceola County,3438.319511,462.144531,393745,114.51669885254,64312,390525,52441,13.4283336534153,195489,42932,1497,10794,242,77308,65483,187046,137428,24261,2074,349,1253,2843,18838,1.10881815168461,10.0713193545973
"16081","16","081",ID,Idaho,Teton,Teton County,1163.13997,2.868473,11813,10.1561293607682,88906,11809,1178,9.97544245914133,9911,0,155,0,0,905,842,6681,4517,779,122,65,211,23,964,1.82607394102679,14.4289776979494
"08105","08","105",CO,Colorado,Rio Grande,Rio Grande County,2361.956083,0.984295,11442,4.84428990121913,57591,11221,1151,10.2575528027805,8757,48,168,17,15,761,1676,4989,3873,495,58,31,144,36,352,1.16255762677891,7.0555221487272
"26041","26","041",MI,Michigan,Delta,Delta County,3033.137847,2124.38942,36839,12.145508004668,53852,36245,4802,13.2487239619258,33702,104,683,72,1,114,2163,14790,11899,1407,94,89,384,160,757,0.635564570655849,5.1183231913455
"36081","36","081",NY,New York,Queens,Queens County,281.594048,188.444349,2360826,8383.79225970003,82431,2334022,272926,11.6933773546265,720630,417637,13901,614652,1297,368856,223853,1112766,362668,66875,486661,8029,61728,20173,106632,43.7343520560477,9.58260766414502
"41015","41","015",OR,Oregon,Curry,Curry County,4217.491537,934.612806,23404,5.54927017509745,64300,23227,2886,12.4251948163775,20541,88,311,188,0,262,2014,8625,6271,592,36,17,215,80,1414,0.417391304347826,16.3942028985507
"51057","51","057",VA,Virginia,Essex,Essex County,666.494469,74.795283,10602,15.9071087505154,52335,10501,1797,17.1126559375298,6068,3994,35,60,0,6,439,4073,2837,688,0,0,74,130,344,0,8.44586300024552
"40141","40","141",OK,Oklahoma,Tillman,Tillman County,2256.226949,20.895054,7013,3.10828660348565,46306,6768,1146,16.9326241134752,4622,508,286,31,0,1000,566,2709,2129,251,24,18,27,68,192,0.8859357696567,7.0874861572536
"08025","08","025",CO,Colorado,Crowley,Crowley County,2039.427872,33.422981,5782,2.83510884566355,40685,4449,1076,24.1852101595864,3875,239,231,177,0,321,939,1567,1214,159,5,25,18,0,146,0.319081046585833,9.31716656030632
"08101","08","101",CO,Colorado,Pueblo,Pueblo County,6181.242833,28.941249,168135,27.2008404365498,59436,163989,27274,16.6316033392484,127996,3379,4130,1451,64,12791,18324,69850,56275,7416,429,123,1027,530,4050,0.614173228346457,5.79813886900501
"08071","08","071",CO,Colorado,Las Animas,Las Animas County,12361.852648,6.92997,14422,1.16665360853766,48965,13791,2627,19.0486549198753,10314,161,682,155,11,468,2631,5703,4017,670,15,14,314,128,545,0.263019463440295,9.5563738383307
"40001","40","001",OK,Oklahoma,Adair,Adair County,1486.345553,8.864932,19726,13.2714764478459,44955,19439,4339,22.3211070528319,7756,66,8681,268,4,799,2152,7067,5693,784,9,16,191,116,258,0.127352483373426,3.65077119003821
"36095","36","095",NY,New York,Schoharie,Schoharie County,1610.503551,11.676951,29970,18.6090865688504,71479,28637,2904,10.1407270314628,27321,523,33,295,24,501,1273,13550,10200,1378,52,0,589,63,1268,0.383763837638376,9.35793357933579
"36007","36","007",NY,New York,Broome,Broome County,1827.626589,25.078245,198365,108.536941404719,58317,188620,35991,19.0812215035521,163872,10808,312,9782,78,3614,9899,84789,64049,7396,2615,324,3389,1069,5947,3.08412647867058,7.0138815176497
"39145","39","145",OH,Ohio,Scioto,Scioto County,1580.270731,16.094954,73716,46.6477031776399,46360,70411,16750,23.7888966212666,68616,2045,179,357,5,252,2262,26345,22119,1963,6,61,460,142,1594,0.0227747200607326,6.05048396280129
"39147","39","147",OH,Ohio,Seneca,Seneca County,1427.151722,4.576816,55062,38.5817423271833,62476,52140,6063,11.6283084004603,50519,1621,157,321,0,794,1650,26313,21446,1990,49,50,1133,382,1263,0.186219739292365,4.79990879033178
"48427","48","427",TX,Texas,Starr,Starr County,3168.019235,15.346374,65716,20.7435609209614,35979,65140,21796,33.4602394841879,37809,80,45,34,0,4843,22905,23333,16701,3460,0,0,877,293,2002,0,8.58012257317962
"13127","13","127",GA,Georgia,Glynn,Glynn County,1086.851551,429.106784,84566,77.8082341808242,65970,83105,13638,16.4105649479574,56354,20902,284,1014,92,1791,4129,36929,29386,3581,72,144,403,693,2650,0.194968723767229,7.17593219421051
"13139","13","139",GA,Georgia,Hall,Hall County,1017.850585,93.972134,204953,201.358630648132,74153,202711,27392,13.512833541347,147504,14002,657,4199,21,13380,25190,97489,72989,12590,621,20,1007,1803,8459,0.636994943019212,8.67687636553868
"48039","48","039",TX,Texas,Brazoria,Brazoria County,3530.864177,635.541938,374600,106.093007609904,91972,362047,27271,7.53244744466879,218834,57108,1920,26591,61,20719,49367,171722,140923,12895,413,129,963,1460,14939,0.240505002271113,8.69952597803426
"42097","42","097",PA,Pennsylvania,Northumberland,Northumberland County,1185.380649,50.638539,91340,77.0554168207954,55952,87681,10872,12.399493618914,84070,2399,49,335,14,1410,3063,40657,32025,3942,156,28,1111,390,3005,0.383697764222643,7.3911011633913
"26161","26","161",MI,Michigan,Washtenaw,Washtenaw County,1828.539918,42.523115,370231,202.473567219111,84245,350752,48358,13.7869491834687,262172,42895,855,33933,137,5555,24684,184417,116854,12146,7199,2048,12011,1406,32753,3.90365313393017,17.7602932484532
"37009","37","009",NC,North Carolina,Ashe,Ashe County,1104.018838,8.062965,26759,24.2378110580754,49176,26450,3734,14.117202268431,25585,263,63,117,8,81,642,11435,8965,1261,8,0,196,65,940,0.069960647135986,8.22037603847836
"51167","51","167",VA,Virginia,Russell,Russell County,1226.421378,7.558481,25763,21.0066462165013,44088,25489,4925,19.3220604966848,24849,520,57,10,77,8,242,8527,6714,1213,2,0,201,101,296,0.0234549079394863,3.47132637504398
"37017","37","017",NC,North Carolina,Bladen,Bladen County,2266.32154,33.022256,29807,13.1521496283356,40476,29436,7188,24.4190786791684,16874,10057,940,93,0,1326,517,10567,8669,981,27,0,312,6,572,0.255512444402385,5.41307845178386
"21115","21","115",KY,Kentucky,Johnson,Johnson County,678.48858,5.619567,22631,33.3550197705612,44231,22090,4728,21.403349932096,21837,103,12,269,0,26,384,7168,5967,683,0,0,22,0,496,0,6.91964285714286
"37155","37","155",NC,North Carolina,Robeson,Robeson County,2453.481924,5.076395,117573,47.9208747575839,39393,114042,30923,27.1154486943407,30143,27784,47225,784,38,8204,3395,43118,36775,3822,192,18,413,503,1395,0.445289670207338,3.23530776010019
"47157","47","157",TN,Tennessee,Shelby,Shelby County,1969.826786,51.308328,926440,470.315464580143,59621,909754,164861,18.1214921836013,339650,498214,2192,26723,371,28505,30785,422464,338025,38670,2639,618,5165,5083,32264,0.624668610816543,7.63710043932737
"26069","26","069",MI,Michigan,Iosco,Iosco County,1422.173769,3473.068812,25319,17.803028400533,46224,24982,3767,15.0788567768794,23630,173,252,172,0,91,1001,9130,7452,683,8,58,360,35,534,0.0876232201533406,5.84884994523549
"40101","40","101",OK,Oklahoma,Muskogee,Muskogee County,2099.548024,76.078046,66606,31.7239707016104,50289,62509,11317,18.1045929386168,37411,6631,11873,446,6,2330,7909,25734,21272,1929,160,86,264,388,1635,0.621745550633403,6.35346234553509
"13079","13","079",GA,Georgia,Crawford,Crawford County,841.524044,3.986929,12156,14.4452200583826,56948,11960,1987,16.6137123745819,8916,2677,100,0,0,262,201,4844,3983,329,37,0,11,155,329,0.763831544178365,6.79190751445087
"51810","51","810",VA,Virginia,Virginia Beach,Virginia Beach city,633.818766,654.697226,457900,722.446264710313,87544,449133,36085,8.03436843874754,287415,86497,1100,32680,607,10628,38973,242547,187071,18294,2183,846,4409,3709,26035,0.900031746424404,10.734002069702
"26125","26","125",MI,Michigan,Oakland,Oakland County,2246.569961,103.163034,1272264,566.313990699709,92620,1261164,97107,7.69979162107387,913135,167691,2236,102915,405,15063,70819,646051,489381,40838,2146,1184,6972,5595,99935,0.332171918316046,15.4685930367726
"26145","26","145",MI,Michigan,Saginaw,Saginaw County,2074.078765,39.262561,189821,91.5206322938271,56579,183757,33469,18.2137279124061,137164,35774,691,2267,53,3371,10501,79772,64447,6946,300,148,1656,709,5566,0.376071804643233,6.97738554881412
"47059","47","059",TN,Tennessee,Greene,Greene County,1611.409727,5.099752,70399,43.6878335909412,51975,68258,10651,15.6040317618448,65527,1217,150,343,87,360,2715,28512,24158,2189,22,16,294,310,1523,0.0771604938271605,5.34161054994388
"42025","42","025",PA,Pennsylvania,Carbon,Carbon County,987.62369,15.827992,65018,65.8327667291982,64538,63983,7551,11.8015722926402,59656,1582,95,288,0,562,2835,29552,23856,2972,79,3,447,178,2017,0.267325392528424,6.82525717379534
"45025","45","025",SC,South Carolina,Chesterfield,Chesterfield County,2069.364015,17.265236,43536,21.0383478616738,46326,43008,8738,20.317150297619,26955,13402,159,146,0,653,2221,17675,15155,1117,103,118,176,775,231,0.582743988684583,1.30693069306931
"47163","47","163",TN,Tennessee,Sullivan,Sullivan County,1071.072985,41.861227,158722,148.189714634619,54357,156394,23761,15.1930380960906,147979,3156,254,1225,12,1267,4829,67689,56008,4482,63,14,799,1118,5205,0.0930727296902008,7.68958028630944
"09190","09","190",CT,Connecticut,Western Connecticut,Western Connecticut Planning Region,1378.176376,300.211454,620666,450.353097621229,118930,613025,45652,7.44700460829493,414266,62311,1317,32309,341,49671,60451,315294,200218,24378,24306,425,8980,4349,52638,7.70899541380426,16.6948942891397
"35041","35","041",NM,New Mexico,Roosevelt,Roosevelt County,6335.242836,18.679734,19142,3.02151006607444,52644,17975,3697,20.567454798331,13580,374,200,134,32,2435,2387,8672,6723,1259,22,19,276,43,330,0.253690036900369,3.80535055350553
"22005","22","005",LA,Louisiana,Ascension,Ascension Parish,751.01842,32.96828,126973,169.067757352742,93800,125821,12453,9.89739391675475,85412,29074,305,1525,97,4679,5881,61876,51526,4999,120,44,447,151,4589,0.193936259616006,7.41644579481544
"13019","13","019",GA,Georgia,Berrien,Berrien County,1174.23957,11.671125,18187,15.4883215185807,48670,17956,4167,23.2067275562486,14934,1869,0,194,27,310,853,7206,6141,541,37,0,85,70,332,0.51346100471829,4.60727171801277
"37101","37","101",NC,North Carolina,Johnston,Johnston County,2051.31463,9.394346,219042,106.781279086378,75288,216578,23185,10.7051501075825,152984,36185,1205,1513,87,14061,13007,106454,83535,9497,127,86,982,665,11562,0.119300355082947,10.8610291769215
"21127","21","127",KY,Kentucky,Lawrence,Lawrence County,1076.391952,11.578388,16228,15.0762925808275,42488,16087,4236,26.3318207248089,15871,36,1,66,0,17,237,4394,3844,367,17,0,14,20,132,0.386891215293582,3.00409649522076
"42051","42","051",PA,Pennsylvania,Fayette,Fayette County,2048.054609,20.636363,128417,62.7019413621505,55579,123997,20090,16.202004887215,116188,5437,98,645,51,830,5168,53239,43397,4391,640,29,877,750,3155,1.20212626082383,5.92610680140498
"47099","47","099",TN,Tennessee,Lawrence,Lawrence County,1598.359119,2.218403,44377,27.7640984885575,51038,43689,7021,16.0704067385383,41505,628,22,182,42,340,1658,18192,15416,1347,20,0,202,204,1003,0.109938434476693,5.51341248900616
"49021","49","021",UT,Utah,Iron,Iron County,8537.032441,11.390957,58068,6.80189520202855,63005,57417,8109,14.1229949318146,51237,434,926,654,152,1605,3060,26664,20218,2821,25,71,600,279,2650,0.0937593759375938,9.93849384938494
"51021","51","021",VA,Virginia,Bland,Bland County,926.311265,2.547191,6241,6.73747609017796,59901,5247,564,10.7489994282447,5831,251,6,9,0,30,114,2277,1839,296,0,0,50,27,65,0,2.8546332894159
"19111","19","111",IA,Iowa,Lee,Lee County,1340.448559,55.266767,33442,24.9483650644142,58094,32055,4092,12.7655591951334,30954,956,61,143,13,111,1204,14867,12297,1100,109,113,313,71,864,0.733167417770902,5.81152888948678
"26017","26","017",MI,Michigan,Bay,Bay County,1145.834939,487.71337,103752,90.5470731155633,57887,102815,15715,15.2847347176968,95552,1404,202,529,55,661,5349,47237,39493,2915,164,435,746,277,3207,0.347185469017931,6.78916950695429
"31177","31","177",NE,Nebraska,Washington,Washington County,1009.985089,8.392879,20884,20.6775329927668,89671,20631,1644,7.96859095535844,19916,90,54,65,39,158,562,10853,8789,546,32,0,249,169,1068,0.294849350410025,9.84059706993458
"31033","31","033",NE,Nebraska,Cheyenne,Cheyenne County,3097.645434,0.292549,9489,3.06329442868057,54038,9316,1086,11.6573636753972,8772,101,58,89,16,74,379,4536,3542,399,0,34,231,29,301,0,6.6358024691358
"45049","45","049",SC,South Carolina,Hampton,Hampton County,1450.327687,7.072565,18890,13.0246427544067,40157,18080,3613,19.983407079646,7591,9959,4,146,0,838,352,7180,5944,995,24,0,41,30,146,0.334261838440111,2.03342618384401
"37157","37","157",NC,North Carolina,Rockingham,Rockingham County,1465.006551,18.434917,91209,62.2584246723959,50737,89294,16806,18.8209734136672,66592,16080,650,514,157,2767,4449,38800,32094,3390,76,0,577,942,1721,0.195876288659794,4.43556701030928
"39109","39","109",OH,Ohio,Miami,Miami County,1053.040432,7.924793,108818,103.336962848925,71440,107625,9102,8.45714285714286,99955,2198,119,1790,10,482,4264,53983,44585,3869,165,186,730,411,4037,0.305651779263842,7.47828019932201
"40125","40","125",OK,Oklahoma,Pottawatomie,Pottawatomie County,2040.37564,14.845673,72734,35.6473575620615,58270,69282,10955,15.8121878698652,53109,2346,9340,506,95,742,6596,29303,24494,2307,12,30,477,298,1685,0.0409514384192745,5.75026447803979
"41053","41","053",OR,Oregon,Polk,Polk County,1918.983624,8.313041,87600,45.6491649560841,77353,85522,10140,11.8565983021912,71042,651,1580,1620,392,4264,8051,39897,28398,3687,326,265,1126,407,5688,0.817104042910495,14.2567110309046
"42083","42","083",PA,Pennsylvania,McKean,McKean County,2537.395974,13.034578,40459,15.9450871738476,57861,37789,5343,14.1390351689645,38007,823,15,172,2,313,1127,17283,13831,1626,81,26,798,152,769,0.468668633917723,4.44945900595961
"45035","45","035",SC,South Carolina,Dorchester,Dorchester County,1472.353435,6.778383,162139,110.122336217459,73686,159429,19665,12.334644261709,104519,41248,474,3225,275,4007,8391,77259,64222,5381,84,277,425,1035,5835,0.10872519706442,7.55251815322487
"51820","51","820",VA,Virginia,Waynesboro,Waynesboro city,38.771593,0.364644,22341,576.22084292487,52519,22073,3562,16.1373623884384,17060,2363,66,394,0,457,2001,10864,8559,1207,19,8,167,99,805,0.174889543446244,7.40979381443299
"54055","54","055",WV,West Virginia,Mercer,Mercer County,1085.106062,4.44245,59530,54.8609966202548,46409,57898,10869,18.7726691768282,53371,3510,123,160,0,172,2194,22693,19272,1439,58,2,645,197,1080,0.255585422817609,4.75917683867272
"05069","05","069",AR,Arkansas,Jefferson,Jefferson County,2259.364695,113.071689,66934,29.6251420357792,46855,60595,11818,19.5032593448304,25818,37460,85,523,269,954,1825,24926,21201,1561,149,0,256,185,1574,0.597769397416352,6.31469148680093
"06107","06","107",CA,California,Tulare,Tulare County,12493.840855,37.260863,473446,37.8943517445661,64474,467719,86391,18.4707057015003,240811,7695,6492,16955,718,117855,82920,184620,143320,26615,935,225,2464,1499,9562,0.506445672191529,5.17928718448705
"16011","16","011",ID,Idaho,Bingham,Bingham County,5422.741969,68.632371,48253,8.89826590972726,69433,47542,4939,10.3887089310504,38011,79,2724,175,22,3362,3880,21253,16845,2392,402,0,237,90,1287,1.89149767091705,6.05561567778667
"19083","19","083",IA,Iowa,Hardin,Hardin County,1474.498036,1.783759,16861,11.43507796439,64656,16112,1355,8.40988083416087,15693,92,273,151,5,171,476,8199,6572,430,5,22,321,147,702,0.0609830467130138,8.56201975850714
"51550","51","550",VA,Virginia,Chesapeake,Chesapeake city,876.598053,32.349712,249377,284.482721752064,92703,244451,18669,7.6371133683233,142840,73034,417,9179,144,5977,17786,123540,97867,9862,697,38,1489,1427,12160,0.564189736117857,9.84296584102315
"19031","19","031",IA,Iowa,Cedar,Cedar County,1500.798732,6.385833,18479,12.3127769273728,76959,18104,1418,7.83252319929297,17819,90,20,112,0,28,410,9612,7984,453,15,2,195,104,859,0.15605493133583,8.93674573449854
"05017","05","017",AR,Arkansas,Chicot,Chicot County,1649.764401,140.413175,10234,6.20330999614047,36593,9542,2618,27.4365961014462,4339,5483,4,26,0,65,317,3224,2742,170,0,0,171,42,99,0,3.07071960297767
"06103","06","103",CA,California,Tehama,Tehama County,7638.229338,33.767224,65484,8.57319112876315,59029,64796,10483,16.1784678066547,48781,626,911,1236,28,4530,9372,24769,19882,2051,23,8,356,210,2239,0.0928580079938633,9.03952521296782
"28089","28","089",MS,Mississippi,Madison,Madison County,1850.178077,71.698127,109257,59.0521536052121,79105,107564,10534,9.79323937376818,61696,41097,20,2964,39,1232,2209,53113,43943,4535,40,0,302,472,3821,0.0753111291021031,7.1940956074784
"49017","49","017",UT,Utah,Garfield,Garfield County,13414.9867,75.978582,5121,0.381737240186753,56481,4947,787,15.9086314938346,4826,6,146,0,22,47,74,2321,1508,385,0,0,224,58,146,0,6.29039207238259
"48251","48","251",TX,Texas,Johnson,Johnson County,1877.868553,23.815087,182690,97.285829568924,77058,179607,19045,10.6037069824673,148833,8234,691,1950,70,7354,15558,85387,73423,6517,56,49,540,542,4260,0.0655837539672315,4.9890498553644
"30045","30","045",MT,Montana,Judith Basin,Judith Basin County,4842.46656,2.066739,2039,0.421066407942319,58750,2039,357,17.5085826385483,1894,0,34,0,0,91,20,971,541,47,0,0,131,15,237,0,24.4078269824923
"53005","53","005",WA,Washington,Benton,Benton County,4403.30985,154.293639,207560,47.1372687979248,83778,205548,21647,10.5313600716134,157190,3652,1538,6413,477,18034,20256,92769,71345,9625,831,190,1040,473,9265,0.895773372570579,9.98717243906909
"55141","55","141",WI,Wisconsin,Wood,Wood County,2053.974903,41.978094,74138,36.0948908828999,63273,73330,7697,10.4963861993727,68727,556,291,1431,4,693,2436,35109,28198,2915,52,231,669,350,2694,0.148110171181179,7.67324617619414
"37095","37","095",NC,North Carolina,Hyde,Hyde County,1585.958032,2192.938302,4636,2.92315427423618,43724,4042,1209,29.9109351806037,2722,1325,28,0,0,102,459,1325,974,245,9,0,5,42,50,0.679245283018868,3.77358490566038
"38029","38","029",ND,North Dakota,Emmons,Emmons County,3906.739847,121.497556,3297,0.843926170956016,63750,3232,217,6.71410891089109,3154,6,5,10,0,30,92,1536,1074,107,7,0,118,0,230,0.455729166666667,14.9739583333333
"48165","48","165",TX,Texas,Gaines,Gaines County,3891.102467,1.262946,21523,5.53133724504408,73299,21389,2708,12.6607134508392,17011,390,103,185,0,958,2876,8472,5930,1625,1,37,206,334,339,0.0118035882908404,4.0014164305949
"48287","48","287",TX,Texas,Lee,Lee County,1629.204758,13.122562,17543,10.7678300802016,66448,17152,2258,13.1646455223881,13507,1847,280,67,0,327,1515,7672,5789,555,23,39,211,417,638,0.299791449426486,8.31595411887383
"21187","21","187",KY,Kentucky,Owen,Owen County,907.751566,9.741924,11229,12.3701246250453,56485,11112,1571,14.1378689704824,10588,117,3,17,0,66,438,4839,3678,518,10,0,127,58,448,0.206654267410622,9.25811117999587
"21113","21","113",KY,Kentucky,Jessamine,Jessamine County,445.767041,6.121602,53381,119.750890241345,69905,51659,6254,12.1063125496041,47599,2301,32,720,11,539,2179,24518,18916,2624,17,0,670,57,2234,0.0693368137694755,9.1116730565299
"21205","21","205",KY,Kentucky,Rowan,Rowan County,724.888281,16.537777,24551,33.8686672739851,50038,21826,5366,24.5853569137726,23425,505,11,200,0,38,372,10525,8003,1065,74,25,590,47,721,0.703087885985748,6.85035629453682
"29131","29","131",MO,Missouri,Miller,Miller County,1534.753301,19.219023,24855,16.194785170884,53490,24462,3906,15.9676232523915,23797,260,36,111,14,119,518,11107,9047,1070,0,0,175,139,676,0,6.08625191320789
"33003","33","003",NH,New Hampshire,Carroll,Carroll County,2413.515434,159.620276,50679,20.9980012085558,77049,49977,3998,7.99967985273226,48417,288,248,421,0,118,1187,24419,18696,2026,97,0,460,171,2969,0.397231663868299,12.1585650518039
"51770","51","770",VA,Virginia,Roanoke,Roanoke city,110.129436,0.855753,99213,900.876310671381,51523,97496,18635,19.113604660704,58589,29140,105,3199,98,1698,6384,46368,35506,3287,1357,87,928,691,4512,2.9265873015873,9.73084886128364
"37189","37","189",NC,North Carolina,Watauga,Watauga County,809.214847,2.27172,54540,67.3986645230201,50034,48908,12190,24.9243477549685,50349,981,339,767,19,348,1737,25360,19121,2180,408,86,1179,131,2255,1.60883280757098,8.89195583596215
"06031","06","031",CA,California,Kings,Kings County,3602.601926,3.16429,152515,42.3346800819981,68540,139603,22634,16.2131186292558,78680,9848,2596,5943,375,31275,23798,56893,44555,7798,234,234,828,687,2557,0.411298402263899,4.49440177174696
"22037","22","037",LA,Louisiana,East Feliciana,East Feliciana Parish,1174.022937,6.150603,19452,16.5686711792071,64709,16640,2441,14.6694711538462,10650,7796,152,58,0,12,784,6530,5849,329,0,0,20,13,319,0,4.88514548238897
"29015","29","015",MO,Missouri,Benton,Benton County,1823.437752,125.605711,19616,10.757702026562,50229,19367,3396,17.534982186193,18378,135,161,17,8,71,846,6959,5742,602,4,11,197,112,291,0.0574795229199598,4.18163529242707
"20191","20","191",KS,Kansas,Sumner,Sumner County,3060.505682,8.512878,22517,7.35728090048356,59397,22047,2553,11.5798067764322,20464,225,551,136,0,209,932,9872,8050,771,0,9,298,45,699,0,7.08063209076175
"21139","21","139",KY,Kentucky,Livingston,Livingston County,810.561761,75.614774,8980,11.0787362938529,56125,8926,1503,16.8384494734484,8620,53,0,3,0,33,271,3797,2970,444,57,0,103,87,136,1.50118514616803,3.58177508559389
"06077","06","077",CA,California,San Joaquin,San Joaquin County,3605.878834,89.000661,779445,216.159509479513,82837,763754,98352,12.8774448317128,328081,54792,7932,133870,4778,106602,143390,325292,247437,39608,4201,1124,3758,3094,26070,1.2914550619136,8.01433788719059
"40003","40","003",OK,Oklahoma,Alfalfa,Alfalfa County,2244.392664,38.546676,5683,2.53208811949672,75028,4530,534,11.7880794701987,4695,201,156,39,5,187,400,2078,1700,169,1,1,101,23,83,0.0481231953801732,3.99422521655438
"42011","42","011",PA,Pennsylvania,Berks,Berks County,2218.072315,24.220126,428483,193.178102040375,74617,415500,49115,11.820697954272,322910,21068,1847,5831,70,38190,38567,206685,157814,16615,2499,332,5915,4376,19134,1.20908629073227,9.25756586109297
"42075","42","075",PA,Pennsylvania,Lebanon,Lebanon County,937.148915,1.722125,143258,152.865780141249,72532,139477,15214,10.9078916237086,119157,3014,153,2228,5,11149,7552,68005,52785,6329,434,119,1847,701,5790,0.638188368502316,8.51407984707007
"13037","13","037",GA,Georgia,Calhoun,Calhoun County,726.191502,8.27147,5594,7.70320223328639,48663,3900,1007,25.8205128205128,1856,3465,0,0,0,206,67,1574,1240,151,7,0,42,0,134,0.444726810673443,8.5133418043202
"05127","05","127",AR,Arkansas,Scott,Scott County,2312.47068,14.373451,9871,4.26859466170615,45340,9792,1677,17.1262254901961,8426,119,50,63,5,462,746,4047,3370,386,4,13,25,140,109,0.098838645910551,2.69335310106252
"08009","08","009",CO,Colorado,Baca,Baca County,6617.400566,6.142192,3496,0.528304122613091,42115,3391,781,23.0315541138307,3159,11,32,81,4,79,130,1468,1193,93,0,3,61,20,98,0,6.67574931880109
"12005","12","005",FL,Florida,Bay,Bay County,1964.760707,1834.02853,181055,92.1511710586138,65999,178348,21755,12.198062215444,141183,18655,885,3684,263,4060,12325,85923,67085,9563,477,301,944,917,6636,0.55514821409867,7.72319402255508
"13185","13","185",GA,Georgia,Lowndes,Lowndes County,1287.842352,34.54179,118257,91.8256802289105,52821,113874,23507,20.6429913764336,63660,43641,632,2312,167,2384,5461,52388,43725,4524,120,112,980,834,2093,0.229060090096969,3.99518973810796
"18165","18","165",IN,Indiana,Vermillion,Vermillion County,665.35301,7.817397,15488,23.2778686910878,59567,15223,2263,14.8656637982001,14895,69,17,27,13,43,424,6710,5485,578,50,0,82,7,508,0.745156482861401,7.57078986587183
"36105","36","105",NY,New York,Sullivan,Sullivan County,2507.484145,73.737482,78725,31.3960110802615,67841,75537,11211,14.841733190357,58757,6628,577,1528,7,5323,5905,33267,25228,2978,366,177,884,373,3261,1.10018937685995,9.80250698890793
"39129","39","129",OH,Ohio,Pickaway,Pickaway County,1298.084349,13.880987,58809,45.3044519374295,67600,54529,6813,12.4942691045132,54399,2228,29,84,0,160,1909,25292,20106,2379,30,0,322,159,2296,0.118614581685909,9.07796931836154
"40153","40","153",OK,Oklahoma,Woodward,Woodward County,3218.801189,9.693573,20411,6.34118070720024,61207,19305,2889,14.965034965035,17532,322,504,83,4,734,1232,9248,7580,1180,0,3,123,161,201,0,2.17344290657439
"31015","31","015",NE,Nebraska,Boyd,Boyd County,1397.106495,13.211259,1767,1.26475684303508,57120,1739,202,11.6158711903393,1637,5,51,0,0,31,43,848,621,60,8,3,90,3,63,0.943396226415094,7.42924528301887
"21057","21","057",KY,Kentucky,Cumberland,Cumberland County,790.326358,14.920717,5974,7.55890264765787,40515,5869,1658,28.2501277900835,5562,162,15,49,0,64,122,2193,1811,245,10,0,50,0,77,0.455996352029184,3.51117191062471
"27157","27","157",MN,Minnesota,Wabasha,Wabasha County,1354.362716,68.87549,21460,15.845090644093,75063,21211,1606,7.57154306727641,20479,51,70,122,92,213,433,11055,8350,999,151,42,429,72,1012,1.36589778380823,9.15422885572139
"51175","51","175",VA,Virginia,Southampton,Southampton County,1551.90977,8.090235,18003,11.6005455652232,67813,16546,1384,8.36455941012934,11114,5421,54,59,0,102,1253,7839,6290,806,61,0,49,207,426,0.778160479653017,5.43436662839648
"36027","36","027",NY,New York,Dutchess,Dutchess County,2060.598611,76.906718,296467,143.874211317713,94578,281834,24165,8.5741961580221,217242,31418,904,10111,142,14156,22494,145279,105138,9746,6125,236,4371,2059,17604,4.21602571603604,12.1173741559344
"51095","51","095",VA,Virginia,James City,James City County,368.550683,95.239463,78818,213.859324200466,100711,77952,5675,7.2801211001642,59872,9956,32,2012,22,1372,5552,35330,27181,2258,245,95,307,271,4973,0.693461647325219,14.0758562128503
"13269","13","269",GA,Georgia,Taylor,Taylor County,975.61309,7.801539,7799,7.99394768268228,40727,7634,2211,28.9625360230548,4542,3000,3,70,0,2,182,2827,2305,363,0,15,5,8,131,0,4.63388751326494
"48423","48","423",TX,Texas,Smith,Smith County,2386.604718,73.163264,234667,98.3267141936489,69053,228331,28799,12.6128296201567,167190,40003,881,3911,176,5960,16546,107599,87257,9043,495,224,1251,1818,7511,0.460041450199351,6.98054814635824
"48265","48","265",TX,Texas,Kerr,Kerr County,2857.617602,10.231764,52810,18.4804292789347,66713,51003,6395,12.5384781287375,41252,872,178,423,12,3848,6225,22844,16907,2839,28,198,559,236,2077,0.122570478024864,9.09210295920154
"54041","54","041",WV,West Virginia,Lewis,Lewis County,1002.143596,7.036534,16920,16.8838079368418,50552,16707,2812,16.8312683306399,15733,22,35,97,0,54,979,6537,5117,487,0,27,100,483,323,0,4.94110448217837
"38065","38","065",ND,North Dakota,Oliver,Oliver County,1871.017442,22.47576,1832,0.979146403916848,69722,1831,211,11.5237575095576,1683,0,8,6,7,0,128,775,565,55,0,0,24,28,103,0,13.2903225806452
"47129","47","129",TN,Tennessee,Morgan,Morgan County,1352.43968,0.823018,21124,15.6191808864999,51971,18643,3897,20.9032880974092,19222,1037,54,42,12,147,610,7241,6176,678,15,0,47,3,322,0.207153708051374,4.44689959950283
"56003","56","003",WY,Wyoming,Big Horn,Big Horn County,8124.681752,55.228616,11690,1.43882558810656,61262,11415,1271,11.1344721857205,10454,52,73,81,31,591,408,4868,3781,433,37,5,197,34,381,0.760065735414955,7.8266228430567
"21161","21","161",KY,Kentucky,Mason,Mason County,621.926398,16.274514,17068,27.4437619224518,48460,16767,3142,18.739190075744,15028,1156,86,95,16,96,591,7236,6383,277,6,0,120,55,395,0.0829187396351575,5.45881702598121
"22091","22","091",LA,Louisiana,St. Helena,St. Helena Parish,1058.078903,2.796358,10872,10.2752261378375,46402,10715,2942,27.4568362109193,5046,5627,0,15,0,2,182,3668,3041,210,83,10,97,149,78,2.26281352235551,2.12649945474373
"24023","24","023",MD,Maryland,Garrett,Garrett County,1681.102438,22.49842,28856,17.1649266265593,64447,28236,3123,11.0603484912877,27696,364,44,120,17,159,456,13283,10351,1182,133,30,181,88,1318,1.0012798313634,9.92245727621772
"26097","26","097",MI,Michigan,Mackinac,Mackinac County,2646.6548,2793.754477,10843,4.09686975422711,60620,10657,1685,15.8112039035376,7851,415,1586,89,20,99,783,4287,2703,329,228,312,288,55,372,5.3184044786564,8.67739678096571
"47037","47","037",TN,Tennessee,Davidson,Davidson County,1303.999197,56.424538,709786,544.314752365603,71863,688474,98696,14.335472363517,423888,186862,965,25506,358,27028,45179,390556,276136,32762,6034,1132,8114,5700,60678,1.54497690472045,15.5363123342107
"48185","48","185",TX,Texas,Grimes,Grimes County,2039.528341,36.609847,29442,14.4356905506713,63484,25872,3719,14.3746134817563,20378,3509,198,108,22,1456,3771,11335,9382,1112,16,0,226,114,485,0.141155712395236,4.27878253198059
"48155","48","155",TX,Texas,Foard,Foard County,1824.378631,8.514741,1075,0.589241718650672,41944,1024,226,22.0703125,793,3,5,2,0,40,232,500,317,140,0,0,10,0,33,0,6.6
"51067","51","067",VA,Virginia,Franklin,Franklin County,1788.671765,54.404459,54838,30.6585037417416,66275,53168,7046,13.2523322299127,47963,4240,142,353,5,384,1751,23512,18734,1728,82,3,481,211,2273,0.348758080979925,9.66740387887036
"51023","51","023",VA,Virginia,Botetourt,Botetourt County,1401.898974,12.126225,33734,24.0630748903023,77680,33322,2397,7.19344577156233,31350,858,41,170,83,141,1091,15827,12933,1044,0,0,73,170,1607,0,10.1535350982498
"37139","37","139",NC,North Carolina,Pasquotank,Pasquotank County,587.610259,161.751355,40454,68.844951871407,61411,37690,4370,11.5945874237198,22871,14363,140,544,28,513,1995,18395,14172,2083,7,0,550,245,1338,0.0380538189725469,7.27371568360968
"05005","05","005",AR,Arkansas,Baxter,Baxter County,1434.675041,84.916244,41801,29.1362146865424,47403,41303,5587,13.5268624555117,39074,100,237,230,18,135,2007,15129,11858,1904,3,6,302,200,856,0.0198294665873488,5.65800779959019
"36109","36","109",NY,New York,Tompkins,Tompkins County,1229.315822,43.786803,102555,83.4244529881272,69995,88751,14232,16.0358756521053,80182,4158,143,9871,20,2538,5643,48267,26214,4681,2921,504,5714,487,7746,6.05175378623076,16.048231711107
"54101","54","101",WV,West Virginia,Webster,Webster County,1433.479488,7.146543,8362,5.83335867028465,43409,8281,1477,17.8360101437025,7779,22,0,0,0,50,511,2578,2102,271,0,0,67,40,98,0,3.80139643134213
"54015","54","015",WV,West Virginia,Clay,Clay County,885.617417,4.862288,8049,9.08857464351336,41530,7929,1947,24.5554294362467,7808,5,5,0,0,0,231,2519,2082,346,0,0,29,3,59,0,2.34219928543073
"54035","54","035",WV,West Virginia,Jackson,Jackson County,1202.685109,18.828941,27868,23.1714850308336,55173,27620,5415,19.605358435916,26933,42,55,106,0,3,729,10149,8370,680,0,0,309,22,768,0,7.56724800472953
"01119","01","119",AL,Alabama,Sumter,Sumter County,2340.898915,24.63488,12196,5.20996439523746,31726,10815,3285,30.374479889043,3109,8813,10,57,0,16,191,4136,3401,393,18,0,98,4,222,0.435203094777563,5.36750483558994
"04019","04","019",AZ,Arizona,Pima,Pima County,23798.578892,5.112015,1042393,43.8006405647358,64323,1014998,151733,14.9490934957507,686722,36039,35278,30281,1635,104543,147895,461211,332015,44900,7205,5140,9054,7128,55769,1.56219170835041,12.091862509784
"08057","08","057",CO,Colorado,Jackson,Jackson County,4179.530231,18.750017,1440,0.344536328346036,38686,1434,299,20.8507670850767,1346,9,0,0,0,0,85,660,344,38,0,20,100,3,155,0,23.4848484848485
"17097","17","097",IL,Illinois,Lake,Lake County,1148.932536,2395.026214,713159,620.714426351662,104553,694525,54519,7.84982542025125,478742,48314,5132,60362,365,53132,67112,360255,253155,29827,11831,586,7321,4456,53079,3.28406267782543,14.733730274389
"28059","28","059",MS,Mississippi,Jackson,Jackson County,1872.109197,830.292614,143721,76.7695603602123,60045,142083,22256,15.6640836694045,99283,29367,367,3415,29,4937,6323,61439,52213,5338,64,36,202,630,2956,0.104168362115269,4.81127622519898
"30019","30","019",MT,Montana,Daniels,Daniels County,3694.021963,1.021697,1535,0.415536240816877,47378,1501,183,12.1918720852765,1389,5,37,28,0,4,72,762,532,63,0,10,72,0,85,0,11.1548556430446
"33019","33","019",NH,New Hampshire,Sullivan,Sullivan County,1393.091317,36.932078,43356,31.1221522027475,70788,42652,4990,11.6993341461127,41042,326,90,327,6,155,1410,19817,15963,1624,16,0,291,275,1648,0.0807387596508049,8.3160922440329
"34015","34","015",NJ,New Jersey,Gloucester,Gloucester County,833.99672,38.239948,302621,362.856343128064,99668,297505,22231,7.47247945412682,237645,31612,343,9796,48,9374,13803,152194,117620,9939,3099,370,2081,1870,17215,2.03621693365047,11.3112212045153
"37015","37","015",NC,North Carolina,Bertie,Bertie County,1810.858588,109.120751,17818,9.83953143446671,41652,16344,3500,21.41458639256,6188,10987,51,136,1,52,403,6177,5230,529,59,0,36,161,162,0.955156224704549,2.62263234579893
"46137","46","137",SD,South Dakota,Ziebach,Ziebach County,5079.608332,24.212305,2455,0.483304979349341,46023,2455,1015,41.3441955193483,615,0,1669,0,6,20,145,822,415,117,1,0,20,3,266,0.121654501216545,32.360097323601
"19159","19","159",IA,Iowa,Ringgold,Ringgold County,1386.932344,8.723135,4690,3.38156365037515,67898,4474,369,8.24765310683952,4459,6,0,4,0,92,129,2269,1687,124,4,0,166,22,266,0.176289114147201,11.7232260907889
"01077","01","077",AL,Alabama,Lauderdale,Lauderdale County,1730.15045,133.604582,94329,54.5206921166885,56081,91894,12188,13.2631074934163,79592,9317,315,576,64,697,3768,42958,35717,4148,9,30,402,412,2240,0.0209506960286792,5.21439545602682
"04023","04","023",AZ,Arizona,Santa Cruz,Santa Cruz County,3201.853238,3.068237,47838,14.9407222767904,51885,47614,9622,20.2083420842609,24750,142,273,65,73,5237,17298,18616,14664,2011,198,110,204,348,1081,1.06360120326601,5.8068328319725
"28091","28","091",MS,Mississippi,Marion,Marion County,1404.804179,16.115365,24362,17.3419187984918,38399,23499,5362,22.8179922549896,15581,7934,34,15,0,325,473,8800,7439,846,0,0,57,247,211,0,2.39772727272727
"01083","01","083",AL,Alabama,Limestone,Limestone County,1459.208116,113.399392,104199,71.4079087537093,80146,100831,11287,11.1939780424671,80040,13714,880,1917,106,2571,4971,47315,39804,3032,126,3,208,438,3704,0.266300327591673,7.82838423332981
"12013","12","013",FL,Florida,Calhoun,Calhoun County,1469.394597,18.070425,13753,9.35963697435591,41526,11928,2374,19.9027498323273,10578,1712,146,31,0,272,1014,4482,3621,590,0,0,36,84,151,0,3.36903168228469
"12053","12","053",FL,Florida,Hernando,Hernando County,1224.983072,627.920761,196621,160.509156815516,59202,193551,24134,12.4690650009558,158612,10210,516,2451,211,7987,16634,77385,58796,6897,307,171,891,1430,8893,0.396717710150546,11.4918911933837
"12133","12","133",FL,Florida,Washington,Washington County,1514.305979,81.008171,25014,16.5184581893538,47536,22203,5046,22.7266585596541,19455,3552,286,251,0,493,977,8533,7107,870,7,0,48,63,438,0.0820344544708778,5.13301300832064
"46045","46","045",SD,South Dakota,Edmunds,Edmunds County,2916.275921,64.969684,4014,1.37641296939543,76806,3850,282,7.32467532467532,3827,14,65,4,0,20,84,1855,1346,89,0,17,103,59,241,0,12.9919137466307
"46129","46","129",SD,South Dakota,Walworth,Walworth County,1832.300802,96.288709,5317,2.90181611785378,57697,5197,688,13.2384067731383,4258,116,542,7,0,30,364,2516,2006,206,12,0,125,33,134,0.476947535771065,5.32591414944356
"17071","17","071",IL,Illinois,Henderson,Henderson County,981.068795,42.565932,6374,6.4969959624493,64946,6318,575,9.10098132320354,6088,11,2,0,0,78,195,2896,2547,141,16,0,18,13,161,0.552486187845304,5.55939226519337
"21223","21","223",KY,Kentucky,Trimble,Trimble County,382.723828,21.257574,8510,22.2353545230531,66492,8370,1147,13.7037037037037,7966,25,11,55,16,163,274,3515,2794,503,0,0,72,12,134,0,3.8122332859175
"22103","22","103",LA,Louisiana,St. Tammany,St. Tammany Parish,2189.23436,648.41655,266168,121.580404941205,76914,263232,30682,11.6558777048383,207322,32362,2053,3821,689,3302,16619,121358,95424,9515,173,138,1020,1560,13528,0.142553436938644,11.1471843636184
"24510","24","510",MD,Maryland,Baltimore,Baltimore city,209.64933,28.758743,584548,2788.21783022154,58349,564634,110509,19.5717934095361,166154,358028,1622,15045,181,17674,25844,270605,155666,20877,34640,1803,14954,6476,36189,12.8009460283439,13.3733670848654
"37013","37","013",NC,North Carolina,Beaufort,Beaufort County,2156.776424,336.988229,44711,20.7304751213286,56081,44126,7524,17.0511716448352,31510,10344,41,109,0,927,1780,19091,16019,1327,23,9,153,205,1355,0.120475616782777,7.09758524959405
"39029","39","029",OH,Ohio,Columbiana,Columbiana County,1377.658471,7.277033,101723,73.8376035434692,55473,98212,12948,13.1837250030546,95149,2219,72,493,86,692,3012,45689,37281,4400,137,308,885,521,2157,0.299853356387752,4.72104883013417
"30065","30","065",MT,Montana,Musselshell,Musselshell County,4840.577746,7.118682,4924,1.01723394569356,54875,4861,576,11.8494137008846,4539,0,122,0,0,45,218,1919,1388,141,0,0,60,28,302,0,15.7373632100052
"48061","48","061",TX,Texas,Cameron,Cameron County,2309.535802,996.401859,421854,182.657484519047,47435,418955,106182,25.3444880715113,264726,2887,1066,2977,215,28225,121758,166691,133031,16124,870,211,2577,1821,12057,0.521923799125328,7.2331439609817
"06093","06","093",CA,California,Siskiyou,Siskiyou County,16261.93323,179.149815,44049,2.70871853776514,53898,43698,7289,16.6803972721864,35233,709,1402,708,188,1173,4636,15974,12059,1500,103,97,589,105,1521,0.644797796419181,9.52172279954927
"08023","08","023",CO,Colorado,Costilla,Costilla County,3179.4523,8.828906,3534,1.11151219346804,34578,3515,792,22.5320056899004,2263,38,120,56,0,204,853,1129,738,218,0,0,65,6,102,0,9.03454384410983
"10005","10","005",DE,Delaware,Sussex,Sussex County,2424.605749,674.113743,240668,99.2606736576702,75406,237315,27585,11.6237911636433,187830,26369,1191,3098,91,7677,14412,102322,80641,7903,238,390,1369,1075,10706,0.232599050057661,10.4630480248627
"53041","53","041",WA,Washington,Lewis,Lewis County,6223.175362,86.929744,82663,13.2830902540136,67247,81586,10018,12.2790674870689,70154,516,754,934,170,2230,7905,33406,25182,3848,196,41,1250,376,2513,0.586720948332635,7.52260073040771
"34037","34","037",NJ,New Jersey,Sussex,Sussex County,1342.876714,43.884322,144808,107.83417307808,111094,143434,7948,5.54122453532635,126564,3185,26,2759,13,3329,8932,75861,59831,4806,762,31,666,613,9152,1.00446869933167,12.0641699951227
"25007","25","007",MA,Massachusetts,Dukes,Dukes County,267.292993,1004.291414,20543,76.8557371049379,93225,20321,1364,6.71226809704247,16945,645,178,305,0,620,1850,10084,6594,977,115,55,518,38,1787,1.14042046806823,17.721142403808
"27115","27","115",MN,Minnesota,Pine,Pine County,3655.344652,60.270933,29090,7.9582099006953,65059,27571,2933,10.6379891915418,26314,638,604,303,0,50,1181,12619,9679,1354,21,1,269,145,1150,0.16641572232348,9.11324193676202
"28123","28","123",MS,Mississippi,Scott,Scott County,1577.902084,3.001523,27943,17.7089569012826,44968,27580,6030,21.8636693255983,15103,10002,28,28,0,1517,1265,11275,8780,1437,146,0,240,290,382,1.29490022172949,3.3880266075388
"30041","30","041",MT,Montana,Hill,Hill County,7509.415035,44.186124,16238,2.16235218380096,58427,15832,2679,16.9214249621021,11286,57,3856,41,6,98,894,7348,5375,1170,20,45,330,40,368,0.272182906913446,5.0081654872074
"36033","36","033",NY,New York,Franklin,Franklin County,4219.857155,176.622254,47459,11.2465892225207,60270,43182,7719,17.8755036820898,39855,1656,3415,320,0,972,1241,18873,14169,2138,255,57,790,266,1198,1.35113654426959,6.34769247072537
"34013","34","013",NJ,New Jersey,Essex,Essex County,326.552231,8.653266,853374,2613.28485610622,73785,832973,125228,15.0338606413413,302714,322188,2553,48695,295,98821,78108,396088,220610,27885,67408,472,12467,17472,49774,17.0184403465896,12.566399385995
"53045","53","045",WA,Washington,Mason,Mason County,2485.231719,236.957,66053,26.5782057644823,74388,64766,8387,12.9496958280579,52614,684,1386,699,318,4254,6098,25535,18892,3175,236,7,386,309,2530,0.924221656549834,9.90796945369101
"05025","05","025",AR,Arkansas,Cleveland,Cleveland County,1548.580958,2.561701,7548,4.87413974775221,48913,7472,1013,13.5572805139186,6339,992,2,0,0,0,215,2886,2512,171,0,0,44,47,112,0,3.88080388080388
"18145","18","145",IN,Indiana,Shelby,Shelby County,1064.838397,4.195717,44940,42.2035870669303,66449,44049,5701,12.9424050489228,41906,624,0,403,11,866,1130,21541,17493,1628,18,119,361,262,1660,0.0835615802423286,7.70623462234808
"18031","18","031",IN,Indiana,Decatur,Decatur County,964.94613,1.955432,26432,27.3922027129121,71566,25923,2477,9.55522123211048,24951,58,1,157,0,145,1120,13135,10610,1086,7,0,368,84,980,0.0532927293490674,7.46098210886943
"21025","21","025",KY,Kentucky,Breathitt,Breathitt County,1275.366506,7.370804,13580,10.6479195871245,38209,13335,3801,28.503937007874,13058,140,23,102,0,30,227,4508,3521,616,4,15,186,36,130,0.0887311446317657,2.88376220053239
"22093","22","093",LA,Louisiana,St. James,St. James Parish,616.057915,38.773983,20090,32.6105703876883,62946,19907,2282,11.4633043652986,9938,9732,26,5,46,163,180,8729,7388,580,57,21,149,57,477,0.652995761255585,5.46454347577042
"29205","29","205",MO,Missouri,Shelby,Shelby County,1297.230222,3.764606,6049,4.66301192911924,50387,5830,866,14.8542024013722,5731,130,33,14,0,57,84,2665,2204,184,0,3,133,18,123,0,4.61538461538461
"18167","18","167",IN,Indiana,Vigo,Vigo County,1045.40027,17.66131,106355,101.73615126386,52789,98735,19702,19.9544234567276,91247,7357,185,2160,114,1373,3919,47887,37637,5171,373,189,1978,570,1969,0.778917033850523,4.11176310898574
"19097","19","097",IA,Iowa,Jackson,Jackson County,1647.340581,35.133402,19470,11.819049578795,69709,19209,1967,10.2399916705711,18744,125,30,89,142,57,283,9135,7532,581,21,25,165,37,774,0.229885057471264,8.47290640394089
"20125","20","125",KS,Kansas,Montgomery,Montgomery County,1666.900085,20.430012,31448,18.8661577757373,51513,30443,5146,16.9037217094242,25416,1539,948,179,5,580,2781,13540,11075,1438,41,0,401,122,463,0.302806499261448,3.41949778434269
"21159","21","159",KY,Kentucky,Martin,Martin County,594.717447,2.54946,11298,18.9972566922188,45265,10017,2357,23.5299990016971,10071,739,95,10,0,28,355,2992,2582,290,0,0,1,0,119,0,3.97727272727273
"26019","26","019",MI,Michigan,Benzie,Benzie County,828.008634,1398.251499,18058,21.8089513303312,71327,17826,1862,10.4454168069113,16775,138,207,137,21,271,509,7895,6284,583,92,30,72,103,731,1.16529449018366,9.25902469917669
"28071","28","071",MS,Mississippi,Lafayette,Lafayette County,1636.08851,123.105438,56172,34.3331058537903,59748,50751,9967,19.6390218911943,39722,13142,48,1276,0,548,1436,24693,20281,1867,265,86,741,99,1354,1.07317863362086,5.48333535819868
"36101","36","101",NY,New York,Steuben,Steuben County,3601.398422,35.039875,93584,25.9854614886039,62506,92210,12388,13.4345515670752,87093,1442,92,1538,0,690,2729,41256,32768,3439,166,200,1461,346,2876,0.402365716501842,6.97110723288734
"08069","08","069",CO,Colorado,Larimer,Larimer County,6722.952763,99.045889,359363,53.4531496305859,87199,349861,40057,11.4494041919505,309396,3447,2342,7631,320,7794,28433,189742,131006,11567,1916,4743,5684,1784,33042,1.00979224420529,17.414172929557
"26101","26","101",MI,Michigan,Manistee,Manistee County,1404.616367,1912.438858,25058,17.8397465590688,59467,23697,2667,11.2545891885049,22362,795,291,106,3,92,1409,9535,7557,897,66,35,137,60,783,0.692186680650236,8.21185107498689
"37171","37","171",NC,North Carolina,Surry,Surry County,1379.543351,10.391163,71429,51.7772782915613,52743,70302,12615,17.9440129726039,62836,2690,205,456,38,1877,3327,31099,25820,3566,18,43,273,109,1270,0.0578796745876073,4.08373259590341
"53051","53","051",WA,Washington,Pend Oreille,Pend Oreille County,3626.617236,65.406812,13570,3.74177894079804,59353,13381,1730,12.9287796128839,11721,30,349,94,15,284,1077,4806,3705,482,10,0,69,51,489,0.208073241781107,10.1747815230961
"21049","21","049",KY,Kentucky,Clark,Clark County,653.924827,6.943411,36897,56.4239167509081,61878,36199,5451,15.058427028371,33626,1422,30,232,0,406,1181,16615,13739,1119,8,12,199,261,1277,0.0481492627144147,7.68582606078844
"36035","36","035",NY,New York,Fulton,Fulton County,1283.234687,96.916403,53280,41.520074651785,60557,52288,7280,13.9228886168911,48512,830,20,442,37,544,2895,23844,19582,2033,116,44,498,276,1295,0.486495554437175,5.43113571548398
"39169","39","169",OH,Ohio,Wayne,Wayne County,1436.897057,5.040384,116680,81.2027552228468,70320,112323,9869,8.78626817303669,109599,1564,91,1312,0,1125,2989,53961,40537,5646,81,911,2409,1031,3346,0.150108411630622,6.20077463353162
"45091","45","091",SC,South Carolina,York,York County,1763.872769,39.00923,282987,160.435040992461,80158,278246,23474,8.43641957117083,200943,53485,1545,7592,42,4672,14708,139955,105856,11031,510,159,2046,1743,18610,0.364402843771212,13.2971312207495
"29197","29","197",MO,Missouri,Schuyler,Schuyler County,795.916404,2.216011,4066,5.10857670424393,53728,4055,414,10.209617755857,3879,16,18,37,0,3,113,1591,1364,68,0,0,9,49,101,0,6.34820867379007
"30095","30","095",MT,Montana,Stillwater,Stillwater County,4653.550993,23.732517,8978,1.92927938546391,78380,8893,713,8.01754188687732,8380,8,36,36,0,139,379,4243,2629,839,164,8,222,81,300,3.86518972425171,7.07046900777752
"51165","51","165",VA,Virginia,Rockingham,Rockingham County,2200.954972,10.645881,83905,38.122088396818,73232,81827,7161,8.75139012795288,75412,2032,87,754,50,1422,4148,41338,32865,3864,80,30,1380,312,2807,0.193526537326431,6.79036237844114
"13199","13","199",GA,Georgia,Meriwether,Meriwether County,1297.34208,10.832501,20679,15.9395122680365,52392,20508,4540,22.1377023600546,11922,7934,23,163,13,197,427,7732,6543,744,27,0,124,44,250,0.349198137609933,3.23331608898086
"38053","38","053",ND,North Dakota,McKenzie,McKenzie County,7148.712746,260.119355,14081,1.96972524988907,83813,13865,1856,13.386224305806,11236,303,1507,78,0,200,757,6700,5438,518,16,108,224,41,355,0.238805970149254,5.29850746268657
"38059","38","059",ND,North Dakota,Morton,Morton County,4988.026145,49.931487,33192,6.65433560994296,79555,32538,2647,8.13510357120905,29380,431,1128,132,62,864,1195,18192,15080,1529,4,20,135,106,1318,0.0219876868953386,7.24494283201407
"41071","41","071",OR,Oregon,Yamhill,Yamhill County,1854.279297,6.373252,107674,58.0678434873342,80125,102452,11625,11.3467770272908,86975,667,1126,1621,268,5850,11167,48875,34698,4667,224,344,2820,797,5325,0.458312020460358,10.8951406649616
"45069","45","069",SC,South Carolina,Marlboro,Marlboro County,1242.867262,14.489019,26585,21.3900557306658,34275,24198,6733,27.8246136044301,10416,13133,966,81,0,578,1411,8693,7594,591,30,40,69,86,283,0.345105257103417,3.25549292534223
"37043","37","043",NC,North Carolina,Clay,Clay County,556.804503,15.017755,11186,20.0896363799702,57065,11073,1493,13.483247539059,10571,113,122,128,14,14,224,4364,3314,530,3,0,64,138,315,0.0687442713107241,7.21814848762603
"30015","30","015",MT,Montana,Chouteau,Chouteau County,10288.778621,62.611691,5897,0.573148691134619,51791,5832,878,15.0548696844993,4651,8,967,26,0,0,245,2495,1639,290,6,3,242,17,298,0.240480961923848,11.9438877755511
"45045","45","045",SC,South Carolina,Greenville,Greenville County,2035.564261,24.967296,528251,259.510844300484,71328,515699,56304,10.9179967384075,368154,90975,2134,13333,292,20472,32891,257265,199012,20747,838,465,3440,5170,27593,0.325734165160438,10.725516490778
"01107","01","107",AL,Alabama,Pickens,Pickens County,2282.835044,22.621093,18925,8.29013031394484,45339,17301,3864,22.3339691347321,10880,7506,33,10,0,134,362,6691,5903,267,74,0,34,0,413,1.10596323419519,6.17247048273801
"29093","29","093",MO,Missouri,Iron,Iron County,1425.174278,4.66592,9538,6.69251483642059,53401,9177,1792,19.5270785659802,8827,62,19,88,9,34,499,3879,3073,465,3,0,67,81,190,0.0773395204949729,4.89816963134829
"49009","49","009",UT,Utah,Daggett,Daggett County,1803.965918,61.230034,638,0.353665218191777,61250,589,46,7.80984719864177,592,0,11,0,0,1,34,256,171,35,2,0,30,2,16,0.78125,6.25
"12011","12","011",FL,Florida,Broward,Broward County,3115.52074,273.292462,1940907,622.979964498648,70331,1922902,238880,12.4228899860731,925110,550613,4315,71277,1202,88563,299827,965176,712732,89435,20019,4063,11723,20765,106439,2.07412948519234,11.0279368736894
"28049","28","049",MS,Mississippi,Hinds,Hinds County,2252.888811,19.259026,226541,100.555783709292,48596,217675,45809,21.0446766969105,54389,165118,397,1694,22,1121,3800,96567,76337,11604,456,222,1111,444,6393,0.472211003759048,6.62027400664823
"37133","37","133",NC,North Carolina,Onslow,Onslow County,1973.791552,370.648831,203686,103.195294251619,59976,182853,23314,12.7501326201922,143660,28351,1104,3822,286,4610,21853,104468,72588,13382,118,157,7368,2192,8663,0.112953248841751,8.29249148064479
"01025","01","025",AL,Alabama,Clarke,Clarke County,3207.494083,36.657889,23058,7.18878956697361,47549,22687,5073,22.3608233790276,11862,10490,15,90,0,194,407,7694,6960,389,14,0,75,107,149,0.181959968806862,1.93657395373018
"05087","05","087",AR,Arkansas,Madison,Madison County,2160.665379,7.455733,16737,7.74622491880081,51514,16601,2731,16.4508162158906,13326,8,61,167,161,228,2786,6891,5703,471,0,11,144,16,546,0,7.92337831954724
"12077","12","077",FL,Florida,Liberty,Liberty County,2164.099094,19.582444,7704,3.55991092152825,51723,6314,1375,21.7770034843206,5863,1158,56,8,0,218,401,2492,1990,343,0,0,20,0,139,0,5.57784911717496
"18105","18","105",IN,Indiana,Monroe,Monroe County,1021.80689,43.510634,140065,137.075803041414,60308,125132,25891,20.6909503564236,118231,5102,193,9237,1,940,6361,68299,45320,6608,1638,851,4256,608,9018,2.39827815927027,13.2037072285099
"18037","18","037",IN,Indiana,Dubois,Dubois County,1106.61636,20.892925,43584,39.3849228833017,68945,42584,4111,9.65386060492204,39601,699,92,220,0,1104,1868,22578,19677,1565,0,29,317,157,833,0,3.68943219062804
"19021","19","021",IA,Iowa,Buena Vista,Buena Vista County,1488.981868,13.79814,20687,13.8933861080436,62662,19658,1391,7.075999593041,14160,606,48,2121,430,1791,1531,10171,7044,1764,33,36,642,41,611,0.324451872972176,6.00727558745453
"20069","20","069",KS,Kansas,Gray,Gray County,2250.356173,1.113338,5719,2.54137548029825,74500,5544,228,4.11255411255411,5289,0,3,12,0,56,359,2907,2384,259,0,14,84,10,156,0,5.36635706914345
"21081","21","081",KY,Kentucky,Grant,Grant County,668.15425,7.246883,25085,37.5437258686897,65461,24619,3157,12.823429058857,23283,220,6,35,0,510,1031,10990,9106,954,0,0,282,133,515,0,4.68607825295723
"47141","47","141",TN,Tennessee,Putnam,Putnam County,1038.860592,3.777708,80157,77.1585722061926,54371,76568,12497,16.3214397659597,71995,1782,166,841,0,1740,3633,37665,30660,3830,0,0,562,130,2483,0,6.59232709411921
"47005","47","005",TN,Tennessee,Benton,Benton County,1021.248371,108.583505,15933,15.6014936742553,47737,15783,2835,17.9623645694735,14836,304,18,170,123,0,482,5834,4916,268,0,0,64,344,242,0,4.14809736030168
"49013","49","013",UT,Utah,Duchesne,Duchesne County,8379.965573,38.811228,19779,2.36027222638329,70821,19443,2625,13.5010029316464,17557,74,680,78,85,446,859,7930,6187,625,10,38,200,72,798,0.126103404791929,10.063051702396
"51093","51","093",VA,Virginia,Isle of Wight,Isle of Wight County,817.621467,122.099188,38898,47.5745825788109,91680,38628,3771,9.762348555452,27388,8595,82,402,12,617,1802,18470,15274,1316,6,0,88,111,1675,0.0324851109907959,9.06876015159718
"56017","56","017",WY,Wyoming,Hot Springs,Hot Springs County,5191.453508,5.100561,4616,0.889153681697577,64031,4477,720,16.0821979003797,4261,0,99,6,0,60,190,2008,1463,163,0,0,55,34,293,0,14.5916334661355
"46105","46","105",SD,South Dakota,Perkins,Perkins County,7434.457142,50.539948,2970,0.399491172424866,64410,2922,349,11.9438740588638,2845,0,57,22,0,13,33,1569,966,57,2,6,48,11,479,0.127469725940089,30.5289993626514
"49001","49","001",UT,Utah,Beaver,Beaver County,6689.710368,5.298466,7102,1.06163041586556,80268,6898,485,7.03102348506814,6326,10,63,0,10,417,276,3023,2336,386,5,0,23,9,264,0.165398610651671,8.7330466424082
"51027","51","027",VA,Virginia,Buchanan,Buchanan County,1302.386894,2.80445,20246,15.545303851929,39591,19298,4878,25.2772308011193,19571,373,0,10,0,54,238,5805,5000,405,48,0,97,106,149,0.82687338501292,2.56675279931094
"54059","54","059",WV,West Virginia,Mingo,Mingo County,1095.926645,2.177833,23466,21.4120170424363,38305,23338,6679,28.6185620018853,22462,584,0,30,0,19,371,6017,4713,812,0,0,171,14,307,0,5.10221040385574
"01121","01","121",AL,Alabama,Talladega,Talladega County,1908.34712,60.873859,81105,42.5001296409848,52457,77226,14436,18.693186232616,51186,25893,124,350,50,979,2523,31194,26166,3026,97,123,353,545,884,0.310957235365775,2.8338783099314
"21017","21","017",KY,Kentucky,Bourbon,Bourbon County,750.448654,4.820688,20228,26.9545423156959,54580,19941,3015,15.1196028283436,17459,1001,80,24,0,425,1239,8999,7036,749,18,53,211,56,876,0.200022224691632,9.73441493499278
"42089","42","089",PA,Pennsylvania,Monroe,Monroe County,1575.634581,22.67629,168128,106.704944171316,80656,165482,18713,11.3081785330127,116728,24720,286,4288,58,8752,13296,77614,57215,8532,2707,0,1134,1036,6990,3.48777282449043,9.00610714561806
"53019","53","019",WA,Washington,Ferry,Ferry County,5706.368571,140.294391,7260,1.27226272009411,50424,7174,1114,15.5282966267076,5254,16,1094,27,57,46,766,2460,1593,288,19,7,127,33,393,0.772357723577236,15.9756097560976
"16083","16","083",ID,Idaho,Twin Falls,Twin Falls County,4977.2161,18.060781,90592,18.2013394998059,61183,89133,11126,12.4824700167166,75594,494,468,1429,3,4701,7903,41514,33549,3769,78,51,595,349,3123,0.187888423182541,7.52276340511635
"24017","24","017",MD,Maryland,Charles,Charles County,1185.763588,479.433084,167035,140.867034281036,116882,165668,9729,5.87258855059517,62876,81979,841,5341,25,3227,12746,84812,64265,5882,3597,37,538,716,9777,4.24114512097345,11.5278498325709
"51107","51","107",VA,Virginia,Loudoun,Loudoun County,1335.753247,14.496364,420773,315.00803082083,170463,418293,15706,3.75478432581946,241853,32190,1181,86676,307,18824,39742,226387,144706,17917,4284,388,2826,3043,53223,1.89233480721066,23.5097421671739
"17201","17","201",IL,Illinois,Winnebago,Winnebago County,1328.792563,15.873993,284591,214.172631548661,61738,280266,45057,16.0765130269101,204108,38111,834,8163,102,11553,21720,127395,101800,12404,811,296,1400,1368,9316,0.63660269241336,7.31268888103929
"08021","08","021",CO,Colorado,Conejos,Conejos County,3334.423895,9.235012,7553,2.26515891135671,44093,7505,1177,15.6828780812791,5146,11,240,4,0,624,1528,2946,1969,482,0,0,84,20,391,0,13.2722335369993
"01061","01","061",AL,Alabama,Geneva,Geneva County,1487.908432,11.567409,26647,17.9090321870022,47608,26306,5480,20.8317494107808,22360,2472,71,143,6,636,959,10627,9337,758,0,2,92,78,360,0,3.38759762868166
"06001","06","001",CA,California,Alameda,Alameda County,1910.010507,216.909647,1663823,871.106726325459,122488,1637215,149843,9.15231047846495,565911,169497,14165,534659,12832,201432,165327,827327,452544,67659,87457,11456,23513,14230,170468,10.5710317685752,20.6046702210855
"12037","12","037",FL,Florida,Franklin,Franklin County,1411.53985,2270.399638,12276,8.69688517826826,58107,10730,2325,21.668219944082,9598,1342,16,44,0,373,903,4116,3086,507,0,10,165,120,228,0,5.53935860058309
"54065","54","065",WV,West Virginia,Morgan,Morgan County,593.295507,1.401571,17237,29.0529757879997,61021,17062,1808,10.5966475208065,16289,27,121,87,0,149,564,7721,6162,896,28,4,99,46,486,0.362647325475975,6.29452143504727
"54083","54","083",WV,West Virginia,Randolph,Randolph County,2692.81085,0.667359,28005,10.3999135327311,51186,25475,3943,15.47791952895,25630,471,34,107,0,104,1659,10436,8483,668,26,18,310,444,487,0.249137600613262,4.66653890379456
"28163","28","163",MS,Mississippi,Yazoo,Yazoo County,2388.847327,30.612555,27467,11.4980139959359,41867,22548,6569,29.1334042930637,10167,16686,105,12,0,75,422,8844,6845,1198,0,0,101,249,451,0,5.09950248756219
"30055","30","055",MT,Montana,McCone,McCone County,6843.332035,103.024685,1746,0.255138869642762,79022,1723,42,2.4376088218224,1578,0,78,32,0,0,58,904,584,44,0,7,111,8,150,0,16.5929203539823
"13003","13","003",GA,Georgia,Atkinson,Atkinson County,887.636774,4.701677,8265,9.31124108654831,38007,8236,2266,27.5133559980573,5517,1259,0,0,0,911,578,3523,2919,391,0,0,55,107,51,0,1.44762986091399
"13051","13","051",GA,Georgia,Chatham,Chatham County,1121.770892,509.854701,296266,264.105622737089,66171,285213,39871,13.9793768166248,145541,119042,668,8618,418,7168,14811,143265,107282,15314,2178,1038,3268,2073,12112,1.52025965867448,8.45426307890971
"21039","21","039",KY,Kentucky,Carlisle,Carlisle County,490.706561,24.648733,4782,9.74513157161557,53065,4725,949,20.0846560846561,4481,58,12,26,7,18,180,1792,1505,142,16,0,2,26,101,0.892857142857143,5.63616071428571
"29037","29","037",MO,Missouri,Cass,Cass County,1804.223314,14.963188,108205,59.9731746953803,82473,106919,7440,6.95853870687156,94004,4765,332,630,127,1810,6537,53652,43451,3827,32,93,478,469,5302,0.0596436293148438,9.88220383210318
"13137","13","137",GA,Georgia,Habersham,Habersham County,717.081399,5.672376,46326,64.6035444017981,61292,43809,5942,13.5634230409277,37529,1606,247,1002,403,1868,3671,20660,16059,2525,0,0,160,346,1570,0,7.59922555663117
"21153","21","153",KY,Kentucky,Magoffin,Magoffin County,798.864848,1.848998,11647,14.5794373468289,31927,11506,3503,30.4449852250999,11404,4,28,48,0,24,139,2859,2329,337,8,0,75,29,81,0.279818118223155,2.83315844700944
"21095","21","095",KY,Kentucky,Harlan,Harlan County,1206.493478,6.014134,26589,22.038245945661,35128,25979,7799,30.0204010931907,25163,548,4,122,24,57,671,7271,5388,1261,26,0,127,45,424,0.357584926420025,5.83138495392656
"37151","37","151",NC,North Carolina,Randolph,Randolph County,2026.188437,19.757513,144403,71.2682973424747,56423,142629,21016,14.7347313659915,118493,8163,419,1728,99,7892,7609,65475,52706,7676,33,0,292,618,4150,0.0504009163802978,6.33829705994654
"17197","17","197",IL,Illinois,Will,Will County,2164.908046,34.569885,696774,321.84923571576,103678,687627,45737,6.65142584569832,472488,80419,3034,41205,82,44309,55237,352432,268553,25825,10034,155,2668,4637,40560,2.84707404548963,11.5086030780406
"18083","18","083",IN,Indiana,Knox,Knox County,1335.995222,20.908206,36148,27.0569829927131,58173,34224,4520,13.2071061243572,33155,833,19,338,41,337,1425,17699,15146,1384,63,58,554,117,377,0.355952313690039,2.130063845415
"21003","21","003",KY,Kentucky,Allen,Allen County,890.240991,21.079866,20773,23.3341311060793,57159,20465,3381,16.5208893232348,19906,167,10,10,0,123,557,8711,6856,878,29,0,177,32,739,0.332912409597061,8.48352657559408
"22065","22","065",LA,Louisiana,Madison,Madison Parish,1616.604801,68.460376,10028,6.20312397550525,34508,8460,3223,38.096926713948,3439,6265,17,0,0,59,248,2902,2394,337,3,9,9,82,68,0.103376981392143,2.34321157822192
"27045","27","045",MN,Minnesota,Fillmore,Fillmore County,2230.843181,2.055817,21251,9.52599455712257,73234,20713,1805,8.7143339931444,20375,97,11,121,0,149,498,10541,7693,1037,103,10,489,117,1092,0.977136894032824,10.3595484299402
"53063","53","063",WA,Washington,Spokane,Spokane County,4569.318506,43.407953,538711,117.897449979163,70394,524665,64591,12.3109031477228,456827,10292,5726,12004,3356,9233,41273,246816,178798,21339,5455,1104,7020,2624,30476,2.2101484506677,12.347659795151
"49029","49","029",UT,Utah,Morgan,Morgan County,1577.814087,4.437369,12367,7.83805906024973,120854,12355,213,1.72399838122218,11735,69,25,50,65,157,266,5292,4013,551,0,0,85,116,527,0,9.95842781557067
"55071","55","071",WI,Wisconsin,Manitowoc,Manitowoc County,1526.284885,2343.355262,81242,53.2285950011226,66412,80259,8004,9.97271334055994,73992,870,303,2067,119,656,3235,40326,32757,2944,206,163,1265,288,2703,0.510836681049447,6.70287159648862
"01093","01","093",AL,Alabama,Marion,Marion County,1922.660062,3.180617,29203,15.1888524535233,49743,28621,4707,16.4459662485588,26673,1113,93,85,8,470,761,11051,9547,994,4,0,81,68,357,0.0361958193828613,3.23047687992037
"26117","26","117",MI,Michigan,Montcalm,Montcalm County,1826.793476,39.944685,66901,36.6220926880516,61250,64105,7882,12.2954527727946,60361,2139,182,152,26,646,3395,28450,23385,2792,25,35,542,253,1418,0.0878734622144113,4.98418277680141
"21181","21","181",KY,Kentucky,Nicholas,Nicholas County,505.839859,3.936676,7613,15.0502177014089,57539,7507,1215,16.1848940988411,7295,55,0,0,0,0,263,2897,2301,325,0,0,54,22,195,0,6.73110113910942
"21197","21","197",KY,Kentucky,Powell,Powell County,463.508964,3.003167,13089,28.238936065107,38415,12698,2680,21.1056859347929,12389,35,23,0,0,59,583,4637,4075,306,15,0,39,22,180,0.323485011861117,3.88182014233341
"37153","37","153",NC,North Carolina,Richmond,Richmond County,1226.849522,15.575098,43149,35.1705724510198,42354,41855,9631,23.0103930235336,24952,13775,1004,312,33,1540,1533,17681,14953,1922,34,0,241,99,432,0.192296815790962,2.44330071828516
"21225","21","225",KY,Kentucky,Union,Union County,888.05007,52.667331,13495,15.1962152314227,58260,13195,2487,18.8480485032209,11941,1184,0,48,0,72,250,5643,4818,429,0,0,122,87,187,0,3.31384015594542
"17051","17","051",IL,Illinois,Fayette,Fayette County,1855.578065,22.920396,21464,11.5672848288385,51962,20183,2964,14.6856265173661,19364,742,95,100,92,51,1020,8886,7265,834,23,13,204,115,432,0.258834121089354,4.86158001350439
"21233","21","233",KY,Kentucky,Webster,Webster County,859.944623,9.398697,12951,15.06027208452,55451,12589,2022,16.0616411152594,11643,534,11,6,29,240,488,5288,4375,710,0,7,62,18,116,0,2.19364599092284
"16013","16","013",ID,Idaho,Blaine,Blaine County,6831.709644,44.656616,24248,3.54933117236562,81794,24153,1674,6.93081604769594,20253,117,380,103,2,1763,1630,13268,9368,972,161,391,318,273,1785,1.21344588483569,13.4534217666566
"17073","17","073",IL,Illinois,Henry,Henry County,2131.719309,6.804791,49157,23.059790185538,66313,48303,4461,9.2354512142103,44291,1079,11,229,14,1308,2225,23067,19327,1388,0,28,587,253,1484,0,6.4334330428751
"47169","47","169",TN,Tennessee,Trousdale,Trousdale County,296.143586,5.960709,11596,39.1566812458332,62018,9116,1044,11.4523913997367,9524,1368,47,20,0,186,451,4880,3903,741,0,0,0,0,236,0,4.83606557377049
"55015","55","015",WI,Wisconsin,Calumet,Calumet County,824.263569,204.161559,52361,63.5245836031848,84151,52146,3052,5.85279791355042,47655,509,177,1254,1,595,2170,28601,23128,1678,72,57,354,206,3106,0.251739449669592,10.8597601482466
"35035","35","035",NM,New Mexico,Otero,Otero County,17126.455957,36.944199,67850,3.96170697372261,50833,64332,12457,19.3636137536529,43549,2514,4560,833,45,5500,10849,26803,21706,2750,104,21,772,175,1275,0.388016266835802,4.75693019438123
"18091","18","091",IN,Indiana,LaPorte,LaPorte County,1549.555244,38.77944,112215,72.4175536396688,66854,105177,15485,14.7228006123012,89980,11998,237,705,39,2878,6378,48913,40943,3860,501,46,821,289,2453,1.02426757712674,5.01502668002372
"25017","25","017",MA,Massachusetts,Middlesex,Middlesex County,2118.264215,75.317586,1623109,766.244828433737,121304,1573523,117050,7.43872189983877,1154437,81837,2753,210784,751,59686,112861,881099,511823,56519,77901,12622,38270,12782,171182,8.84134472970688,19.4282367815648
"28143","28","143",MS,Mississippi,Tunica,Tunica County,1176.191638,57.012297,9787,8.32092295490371,41676,9572,3002,31.3623067279565,1792,7887,0,0,0,69,39,3954,3287,543,0,0,66,23,35,0,0.885179564997471
"30101","30","101",MT,Montana,Toole,Toole County,4959.475392,78.025726,5018,1.01180056424807,54040,4417,468,10.5954267602445,4387,78,290,45,0,46,172,2086,1543,137,26,0,129,17,234,1.2464046021093,11.2176414189837
"53029","53","029",WA,Washington,Island,Island County,539.943914,799.920796,86510,160.220344663427,82850,83743,5725,6.83639229547544,70008,2220,936,4030,325,1966,7025,38999,28023,3871,789,177,1102,380,4657,2.02312879817431,11.9413318290213
"54037","54","037",WV,West Virginia,Jefferson,Jefferson County,542.072979,6.150171,58043,107.075988379048,93744,56491,5153,9.12180701350658,48626,3182,75,782,6,1020,4352,27856,20643,2276,200,78,545,471,3643,0.717978173463527,13.0779724296381
"21237","21","237",KY,Kentucky,Wolfe,Wolfe County,575.390049,1.534248,6573,11.4235552238409,28666,6424,2362,36.7683686176837,6474,10,0,5,0,15,69,1505,1116,266,0,0,1,0,122,0,8.1063122923588
"25001","25","001",MA,Massachusetts,Barnstable,Barnstable County,1020.97358,2360.362409,229436,224.722759231439,90447,226765,15911,7.01651489427381,201599,6515,1007,3421,20,5007,11867,111344,83123,7937,1373,763,2319,1291,14538,1.23311539014226,13.0568328782871
"47009","47","009",TN,Tennessee,Blount,Blount County,1447.336788,20.158689,135951,93.9318347513737,70935,133778,11500,8.59633123533017,124296,3589,104,1034,36,827,6065,64637,53293,3764,81,9,392,570,6528,0.125315221931711,10.0994786267927
"38085","38","085",ND,North Dakota,Sioux,Sioux County,2833.580511,88.449896,3896,1.37493887499426,41201,3827,1521,39.7439247452313,480,10,3291,0,0,14,101,1037,778,109,1,0,73,8,68,0.0964320154291225,6.55737704918033
"19193","19","193",IA,Iowa,Woodbury,Woodbury County,2260.790944,12.7937,105526,46.6765847059232,68399,102741,13876,13.5058058613407,81084,4491,1895,2476,589,3470,11521,52032,42800,5160,429,10,985,209,2439,0.824492619926199,4.6875
"17027","17","027",IL,Illinois,Clinton,Clinton County,1227.502158,75.634262,36998,30.1408838745194,78054,35081,2531,7.21473162110544,34000,1101,15,225,0,309,1348,18038,14411,1316,111,28,399,61,1712,0.615367557378867,9.49107439849207
"32031","32","031",NV,Nevada,Washoe,Washoe County,16358.036862,582.745905,486674,29.7513695626003,81531,479485,52165,10.879381002534,330713,12133,6355,26126,3544,52118,55685,244367,174817,30128,4747,1048,4852,5731,23044,1.94256998694586,9.430078529425
"33013","33","013",NH,New Hampshire,Merrimack,Merrimack County,2416.19773,57.178203,153918,63.7025679185619,88806,147941,10722,7.24748379421526,141787,2451,407,2986,31,799,5457,78773,59958,6107,274,225,2150,554,9505,0.347834918055679,12.0663171391213
"40089","40","089",OK,Oklahoma,McCurtain,McCurtain County,4793.496603,133.942698,31003,6.46772128316454,47046,30611,6460,21.1035248766783,18987,2422,4383,307,455,763,3686,12201,10385,1091,22,0,160,221,322,0.180313089091058,2.63912794033276
"50017","50","017",VT,Vermont,Orange,Orange County,1779.34334,12.005265,29439,16.5448676139142,74534,28873,2662,9.219686212032,27973,101,81,162,2,191,929,15650,11394,1522,79,15,481,151,2008,0.504792332268371,12.8306709265176
"32510","32","510",NV,Nevada,Carson City,Carson City,374.341371,32.594082,58249,155.603960749505,67465,55586,6213,11.1772748533803,43436,1243,1197,1556,14,4710,6093,26695,20274,3306,459,51,395,376,1834,1.7194231129425,6.87020041206218
"36009","36","009",NY,New York,Cattaraugus,Cattaraugus County,3388.125876,36.783591,77000,22.7264283613057,56889,74703,13016,17.423664377602,69289,1192,2117,549,0,677,3176,32488,25061,2977,146,91,1542,466,2205,0.449396700320118,6.78712139867028
"15007","15","007",HI,Hawaii,Kauai,Kauai County,1605.351812,1674.384756,73511,45.7912087870743,88869,72772,6040,8.299895564228,22274,386,156,21620,7225,970,20880,34033,25085,4340,385,96,913,279,2935,1.13125495842271,8.62398260511856
"25023","25","023",MA,Massachusetts,Plymouth,Plymouth County,1705.525076,1126.101572,529548,310.489718064984,105387,519411,34547,6.65118759517993,420584,47988,723,8648,221,17438,33946,268672,196591,19009,10395,415,4560,3487,34215,3.86902989518818,12.7348588613626
"45053","45","053",SC,South Carolina,Jasper,Jasper County,1696.857612,120.228675,29444,17.3520746772004,60452,28267,5064,17.914883079209,14314,10993,68,177,0,1928,1964,11940,9914,1255,4,17,204,61,485,0.033500837520938,4.06197654941374
"25021","25","021",MA,Massachusetts,Norfolk,Norfolk County,1025.90291,124.957102,722112,703.879473350943,120621,706126,45607,6.45876231720684,527921,51311,815,86084,266,13711,42004,379344,230001,21071,40450,2423,12905,4931,67563,10.6631447973343,17.8104833607491
"21123","21","123",KY,Kentucky,Larue,Larue County,676.090529,6.721655,14902,22.0414269403262,57867,14650,2760,18.839590443686,13644,458,4,24,0,170,602,6371,5643,410,0,0,15,5,298,0,4.67744467116622
"31031","31","031",NE,Nebraska,Cherry,Cherry County,15437.325491,127.452902,5473,0.35453032348063,62373,5408,530,9.80029585798817,4646,26,204,98,0,62,437,2804,1850,344,19,0,198,83,310,0.677603423680456,11.055634807418
"13247","13","247",GA,Georgia,Rockdale,Rockdale County,336.228599,5.899671,93641,278.50397104382,68999,92676,10539,11.3718762139065,30027,53623,255,1703,277,2492,5264,42514,32407,3842,208,0,424,852,4781,0.489250599802418,11.24570729642
"51141","51","141",VA,Virginia,Patrick,Patrick County,1250.846155,7.141128,17660,14.118442887167,49180,17189,1964,11.4259119204142,16087,993,12,82,0,154,332,7210,5635,678,5,0,120,70,702,0.0693481276005548,9.73647711511789
"37111","37","111",NC,North Carolina,McDowell,McDowell County,1139.476689,13.977729,44629,39.1662246633288,53532,43266,6463,14.9378264688208,39732,1621,206,472,0,1021,1577,18297,15343,1891,6,0,223,97,737,0.0327922610263978,4.02798272940919
"38003","38","003",ND,North Dakota,Barnes,Barnes County,3863.120987,56.577967,10826,2.80239734567754,64447,10245,1329,12.9721815519766,9889,201,168,137,10,46,375,5416,4311,547,0,0,276,39,243,0,4.48670605612998
"26103","26","103",MI,Michigan,Marquette,Marquette County,4685.42099,4185.337774,66376,14.1664964880776,63115,62919,8535,13.5650598388404,61014,1059,761,438,18,153,2933,30498,23622,2701,117,306,1789,248,1715,0.383631713554987,5.62331956193849
"05045","05","045",AR,Arkansas,Faulkner,Faulkner County,1676.351971,43.617754,124611,74.3346279037483,61273,119166,18478,15.5061007334307,100955,14230,366,1302,13,2463,5282,58110,48488,4607,111,81,611,419,3793,0.191017036654621,6.52727585613492
"51179","51","179",VA,Virginia,Stafford,Stafford County,697.237751,28.087427,157606,226.043411697024,128036,153799,8268,5.37584769731923,94088,29922,404,5924,19,11938,15311,78696,53025,9462,2129,31,1259,1004,11786,2.70534715868659,14.9766188878723
"05053","05","053",AR,Arkansas,Grant,Grant County,1636.581696,2.896901,18022,11.0119770030717,68598,17811,2413,13.5478075346696,16647,464,20,64,22,191,614,7695,6248,605,0,0,91,23,728,0,9.46068875893437
"21107","21","107",KY,Kentucky,Hopkins,Hopkins County,1404.258119,31.671289,45223,32.2041933659634,54466,43907,8424,19.1860067870727,40079,2743,291,269,7,110,1724,17727,15936,977,1,6,130,92,585,0.00564111242737068,3.30005077001185
"37061","37","061",NC,North Carolina,Duplin,Duplin County,2110.115796,14.237879,49312,23.3693336135758,49376,48722,9024,18.5214071671935,30070,10598,174,236,190,5234,2810,21072,16967,2574,0,15,255,324,937,0,4.44665907365224
"37127","37","127",NC,North Carolina,Nash,Nash County,1399.742864,6.174819,95015,67.8803246251091,56770,92984,13523,14.5433622988901,47001,38450,503,718,27,4486,3830,42444,34763,3253,247,8,210,510,3453,0.581943266421638,8.13542550183772
"39171","39","171",OH,Ohio,Williams,Williams County,1089.504756,6.298923,36973,33.9356022049343,60632,35717,3996,11.1879497158216,34432,431,96,210,17,653,1134,17356,15060,1252,175,108,324,66,371,1.00829684259046,2.13758930629177
"27071","27","071",MN,Minnesota,Koochiching,Koochiching County,8041.149101,132.75868,12072,1.50127797014717,59779,11757,1375,11.6951603300162,11032,91,220,83,0,65,581,5539,4114,506,29,28,243,118,501,0.523560209424084,9.04495396280917
"38081","38","081",ND,North Dakota,Sargent,Sargent County,2223.46162,21.731925,3828,1.72163979156069,75648,3769,234,6.20854338020695,3524,100,36,12,0,51,105,2051,1516,214,0,6,164,16,135,0,6.58215504631887
"42017","42","017",PA,Pennsylvania,Bucks,Bucks County,1565.303838,45.293815,645163,412.164708434069,107826,636367,35830,5.63039881074914,540421,25143,674,31585,73,14513,32754,334130,250262,19291,7665,377,4011,2773,49751,2.29401729865621,14.889713584533
"45017","45","017",SC,South Carolina,Calhoun,Calhoun County,987.179024,29.35108,14145,14.3287080216567,55550,13902,2594,18.6591857286721,7890,5504,45,15,61,257,373,6093,5298,305,1,0,133,41,315,0.0164122763827343,5.1698670605613
"46009","46","009",SD,South Dakota,Bon Homme,Bon Homme County,1459.586268,46.799495,7018,4.80821185692328,57554,5380,630,11.7100371747212,6100,115,471,14,0,56,262,2611,1935,319,8,39,79,35,196,0.306396016851781,7.50670241286863
"18119","18","119",IN,Indiana,Owen,Owen County,997.909061,6.568942,21361,21.405758134508,57947,20882,2568,12.2976726367206,20475,105,9,110,0,33,629,9810,8201,870,31,0,74,43,591,0.316004077471967,6.02446483180428
"18149","18","149",IN,Indiana,Starke,Starke County,800.679821,7.929143,23308,29.1102627900498,59916,23158,3144,13.5763019259003,22032,40,104,66,0,229,837,9336,7728,1015,30,0,114,195,254,0.32133676092545,2.72065124250214
"18161","18","161",IN,Indiana,Union,Union County,417.480472,10.326625,7041,16.8654595178287,68514,6924,418,6.0369728480647,6756,43,0,48,0,5,189,3533,3021,282,0,0,81,43,106,0,3.00028304557034
"42073","42","073",PA,Pennsylvania,Lawrence,Lawrence County,925.591727,11.423645,85907,92.8130594667686,57585,83608,10322,12.3457085446369,78443,3324,18,267,0,327,3528,38089,29673,3336,215,42,853,250,3720,0.564467431541915,9.7665992806322
"32011","32","011",NV,Nevada,Eureka,Eureka County,10814.982421,11.058701,1622,0.149977127734436,73929,1616,285,17.6361386138614,1469,1,86,9,0,57,0,579,332,146,22,0,17,0,62,3.79965457685665,10.7081174438687
"33001","33","001",NH,New Hampshire,Belknap,Belknap County,1040.779612,176.541258,63914,61.409734840194,80719,63104,5408,8.56997971602434,60430,476,166,782,12,507,1541,32144,24903,2867,76,65,768,244,3221,0.236436037829766,10.0205326032852
"01113","01","113",AL,Alabama,Russell,Russell County,1660.652495,15.564412,58849,35.4372755150077,47420,58181,12816,22.0278097660748,27622,26410,107,459,58,1199,2994,23566,19608,1660,152,0,221,499,1426,0.644997029618943,6.05109055418824
"12081","12","081",FL,Florida,Manatee,Manatee County,1923.744063,573.084393,405069,210.562833066427,71385,399862,40670,10.1710089981043,316986,32860,1389,8935,157,12788,31954,172752,125913,17931,558,1047,2253,2737,22313,0.323006390664073,12.9162035750671
"37047","37","047",NC,North Carolina,Columbus,Columbus County,2429.722352,43.711694,50827,20.9188510605594,43206,48119,10149,21.0914607535485,30854,14552,1645,249,38,1590,1899,18489,16037,1338,0,31,167,108,808,0,4.37016604467521
"48349","48","349",TX,Texas,Navarro,Navarro County,2615.116305,197.615409,52834,20.2033079366235,56261,51662,8502,16.4569703069955,33993,6128,108,338,904,5613,5750,22195,18030,2435,6,0,280,114,1330,0.027033115566569,5.99234061725614
"51009","51","009",VA,Virginia,Amherst,Amherst County,1227.554631,12.898694,31426,25.6004899548947,64454,30574,3452,11.290639105122,23551,5726,238,226,22,555,1108,14609,11611,1432,49,21,278,56,1162,0.335409678965022,7.95400095831337
"48389","48","389",TX,Texas,Reeves,Reeves County,6825.534318,17.396672,14022,2.05434466324809,57487,12897,2704,20.9661161510429,7512,400,117,152,24,3097,2720,6255,4873,1231,0,0,3,69,79,0,1.26298960831335
"16033","16","033",ID,Idaho,Clark,Clark County,4566.524477,2.476453,756,0.165552599971315,53500,753,69,9.16334661354582,474,4,0,0,0,200,78,401,266,94,0,0,16,0,25,0,6.23441396508728
"28149","28","149",MS,Mississippi,Warren,Warren County,1524.296048,77.750343,44341,29.089493512877,54117,43731,7923,18.1175824929684,20868,21588,36,286,13,167,1383,19159,17244,974,126,20,71,225,499,0.657654366094264,2.60452006889712
"29133","29","133",MO,Missouri,Mississippi,Mississippi County,1066.029407,44.515175,12305,11.5428335458667,40833,10823,2560,23.6533308694447,8800,2970,1,9,0,0,525,4271,3460,462,3,0,144,24,178,0.0702411613205338,4.16764223835167
"26133","26","133",MI,Michigan,Osceola,Osceola County,1466.674406,17.425113,23022,15.6967353529997,54875,22650,3551,15.6777041942605,21579,235,52,79,0,198,879,8921,7166,948,19,64,250,53,421,0.212980607555207,4.71920188319695
"28043","28","043",MS,Mississippi,Grenada,Grenada County,1093.291104,70.659566,21474,19.6416123038352,45745,21022,4669,22.2100656455142,11079,9645,14,31,0,150,555,8902,8000,600,0,0,33,147,122,0,1.37047854414738
"48187","48","187",TX,Texas,Guadalupe,Guadalupe County,1842.133464,9.159634,173828,94.3623268330139,88111,171796,14956,8.70567417169201,114005,14857,647,2951,60,10702,30606,83268,65783,7679,65,108,604,796,8233,0.0780611999807849,9.88735168372004
"12125","12","125",FL,Florida,Union,Union County,630.804542,16.049423,15524,24.6098418232379,64043,10415,1656,15.9001440230437,11408,2596,37,18,4,133,1328,4225,3721,195,0,0,14,19,276,0,6.53254437869822
"30109","30","109",MT,Montana,Wibaux,Wibaux County,2303.979499,1.756846,1119,0.485681404928161,58750,1095,195,17.8082191780822,1042,10,2,6,0,24,35,489,407,7,0,0,16,0,59,0,12.0654396728016
"26013","26","013",MI,Michigan,Baraga,Baraga County,2326.915078,441.618719,8245,3.54331796546982,51911,7204,877,12.1737923375902,6024,639,930,45,11,31,565,2935,2459,278,1,0,44,28,125,0.0340715502555366,4.25894378194208
"41027","41","027",OR,Oregon,Hood River,Hood River County,1352.45575,29.04435,23965,17.7196185531394,80254,23726,1558,6.56663575823991,19034,230,54,222,9,1034,3382,12605,7723,1601,88,152,922,151,1968,0.698135660452202,15.6128520428401
"18003","18","003",IN,Indiana,Allen,Allen County,1702.099441,7.354509,385456,226.459154333275,66222,378880,45562,12.0254434121622,286707,43301,798,18214,179,11809,24448,186470,150220,16514,1510,611,2616,1445,13554,0.809781734327238,7.26872955435191
"46059","46","059",SD,South Dakota,Hand,Hand County,3720.86249,9.284294,3075,0.826421295671155,72857,3018,232,7.68721007289596,2897,4,7,7,0,153,7,1609,1135,104,3,0,167,3,197,0.186451211932878,12.2436295835923
"18141","18","141",IN,Indiana,St. Joseph,St. Joseph County,1185.647212,9.335868,272388,229.737815130122,61877,260436,37546,14.4165937120828,201310,35089,827,6947,176,7831,20208,128488,98186,11234,1401,750,4666,1486,10765,1.09037419836872,8.37821430795094
"51670","51","670",VA,Virginia,Hopewell,Hopewell city,26.817673,1.228128,23046,859.358677391584,50661,22824,4867,21.3240448650543,10612,9978,5,219,0,534,1698,9431,7677,966,33,10,82,36,627,0.349909871699714,6.64828756229456
"38025","38","025",ND,North Dakota,Dunn,Dunn County,5201.969431,190.528746,4049,0.778359052990752,91758,3977,270,6.78903696253457,3282,30,464,8,2,59,204,1881,1359,134,3,10,115,8,252,0.159489633173844,13.3971291866029
"38087","38","087",ND,North Dakota,Slope,Slope County,3147.52024,10.980611,837,0.265923627547507,70625,837,39,4.6594982078853,800,0,9,0,0,0,28,412,219,23,0,0,79,4,87,0,21.1165048543689
"37165","37","165",NC,North Carolina,Scotland,Scotland County,826.569986,3.842049,34222,41.4024227586701,41948,31986,8360,26.136434690177,14265,13330,3946,137,6,619,1919,12134,9827,1423,40,13,171,111,549,0.329652216911159,4.52447667710565
"47045","47","045",TN,Tennessee,Dyer,Dyer County,1326.982067,35.839863,36818,27.7456650813956,53150,36219,5916,16.3339683591485,29118,4889,38,166,12,424,2171,15817,13757,1160,0,10,74,200,616,0,3.89454384522982
"21035","21","035",KY,Kentucky,Calloway,Calloway County,996.755843,66.943042,37345,37.4665473618899,48276,34183,6405,18.7373840798058,33622,1302,94,596,113,446,1172,17096,13444,1356,15,64,1330,162,725,0.0877398221806271,4.24075807206364
"48019","48","019",TX,Texas,Bandera,Bandera County,2048.663887,17.291422,21182,10.3394217735825,70965,20802,2968,14.267858859725,16997,202,157,100,0,902,2824,8952,7271,805,0,0,133,137,606,0,6.76943699731904
"44001","44","001",RI,Rhode Island,Bristol,Bristol County,62.500773,53.359134,50658,810.517975513679,105875,46902,3394,7.23636518698563,46374,515,28,1229,0,500,2012,25343,19161,1420,520,113,1202,213,2714,2.05184863670442,10.7090715384919
"56035","56","035",WY,Wyoming,Sublette,Sublette County,12655.92903,127.353627,8801,0.695405290211239,85960,8753,706,8.06580600936822,8254,2,0,0,0,65,480,4365,3006,676,0,48,192,62,381,0,8.72852233676976
"37113","37","113",NC,North Carolina,Macon,Macon County,1335.344505,10.604263,37088,27.7741061285155,51042,36699,5661,15.4254884329273,33707,383,118,331,0,1325,1224,15362,12823,1117,24,0,318,244,836,0.156229657596667,5.44199973961724
"55003","55","003",WI,Wisconsin,Ashland,Ashland County,2706.458787,3230.728319,16041,5.92693303775773,57000,15406,2563,16.636375438141,13331,249,1586,119,7,37,712,7581,5558,596,146,74,573,87,547,1.92586729982852,7.21540693839863
"48215","48","215",TX,Texas,Hidalgo,Hidalgo County,4068.75884,30.739605,873167,214.602790270067,49371,863824,239276,27.699623997481,445353,5389,2515,8281,155,94074,317400,332795,256405,32403,817,328,3836,12631,26375,0.245496476810048,7.92529935846392
"55063","55","063",WI,Wisconsin,La Crosse,La Crosse County,1170.175855,73.149624,120216,102.733276785992,68731,115615,13619,11.7796133719673,107438,1814,391,5350,67,891,4265,62724,48529,4471,512,638,2576,539,5459,0.816274472291308,8.70320770359033
"01097","01","097",AL,Alabama,Mobile,Mobile County,3184.064145,1074.011164,413878,129.984190378175,55352,406199,71353,17.5660205958163,234657,150071,1625,8383,95,5107,13940,173909,146762,12105,589,142,1626,1696,10989,0.338682874376829,6.31882191260947
"01089","01","089",AL,Alabama,Madison,Madison County,2076.137992,28.784634,389781,187.74330102428,78058,378398,40440,10.6871600801273,254819,95400,2008,9675,255,6988,20636,191093,153102,11975,314,88,1508,2238,21868,0.1643178975682,11.443642624272
"37149","37","149",NC,North Carolina,Polk,Polk County,615.606322,1.964035,19538,31.7378157139848,60465,19227,2116,11.0053570499818,17351,948,35,40,0,407,757,8355,6446,676,0,4,156,40,1033,0,12.3638539796529
"22045","22","045",LA,Louisiana,Iberia,Iberia Parish,1488.572462,1205.958049,69958,46.9967044170672,55190,69049,15953,23.1038827499312,41089,21827,119,1858,1,1121,3943,28561,23306,2532,67,25,410,551,1670,0.23458562375267,5.84713420398445
"45065","45","065",SC,South Carolina,McCormick,McCormick County,929.457508,89.976619,9612,10.3415163332028,55569,8601,1435,16.6841064992443,5071,4177,0,22,11,81,250,3174,2805,132,3,0,40,8,186,0.0945179584120983,5.86011342155009
"27099","27","099",MN,Minnesota,Mower,Mower County,1842.188273,0.617123,40082,21.7578195385679,66972,39300,4665,11.8702290076336,32527,1534,65,2185,190,1410,2171,19181,14789,2238,210,33,637,151,1123,1.09483342891403,5.85475209843074
"30057","30","057",MT,Montana,Madison,Madison County,9293.281839,39.849039,8742,0.940679530810472,61226,8653,592,6.84155784121114,8230,0,22,74,0,52,364,3962,2473,406,57,25,326,60,615,1.43866733972741,15.5224634023221
"13117","13","117",GA,Georgia,Forsyth,Forsyth County,581.758096,58.448003,253225,435.275420730887,131660,252232,11591,4.59537251419328,176237,10391,867,42032,31,6131,17536,128130,84202,8050,677,31,642,1465,33063,0.528369624600016,25.8042612971201
"39003","39","003",OH,Ohio,Allen,Allen County,1042.587388,11.152061,102087,97.9169719248513,58976,98017,12081,12.3254129385719,83081,10963,181,850,15,1330,5667,45300,37733,3966,252,87,595,636,2031,0.556291390728477,4.48344370860927
"36089","36","089",NY,New York,St. Lawrence,St. Lawrence County,6939.601205,367.206795,108670,15.6594012811144,58339,97855,16674,17.0394972152675,100370,2421,499,1128,51,904,3297,43767,33829,3880,87,82,2439,706,2744,0.198779902666392,6.26956382662737
"54017","54","017",WV,West Virginia,Doddridge,Doddridge County,828.078406,1.950541,7847,9.47615581223114,56587,6750,974,14.4296296296296,7448,144,46,0,0,0,209,2927,2304,225,0,0,77,39,282,0,9.63443799111718
"29039","29","039",MO,Missouri,Cedar,Cedar County,1228.870903,62.637821,14314,11.6480909142333,43589,14097,2586,18.3443285805491,13377,50,30,0,0,231,626,5168,3946,518,11,0,80,137,476,0.212848297213622,9.21052631578947
"45009","45","009",SC,South Carolina,Bamberg,Bamberg County,1018.815104,5.68629,13311,13.0651773297621,43920,12507,2785,22.2675301830975,4971,8062,15,13,0,78,172,4756,3813,385,182,0,101,73,202,3.82674516400336,4.24726661059714
"38021","38","021",ND,North Dakota,Dickey,Dickey County,2930.554406,27.619632,5003,1.70718550379303,60250,4715,433,9.18345705196182,4582,11,110,50,0,80,170,2511,1823,192,16,3,204,51,222,0.637196336121067,8.84109916367981
"04025","04","025",AZ,Arizona,Yavapai,Yavapai County,21038.299575,11.35618,237830,11.3046208488549,62430,233449,28765,12.3217490758153,201005,1543,3296,2480,161,10385,18960,92865,68621,9233,193,261,2888,1433,10236,0.207828568351909,11.0224519463738
"36087","36","087",NY,New York,Rockland,Rockland County,449.840998,66.919666,337326,749.87829366322,106173,332964,50181,15.0709986665225,225889,38683,835,20566,38,28598,22717,144661,99477,12745,8124,35,4870,3457,15953,5.61588817995175,11.0278513213651
"29177","29","177",MO,Missouri,Ray,Ray County,1473.655261,13.412073,23122,15.6902367954835,69779,22853,2784,12.1822080252046,21692,276,259,58,2,113,722,10894,9019,719,127,0,114,31,884,1.1657793280705,8.1145584725537
"28035","28","035",MS,Mississippi,Forrest,Forrest County,1207.042883,10.872917,77917,64.5519733369738,49340,73861,16868,22.8374920458699,45305,28140,81,726,208,317,3140,35362,29619,2145,165,129,574,1897,833,0.46660256772807,2.35563599343928
"01091","01","091",AL,Alabama,Marengo,Marengo County,2530.155119,14.951685,19180,7.58056288959096,42975,18939,4063,21.4530862241935,8705,9750,64,151,0,141,369,7399,6276,490,108,0,45,96,384,1.45965671036627,5.18989052574672
"48397","48","397",TX,Texas,Rockwall,Rockwall County,329.469169,56.264592,110631,335.785592126224,121303,109629,4575,4.17316585939852,83211,8568,1118,3641,74,3670,10349,56151,42041,4465,341,0,344,688,8272,0.607291054478104,14.7317055795979
"05107","05","107",AR,Arkansas,Phillips,Phillips County,1788.02416,95.966884,16373,9.15703510404468,37458,16242,4946,30.4519147888191,5718,10189,4,93,0,44,325,5529,4409,665,21,3,131,53,247,0.379815518176886,4.46735395189003
"37003","37","003",NC,North Carolina,Alexander,Alexander County,673.358185,9.445988,36505,54.2133456059497,62764,35063,4295,12.2493796879902,32093,1597,376,393,0,793,1253,15849,13510,1450,0,0,149,170,570,0,3.5964414158622
"55073","55","073",WI,Wisconsin,Marathon,Marathon County,4002.033767,80.653069,137820,34.4374905420432,73248,135939,11323,8.32947130698328,122159,765,283,7711,102,1678,5122,70785,55196,6066,247,150,1300,748,7078,0.348943985307622,9.99929363565727
"39057","39","057",OH,Ohio,Greene,Greene County,1071.296931,6.803805,167567,156.415084512176,81243,159782,16929,10.5950607702995,140082,10757,160,4912,131,1757,9768,80299,63289,5747,367,269,1991,538,8098,0.457041806249144,10.0848080299879
"51191","51","191",VA,Virginia,Washington,Washington County,1453.483686,12.984238,53985,37.1417997463509,59116,52469,6303,12.0128075625608,51390,928,48,276,0,289,1054,23555,19869,1754,13,20,426,94,1379,0.0551899808957758,5.85438335809807
"51197","51","197",VA,Virginia,Wythe,Wythe County,1196.450498,7.232493,28275,23.6324027172581,53921,27956,4811,17.2091858634998,26557,609,19,214,20,84,772,12341,10345,1187,10,0,97,110,592,0.0810307106393323,4.79701806984847
"37109","37","109",NC,North Carolina,Lincoln,Lincoln County,766.239895,23.35016,87933,114.759099041691,75672,87000,8062,9.26666666666667,75764,4915,194,719,32,1963,4346,41524,33291,3172,100,0,294,552,4115,0.240824583373471,9.90993160581832
"39097","39","097",OH,Ohio,Madison,Madison County,1208.715706,2.129636,43961,36.3700080852594,77062,39226,4009,10.2202620710753,38726,2271,86,385,8,278,2207,19749,15797,1500,57,0,208,119,2068,0.288622208719429,10.4714162742417
"22009","22","009",LA,Louisiana,Avoyelles,Avoyelles Parish,2154.720637,87.26061,39529,18.3453016234327,38696,36357,10160,27.9450999807465,25755,10126,315,251,12,295,2775,14535,12270,1016,10,22,366,392,459,0.0687994496044032,3.15789473684211
"12063","12","063",FL,Florida,Jackson,Jackson County,2378.205369,94.103479,47704,20.0588227668743,46144,40504,7787,19.2252617025479,32107,12298,228,275,91,699,2006,16059,13508,1166,37,0,330,169,849,0.230400398530419,5.2867550906034
"53037","53","037",WA,Washington,Kittitas,Kittitas County,5949.905814,92.507199,44424,7.46633667636743,66800,42247,6121,14.488602741023,37139,402,220,611,152,2109,3791,21580,15789,1356,173,178,1257,340,2487,0.801668211306766,11.5245597775718
"17195","17","195",IL,Illinois,Whiteside,Whiteside County,1771.808919,31.883751,55569,31.3628627805773,62828,54329,6327,11.6457140753557,49446,637,130,339,14,1062,3941,26038,21261,2524,102,142,832,112,1065,0.391735156310008,4.09017589676626
"37143","37","143",NC,North Carolina,Perquimans,Perquimans County,640.17398,211.755191,13053,20.3897696685517,59401,12947,1724,13.3158260600911,9371,2978,10,55,2,211,426,5011,4152,426,12,4,21,142,254,0.23947315905009,5.0688485332269
"13307","13","307",GA,Georgia,Webster,Webster County,543.010089,2.338844,2354,4.33509440742638,35000,2350,655,27.8723404255319,977,1048,0,0,0,196,133,958,822,95,10,0,8,0,23,1.04384133611691,2.40083507306889
"12089","12","089",FL,Florida,Nassau,Nassau County,1680.075563,200.050173,91538,54.4844541614227,84085,90614,8343,9.20718652746816,80013,5013,237,939,28,1400,3908,41279,33563,2394,79,124,562,417,4140,0.191380605150319,10.029312725599
"48113","48","113",TX,Texas,Dallas,Dallas County,2261.429757,91.669776,2604053,1151.50735588379,70732,2573799,359882,13.9825215566561,1208531,585997,16535,174466,1090,272450,344984,1292835,936835,141699,24686,1959,20510,16582,150564,1.90944706787796,11.6460337165996
"06111","06","111",CA,California,Ventura,Ventura County,4767.585001,947.376202,842009,176.611219270005,102141,830237,74315,8.95105855316012,544398,15042,10595,60951,1760,70380,138883,402639,298220,39782,3366,1451,6329,3525,49966,0.835984591656546,12.409627482683
"21147","21","147",KY,Kentucky,McCreary,McCreary County,1105.159773,10.987658,16892,15.2846678034127,35000,15294,5147,33.6537204132339,15247,1170,12,38,24,21,380,4724,3683,596,2,11,106,51,275,0.0423370025402202,5.82133784928027
"27005","27","005",MN,Minnesota,Becker,Becker County,3405.92936,336.990104,35202,10.3355050205739,68683,34515,3754,10.8764305374475,30449,271,1826,241,4,256,2155,16252,12471,1393,101,43,493,96,1655,0.621461973910903,10.183362047748
"05139","05","139",AR,Arkansas,Union,Union County,2691.170081,42.102269,38815,14.4230943536563,49745,38320,7135,18.6195198329854,24439,12615,52,299,0,269,1141,15967,13672,1076,29,0,282,65,843,0.181624600739024,5.27963925596543
"20139","20","139",KS,Kansas,Osage,Osage County,1827.253333,37.137002,15787,8.63974344163913,66155,15484,1726,11.1469904417463,14885,58,36,22,2,96,688,7325,5773,808,14,0,129,76,525,0.191126279863481,7.16723549488055
"48361","48","361",TX,Texas,Orange,Orange County,864.501044,118.360262,84761,98.0461511160419,71910,83847,9995,11.92052190299,69767,7423,148,539,53,1092,5739,37696,32459,3431,90,121,240,327,1028,0.238752122241087,2.72707979626486
"13061","13","061",GA,Georgia,Clay,Clay County,506.093894,56.546964,2855,5.64124569343253,43264,2798,720,25.7326661901358,1050,1747,0,44,0,0,14,1101,807,161,0,0,49,51,33,0,2.99727520435967
"39153","39","153",OH,Ohio,Summit,Summit County,1069.129523,19.007561,539361,504.486115476955,68360,530415,65839,12.4127334257138,409561,75371,682,21162,42,3895,28648,264826,208027,19664,2757,286,3250,2269,28573,1.04106092302115,10.7893484778685
"13179","13","179",GA,Georgia,Liberty,Liberty County,1337.632044,222.884791,65550,49.0045078495443,55149,63012,9676,15.3558052434457,26965,26952,355,1230,313,2463,7272,29627,23777,3084,79,128,684,271,1604,0.266648665069025,5.41398049076856
"13253","13","253",GA,Georgia,Seminole,Seminole County,615.241254,49.235709,9117,14.8185771690791,46063,8990,1890,21.0233592880979,5813,3033,4,53,0,21,193,3239,2683,351,0,0,80,89,36,0,1.11145415251621
"13057","13","057",GA,Georgia,Cherokee,Cherokee County,1090.597351,34.427733,268567,246.25678739614,100824,266344,17662,6.63127384134803,216897,19078,1955,5374,134,8477,16652,139111,99461,11670,277,45,757,1395,25506,0.199121564793582,18.3349986701267
"29139","29","139",MO,Missouri,Montgomery,Montgomery County,1385.765319,14.100641,11421,8.24165523801797,58660,11100,1644,14.8108108108108,10689,190,57,25,0,34,426,5004,3932,526,0,0,120,57,369,0,7.37410071942446
"47055","47","055",TN,Tennessee,Giles,Giles County,1582.304898,0.642572,30317,19.1600241131277,56877,29359,3970,13.522258932525,25589,2772,77,32,0,381,1466,12609,10616,1066,0,41,132,212,542,0,4.29851693234991
"18147","18","147",IN,Indiana,Spencer,Spencer County,1027.934786,11.968675,19935,19.3932536105457,66168,19620,1415,7.21202854230377,19041,130,4,80,0,101,579,9652,8460,576,2,0,168,90,356,0.0207210940737671,3.68835474513054
"54005","54","005",WV,West Virginia,Boone,Boone County,1298.96736,4.305989,21705,16.7094267865206,56182,21435,3543,16.5290412876137,21119,58,0,36,0,45,447,7010,5733,577,0,4,351,65,280,0,3.99429386590585
"41007","41","007",OR,Oregon,Clatsop,Clatsop County,2144.781264,661.720213,41190,19.2047556043925,68025,40762,4176,10.2448358765517,35709,378,263,494,48,945,3353,18276,12731,1749,156,86,1452,251,1851,0.853578463558766,10.1280367695338
"06033","06","033",CA,California,Lake,Lake County,3250.647503,189.100323,68024,20.9262923578214,56259,66691,11065,16.5914441228951,48251,1538,2032,923,199,9001,6080,24313,16783,2777,226,40,707,235,3545,0.929543865421791,14.5806770040719
"13055","13","055",GA,Georgia,Chattooga,Chattooga County,811.512398,0.570806,24902,30.6859144251792,43556,23046,4593,19.9297058057797,20650,2386,163,15,0,517,1171,8879,7624,881,11,0,63,49,251,0.123887825205541,2.82689492059917
"29201","29","201",MO,Missouri,Scott,Scott County,1087.808788,15.175233,38055,34.9831702223755,54621,37429,5826,15.5654706243822,31719,4327,26,75,0,38,1870,17157,14397,1770,2,0,133,151,704,0.0116570496007461,4.10328145946261
"53055","53","055",WA,Washington,San Juan,San Juan County,450.435912,1157.474835,18001,39.9635098366668,76745,17778,1954,10.9911126110924,16115,110,101,226,46,492,911,8106,5013,544,107,92,584,169,1597,1.32000986923267,19.7014557118184
"41031","41","031",OR,Oregon,Jefferson,Jefferson County,4614.570968,26.212115,24659,5.34372538010559,69345,23526,2984,12.6838391566777,16068,176,3233,97,23,1969,3093,9917,7100,1647,83,5,300,61,721,0.836946657255218,7.2703438539881
"49049","49","049",UT,Utah,Utah,Utah County,5191.52772,362.17778,666021,128.289982433148,91263,649200,57565,8.86706715958102,574586,4091,3828,9480,5324,22182,46530,320495,219418,31461,5835,2058,10201,2761,48761,1.8206212265402,15.214277913852
"29153","29","153",MO,Missouri,Ozark,Ozark County,1929.554312,26.607427,8688,4.50259417211989,39125,8593,1931,22.4717793552892,8222,52,45,0,0,22,347,2892,2103,266,0,5,148,34,336,0,11.6182572614108
"22083","22","083",LA,Louisiana,Richland,Richland Parish,1439.031396,22.771218,20028,13.9176949548639,48125,19106,4591,24.0291008060295,12270,7159,21,0,0,112,466,7436,6076,763,62,0,100,89,346,0.833781603012372,4.65303926842388
"36031","36","031",NY,New York,Essex,Essex County,4646.753187,316.350563,37314,8.03012307698881,68090,35200,3670,10.4261363636364,34753,977,90,115,10,474,895,16875,12406,1770,86,77,763,104,1669,0.50962962962963,9.89037037037037
"48313","48","313",TX,Texas,Madison,Madison County,1207.103458,16.493254,13556,11.2301890199705,65768,11248,1403,12.4733285917496,9008,2173,19,175,0,857,1324,4698,3707,614,22,0,69,78,208,0.468284376330353,4.4274159216688
"17063","17","063",IL,Illinois,Grundy,Grundy County,1082.945367,32.126924,52624,48.5934024038352,89993,52110,3114,5.97582037996546,47693,954,51,314,0,1572,2040,26321,22427,1246,128,37,194,169,2120,0.486303711865051,8.0544052277649
"36111","36","111",NY,New York,Ulster,Ulster County,2911.757764,94.59681,182153,62.5577451023155,77197,174977,25740,14.7105048092035,142478,11022,343,3573,32,7051,17654,83839,59994,5686,1918,345,2630,1354,11912,2.28771812640895,14.2081847350279
"37105","37","105",NC,North Carolina,Lee,Lee County,660.607457,10.725294,63560,96.2144755202181,60941,62138,9934,15.9869966847984,43650,12054,104,805,0,2147,4800,28339,23235,3014,43,0,309,415,1323,0.151734359010551,4.66847806909206
"47003","47","003",TN,Tennessee,Bedford,Bedford County,1226.719747,2.980759,50533,41.1935979049663,59955,49832,6175,12.3916358966126,41327,3267,513,169,0,1588,3669,22971,17385,3671,17,0,118,335,1445,0.0740063558399721,6.29054024639763
"38061","38","061",ND,North Dakota,Mountrail,Mountrail County,4727.150567,301.102217,9648,2.04097581899595,81886,9546,1182,12.3821495914519,5752,179,2946,69,12,255,435,4339,3397,450,4,0,237,27,224,0.0921871398939848,5.16247983406315
"48161","48","161",TX,Texas,Freestone,Freestone County,2273.311866,36.936963,19599,8.62134240933927,55902,18170,2300,12.6582278481013,13839,2935,47,62,0,532,2184,7065,6066,513,4,1,36,136,309,0.0566171266808209,4.37367303609342
"37005","37","005",NC,North Carolina,Alleghany,Alleghany County,608.22028,3.687222,10989,18.067467266958,42115,10880,2127,19.5496323529412,10270,212,32,35,0,28,412,4345,3334,569,31,6,54,0,351,0.713463751438435,8.07825086306099
"36121","36","121",NY,New York,Wyoming,Wyoming County,1535.219438,9.158067,40338,26.2750711732455,65066,37732,4037,10.6991413124139,36228,1473,56,248,0,1008,1325,17810,14170,1412,113,47,938,131,999,0.634475014037058,5.60920830993824
"27121","27","121",MN,Minnesota,Pope,Pope County,1747.086656,109.712781,11312,6.47477900489442,71212,11093,1067,9.61867844586676,10712,50,35,89,0,91,335,5730,4370,517,4,18,235,45,541,0.0698080279232112,9.44153577661431
"17033","17","033",IL,Illinois,Crawford,Crawford County,1149.03126,5.744821,18729,16.2998176394261,64163,17005,1632,9.59717730079388,17245,845,148,66,0,45,380,8191,6834,540,33,43,246,32,463,0.402881211085338,5.65254547674277
"29011","29","011",MO,Missouri,Barton,Barton County,1533.351028,12.152201,11683,7.61925989982771,48105,11518,2558,22.2087167911096,10742,33,124,3,3,50,728,4603,3828,212,0,1,96,84,382,0,8.29893547686292
"04013","04","013",AZ,Arizona,Maricopa,Maricopa County,23833.110968,62.124304,4430871,185.912405894018,80675,4368048,503565,11.5283760618015,2954182,252690,83296,189627,9195,339881,602000,2146216,1477649,210641,29407,11299,29607,39515,348098,1.37017895682448,16.219150355789
"36069","36","069",NY,New York,Ontario,Ontario County,1668.14712,47.854414,112288,67.3130077399888,76603,108869,9803,9.00439978322571,101505,2457,85,1588,0,1836,4817,54283,42486,4023,250,102,1597,385,5440,0.460549343256636,10.0215537092644
"48365","48","365",TX,Texas,Panola,Panola County,2101.4009,25.810623,22540,10.7261779510992,58205,22030,3078,13.9718565592374,17138,2829,14,160,0,246,2153,9529,8014,1042,5,0,103,37,328,0.0524714030853185,3.44212404239689
"17193","17","193",IL,Illinois,White,White County,1281.999217,17.833682,13834,10.790958228799,54605,13377,2049,15.317335725499,13379,107,10,68,3,60,207,5884,4953,467,27,0,62,84,291,0.458871515975527,4.94561522773623
"28045","28","045",MS,Mississippi,Hancock,Hancock County,1227.561217,204.095552,46010,37.480819174495,63623,45578,6263,13.7412786870859,39253,3182,387,224,0,440,2524,20582,16076,1421,17,54,287,588,2139,0.0825964434943154,10.3925760373142
"42015","42","015",PA,Pennsylvania,Bradford,Bradford County,2971.688854,35.331261,60159,20.2440440287091,60650,59426,7809,13.1407128193047,57419,455,36,352,43,428,1426,25435,20357,2105,28,0,1027,233,1685,0.110084529192058,6.62472970316493
"39083","39","083",OH,Ohio,Knox,Knox County,1361.036418,10.72105,62657,46.0362405967597,71246,59302,7645,12.8916394050791,59230,542,76,338,0,607,1864,28192,21615,2303,123,57,808,430,2856,0.436293984108967,10.1305334846765
"46015","46","015",SD,South Dakota,Brule,Brule County,2116.594503,75.770744,5247,2.47898215390952,64821,5076,707,13.9282899921198,4330,69,645,0,0,14,189,2608,1756,339,10,2,116,63,322,0.383435582822086,12.3466257668712
"08007","08","007",CO,Colorado,Archuleta,Archuleta County,3496.712165,13.740247,13509,3.86334343879288,66813,13391,1092,8.15473078933612,10759,47,321,73,14,1608,687,5858,3911,825,24,14,122,10,952,0.409696142027996,16.2512803004438
"01031","01","031",AL,Alabama,Coffee,Coffee County,1758.565928,3.907189,53559,30.4560660179014,62199,52713,8592,16.2995845427124,38834,8997,368,563,8,1083,3706,22669,19406,2049,10,77,123,308,696,0.0441131060037937,3.07027217786404
"51033","51","033",VA,Virginia,Caroline,Caroline County,1365.864561,24.926638,31181,22.8287642057066,83562,29697,3435,11.5668249318113,19919,7624,127,317,0,1271,1923,15767,12186,1672,48,0,583,63,1215,0.304433310078011,7.70596816134965
"51059","51","059",VA,Virginia,Fairfax,Fairfax County,1012.738308,40.071741,1145354,1130.94764062189,145165,1134981,67901,5.98256710905293,620521,113057,4447,231660,691,69956,105022,611718,368623,50865,38436,1730,9848,9515,132701,6.28328739713397,21.6931658051586
"45085","45","085",SC,South Carolina,Sumter,Sumter County,1722.544863,44.046815,105199,61.0718491341842,53970,102470,16820,16.4145603591295,47752,48246,471,1347,77,1883,5423,45080,38473,3446,77,121,673,494,1796,0.170807453416149,3.98402839396628
"42047","42","047",PA,Pennsylvania,Elk,Elk County,2141.664056,12.792134,30886,14.4214961788573,61672,30494,2733,8.96241883649243,29653,220,8,128,9,42,826,14790,12349,1420,64,41,396,141,379,0.432724814063556,2.56254225828262
"19189","19","189",IA,Iowa,Winnebago,Winnebago County,1037.261956,3.182049,10704,10.3194761343392,62853,10048,779,7.75278662420382,9901,87,17,329,0,70,300,5338,4166,458,21,7,276,57,353,0.393405769951293,6.6129636568003
"12129","12","129",FL,Florida,Wakulla,Wakulla County,1570.615734,804.111188,33732,21.4769273411596,72035,30707,1888,6.14843521021266,26690,4908,103,50,0,513,1468,15067,12546,1424,0,0,49,117,931,0,6.17906683480454
"28109","28","109",MS,Mississippi,Pearl River,Pearl River County,2101.307249,20.783013,56351,26.8171158819431,54220,54953,8663,15.764380470584,46047,7035,381,241,4,692,1951,22433,17356,2630,0,0,325,612,1510,0,6.73115499487362
"05141","05","141",AR,Arkansas,Van Buren,Van Buren County,1837.778044,37.208242,15900,8.6517520719711,45768,15707,2971,18.9151333800216,14800,118,126,50,17,274,515,5364,4051,666,0,0,99,231,317,0,5.90976882923192
"48093","48","093",TX,Texas,Comanche,Comanche County,2428.768926,25.719485,13651,5.62054292356341,57383,13424,1816,13.5280095351609,10200,59,149,71,0,349,2823,6042,4857,824,0,0,74,24,263,0,4.35286329030122
"46041","46","041",SD,South Dakota,Dewey,Dewey County,5963.127471,370.089902,5275,0.884602924497839,55077,5204,1609,30.9185242121445,985,19,4083,3,30,3,152,1927,1412,199,10,0,52,32,222,0.518941359626362,11.5204981837052
"47143","47","143",TN,Tennessee,Rhea,Rhea County,817.071271,54.409427,33031,40.4260939924787,55568,32184,5055,15.706562266965,29883,568,33,312,0,770,1465,12560,10373,1300,20,0,194,77,596,0.159235668789809,4.74522292993631
"42061","42","061",PA,Pennsylvania,Huntingdon,Huntingdon County,2265.182342,37.851956,44123,19.4787850769852,61300,39133,4419,11.2922597296399,39949,2062,109,189,2,281,1531,18037,13975,1718,21,0,979,297,1047,0.116427343793314,5.80473471198093
"55049","55","049",WI,Wisconsin,Iowa,Iowa County,1975.37965,13.87058,23766,12.031105008093,79226,23472,1874,7.98398091342877,22456,198,28,184,0,131,769,12784,9779,903,21,24,351,133,1573,0.164267834793492,12.3044430538173
"42113","42","113",PA,Pennsylvania,Sullivan,Sullivan County,1165.337813,6.617028,5880,5.04574719399412,62910,5636,689,12.2249822569198,5544,158,5,0,6,58,109,2507,1987,168,2,5,94,93,158,0.0797766254487435,6.30235341045074
"47167","47","167",TN,Tennessee,Tipton,Tipton County,1180.026942,32.703276,61116,51.7920378126417,70674,60263,6509,10.8009889982244,46532,11312,108,341,0,560,2263,27667,23425,1961,16,0,149,296,1820,0.057830628546644,6.57823399718076
"33017","33","017",NH,New Hampshire,Strafford,Strafford County,951.743429,39.154072,130965,137.605362968048,83212,121838,11112,9.12030729329109,117587,1445,64,3908,98,1078,6785,69543,51659,5020,958,156,2121,715,8914,1.37756495980904,12.8179687387659
"18097","18","097",IN,Indiana,Marion,Marion County,1027.08408,16.703563,971737,946.11241564566,59504,953111,146353,15.3552943990784,548461,274056,2459,38242,172,46090,62257,474526,360303,45246,6757,1772,8334,3866,48248,1.42394726527103,10.1676198985935
"46007","46","007",SD,South Dakota,Bennett,Bennett County,3068.208303,15.044356,3391,1.10520527458464,44821,3348,991,29.599761051374,1373,6,1822,45,0,60,85,1072,848,47,0,0,106,26,45,0,4.19776119402985
"51029","51","029",VA,Virginia,Buckingham,Buckingham County,1501.21544,9.911855,16869,11.2368948190408,59894,14870,2083,14.0080699394755,10348,5429,37,4,0,293,758,6479,5269,501,99,8,36,233,333,1.52801358234295,5.13968204969903
"16005","16","005",ID,Idaho,Bannock,Bannock County,2881.336421,92.076089,87434,30.3449466583479,60998,84101,10541,12.5337391945399,75035,866,2243,1687,203,2390,5010,38777,29932,3444,425,187,928,424,3437,1.09601052170101,8.86350156020321
"13257","13","257",GA,Georgia,Stephens,Stephens County,463.250297,13.03927,26732,57.7053056913636,52901,25708,3289,12.7936829002645,21858,2853,42,315,38,712,914,11191,9000,1104,0,30,305,55,697,0,6.22821910463766
"16015","16","015",ID,Idaho,Boise,Boise County,4919.826442,19.104286,7809,1.58725111384732,70776,7798,733,9.39984611438831,7022,28,94,61,0,131,473,3322,2348,217,0,17,250,1,489,0,14.7200481637568
"40105","40","105",OK,Oklahoma,Nowata,Nowata County,1465.460409,38.90389,9460,6.4553091587478,50960,9266,1480,15.9723721131017,6266,138,1582,43,12,153,1266,3905,2975,461,2,5,91,3,368,0.0512163892445583,9.42381562099872
"13125","13","125",GA,Georgia,Glascock,Glascock County,372.299245,1.832723,2903,7.79749096724599,60469,2821,438,15.5264090747962,2565,307,0,0,2,0,29,1286,1212,28,0,0,6,2,38,0,2.95489891135303
"55091","55","091",WI,Wisconsin,Pepin,Pepin County,600.897314,43.238609,7363,12.2533415085294,70833,7286,570,7.82322261872083,7078,21,10,34,2,89,129,3533,2683,210,0,24,96,54,466,0,13.189923577696
"19071","19","071",IA,Iowa,Fremont,Fremont County,1323.918215,14.168938,6639,5.01466021449067,69375,6488,489,7.53699136868064,6224,48,9,0,0,27,331,3089,2464,272,0,0,142,9,202,0,6.53933311751376
"29125","29","125",MO,Missouri,Maries,Maries County,1364.873607,7.632374,8454,6.19398012874023,56491,8388,1463,17.4415832141154,8029,28,91,16,0,25,265,3441,2614,518,0,0,115,11,183,0,5.31822144725371
"48347","48","347",TX,Texas,Nacogdoches,Nacogdoches County,2450.966942,89.731149,64768,26.4254890142047,51153,59438,13339,22.4418722029678,43899,11410,304,636,54,2334,6131,27800,21101,2985,94,71,1182,639,1728,0.338129496402878,6.2158273381295
"37137","37","137",NC,North Carolina,Pamlico,Pamlico County,871.570771,583.036551,12317,14.1319562447787,55867,11488,1588,13.8231197771588,9330,2376,18,80,3,53,457,4402,3672,218,10,3,27,111,361,0.227169468423444,8.20081781008632
"12123","12","123",FL,Florida,Taylor,Taylor County,2702.230203,1213.570848,21421,7.92715586415196,46239,18364,2777,15.1219777826182,15733,4373,94,52,71,372,726,6593,5181,875,2,47,67,64,357,0.0303352040042469,5.41483391475808
"27171","27","171",MN,Minnesota,Wright,Wright County,1712.394403,137.711642,142543,83.2419212246164,102980,141270,6771,4.79294967084307,129698,2033,380,1929,7,2226,6270,75733,60160,5446,353,56,771,451,8496,0.466111206475381,11.2183592357361
"23025","23","025",ME,Maine,Somerset,Somerset County,10163.81199,437.942552,50656,4.98395681166078,53527,49642,8331,16.7821602675154,48441,235,91,213,19,127,1530,22146,16827,2366,25,10,521,196,2201,0.112887203106656,9.93858936150998
"05089","05","089",AR,Arkansas,Marion,Marion County,1545.182805,112.95124,16905,10.9404530941567,42891,16716,2970,17.7674084709261,15990,88,69,122,23,33,580,5824,4527,727,25,2,78,57,408,0.429258241758242,7.00549450549451
"48377","48","377",TX,Texas,Presidio,Presidio County,9985.057446,1.773188,6168,0.617723035982221,29012,6163,2465,39.9967548271946,3571,0,42,2,0,113,2440,2449,1742,155,0,197,130,74,151,0,6.16578195181707
"06099","06","099",CA,California,Stanislaus,Stanislaus County,3875.010966,46.378767,552063,142.467467794,74872,547303,75125,13.7264001841759,316065,15731,6802,33212,3326,70595,106332,229451,182717,23808,1764,789,2978,2359,15036,0.768791593847924,6.55303310946564
"21063","21","063",KY,Kentucky,Elliott,Elliott County,606.888298,2.595857,7378,12.1570971533216,39469,6046,1492,24.6774727092292,7080,213,0,0,0,9,76,1818,1347,314,1,0,12,5,139,0.055005500550055,7.64576457645765
"17185","17","185",IL,Illinois,Wabash,Wabash County,578.403995,10.973569,11321,19.5728247001475,54074,11118,1483,13.3387299874078,10585,109,4,137,0,91,395,4981,4114,434,0,0,175,68,190,0,3.81449508130897
"55057","55","057",WI,Wisconsin,Juneau,Juneau County,1986.729542,98.638538,26695,13.4366552848088,63455,25438,3737,14.6906203317871,23891,656,237,152,2,483,1274,12034,9710,877,15,14,440,221,757,0.124646833970417,6.29051022104039
"38099","38","099",ND,North Dakota,Walsh,Walsh County,3319.3464,32.18139,10553,3.17924034683455,68082,10326,1000,9.68429207824908,9423,82,130,73,0,202,643,5127,4143,565,18,7,198,5,191,0.351082504388531,3.72537546323386
"01011","01","011",AL,Alabama,Bullock,Bullock County,1613.083468,6.030667,10328,6.40264450345232,36136,9616,2687,27.9430116472546,2397,7117,0,43,0,568,203,3679,3260,322,0,0,15,56,26,0,0.706713780918728
"06011","06","011",CA,California,Colusa,Colusa County,2980.245446,14.696164,21811,7.31852473066408,69619,21600,2364,10.9444444444444,13290,367,331,164,23,3885,3751,9477,7609,1125,43,15,134,71,480,0.453730083359713,5.06489395378284
"08051","08","051",CO,Colorado,Gunnison,Gunnison County,8389.334152,53.070998,17018,2.02852809193957,76538,16153,1746,10.8091376214945,15398,182,83,152,25,255,923,9984,5287,1389,573,371,1184,25,1155,5.73918269230769,11.5685096153846
"48067","48","067",TX,Texas,Cass,Cass County,2426.683491,60.494144,28637,11.8008797217305,54303,28219,5220,18.4981749884829,22273,4312,148,744,0,169,991,10886,9511,724,0,0,69,142,440,0,4.04188866433952
"13039","13","039",GA,Georgia,Camden,Camden County,1632.397628,392.733634,55105,33.7570938935474,68104,52754,8638,16.374113811275,39021,9859,58,1025,53,489,4600,25574,19695,2026,198,163,1151,145,2196,0.774223821068272,8.58684601548448
"28097","28","097",MS,Mississippi,Montgomery,Montgomery County,1054.074828,2.352156,9803,9.30009875921257,36845,9660,2337,24.1925465838509,5119,4513,0,0,0,45,126,3384,2639,457,0,0,142,82,64,0,1.89125295508274
"13121","13","121",GA,Georgia,Fulton,Fulton County,1364.327945,19.520065,1061944,778.364178416063,86267,1031558,128777,12.4837381901939,435440,460792,2445,80637,286,29093,53251,551789,339639,31334,28952,2198,13409,11829,124428,5.24693315742068,22.5499239745627
"38043","38","043",ND,North Dakota,Kidder,Kidder County,3499.233947,211.737414,2391,0.683292410914645,57240,2325,297,12.7741935483871,2250,5,64,0,0,15,57,1009,711,119,0,10,14,0,155,0,15.3617443012884
"13111","13","111",GA,Georgia,Fannin,Fannin County,1002.597521,13.473582,25436,25.3701006308393,54857,25259,2973,11.7700621560632,23947,68,38,121,0,326,936,9711,7534,1011,13,0,167,95,891,0.133868808567604,9.17516218721038
"39123","39","123",OH,Ohio,Ottawa,Ottawa County,659.674517,855.668003,40367,61.192298565021,69515,39712,3481,8.7656124093473,37585,399,76,130,4,769,1404,18665,15934,932,103,8,169,445,1074,0.551834985266542,5.75408518617734
"37031","37","031",NC,North Carolina,Carteret,Carteret County,1314.688734,2131.061849,68353,51.9917743510533,66965,67122,6489,9.66747117189595,60190,2912,250,833,12,1053,3103,30080,24434,2008,115,115,414,427,2567,0.382313829787234,8.53390957446809
"18127","18","127",IN,Indiana,Porter,Porter County,1082.907704,268.619696,173355,160.082894746864,82915,169516,15779,9.308265886406,149908,7090,179,2393,19,3232,10534,81856,67633,5585,528,187,954,628,6341,0.645035183737295,7.74653049257232
"51135","51","135",VA,Virginia,Nottoway,Nottoway County,814.265583,4.29783,15638,19.2050362025433,62366,13887,2652,19.0969971916181,8770,5955,3,83,0,62,765,5833,4624,343,40,0,76,278,472,0.68575347162695,8.09189096519801
"29077","29","077",MO,Missouri,Greene,Greene County,1749.093452,6.607713,299188,171.05318166842,54968,287851,41987,14.5863658628943,262675,8997,746,5781,412,4450,16127,142571,113338,11917,1252,485,2271,1196,12112,0.87815895238162,8.49541631888673
"48201","48","201",TX,Texas,Harris,Harris County,4421.14587,182.187806,4726177,1068.99368149552,70789,4677056,737681,15.7723362730743,2175176,893393,33169,333946,3161,567532,719800,2239156,1664435,224192,48763,6556,29131,48271,217808,2.17774018424799,9.72723651232875
"48217","48","217",TX,Texas,Hill,Hill County,2483.43019,69.544723,36138,14.5516472117946,60669,35145,4681,13.3191065585432,28841,2269,237,282,0,2494,2015,15366,12594,1600,1,0,149,155,867,0.0065078745281791,5.64232721593128
"29219","29","219",MO,Missouri,Warren,Warren County,1110.043144,23.775471,35729,32.1870372274467,75531,35221,3593,10.2013003605803,32545,768,192,179,0,348,1697,16913,13932,1619,54,3,45,189,1071,0.319281026429374,6.33240702418258
"13141","13","141",GA,Georgia,Hancock,Hancock County,1220.057418,17.47962,8588,7.03901297864983,31767,7026,1932,27.4978650725875,2178,6156,14,75,0,40,125,2445,2092,114,0,0,17,106,116,0,4.74437627811861
"01069","01","069",AL,Alabama,Houston,Houston County,1501.742235,4.795415,107040,71.2772122307661,55064,105841,18878,17.8361882446311,71260,29166,309,987,39,967,4312,45364,38919,3710,34,54,305,408,1934,0.0749492990036152,4.26329247861741
"29155","29","155",MO,Missouri,Pemiscot,Pemiscot County,1275.841039,53.915406,15555,12.1919577161368,37426,15346,4489,29.2519223250358,10408,4071,19,6,0,119,932,5504,4566,603,21,0,57,20,237,0.381540697674419,4.30595930232558
"26163","26","163",MI,Michigan,Wayne,Wayne County,1584.692687,157.708871,1781641,1124.28170749803,57223,1762492,355857,20.1905597302002,905956,670722,5497,61624,350,45494,91998,742431,553436,65940,17334,2008,12827,12689,78197,2.33476242236652,10.5325612750545
"18011","18","011",IN,Indiana,Boone,Boone County,1095.260013,0.876741,71235,65.0393506149119,103038,70260,4050,5.76430401366354,63882,1536,37,2227,27,562,2964,36583,27255,1971,68,45,303,632,6309,0.185878686821748,17.2457152229177
"36061","36","061",NY,New York,New York,New York County,58.68388,29.010416,1645867,28046.3220904957,99880,1599733,252677,15.7949482819946,842952,230583,8518,199086,765,209622,154341,870794,49360,13762,416374,21935,159913,30438,179012,47.8154419989113,20.5573304363604
"45039","45","039",SC,South Carolina,Fairfield,Fairfield County,1777.521257,61.063162,20942,11.7815749980648,44521,20653,3866,18.7188301941607,8088,11714,3,77,0,47,1013,9136,7876,578,158,0,101,124,299,1.72942206654991,3.27276707530648
"16087","16","087",ID,Idaho,Washington,Washington County,3762.870369,53.228012,10612,2.82018750564086,50046,10448,1894,18.1278713629403,8973,20,34,14,25,714,832,3897,2794,418,15,50,232,38,350,0.384911470361817,8.98126764177572
"39007","39","007",OH,Ohio,Ashtabula,Ashtabula County,1819.712681,1724.513202,97666,53.6711102910647,53663,94515,17024,18.0119557742157,88110,3487,85,371,36,964,4613,40922,33463,4137,105,45,687,963,1522,0.256585699623674,3.7192708078784
"51163","51","163",VA,Virginia,Rockbridge,Rockbridge County,1545.06466,8.810379,22673,14.6744667630933,61903,22299,1983,8.89277546078299,20712,987,15,159,0,291,509,9969,7985,869,61,44,90,49,871,0.61189688032902,8.7370849633865
"55059","55","059",WI,Wisconsin,Kenosha,Kenosha County,704.044387,1248.872159,168693,239.605631569363,76583,164733,18284,11.0991726005111,133072,11025,648,3068,97,4952,15831,85204,69191,6148,827,275,1273,1009,6481,0.970611708370499,7.60645040138961
"09120","09","120",CT,Connecticut,Greater Bridgeport,Greater Bridgeport Planning Region,363.067865,253.764138,326381,898.953147505908,83147,316788,42156,13.3073222470548,213952,39028,930,17876,165,32292,22138,156551,106303,14829,9940,202,3963,2358,18956,6.34936857637447,12.1085141583254
"31011","31","011",NE,Nebraska,Boone,Boone County,1778.138689,1.745891,5397,3.03519631701799,66800,5295,389,7.34655335221907,5223,4,10,14,1,29,116,2748,2033,286,12,17,117,59,224,0.436681222707424,8.15138282387191
"48099","48","099",TX,Texas,Coryell,Coryell County,2725.307438,11.833644,82927,30.4284936237715,63281,66828,7092,10.6123181899802,53170,11319,453,1761,626,2559,13039,33899,24176,3517,139,42,2386,483,3156,0.41004159414732,9.31000914481253
"17037","17","037",IL,Illinois,DeKalb,DeKalb County,1635.155509,8.560429,100686,61.5757947460152,68617,96425,14841,15.3912367124708,79772,7734,418,2424,25,3757,6556,50485,39800,4515,410,339,1756,556,3109,0.812122412597801,6.15826483113796
"26085","26","085",MI,Michigan,Lake,Lake County,1470.061185,17.483127,12285,8.35679502686822,45946,11992,2434,20.2968645763843,10121,1218,85,38,3,195,625,3935,3019,406,30,8,177,70,225,0.762388818297332,5.71791613722999
"12071","12","071",FL,Florida,Lee,Lee County,2022.848995,1900.537643,772902,382.085861035811,69368,761814,89142,11.7012814151486,574580,62126,1782,12868,504,32110,88932,326302,244149,31437,1635,2120,3521,6202,37238,0.501069561326624,11.4121274157069
"16041","16","041",ID,Idaho,Franklin,Franklin County,1717.211139,12.153472,14376,8.37171368942535,61679,14224,1367,9.61051743532058,13275,0,67,36,0,452,546,6423,5031,552,21,10,134,29,646,0.326950023353573,10.0576054803052
"51081","51","081",VA,Virginia,Greensville,Greensville County,764.634552,4.086108,11373,14.8737720133788,51823,8427,1090,12.934614928207,4136,6090,17,37,0,319,774,3877,3099,354,25,0,23,267,109,0.644828475625484,2.81145215372711
"13091","13","091",GA,Georgia,Dodge,Dodge County,1284.538002,18.529136,19977,15.5518948983185,46091,18310,4090,22.3375204806117,13361,6062,58,4,0,224,268,7620,6345,694,50,5,57,221,248,0.656167979002625,3.25459317585302
"06045","06","045",CA,California,Mendocino,Mendocino County,9082.586851,961.786019,91145,10.0351366296007,61335,89649,14483,16.1552276099008,67114,658,3500,1961,86,6600,11226,36841,26713,3480,103,79,2454,249,3763,0.279579815965908,10.2141635677642
"55011","55","011",WI,Wisconsin,Buffalo,Buffalo County,1750.290756,87.549574,13329,7.61530617373608,64238,13216,1088,8.23244552058111,12721,43,10,13,0,141,401,6802,5403,445,8,4,253,70,619,0.117612466921494,9.10026462805057
"55101","55","101",WI,Wisconsin,Racine,Racine County,861.537604,1190.103013,197068,228.739870535007,72658,191934,21743,11.3283732949868,150173,21344,628,2585,168,5916,16254,94221,75538,7374,966,158,925,1845,7415,1.02524914827905,7.86979548083761
"50013","50","013",VT,Vermont,Grand Isle,Grand Isle County,211.772078,288.966533,7335,34.6362942143865,86639,7315,544,7.43677375256323,6760,80,128,25,0,52,290,3613,2838,159,15,2,71,13,515,0.415167450871852,14.2540824799336
"27037","27","037",MN,Minnesota,Dakota,Dakota County,1457.01523,62.99679,439179,301.423753820336,101360,436007,24600,5.64211125050745,342633,31094,1241,22759,77,14569,26806,235955,170215,17701,5225,407,3063,2133,37211,2.21440528914412,15.7703799453286
"41051","41","051",OR,Oregon,Multnomah,Multnomah County,1116.334868,88.031754,808098,723.884940947666,83668,793847,96850,12.2000838952594,585219,43931,8385,61740,5197,25513,78113,438555,241530,34183,33468,15247,19683,5873,88571,7.63142593289325,20.1960985509229
"22069","22","069",LA,Louisiana,Natchitoches,Natchitoches Parish,3246.092085,119.733774,37478,11.5455751157472,41310,35426,9184,25.9244622593575,19170,15269,281,238,0,1042,1478,14014,11675,1408,24,72,292,171,372,0.171257314114457,2.65448836877408
"17171","17","171",IL,Illinois,Scott,Scott County,649.542036,4.814546,4899,7.54223703544877,70500,4838,531,10.9756097560976,4693,0,6,38,0,50,112,2187,1810,147,6,5,20,10,189,0.274348422496571,8.64197530864197
"13103","13","103",GA,Georgia,Effingham,Effingham County,1240.161598,10.552453,65314,52.6657171979292,79474,64821,4290,6.61822557504512,50603,8968,86,443,109,1278,3827,30689,26789,2138,141,20,173,198,1230,0.459448010687869,4.00795073153247
"40015","40","015",OK,Oklahoma,Caddo,Caddo County,3309.366433,32.099077,26910,8.13146580918378,52443,25361,4723,18.623082686014,16282,951,5108,34,7,1117,3411,10624,8555,1088,99,0,182,252,448,0.931852409638554,4.21686746987952
"40067","40","067",OK,Oklahoma,Jefferson,Jefferson County,1965.685985,39.41759,5420,2.75730713926823,48346,5276,1221,23.1425322213798,4367,102,240,1,0,91,619,2048,1528,277,74,2,41,34,92,3.61328125,4.4921875
"08055","08","055",CO,Colorado,Huerfano,Huerfano County,4120.75629,5.792101,6896,1.67347921466135,49631,6749,1390,20.5956437990813,6026,3,229,5,0,284,349,2498,1804,195,8,0,43,0,448,0.320256204963971,17.9343474779824
"45007","45","007",SC,South Carolina,Anderson,Anderson County,1848.876935,108.544449,204592,110.657446218831,62347,201569,28770,14.2730280945979,159828,30574,423,2044,36,2832,8855,91484,76189,8209,262,163,1115,737,4809,0.286388876743474,5.25665690175331
"45027","45","027",SC,South Carolina,Clarendon,Clarendon County,1572.659561,229.094635,31163,19.8154774070648,48677,29847,5827,19.5229001239656,15470,14202,41,242,0,442,766,10781,8686,1122,14,6,168,153,632,0.129858083665708,5.86216491976626
"13177","13","177",GA,Georgia,Lee,Lee County,921.632946,15.408829,32968,35.7712906673803,83632,31704,2802,8.83800151400454,22816,7825,4,887,17,397,1022,15619,12897,1845,0,0,37,83,757,0,4.84666111786926
"39081","39","081",OH,Ohio,Jefferson,Jefferson County,1057.037102,7.335056,65280,61.7575294911455,53124,63119,11465,18.1641027265958,58957,3494,40,390,0,374,2025,27544,22691,1539,76,3,1084,126,2025,0.275922160906186,7.35187336625036
"40129","40","129",OK,Oklahoma,Roger Mills,Roger Mills County,2955.524813,13.688537,3423,1.15816994157646,57574,3399,461,13.5628125919388,2899,3,195,11,22,98,195,1469,1160,82,3,0,93,31,100,0.204220558202859,6.8073519400953
"51678","51","678",VA,Virginia,Lexington,Lexington city,6.473,0.067783,7346,1134.86791286884,93651,4185,696,16.6308243727599,6136,380,39,231,0,117,443,2721,1506,59,0,5,787,11,353,0,12.9731716280779
"06089","06","089",CA,California,Shasta,Shasta County,9778.89292,185.816636,181852,18.5963791083214,68347,178820,23753,13.2831897997987,148667,1758,3234,5585,268,4810,17530,74304,58405,7090,404,579,1660,688,5478,0.543712316968131,7.37241602067183
"05041","05","041",AR,Arkansas,Desha,Desha County,1919.768424,185.180909,11285,5.87831316471325,38067,11180,3044,27.2271914132379,5365,5376,8,25,0,187,324,4027,3434,414,9,0,42,41,87,0.223491432828408,2.16041718400795
"22057","22","057",LA,Louisiana,Lafourche,Lafourche Parish,2765.571303,1037.643577,97220,35.1536768893064,61381,94822,15695,16.5520659762502,75654,12950,2046,604,2,1067,4897,41074,32937,4374,308,7,773,1096,1579,0.749866095340118,3.84428105370794
"06109","06","109",CA,California,Tuolumne,Tuolumne County,5752.133238,138.668837,54993,9.56045309185517,70432,51779,5887,11.3694741111261,46316,846,854,810,286,1803,4078,19951,15146,1638,62,11,742,150,2202,0.310761365345095,11.0370407498371
"40021","40","021",OK,Oklahoma,Cherokee,Cherokee County,1940.22893,69.661251,47412,24.4362916493571,52410,45588,9468,20.7686233219268,22852,574,15675,495,30,778,7008,20118,15250,2591,24,84,679,286,1204,0.119296152699075,5.98469032707029
"05015","05","015",AR,Arkansas,Carroll,Carroll County,1631.504843,22.715756,28362,17.3839508486215,56826,28046,4329,15.4353562005277,22594,103,264,346,330,619,4106,11683,8709,1164,12,18,393,373,1014,0.102713344175297,8.67927758281263
"48449","48","449",TX,Texas,Titus,Titus County,1052.314636,50.096807,31301,29.744906066288,57634,30946,5674,18.335164480062,19000,3005,168,412,0,4597,4119,13191,10552,1864,12,0,109,254,400,0.0909711166704571,3.0323705556819
"22099","22","099",LA,Louisiana,St. Martin,St. Martin Parish,1910.038831,205.294657,51856,27.1491862669885,50806,51348,9019,17.5644621017372,34230,14903,135,493,74,177,1844,21696,18461,1427,44,28,315,143,1278,0.202802359882006,5.89048672566372
"01103","01","103",AL,Alabama,Morgan,Morgan County,1501.335545,50.196377,123102,81.994994663235,61588,120811,16579,13.7230881293922,94056,16631,471,605,31,5058,6250,54268,46291,4124,52,29,501,575,2696,0.0958207415051227,4.96793690572713
"01125","01","125",AL,Alabama,Tuscaloosa,Tuscaloosa County,3420.980041,78.703449,231558,67.6876208644329,61645,218123,36412,16.6933335778437,143889,74222,393,3817,24,2009,7204,107697,88127,10924,835,204,1103,624,5880,0.775323360910703,5.45976211036519
"22125","22","125",LA,Louisiana,West Feliciana,West Feliciana Parish,1044.584261,58.75192,15358,14.7024999068026,71985,11794,1676,14.2106155672376,8048,6803,92,8,0,37,370,5572,4879,392,13,0,43,7,238,0.233309404163676,4.2713567839196
"13151","13","151",GA,Georgia,Henry,Henry County,825.432678,20.273034,240853,291.789998650865,79663,239400,20180,8.42940685045948,95873,117193,350,8048,11,3457,15921,115681,89252,9559,1031,34,402,1176,14227,0.891244024515694,12.2984759813625
"12043","12","043",FL,Florida,Glades,Glades County,2089.659352,467.293938,12179,5.82822266621761,37221,10894,2382,21.8652469249128,8358,1892,444,63,0,464,958,3425,2493,475,73,9,125,84,166,2.13138686131387,4.84671532846715
"08089","08","089",CO,Colorado,Otero,Otero County,3268.424301,20.092555,18580,5.68469644357843,47500,18130,4350,23.9933811362383,13788,236,356,152,9,1798,2241,7033,5323,902,7,0,320,205,276,0.0995307834494526,3.92435660457842
"22107","22","107",LA,Louisiana,Tensas,Tensas Parish,1561.795836,99.43222,4127,2.64247086902849,35653,4001,1403,35.0662334416396,1726,2168,0,34,0,103,96,1154,999,104,0,2,12,16,21,0,1.81975736568458
"54011","54","011",WV,West Virginia,Cabell,Cabell County,727.847834,18.112163,93965,129.099786535876,48944,89806,18063,20.1133554550921,84632,4089,119,1205,4,405,3511,39546,31075,3800,473,149,1031,480,2538,1.19607545643049,6.41784251251707
"21183","21","183",KY,Kentucky,Ohio,Ohio County,1520.569116,23.652967,23782,15.6401966538429,52474,23241,3263,14.0398433802332,22431,232,81,35,0,382,621,9620,8040,980,11,0,163,25,401,0.114345114345114,4.16839916839917
"27013","27","013",MN,Minnesota,Blue Earth,Blue Earth County,1936.886814,45.960593,69022,35.6355361093392,70906,65569,10756,16.4040933977947,60623,3217,109,1719,33,846,2475,37318,28890,3267,626,81,1032,330,3092,1.67747467709952,8.28554584918806
"33011","33","011",NH,New Hampshire,Hillsborough,Hillsborough County,2270.202106,41.30976,422733,186.209412317407,95112,414999,28465,6.85905267241608,358618,10912,604,17708,64,7716,27111,231932,174743,16629,1548,418,4241,2200,32153,0.66743700739872,13.8631150509632
"56037","56","037",WY,Wyoming,Sweetwater,Sweetwater County,27005.75436,166.230245,42079,1.55814940175587,79375,41468,4833,11.6547699430886,35680,528,415,361,48,1828,3219,20668,15970,2850,417,147,572,94,618,2.01761176698278,2.99012966905361
"19155","19","155",IA,Iowa,Pottawattamie,Pottawattamie County,2463.774735,20.387191,93543,37.9673509396548,68718,91067,10317,11.3290214896724,83925,1446,232,837,90,1663,5350,45090,36808,3398,137,53,783,569,3342,0.303836770902639,7.41184298070526
"36045","36","045",NY,New York,Jefferson,Jefferson County,3283.887137,1524.557044,117445,35.7640184026824,62782,111843,14310,12.7947211716424,98846,6888,314,1842,289,2133,7133,54156,43081,3906,280,68,2318,1069,3434,0.517024891055469,6.34094098530172
"29013","29","013",MO,Missouri,Bates,Bates County,2167.033438,38.030738,16101,7.42997303025464,54122,15670,2993,19.100191448628,14970,346,73,65,10,197,440,6860,5362,685,1,0,75,91,646,0.0145772594752187,9.41690962099125
"26141","26","141",MI,Michigan,Presque Isle,Presque Isle County,1706.069656,4957.327108,13083,7.66850283866722,55986,12949,1645,12.7036836821376,12540,60,26,53,0,33,371,4614,3585,367,2,26,73,145,416,0.0433463372345037,9.01603814477677
"30085","30","085",MT,Montana,Roosevelt,Roosevelt County,6098.391677,38.582249,10799,1.77079475572687,51038,10368,3271,31.5489969135802,3586,35,6298,79,1,39,761,3650,2870,270,67,2,265,6,170,1.83561643835616,4.65753424657534
"53031","53","031",WA,Washington,Jefferson,Jefferson County,4671.633827,994.992501,33006,7.06519415311186,64796,32353,4473,13.8256112261614,29039,140,522,470,45,669,2121,11478,7609,769,232,149,498,72,2149,2.02125805889528,18.7227740024395
"48355","48","355",TX,Texas,Nueces,Nueces County,2173.636003,845.192062,353245,162.513410484764,64027,345480,59784,17.304619659604,224557,13086,980,7750,266,15965,90641,160375,131389,15474,1915,181,2229,1862,7325,1.19407638347623,4.56742010911925
"55029","55","029",WI,Wisconsin,Door,Door County,1248.200842,4890.681189,30038,24.0650374437097,68257,29709,2573,8.66067521626443,28245,177,290,85,0,384,857,14156,11022,1053,33,89,503,103,1353,0.233116699632665,9.55778468493925
"16069","16","069",ID,Idaho,Nez Perce,Nez Perce County,2197.139835,21.25288,42200,19.2067884473088,65023,40657,5749,14.1402464520255,37453,44,2103,374,27,290,1909,19581,16119,1400,46,44,635,115,1222,0.234921607680915,6.24074357795822
"26063","26","063",MI,Michigan,Huron,Huron County,2165.275137,3369.019054,31461,14.5297932176829,54475,31089,3501,11.2612177940751,29926,144,50,148,0,305,888,13374,10746,889,131,17,548,122,921,0.97951248691491,6.88649618663078
"13167","13","167",GA,Georgia,Johnson,Johnson County,784.81523,9.256633,9225,11.7543590483075,47796,8059,1762,21.8637548082889,5737,3031,0,19,0,54,384,3175,2440,544,0,20,86,28,57,0,1.79527559055118
"39137","39","137",OH,Ohio,Putnam,Putnam County,1249.783611,4.544874,34400,27.524764845072,79453,34020,2232,6.56084656084656,31871,219,68,30,8,1260,944,17056,15012,818,44,7,287,54,834,0.25797373358349,4.88977485928705
"48143","48","143",TX,Texas,Erath,Erath County,2805.419712,17.166727,42788,15.2519068063068,59654,40305,6667,16.5413720382087,35153,604,286,415,89,2931,3310,20446,15693,2033,5,269,782,254,1410,0.0244546610583977,6.89621441846816
"29203","29","203",MO,Missouri,Shannon,Shannon County,2599.881424,0.464012,7132,2.74320202997073,46767,6957,1021,14.6758660342101,6635,20,10,23,0,0,444,2672,2022,387,28,0,26,3,206,1.04790419161677,7.70958083832335
"02170","02","170",AK,Alaska,Matanuska-Susitna,Matanuska-Susitna Borough,63991.523362,1445.85674,108661,1.69805302782534,86435,105794,10810,10.2179707733898,86055,1392,6743,1956,464,1449,10602,45940,33327,4308,299,113,938,2584,4371,0.65084893339138,9.51458424031345
"51610","51","610",VA,Virginia,Falls Church,Falls Church city,5.300262,3.2e-05,14576,2750.05273324224,164536,14530,338,2.32622161046111,10567,669,45,1279,0,493,1523,7948,4050,449,840,34,344,100,2131,10.5686965274283,26.8117765475591
"48273","48","273",TX,Texas,Kleberg,Kleberg County,2282.572444,541.041659,30860,13.5198337652411,52487,29068,8885,30.5662584285125,18374,937,203,407,0,1459,9480,13086,9988,1527,0,114,521,219,717,0,5.47913801008712
"08097","08","097",CO,Colorado,Pitkin,Pitkin County,2514.104906,6.472577,17325,6.89112055692397,96123,17260,1150,6.66280417149479,15266,75,97,391,0,305,1191,10314,5026,551,1512,511,949,278,1487,14.6596858638743,14.4172968780299
"08067","08","067",CO,Colorado,La Plata,La Plata County,4376.255278,25.642579,55983,12.7924438689474,81936,54155,6185,11.4209214292309,47046,129,3273,437,44,1412,3642,28762,19473,2439,187,692,1176,270,4525,0.650163410054934,15.7325637994576
"40143","40","143",OK,Oklahoma,Tulsa,Tulsa County,1476.917124,42.925549,668923,452.918440127721,65229,658209,94860,14.4118357542969,436958,66006,34348,24536,890,24959,81226,318243,249948,29636,1311,636,4599,4280,27833,0.41194935945174,8.74583258704826
"01115","01","115",AL,Alabama,St. Clair,St. Clair County,1635.759708,56.431801,91719,56.0711940460634,73218,89634,9786,10.917732110583,78169,8985,310,373,61,1215,2606,41302,35120,2648,33,0,211,216,3074,0.0798992784853034,7.44273885041887
"12103","12","103",FL,Florida,Pinellas,Pinellas County,709.087754,1535.985874,959918,1353.73653625388,66406,940492,107865,11.4689970781251,738122,96357,2156,33912,809,19716,68846,454923,329912,32822,5565,3698,6425,8565,67936,1.22328394035914,14.9335162214265
"17057","17","057",IL,Illinois,Fulton,Fulton County,2242.109836,43.927321,33691,15.0264717004703,57223,31560,4223,13.3808618504436,31409,902,223,103,0,301,753,14264,11994,1284,7,14,293,108,564,0.0490745933819405,3.95401009534492
"20021","20","021",KS,Kansas,Cherokee,Cherokee County,1521.791029,8.951464,19380,12.7349942473606,53382,19091,2615,13.6975538211723,17212,169,458,53,32,84,1372,8682,7291,701,0,0,173,78,439,0,5.05643860861553
"27007","27","007",MN,Minnesota,Beltrami,Beltrami County,6486.994911,1425.75598,46274,7.13334920635334,62173,44355,7160,16.1424867545936,32991,584,9020,304,42,224,3109,21007,15858,2257,292,43,738,181,1638,1.39001285285857,7.79740086637787
"18017","18","017",IN,Indiana,Cass,Cass County,1067.448399,7.002034,37820,35.4302840637826,55862,36871,5117,13.8781155921998,31085,494,203,536,0,3085,2417,17896,14797,2187,72,46,193,69,532,0.40232454179705,2.97273133661153
"05113","05","113",AR,Arkansas,Polk,Polk County,2219.200782,12.520929,19384,8.7346760857441,48449,19080,3393,17.7830188679245,17457,25,302,34,39,555,972,7479,5851,1056,8,18,125,68,353,0.106966171948121,4.71988233721086
"32005","32","005",NV,Nevada,Douglas,Douglas County,1840.283025,72.18221,49476,26.8849950403689,84262,49185,3678,7.47788960048795,41603,332,722,1057,93,2327,3342,21142,15655,2090,30,145,444,578,2200,0.141897644499101,10.4058272632674
"20095","20","095",KS,Kansas,Kingman,Kingman County,2236.245128,8.39192,7369,3.29525592151452,59640,7229,570,7.88490800940656,6912,19,24,1,0,124,289,3486,2943,304,0,0,61,19,159,0,4.56110154905336
"19043","19","043",IA,Iowa,Clayton,Clayton County,2016.207829,36.695624,17123,8.49267607917815,60441,16847,2194,13.023090164421,16455,67,14,61,0,76,450,8523,6569,541,3,14,303,367,726,0.0351988736360436,8.51812741992256
"18049","18","049",IN,Indiana,Fulton,Fulton County,954.133332,7.439345,20420,21.4016210472354,62644,20129,2977,14.7896070346267,18623,241,19,18,0,1026,493,8674,6987,876,31,10,293,102,375,0.357389900853124,4.32326492967489
"29199","29","199",MO,Missouri,Scotland,Scotland County,1130.548365,7.217862,4720,4.17496512853742,58656,4609,343,7.44196137990887,4574,3,4,2,18,2,117,1923,1615,96,0,9,26,17,160,0,8.32033281331253
"45015","45","015",SC,South Carolina,Berkeley,Berkeley County,2858.412773,337.382775,231419,80.9606653685353,77874,227158,24818,10.9254351596686,148806,54006,811,5473,201,7554,14568,113737,90910,9069,522,229,2166,1184,9657,0.458953550735469,8.49064068860617
"09160","09","160",CT,Connecticut,Northwest Hills,Northwest Hills Planning Region,2037.392863,55.597912,112696,55.3138287890429,87971,110869,10462,9.43636183243287,92804,5352,154,2811,0,3107,8468,56900,43483,3466,579,127,1673,766,6806,1.01757469244288,11.9613356766257
"26089","26","089",MI,Michigan,Leelanau,Leelanau County,899.241892,5659.105321,22426,24.9387847691598,82345,22213,1483,6.67627065232071,20433,93,720,135,17,153,875,9470,7301,471,23,32,152,98,1393,0.242872228088701,14.7096092925026
"42057","42","057",PA,Pennsylvania,Fulton,Fulton County,1133.252799,1.305486,14545,12.8347355619459,63153,14480,1550,10.7044198895028,13782,197,2,39,0,224,301,6793,5472,718,17,0,101,74,411,0.250257618136317,6.05034594435448
"26037","26","037",MI,Michigan,Clinton,Clinton County,1469.427623,18.68799,79249,53.9318839251193,82594,78373,7488,9.55431079580978,72025,1375,271,998,8,770,3802,38854,30873,2105,250,13,630,290,4693,0.643434395429042,12.078550470994
"13239","13","239",GA,Georgia,Quitman,Quitman County,391.703076,24.158295,2180,5.56544008349835,38889,2180,333,15.2752293577982,953,1146,0,0,0,0,81,525,467,50,0,0,0,0,8,0,1.52380952380952
"53061","53","061",WA,Washington,Snohomish,Snohomish County,5404.046467,282.924414,828337,153.280880365902,104083,817973,62171,7.60061762429811,570661,28662,7819,101576,3906,35079,80634,418564,282634,40387,15840,1371,7461,4498,66373,3.78436750413318,15.8573121434237
"29111","29","111",MO,Missouri,Lewis,Lewis County,1307.990182,14.964045,9987,7.63537841295509,49779,9190,1513,16.4635473340588,9220,386,15,47,11,10,298,4296,3382,484,19,0,148,57,206,0.442271880819367,4.7951582867784
"12079","12","079",FL,Florida,Madison,Madison County,1804.001483,49.634046,17986,9.97005832284008,43386,16087,3611,22.4466960900106,10260,6541,25,16,0,426,718,6020,4832,824,67,12,22,99,164,1.11295681063123,2.72425249169435
"35028","35","028",NM,New Mexico,Los Alamos,Los Alamos County,282.626748,0.208105,19253,68.1216485567742,135801,19145,710,3.70854008879603,15140,224,183,1029,0,677,2000,10197,7665,674,170,205,204,73,1206,1.66715700696283,11.8270079435128
"35019","35","019",NM,New Mexico,Guadalupe,Guadalupe County,7847.072132,2.887948,4413,0.562375358065588,38713,3877,801,20.6603043590405,2028,87,354,4,0,900,1040,1526,1272,75,0,0,58,44,77,0,5.04587155963303
"54021","54","021",WV,West Virginia,Gilmer,Gilmer County,876.71762,4.082112,7444,8.49076125560246,51552,5511,614,11.1413536563237,6041,1012,11,26,0,43,311,2245,1601,316,9,0,159,84,76,0.400890868596882,3.38530066815145
"18163","18","163",IN,Indiana,Vanderburgh,Vanderburgh County,604.506338,8.955935,179900,297.59820318046,58839,173666,24763,14.2589798809208,149945,17554,181,2433,439,2154,7194,87736,72184,6963,808,305,2340,768,4368,0.920944652138233,4.97857207987599
"54027","54","027",WV,West Virginia,Hampshire,Hampshire County,1658.633561,10.902927,23275,14.0326353857011,55222,22563,3941,17.4666489385277,22240,119,19,20,0,20,857,8516,7323,444,3,0,216,22,508,0.0352278064819164,5.96524189760451
"41063","41","063",OR,Oregon,Wallowa,Wallowa County,8147.835328,14.191752,7439,0.913003233439919,62238,7351,676,9.19602775132635,6721,75,50,28,2,207,356,3284,2137,343,0,21,159,87,537,0,16.3520097442144
"37039","37","039",NC,North Carolina,Cherokee,Cherokee County,1179.845613,28.813485,28868,24.4676080344081,49254,28502,4770,16.735667672444,26502,420,463,150,15,270,1048,11047,8675,936,39,0,212,246,939,0.353037023626324,8.50004526115688
"40109","40","109",OK,Oklahoma,Oklahoma,Oklahoma County,1836.035183,24.721024,795822,433.445942304691,62505,779840,123243,15.8036263848995,497026,117074,25361,26940,796,37157,91468,381419,299731,36013,1852,821,6299,5412,31291,0.485555255506412,8.20383882292177
"12127","12","127",FL,Florida,Volusia,Volusia County,2851.876607,858.119458,558520,195.84297533389,63075,544169,66328,12.1888604459276,416566,59935,1194,10398,135,39429,30863,241735,184545,19248,1530,1251,2839,4042,28280,0.632924483421929,11.6987610399818
"06091","06","091",CA,California,Sierra,Sierra County,2468.694582,23.29911,2916,1.18119107209998,61108,2854,359,12.5788367203924,2600,7,78,0,0,147,84,1216,993,63,3,0,6,6,145,0.246710526315789,11.9243421052632
"16019","16","019",ID,Idaho,Bonneville,Bonneville County,4832.847348,88.880595,124490,25.7591417720898,73103,123057,11641,9.4598438122171,108179,496,779,1162,27,6740,7107,55030,41890,5298,1228,266,822,731,4795,2.23151008540796,8.71342903870616
"01035","01","035",AL,Alabama,Conecuh,Conecuh County,2202.213384,6.426488,11576,5.25652967332978,39888,11514,2122,18.4297377106132,5751,5611,33,36,0,24,121,3664,3209,331,0,0,28,34,62,0,1.69213973799127
"20097","20","097",KS,Kansas,Kiowa,Kiowa County,1871.627806,0.596764,2445,1.30634947405777,70347,2238,116,5.18319928507596,2230,18,14,62,0,27,94,1232,931,64,4,11,120,0,102,0.324675324675325,8.27922077922078
"27041","27","041",MN,Minnesota,Douglas,Douglas County,1649.506061,215.746732,39081,23.6925470745512,72472,38550,3281,8.51102464332036,37411,149,101,196,120,308,796,19442,15570,1279,29,123,404,120,1917,0.149161608887975,9.86009669787059
"47023","47","023",TN,Tennessee,Chester,Chester County,740.053474,0.57559,17392,23.5010044693068,57471,16020,2535,15.8239700374532,14988,1795,0,30,0,156,423,6995,6062,364,0,22,68,38,441,0,6.30450321658327
"22113","22","113",LA,Louisiana,Vermilion,Vermilion Parish,3035.611921,932.167176,57202,18.8436471751489,56194,56531,10909,19.2973766605933,45074,7718,89,1026,127,356,2812,22422,18488,1706,15,22,728,375,1088,0.0668985817500669,4.85237712960485
"35043","35","043",NM,New Mexico,Sandoval,Sandoval County,9609.358329,10.852149,149460,15.5535879590363,76424,148322,14965,10.0895349307588,90123,3391,18214,2369,357,10830,24176,66313,48401,7207,437,165,756,902,8445,0.658995973640161,12.7350594905976
"27027","27","027",MN,Minnesota,Clay,Clay County,2706.993094,19.303392,65307,24.1252924304653,75006,62141,9165,14.748716628313,57105,2993,828,967,135,248,3031,33554,25746,2872,321,165,935,292,3223,0.956666865351374,9.60541217142517
