id,longitude,latitude,depth_km,mag,place,time_utc
nn00891080,-119.215,38.7512,10.4,2.6,"11 km ESE of Smith, Nevada",2025-01-01 01:51:40
us6000pmej,-169.0457,52.7864,34.83,3.2,"21 km SW of Nikolski, Alaska",2025-01-01 05:04:03
us6000pgsn,-74.4804,44.9207,6.24,2.5,"6 km SSE of Fort Covington Hamlet, New York",2025-01-01 05:57:00
nc75110711,-123.2855,39.42717,6.43,2.87,"6 km E of Willits, CA",2025-01-01 07:27:29
uu80098981,-110.82183,39.70217,-3.42,2.54,"2 km NW of Kenilworth, Utah",2025-01-01 08:42:04
ak0251u53fp,-152.7636,57.8947,35.9,2.6,"7 km ENE of Port Lions, Alaska",2025-01-01 11:09:24
tx2025aayr,-104.521,31.63,7.05,2.7,"62 km SSW of Whites City, New Mexico",2025-01-01 12:24:17
us6000pguv,-111.6075,46.7986,15.01,2.7,"28 km ENE of Helena Valley Northeast, Montana",2025-01-01 12:51:37
ak0251vd7a2,-151.9337,61.3348,95.7,3.0,"50 km WNW of Beluga, Alaska",2025-01-01 13:15:02
ak0251vhl4b,-153.0602,59.226,78.5,3.0,"66 km WSW of Nanwalek, Alaska",2025-01-01 13:35:52
us6000pgvl,-111.5907,46.7621,19.75,2.9,"28 km ENE of Helena Valley Northeast, Montana",2025-01-01 14:18:59
ci40831471,-115.44017,32.77817,12.79,2.57,"7 km WSW of Holtville, CA",2025-01-01 15:19:34
ci40831535,-115.43917,32.78067,15.0,2.84,"6 km WSW of Holtville, CA",2025-01-01 15:34:05
nn00891126,-119.0035,39.1075,4.2,3.1,"19 km NE of Yerington, Nevada",2025-01-01 15:35:46
tx2025abga,-102.064,32.403,7.15,3.0,"35 km WSW of Ackerly, Texas",2025-01-01 16:10:06
nc75110861,-121.11417,40.19283,3.96,2.59,"4 km SE of Prattville, CA",2025-01-01 16:23:47
tx2025abhh,-103.846,32.007,7.14,2.7,"32 km SE of Malaga, New Mexico",2025-01-01 16:48:52
ci40831679,-115.43267,32.7685,15.37,2.78,"7 km SW of Holtville, CA",2025-01-01 16:50:41
tx2025abht,-104.184,31.557,7.43,2.8,"45 km NW of Toyah, Texas",2025-01-01 17:02:27
ci40831687,-115.82333,33.4825,8.85,2.67,"12 km ESE of North Shore, CA",2025-01-01 17:28:13
ci40831695,-115.43483,32.7675,12.88,2.53,"7 km SW of Holtville, CA",2025-01-01 17:35:21
tx2025ablb,-104.51,31.616,7.43,2.5,"63 km SSW of Whites City, New Mexico",2025-01-01 18:43:11
hv74581922,-155.3805,19.20734,30.02,3.1,"10 km E of Pāhala, Hawaii",2025-01-01 20:51:29
us6000pgxv,-100.6257,42.2506,5.0,3.0,"4 km S of Brownlee, Nebraska",2025-01-01 20:57:54
us6000pm8a,-167.6705,53.3451,107.72,2.9,"91 km ENE of Nikolski, Alaska",2025-01-01 23:50:06
nc75111126,-122.75633,38.8455,1.42,4.65,"4 km NW of Cobb, CA",2025-01-02 02:34:04
tx2025acbz,-104.524,31.621,7.64,2.5,"63 km SSW of Whites City, New Mexico",2025-01-02 03:07:55
uu80099071,-109.875,41.55983,-2.63,3.1,"2 km NW of Little America, Wyoming",2025-01-02 04:05:53
ak0253jmz6r,-152.2973,61.2825,3.3,3.2,"66 km WNW of Tyonek, Alaska",2025-01-02 14:38:42
us7000pa57,-162.429,55.3987,154.14,3.2,"30 km NE of Cold Bay, Alaska",2025-01-02 21:55:32
ci40832759,-116.81267,33.99517,11.56,2.64,"9 km NNW of Cabazon, CA",2025-01-03 01:28:44
tx2025aeeb,-101.474,32.097,8.96,2.7,"10 km W of Forsan, Texas",2025-01-03 06:35:10
us6000phec,-111.1099,42.6143,3.61,2.6,"13 km SW of Fairview, Wyoming",2025-01-03 08:45:34
us6000phev,-106.3735,33.4145,10.0,2.8,"50 km NW of Tularosa, New Mexico",2025-01-03 11:35:41
nn00891318,-117.1332,37.3657,7.2,2.5,"39 km SSE of Goldfield, Nevada",2025-01-03 11:46:00
nm60596046,-91.71433,35.4435,0.07,2.88,"11 km E of Pangburn, Arkansas",2025-01-03 12:15:40
ak02559hiht,-154.351,57.6769,57.0,2.6,"13 km NNE of Karluk, Alaska",2025-01-03 18:26:45
tx2025afgx,-97.833,29.061,7.7,2.5,"19 km ENE of Falls City, Texas",2025-01-03 21:09:37
tx2025afjc,-97.833,29.062,7.08,3.1,"20 km ENE of Falls City, Texas",2025-01-03 22:14:49
nn00891366,-117.1322,37.3721,6.8,2.5,"38 km SSE of Goldfield, Nevada",2025-01-04 00:27:55
nn00891374,-119.21,38.7499,9.4,2.9,"11 km ESE of Smith, Nevada",2025-01-04 02:55:56
ak0256om5yu,-149.4732,61.6701,36.0,2.5,"5 km NNW of Tanaina, Alaska",2025-01-04 04:14:20
ak0256pgul5,-152.623,65.0413,5.9,2.6,"29 km WSW of Tanana, Alaska",2025-01-04 05:57:34
hv74583677,-154.97866,19.3785,6.57,2.73,"11 km SSW of Leilani Estates, Hawaii",2025-01-04 13:14:30
us7000pa8y,-160.7963,55.126,88.35,2.6,"30 km SW of Sand Point, Alaska",2025-01-04 18:26:40
ak0256x6toy,-153.351,60.1856,145.6,3.2,"53 km E of Port Alsworth, Alaska",2025-01-04 18:54:28
ak0256zk5qs,-154.2167,58.2851,79.5,2.5,"80 km WNW of Aleneva, Alaska",2025-01-04 22:52:42
nn00891410,-115.8268,38.3628,4.5,3.6,"80 km N of Rachel, Nevada",2025-01-05 07:54:43
ak0258k3px0,-150.3098,63.0451,99.4,3.0,"65 km NNE of Petersville, Alaska",2025-01-05 17:49:52
ak0259zsd3f,-152.1037,62.175,101.8,3.2,"42 km WNW of Skwentna, Alaska",2025-01-06 04:30:55
us6000pi49,-93.9148,32.6704,9.46,3.0,"4 km ESE of Mooringsport, Louisiana",2025-01-06 05:09:56
uu80099281,-111.66,40.88383,11.09,2.6,"15 km NNW of Summit Park, Utah",2025-01-06 11:04:05
ci40834559,-115.5435,32.78383,15.78,3.1,"1 km ESE of El Centro, CA",2025-01-06 13:49:52
nc75113596,-120.8155,36.22233,8.0,2.8,"21 km ENE of San Lucas, CA",2025-01-06 14:20:38
ak025a6euyz,-150.948,61.6419,67.6,3.6,"25 km WNW of Susitna, Alaska",2025-01-06 15:43:28
ak025bm8pez,-161.9649,66.4021,8.8,2.7,"49 km NE of Deering, Alaska",2025-01-07 02:48:56
nc75113996,-122.81217,38.827,2.06,2.59,"7 km NNW of The Geysers, CA",2025-01-07 09:59:42
ak025bqxrd5,-152.9766,60.1964,117.9,2.5,"74 km E of Port Alsworth, Alaska",2025-01-07 10:37:31
us7000pafy,-161.3189,55.7267,161.8,2.6,"31 km SSW of Nelson Lagoon, Alaska",2025-01-07 13:05:17
nc75114141,-118.83017,37.42233,7.05,2.73,"20 km SW of Toms Place, CA",2025-01-07 18:52:25
hv74586587,-155.79216,19.84417,23.46,3.04,"10 km S of Waikoloa, Hawaii",2025-01-07 19:44:38
ak025bwvwyu,-147.6245,63.8186,8.6,2.5,"64 km E of Denali Park, Alaska",2025-01-07 20:36:47
uu80099346,-109.88317,41.55817,-2.54,3.04,"2 km NW of Little America, Wyoming",2025-01-08 00:06:24
ak025d9jdmm,-148.3003,60.198,19.5,3.3,"21 km NW of Chenega, Alaska",2025-01-08 02:08:10
nc75114406,-121.16067,40.236,4.27,3.25,"3 km NE of Almanor, CA",2025-01-08 08:20:19
ak025dec01v,-150.9957,61.112,54.9,3.1,"5 km SE of Beluga, Alaska",2025-01-08 10:13:49
ak025dhbjsc,-157.9145,55.8004,30.0,3.3,"62 km SSE of Chignik, Alaska",2025-01-08 15:15:23
ak025dkvpic,-156.288,58.6454,191.9,3.0,"22 km ESE of King Salmon, Alaska",2025-01-08 21:13:20
ci40836207,-115.4345,32.77383,14.89,2.76,"7 km SW of Holtville, CA",2025-01-08 21:59:30
tx2025aoxt,-104.357,31.666,5.95,4.2,"56 km S of Whites City, New Mexico",2025-01-09 03:52:17
tx2025aoyu,-104.362,31.664,5.95,2.5,"56 km S of Whites City, New Mexico",2025-01-09 04:22:20
us6000pit4,-104.6305,32.533,9.92,2.7,"32 km SSE of Hope, New Mexico",2025-01-09 04:41:49
nc75114761,-121.63567,36.8905,6.1,2.91,"1 km E of Aromas, CA",2025-01-09 05:10:28
nn00891633,-116.8631,39.5899,6.4,2.7,"20 km ENE of Austin, Nevada",2025-01-09 07:01:01
tx2025apel,-104.339,31.673,6.1,2.5,"55 km S of Whites City, New Mexico",2025-01-09 07:09:20
tx2025apmr,-104.025,31.564,7.78,2.5,"35 km NW of Toyah, Texas",2025-01-09 11:26:39
hv74588167,-155.12583,19.33667,7.5,3.08,"14 km S of Fern Forest, Hawaii",2025-01-09 18:30:14
ci40836623,-119.0935,35.08083,12.68,3.08,"21 km NW of Grapevine, CA",2025-01-09 19:23:12
us7000pbc4,-179.0278,51.36749,14.47,2.7,"175 km WSW of Adak, Alaska",2025-01-09 22:01:15
ak025f9qgyn,-152.5272,59.3081,68.4,2.9,"34 km W of Nanwalek, Alaska",2025-01-09 23:34:42
ak025gjh5x0,-157.0258,57.8962,8.9,3.9,"41 km SSE of Egegik, Alaska",2025-01-10 00:17:25
ak025gjkl9m,-157.0664,57.9211,8.7,2.7,"37 km SSE of Egegik, Alaska",2025-01-10 00:33:23
nc75115231,-122.121,40.824,13.91,2.59,"15 km WNW of Round Mountain, CA",2025-01-10 05:58:57
ak025gq1ujj,-149.317,61.4656,19.5,2.5,"12 km SSW of Gateway, Alaska",2025-01-10 11:21:51
tx2025arir,-104.175,31.746,7.28,2.5,"51 km SSE of Whites City, New Mexico",2025-01-10 11:42:12
nc75115421,-122.55183,37.755,7.91,3.49,"5 km NW of San Francisco Zoo, CA",2025-01-10 15:02:03
nn00891724,-119.0451,39.1672,5.8,2.6,"22 km NNE of Yerington, Nevada",2025-01-10 15:47:04
nc75115506,-122.55683,37.75667,8.01,2.53,"5 km NW of San Francisco Zoo, CA",2025-01-10 17:39:17
nc75115546,-122.55517,37.757,8.14,2.85,"5 km NW of San Francisco Zoo, CA",2025-01-10 18:48:01
tx2025aryg,-104.307,31.689,6.2,2.6,"54 km S of Whites City, New Mexico",2025-01-10 19:34:08
tx2025asbi,-104.183,31.574,6.23,2.9,"46 km NW of Toyah, Texas",2025-01-10 21:05:50
us7000paqc,-165.9298,54.1124,21.18,2.6,"10 km WSW of Akutan, Alaska",2025-01-11 01:26:53
tx2025askf,-104.492,31.624,7.59,2.5,"62 km S of Whites City, New Mexico",2025-01-11 01:35:58
us7000paqg,-174.5389,51.97069,78.81,3.0,"34 km SW of Atka, Alaska",2025-01-11 05:40:07
hv74589222,-155.38166,19.1975,30.62,2.74,"10 km E of Pāhala, Hawaii",2025-01-11 10:17:27
ak025ie5zmx,-156.2456,57.8458,118.6,2.7,"78 km ENE of Ugashik, Alaska",2025-01-11 12:18:53
us6000pjfd,-108.7434,40.877,9.9,2.7,"54 km E of Dutch John, Utah",2025-01-11 15:48:34
hv74589377,-155.64216,19.54184,8.11,2.5,"25 km ENE of Honaunau-Napoopoo, Hawaii",2025-01-11 17:30:24
us7000pbpd,-166.6376,53.605,92.81,2.7,"30 km SSW of Unalaska, Alaska",2025-01-12 00:57:32
tx2025auew,-104.411,31.683,5.54,2.9,"54 km S of Whites City, New Mexico",2025-01-12 01:09:28
ak025jzuvw4,-149.2595,61.3124,15.1,2.5,"16 km E of Eagle River, Alaska",2025-01-12 09:08:49
us7000pbpi,-170.8033,52.4889,60.74,3.7,"140 km WSW of Nikolski, Alaska",2025-01-12 10:54:47
nc75116271,-122.0425,37.96017,11.75,3.54,"2 km ENE of Pleasant Hill, CA",2025-01-12 16:49:21
ak025k4pq8b,-151.3169,61.913,74.6,2.6,"9 km SSE of Skwentna, Alaska",2025-01-12 17:24:24
ak025k6z0jn,-149.4969,60.3823,20.6,2.7,"8 km WSW of Crown Point, Alaska",2025-01-12 21:03:49
hv74590412,-155.4005,19.26217,33.05,3.13,"10 km NE of Pāhala, Hawaii",2025-01-12 21:27:55
ak025k7runv,-152.1723,60.8637,109.3,3.0,"51 km WNW of Nikiski, Alaska",2025-01-12 22:38:03
ak025liwubx,-156.2753,67.3271,14.1,2.7,"53 km NNE of Kobuk, Alaska",2025-01-13 01:55:50
ak025lk1ghc,-149.1956,64.9628,17.9,2.9,"22 km SSE of Minto, Alaska",2025-01-13 03:45:00
ak025lkhlqp,-158.5425,58.6575,2.1,3.7,"19 km S of Clarks Point, Alaska",2025-01-13 04:20:31
ak025lkj33h,-158.7217,58.6527,6.8,2.7,"22 km SSW of Clarks Point, Alaska",2025-01-13 04:27:20
ci40838607,-118.52333,35.2435,7.45,3.1,"14 km NNW of Tehachapi, CA",2025-01-13 05:06:02
us7000pbrb,-168.9984,52.9652,100.9,3.4,"9 km WNW of Nikolski, Alaska",2025-01-13 10:00:37
nc75116556,-121.29467,36.639,6.67,2.56,"17 km S of Tres Pinos, CA",2025-01-13 11:28:10
nc75116561,-121.29367,36.63433,6.57,2.78,"17 km S of Tres Pinos, CA",2025-01-13 11:29:51
nc75116576,-121.30083,36.6365,5.92,2.83,"17 km S of Tres Pinos, CA",2025-01-13 11:36:14
hv74591262,-155.07883,19.3635,7.8,2.88,"12 km SSE of Fern Forest, Hawaii",2025-01-13 20:44:27
ak025lvtj2w,-145.4616,69.6386,15.4,3.2,"89 km SW of Kaktovik, Alaska",2025-01-13 23:23:21
ak025lvupch,-149.497,62.4845,57.2,2.7,"31 km E of Chase, Alaska",2025-01-13 23:29:03
ak025n8k8ce,-147.148,63.603,69.4,3.0,"84 km SW of Delta Junction, Alaska",2025-01-14 05:10:28
nn00891952,-119.0476,39.1546,7.2,3.2,"21 km NNE of Yerington, Nevada",2025-01-14 06:53:03
nn00891975,-118.4706,38.4828,4.7,2.6,"14 km ESE of Hawthorne, Nevada",2025-01-14 12:24:51
tx2025aytd,-103.846,32.004,7.19,2.8,"32 km SE of Malaga, New Mexico",2025-01-14 12:48:52
ci40839295,-116.288,33.24417,11.78,2.77,"8 km E of Borrego Springs, CA",2025-01-14 13:10:17
ak025ne5ai6,-151.1612,61.1262,57.8,2.7,"4 km WSW of Beluga, Alaska",2025-01-14 14:48:36
nc75117161,-123.9225,41.3965,28.3,2.97,"17 km SSE of Klamath, CA",2025-01-14 17:03:01
hv74592062,-155.49533,19.31917,7.93,2.69,"12 km N of Pāhala, Hawaii",2025-01-14 17:16:50
ak025nh5p9e,-152.7719,60.2486,117.7,2.8,"65 km WNW of Ninilchik, Alaska",2025-01-14 19:54:16
ak025ni8pl9,-150.0947,61.6101,56.5,2.6,"12 km NW of Big Lake, Alaska",2025-01-14 21:36:15
se60502898,-77.60583,37.707,0.12,2.77,"1 km NNE of Wyndham, Virginia",2025-01-14 22:28:51
ci40839903,-116.92817,34.37183,7.46,2.68,"9 km SSE of Lucerne Valley, CA",2025-01-15 05:09:51
us7000pcla,-162.4447,54.8213,117.9,2.7,"27 km SSW of King Cove, Alaska",2025-01-15 10:56:59
ak025p0d0oe,-158.7809,58.692,6.4,2.6,"20 km SW of Clarks Point, Alaska",2025-01-15 12:26:15
ci40840007,-119.16067,35.08133,13.21,2.55,"22 km E of Maricopa, CA",2025-01-15 13:53:24
ci40840015,-116.0405,33.1655,5.54,3.02,"9 km ENE of Ocotillo Wells, CA",2025-01-15 14:03:58
ci40840071,-118.3805,35.51817,7.77,2.74,"13 km SE of Bodfish, CA",2025-01-15 14:50:18
ak025p537mm,-150.3884,61.3374,44.7,2.9,"22 km W of Point MacKenzie, Alaska",2025-01-15 20:20:24
nc75117696,-123.90883,41.40033,28.37,2.51,"17 km SSE of Klamath, CA",2025-01-15 20:41:27
ak025qj37pb,-149.9848,63.0817,84.5,2.9,"62 km SW of Cantwell, Alaska",2025-01-16 04:18:32
ak025qj8cjt,-144.1566,69.4888,7.7,3.8,"74 km SSW of Kaktovik, Alaska",2025-01-16 04:42:27
ak025qja05s,-150.2576,60.4076,34.3,2.5,"25 km WSW of Cooper Landing, Alaska",2025-01-16 04:50:01
ak025qki2ha,-150.436,65.96,29.5,2.5,"52 km NNW of Rampart, Alaska",2025-01-16 06:55:59
ci40840775,-117.13233,34.045,7.6,2.75,"3 km S of Mentone, CA",2025-01-16 08:08:39
nc75118106,-122.92133,39.75683,-1.26,2.53,"20 km NW of Alder Springs, CA",2025-01-16 17:06:05
nc75118136,-122.921,39.7585,-0.94,2.92,"21 km NW of Alder Springs, CA",2025-01-16 19:30:53
ak025qufoy6,-146.9596,61.3327,7.5,4.0,"39 km NW of Valdez, Alaska",2025-01-16 23:24:12
hv74593562,-155.496,19.174,32.74,2.86,"3 km SSW of Pāhala, Hawaii",2025-01-16 23:50:50
ak025s4sbq1,-150.0269,61.8325,44.0,3.2,"9 km N of Willow, Alaska",2025-01-17 01:09:30
us6000pkjs,-115.1838,44.3409,13.34,3.2,"23 km NW of Stanley, Idaho",2025-01-17 01:37:15
ak025s78g2d,-152.7253,60.1395,107.7,2.9,"59 km WNW of Happy Valley, Alaska",2025-01-17 05:20:43
nc75118356,-121.71567,37.36233,9.71,2.76,"10 km ESE of Alum Rock, CA",2025-01-17 08:16:10
ak025sa7ddf,-150.9617,63.0372,127.2,3.4,"61 km N of Petersville, Alaska",2025-01-17 10:19:30
us7000pd0p,-163.7929,54.7386,111.69,3.1,"27 km WSW of False Pass, Alaska",2025-01-17 11:24:35
nc75118456,-119.9415,35.83933,8.38,2.73,"19 km S of Kettleman City, CA",2025-01-17 11:32:58
ak025sdqqhy,-152.3961,65.7947,17.1,3.0,"71 km NNW of Tanana, Alaska",2025-01-17 16:13:53
us7000pdd9,-104.8497,36.8792,5.0,2.7,"28 km S of Weston, Colorado",2025-01-17 18:25:11
tx2025bfau,-104.5,31.632,8.25,3.4,"61 km S of Whites City, New Mexico",2025-01-17 23:36:53
ci40842287,-117.39417,35.95667,4.07,3.16,"21 km N of Searles Valley, CA",2025-01-18 04:54:35
nn00892165,-118.4801,38.4888,7.4,3.7,"13 km ESE of Hawthorne, Nevada",2025-01-18 10:20:06
tx2025bfwx,-104.505,31.624,7.74,2.6,"62 km S of Whites City, New Mexico",2025-01-18 10:46:47
nc75119236,-120.69283,36.12567,6.04,2.51,"22 km ENE of San Ardo, CA",2025-01-18 17:23:37
ak025u3bxm8,-150.8435,60.2983,62.2,2.7,"23 km S of Funny River, Alaska",2025-01-18 19:58:09
us6000pkzk,-93.9706,32.6855,5.0,3.5,"0 km WSW of Mooringsport, Louisiana",2025-01-18 20:12:00
nn00892485,-119.6099,41.9348,1.9,2.8,"45 km E of Fort Bidwell, California",2025-01-18 20:14:25
ak025u4yaxk,-152.61,59.918,90.2,2.5,"46 km WNW of Anchor Point, Alaska",2025-01-18 22:30:42
ci40842895,-116.67667,34.36133,4.01,2.55,"19 km NE of Big Bear City, CA",2025-01-18 22:46:29
ak025vfk1wy,-144.0837,69.4475,3.0,3.2,"78 km SSW of Kaktovik, Alaska",2025-01-19 00:58:11
nn00892213,-119.099,39.1375,6.2,2.5,"17 km NNE of Yerington, Nevada",2025-01-19 01:16:14
nn00892215,-119.0992,39.1382,6.1,2.6,"17 km NNE of Yerington, Nevada",2025-01-19 02:23:42
ak025vhokqm,-156.4135,57.9644,151.9,3.1,"63 km ESE of Egegik, Alaska",2025-01-19 04:15:08
tx2025bhfk,-104.29,31.664,7.15,2.5,"57 km S of Whites City, New Mexico",2025-01-19 04:17:01
us7000pduc,-174.2745,52.41469,179.29,2.7,"24 km NNW of Atka, Alaska",2025-01-19 08:37:33
uu80099811,-109.86717,41.56333,-2.27,3.01,"2 km NNW of Little America, Wyoming",2025-01-19 09:18:21
ak025vlvito,-152.2689,60.3155,85.3,2.8,"44 km NW of Ninilchik, Alaska",2025-01-19 11:19:41
tx2025biix,-104.295,31.671,8.05,2.5,"56 km S of Whites City, New Mexico",2025-01-19 19:06:53
nc75119866,-121.063,39.902,3.73,2.5,"4 km SSW of Meadow Valley, CA",2025-01-19 19:19:45
ak025x3jvsi,-152.8195,59.0165,63.3,2.6,"63 km SW of Nanwalek, Alaska",2025-01-20 01:35:03
ci40843719,-118.9645,34.05883,11.32,2.54,"15 km WNW of Malibu, CA",2025-01-20 07:06:48
tx2025bjok,-103.343,31.965,7.46,2.6,"21 km SW of Jal, New Mexico",2025-01-20 11:02:10
us6000pl7b,-112.7358,47.4294,29.66,3.0,"26 km WSW of Augusta, Montana",2025-01-20 11:18:08
ak025x9f3e9,-153.0159,59.9602,117.6,3.5,"64 km ENE of Pedro Bay, Alaska",2025-01-20 11:20:46
ak025x9f7lh,-148.7693,64.8656,22.3,3.2,"33 km NNE of Four Mile Road, Alaska",2025-01-20 11:21:00
us6000pl7e,-148.7177,64.8693,20.14,3.4,"33 km W of Ester, Alaska",2025-01-20 11:21:00
tx2025bjpe,-103.344,31.956,6.66,2.8,"22 km SW of Jal, New Mexico",2025-01-20 11:24:17
ak025x9z05q,-149.9457,63.2011,87.3,2.7,"54 km WSW of Cantwell, Alaska",2025-01-20 12:13:35
ak025xathi8,-147.0517,61.7781,28.8,3.3,"18 km SSE of Eureka Roadhouse, Alaska",2025-01-20 13:55:57
ak025xatv5p,-151.6719,63.3035,10.4,3.2,"26 km S of Denali National Park, Alaska",2025-01-20 13:57:33
us6000pl8p,-111.7234,44.8594,13.83,2.6,"43 km WNW of Hebgen Lake Estates, Montana",2025-01-20 16:47:20
ci40843951,-116.80033,34.06067,11.63,2.68,"16 km N of Cabazon, CA",2025-01-20 18:21:03
ak025xeenbe,-150.3094,61.6996,45.6,2.6,"15 km WSW of Willow, Alaska",2025-01-20 19:58:19
tx2025bkil,-104.36,31.665,7.38,2.7,"56 km S of Whites City, New Mexico",2025-01-20 21:09:48
uw62071396,-121.75383,47.60033,17.08,3.5100000000000002,"9 km NE of Snoqualmie, Washington",2025-01-20 21:35:14
uw62071451,-121.79333,47.59933,17.29,2.7800000000000002,"8 km ENE of Fall City, Washington",2025-01-21 01:03:24
ci40844079,-117.12967,34.04583,8.06,2.89,"3 km S of Mentone, CA",2025-01-21 02:09:53
tx2025bkvl,-102.043,32.406,7.91,2.6,"33 km WSW of Ackerly, Texas",2025-01-21 03:43:04
tx2025blaz,-101.001,35.573,5.93,2.6,"5 km NW of Pampa, Texas",2025-01-21 06:29:04
ak025yu6xx1,-143.123,60.4972,6.7,2.5,"104 km S of McCarthy, Alaska",2025-01-21 06:56:23
ci40844255,-116.80233,33.68267,16.61,2.71,"10 km SW of Idyllwild, CA",2025-01-21 07:55:23
uu80099906,-111.30167,37.69117,13.59,3.46,"26 km SSE of Boulder Town, Utah",2025-01-21 10:44:47
us7000pedw,-162.4353,54.3851,35.0,2.8,"75 km S of King Cove, Alaska",2025-01-21 12:53:48
nc75120701,-121.59317,36.96233,2.6,2.65,"5 km SW of Gilroy, CA",2025-01-21 13:25:30
nc75120741,-118.26433,37.17883,6.52,2.73,"3 km ENE of Big Pine, CA",2025-01-21 15:35:09
ak025yzhy1p,-157.9618,56.1748,79.7,2.9,"30 km ESE of Chignik, Alaska",2025-01-21 15:47:38
ak02510pfgit,-144.0629,69.4647,9.9,2.6,"76 km SSW of Kaktovik, Alaska",2025-01-22 19:49:39
ci41033480,-117.79633,35.34483,6.34,2.6,"15 km WSW of Johannesburg, CA",2025-01-22 21:40:40
tx2025bogr,-103.955,31.605,8.39,2.5,"35 km WSW of Mentone, Texas",2025-01-23 00:48:13
ak0251226mq3,-174.4876,52.16779,10.0,2.6,"19 km W of Atka, Alaska",2025-01-23 01:38:32
ci41033904,-117.353,35.15817,4.44,3.46,"32 km ENE of Boron, CA",2025-01-23 05:27:56
nc75121616,-124.13483,40.234,12.8,2.54,"16 km SE of Petrolia, CA",2025-01-23 08:53:52
us6000plt0,-99.4996,39.2528,5.0,2.6,"5 km E of Palco, Kansas",2025-01-23 13:58:46
nc75121701,-122.10133,40.1975,27.28,2.66,"12 km E of Red Bluff, CA",2025-01-23 14:05:21
nc75121716,-121.32017,36.67917,4.43,3.05,"12 km SSW of Tres Pinos, CA",2025-01-23 14:25:49
ak02512adk2h,-149.5169,62.783,75.2,3.4,"47 km NE of Chase, Alaska",2025-01-23 15:14:33
hv74599372,-155.99233,19.492,6.85,2.65,"7 km W of Captain Cook, Hawaii",2025-01-23 15:15:58
hv74599412,-155.386,19.18584,30.24,2.75,"9 km E of Pāhala, Hawaii",2025-01-23 16:43:05
ak02512bquhy,-164.628,62.2754,1.8,2.7,"30 km SSE of Nunam Iqua, Alaska",2025-01-23 17:44:30
us6000plyl,-99.5528,39.243,5.0,2.6,"1 km SE of Palco, Kansas",2025-01-24 00:32:15
ci41034816,-119.36417,35.24933,10.91,2.7,"14 km NE of Taft, CA",2025-01-24 01:45:38
nc75121956,-121.28067,36.6555,6.79,2.56,"15 km S of Tres Pinos, CA",2025-01-24 01:49:44
ci41034888,-116.06283,33.78583,4.89,2.82,"16 km NE of Coachella, CA",2025-01-24 04:58:38
ak02513vsjbr,-156.7096,56.1525,19.1,2.6,"106 km E of Chignik, Alaska",2025-01-24 11:57:55
us6000pm8l,-174.218,52.37409,8.22,3.1,"19 km N of Atka, Alaska",2025-01-24 20:43:54
ak025141hqzj,-151.0097,63.0125,120.2,2.5,"58 km NNW of Petersville, Alaska",2025-01-24 21:15:48
us7000pf6d,-174.4205,52.35839,216.94,3.2,"23 km NW of Atka, Alaska",2025-01-25 08:55:29
ak02515hwwv1,-150.7653,63.6238,34.5,3.0,"48 km E of Denali National Park, Alaska",2025-01-25 09:20:23
ak02515hxt77,-150.7618,63.6564,14.2,2.5,"49 km ENE of Denali National Park, Alaska",2025-01-25 09:24:42
ak02515js07z,-156.2459,67.3259,6.1,2.7,"54 km NNE of Kobuk, Alaska",2025-01-25 12:33:24
tx2025bsxu,-101.727,32.01,7.98,2.5,"14 km SSE of Stanton, Texas",2025-01-25 13:58:52
ci40850991,-116.37867,33.9515,8.29,2.81,"11 km E of Desert Hot Springs, CA",2025-01-25 15:01:59
tx2025btbf,-104.305,31.675,6.87,3.0,"55 km S of Whites City, New Mexico",2025-01-25 15:44:09
hv74600872,-155.43766,19.367,9.49,2.91,"18 km NNE of Pāhala, Hawaii",2025-01-25 18:53:49
tx2025btnt,-103.815,32.002,7.78,2.6,"34 km SE of Malaga, New Mexico",2025-01-25 22:04:24
ak02515pvh46,-156.0316,57.6788,107.7,2.7,"83 km ENE of Ugashik, Alaska",2025-01-25 22:57:21
ci40851383,-118.8105,34.34833,17.85,2.68,"8 km SSW of Piru, CA",2025-01-26 04:18:02
tx2025buae,-104.305,31.675,6.87,2.8,"55 km S of Whites City, New Mexico",2025-01-26 04:20:06
tx2025buaf,-103.361,31.315,0.97,2.5,"16 km S of Barstow, Texas",2025-01-26 04:22:21
nc75123366,-121.26817,36.644,4.27,3.02,"17 km NNW of Pinnacles, CA",2025-01-26 14:56:32
ci40851823,-119.07,34.51717,1.68,2.74,"18 km ENE of Ojai, CA",2025-01-26 15:25:21
hv74601837,-155.84983,19.265,4.01,2.61,"21 km S of Honaunau-Napoopoo, Hawaii",2025-01-26 16:53:46
tx2025buzn,-103.365,31.265,7.0,3.0,"20 km SE of Lindsay, Texas",2025-01-26 17:07:06
us7000pf2r,-167.3966,53.2628,77.87,3.6,"88 km SW of Unalaska, Alaska",2025-01-26 22:41:38
ak02517dew5g,-168.0573,53.9724,44.8,2.5,"99 km W of Dutch Harbor, Alaska",2025-01-26 22:57:53
uu80100101,-109.8665,41.56217,-2.95,2.98,"2 km NNW of Little America, Wyoming",2025-01-26 22:59:10
ak02518opauc,-154.5057,58.8718,117.8,2.9,"65 km SSE of Kokhanok, Alaska",2025-01-27 02:00:30
ci40852279,-116.2105,33.91183,7.68,2.91,"20 km ENE of Thousand Palms, CA",2025-01-27 02:43:50
ak02518saxob,-150.8966,61.6121,59.1,2.5,"21 km WNW of Susitna, Alaska",2025-01-27 08:05:12
ak02518sb55q,-154.4551,58.9564,120.3,2.9,"56 km SSE of Kokhanok, Alaska",2025-01-27 08:06:09
us6000pmj9,-104.4115,32.6923,5.0,2.6,"8 km SSW of Atoka, New Mexico",2025-01-27 10:11:39
ak02518u4ru0,-150.325,61.5874,45.3,2.8,"11 km ENE of Susitna, Alaska",2025-01-27 11:12:29
us7000pf39,-174.4664,52.20599,243.27,3.2,"18 km W of Atka, Alaska",2025-01-27 11:48:45
ak02518vjzpa,-151.0414,60.2998,65.7,2.5,"13 km ESE of Kasilof, Alaska",2025-01-27 13:51:25
ci40852607,-116.9235,33.41633,7.07,2.57,"6 km WSW of Aguanga, CA",2025-01-27 16:29:32
us6000pmkg,-114.6681,44.4068,9.19,4.2,"26 km NW of Clayton, Idaho",2025-01-27 16:32:14
us7000pf3g,-177.3843,51.75559,74.34,3.7,"53 km WSW of Adak, Alaska",2025-01-27 20:33:05
ak02518znaue,-150.6749,61.4692,54.6,2.5,"11 km SW of Susitna, Alaska",2025-01-27 20:38:54
ak0251ab5vi0,-135.5408,59.2149,5.6,3.0,"5 km WSW of Haines, Alaska",2025-01-28 00:19:39
nc75124261,-118.56,37.47983,10.38,2.55,"8 km NE of Round Valley, CA",2025-01-28 01:25:37
us7000pfdm,-177.3453,51.77019,79.12,2.8,"50 km WSW of Adak, Alaska",2025-01-28 03:42:59
tx2025bxut,-104.161,31.535,6.1,3.0,"42 km NW of Toyah, Texas",2025-01-28 06:08:31
ak0251afgg3g,-153.3504,59.4132,97.9,3.2,"59 km SE of Pedro Bay, Alaska",2025-01-28 07:40:58
nn00892640,-117.9674,38.1483,9.9,2.7,"29 km SSE of Mina, Nevada",2025-01-28 10:48:39
us6000pmsf,-115.068,44.3131,14.78,3.0,"14 km NW of Stanley, Idaho",2025-01-28 13:25:12
us7000pftm,-167.3961,53.313,68.23,3.1,"84 km SW of Unalaska, Alaska",2025-01-28 13:27:29
ak0251aj3r6q,-153.7708,59.7268,135.7,2.8,"20 km ESE of Pedro Bay, Alaska",2025-01-28 13:53:32
tx2025bynd,-103.385,31.278,5.79,2.6,"17 km SE of Lindsay, Texas",2025-01-28 15:24:03
nc75124666,-122.81383,38.83333,2.05,2.68,"8 km WNW of Cobb, CA",2025-01-28 18:01:48
hv74603512,-155.49,19.187,33.13,3.19,"2 km SW of Pāhala, Hawaii",2025-01-28 18:11:07
ak0251am1flx,-149.3694,64.6218,5.5,2.7,"12 km W of Four Mile Road, Alaska",2025-01-28 18:46:25
ci40170314,-118.2665,35.45233,7.76,2.68,"25 km SE of Bodfish, CA",2025-01-28 21:32:02
uu80100206,-110.771,44.76567,8.24,3.74,"24 km SSW of Mammoth, Wyoming",2025-01-29 00:59:47
ak0251c0khzr,-153.338,59.3124,88.7,3.0,"68 km SE of Pedro Bay, Alaska",2025-01-29 03:33:29
us7000p9ru,-114.831,44.3397,5.0,2.5,"16 km NNE of Stanley, Idaho",2025-01-29 04:53:53
tx2025bzwr,-104.528,31.613,7.25,2.6,"64 km SSW of Whites City, New Mexico",2025-01-29 09:21:48
nn00892685,-119.5758,41.9176,2.4,2.9,"48 km E of Fort Bidwell, California",2025-01-29 09:52:43
tx2025bzyi,-100.912,32.931,7.06,3.1,"23 km N of Snyder, Texas",2025-01-29 10:13:15
ak0251c4vu76,-152.1766,63.5968,14.8,2.9,"23 km WNW of Denali National Park, Alaska",2025-01-29 10:58:03
hv74604277,-155.49333,19.1855,33.75,2.79,"2 km SW of Pāhala, Hawaii",2025-01-29 12:02:57
ak0251c5rl1c,-154.8775,56.4421,19.9,2.9,"70 km SW of Akhiok, Alaska",2025-01-29 12:06:16
us7000p9vy,-114.7439,44.4185,10.0,2.8,"27 km NE of Stanley, Idaho",2025-01-29 16:52:33
ak0251c9nitv,-152.5329,57.4323,18.4,3.0,"24 km SW of Chiniak, Alaska",2025-01-29 18:59:03
ak0251ca5qol,-147.6681,63.8366,6.4,3.9,"62 km E of Denali Park, Alaska",2025-01-29 19:44:04
us7000paii,-169.0067,52.8033,35.0,2.6,"17 km SSW of Nikolski, Alaska",2025-01-30 01:05:17
tx2025cbgl,-97.846,29.058,6.84,4.6,"18 km ENE of Falls City, Texas",2025-01-30 03:26:36
ak0251doqqfp,-156.323,62.9564,10.4,5.2,"13 km WSW of Takotna, Alaska",2025-01-30 04:40:08
ak0251doshq0,-156.3179,62.9449,4.1,2.5,"13 km WSW of Takotna, Alaska",2025-01-30 04:48:27
tx2025cbke,-104.351,31.653,5.97,2.5,"58 km S of Whites City, New Mexico",2025-01-30 05:12:21
ak0251dpflzx,-150.6037,62.201,65.9,2.7,"23 km SW of Trapper Creek, Alaska",2025-01-30 05:56:14
tx2025cbmd,-97.835,29.066,7.62,2.7,"20 km ENE of Falls City, Texas",2025-01-30 06:17:18
ak0251dqaikx,-156.2141,62.954,9.6,3.2,"8 km WSW of Takotna, Alaska",2025-01-30 07:00:34
ak0251dqkiv2,-156.3128,62.9465,9.6,3.1,"13 km WSW of Takotna, Alaska",2025-01-30 07:47:02
ak0251dr4ja6,-152.6495,63.4369,20.4,2.8,"47 km WSW of Denali National Park, Alaska",2025-01-30 08:40:39
ak0251du4ijf,-157.1066,57.9015,10.0,3.2,"38 km SSE of Egegik, Alaska",2025-01-30 13:44:19
tx2025ccsy,-103.396,31.292,3.13,2.6,"15 km ESE of Lindsay, Texas",2025-01-30 22:51:50
tx2025cdcz,-97.838,29.065,7.41,3.5,"19 km ENE of Falls City, Texas",2025-01-31 03:59:06
us7000pahx,-178.4111,51.46139,10.0,2.8,"131 km WSW of Adak, Alaska",2025-01-31 06:59:03
ci40176402,-119.74383,34.4275,15.53,2.85,"4 km W of Santa Barbara, CA",2025-01-31 07:12:30
nc75126201,-118.80783,37.47667,5.29,2.6,"15 km WSW of Toms Place, CA",2025-01-31 07:20:32
us6000pv9z,-167.477,53.371,79.43,2.6,"83 km SW of Unalaska, Alaska",2025-01-31 16:48:25
nc75126421,-122.75783,38.79417,3.7,2.65,"2 km N of The Geysers, CA",2025-01-31 19:01:01
ak0251fnn3pu,-156.6191,58.4903,199.7,3.5,"22 km S of King Salmon, Alaska",2025-01-31 23:48:32
nc75126571,-121.14433,40.208,0.88,2.66,"1 km E of Prattville, CA",2025-02-01 05:07:23
us7000paks,-111.1004,42.9319,2.65,2.7,"7 km SW of Freedom, Idaho",2025-02-01 05:57:12
nc75126586,-118.84783,37.44817,6.7,2.67,"19 km WSW of Toms Place, CA",2025-02-01 06:21:24
us7000pfnu,-176.0957,51.83829,73.53,2.8,"37 km E of Adak, Alaska",2025-02-01 07:06:14
us7000pamb,-167.4282,53.3352,77.89,4.4,"84 km SW of Unalaska, Alaska",2025-02-01 12:15:49
ak0251h4il2i,-150.3295,63.1408,96.4,2.5,"74 km WSW of Cantwell, Alaska",2025-02-01 12:29:28
tx2025cfqg,-104.227,31.596,6.19,2.5,"51 km NW of Toyah, Texas",2025-02-01 12:58:07
tx2025cftp,-104.39,31.664,6.1,2.6,"56 km S of Whites City, New Mexico",2025-02-01 14:38:37
ak0251h7g3os,-151.071,61.3792,61.3,2.5,"26 km N of Beluga, Alaska",2025-02-01 17:21:59
ak0251h7jaqr,-158.4965,55.8105,50.5,3.3,"42 km ESE of Perryville, Alaska",2025-02-01 17:36:50
ak0251h838gw,-154.7916,59.2694,9.8,2.7,"18 km S of Kokhanok, Alaska",2025-02-01 18:29:52
nn00892864,-119.0433,39.1656,5.5,3.2,"22 km NNE of Yerington, Nevada",2025-02-01 22:54:32
us6000pvhi,-175.4603,52.20719,103.25,2.7,"86 km W of Atka, Alaska",2025-02-02 05:21:57
us6000pvhn,-176.0419,52.11539,122.81,2.6,"48 km ENE of Adak, Alaska",2025-02-02 10:47:20
ak0251itsr3m,-153.7521,57.2754,41.2,2.5,"28 km WNW of Old Harbor, Alaska",2025-02-02 15:22:39
us7000pfs4,-164.7507,54.7071,170.02,2.9,"87 km WSW of False Pass, Alaska",2025-02-02 16:19:25
us7000pawf,-99.3164,39.5959,14.74,2.5,"9 km S of Glade, Kansas",2025-02-03 00:12:09
ci40178666,-116.79067,33.23733,13.86,2.77,"3 km W of Lake Henshaw, CA",2025-02-03 03:30:15
ak0251kaoe6d,-153.8111,62.176,7.9,3.7,"97 km SSE of Nikolai, Alaska",2025-02-03 04:04:01
us7000pay1,-111.0903,42.9251,5.0,3.0,"7 km W of Thayne, Wyoming",2025-02-03 05:03:34
hv74607387,-155.5005,19.17584,31.37,2.57,"3 km SW of Pāhala, Hawaii",2025-02-03 08:32:16
tx2025cjim,-104.281,31.659,6.72,2.8,"58 km S of Whites City, New Mexico",2025-02-03 13:34:57
tx2025cjwi,-100.674,32.771,4.42,2.9,"17 km NNE of Hermleigh, Texas",2025-02-03 20:36:20
tx2025cjwx,-100.666,32.766,6.86,2.5,"16 km NNE of Hermleigh, Texas",2025-02-03 20:52:17
se60597816,-82.58133,38.92,25.91,3.1,"2 km NNW of Oak Hill, Ohio",2025-02-03 21:04:52
us7000pb4c,-81.3893,39.3773,10.0,2.8,"0 km NE of Reno, Ohio",2025-02-03 22:58:25
ak0251lw1kgc,-145.9948,67.8401,4.3,2.5,"37 km SSW of Arctic Village, Alaska",2025-02-04 00:39:29
uu80100726,-109.88667,41.56,-2.32,3.12,"2 km NW of Little America, Wyoming",2025-02-04 06:01:40
ak0251m37kzr,-144.7816,69.5287,5.1,2.7,"80 km SSW of Kaktovik, Alaska",2025-02-04 12:43:08
hv74608252,-155.48016,19.391,8.46,2.74,"20 km N of Pāhala, Hawaii",2025-02-04 13:13:38
ak0251m4sv4j,-152.2511,60.1843,93.6,3.0,"35 km WNW of Ninilchik, Alaska",2025-02-04 15:10:34
nc75127906,-121.52533,37.1255,5.9,2.89,"9 km ENE of San Martin, CA",2025-02-04 18:12:06
nc75127931,-118.81517,37.46317,7.79,2.65,"16 km WSW of Toms Place, CA",2025-02-04 23:50:06
ak0251nk2ffy,-155.889,58.4358,162.6,2.6,"53 km ESE of King Salmon, Alaska",2025-02-05 01:21:00
us6000px2w,-167.5483,53.3102,71.34,3.2,"91 km SW of Unalaska, Alaska",2025-02-05 02:39:56
us6000px2y,-168.696,53.0374,79.43,3.1,"15 km NE of Nikolski, Alaska",2025-02-05 04:56:07
ak0251nn8atn,-149.7556,60.8433,33.7,2.5,"10 km SW of Hope, Alaska",2025-02-05 06:52:29
ak0251nnp833,-159.3863,60.0636,0.9,3.2,"98 km NNW of Aleknagik, Alaska",2025-02-05 07:31:24
ak0251no5hd4,-150.7224,61.3407,5.1,4.1,"25 km SSW of Susitna, Alaska",2025-02-05 08:07:09
ak0251no5y53,-148.1917,65.4441,8.6,3.8,"18 km ESE of Livengood, Alaska",2025-02-05 08:09:27
ci40179938,-117.63117,33.8065,4.79,2.75,"9 km SW of Corona, CA",2025-02-05 12:22:26
tx2025cmxe,-97.987,28.99,7.41,2.8,"3 km ENE of Falls City, Texas",2025-02-05 12:23:55
hv74609087,-155.32566,19.34367,27.53,2.63,"14 km SW of Volcano, Hawaii",2025-02-05 14:27:23
us7000pbkt,-97.8051,41.9778,5.0,2.7,"8 km SSE of Tilden, Nebraska",2025-02-05 16:20:34
us7000pbpx,-150.3848,61.02,48.01,3.2,"19 km ENE of Point Possession, Alaska",2025-02-06 00:18:02
ak0251p6zii9,-150.3893,61.0041,53.2,3.0,"18 km ENE of Point Possession, Alaska",2025-02-06 00:18:02
ak0251pd2ctt,-151.5347,60.2015,55.7,2.5,"8 km WSW of Clam Gulch, Alaska",2025-02-06 10:38:17
ak0251pifh2o,-148.2705,60.8413,13.4,2.5,"23 km ENE of Whittier, Alaska",2025-02-06 19:39:19
ak0251pij6tf,-150.4155,60.6082,41.8,3.4,"20 km ENE of Sterling, Alaska",2025-02-06 19:56:52
ak0251pknm69,-150.8825,61.651,64.6,2.5,"23 km WNW of Susitna, Alaska",2025-02-06 23:13:08
us7000pbz4,-166.6123,53.6811,85.34,2.6,"22 km SSW of Unalaska, Alaska",2025-02-06 23:28:38
ak0251qyb1og,-148.759,60.7037,36.5,3.0,"8 km SSW of Whittier, Alaska",2025-02-07 06:52:53
nc75129462,-121.525,37.12483,5.98,3.34,"9 km ENE of San Martin, CA",2025-02-07 20:35:52
ak0251r728fd,-152.4346,59.9338,77.6,3.6,"38 km WNW of Anchor Point, Alaska",2025-02-07 21:23:07
nn00893033,-119.0138,39.1712,8.9,2.5,"24 km NNE of Yerington, Nevada",2025-02-07 22:06:41
nn00893037,-119.0138,39.1654,8.0,3.5,"23 km NNE of Yerington, Nevada",2025-02-07 22:58:02
ak0251sjrbwj,-149.6539,60.5347,57.2,3.0,"10 km ENE of Cooper Landing, Alaska",2025-02-08 03:02:31
nc75129787,-118.8775,37.52333,2.91,2.5,"15 km SSE of Mammoth Lakes, CA",2025-02-08 08:19:46
us7000pcdc,-173.2142,52.06179,89.59,4.4,"69 km ESE of Atka, Alaska",2025-02-08 17:58:41
nc75129992,-122.81217,38.80717,3.92,2.58,"6 km NW of The Geysers, CA",2025-02-08 18:32:36
nc75130102,-122.73583,38.75883,0.67,2.52,"3 km SSE of The Geysers, CA",2025-02-08 20:48:50
ak0251svtmpt,-149.8629,61.5035,57.2,2.8,"5 km ESE of Big Lake, Alaska",2025-02-08 23:28:58
tx2025ctfv,-103.786,31.975,6.6,2.9,"34 km NNW of Mentone, Texas",2025-02-08 23:33:09
ak0251u7iuwd,-152.6818,59.4499,70.1,3.1,"44 km WNW of Nanwalek, Alaska",2025-02-09 03:40:48
ak0251u8hrgr,-156.2347,57.8406,124.8,2.7,"78 km ENE of Ugashik, Alaska",2025-02-09 05:03:32
us6000pwx8,-165.5539,53.973,77.3,3.2,"23 km SE of Akutan, Alaska",2025-02-09 13:51:33
uu80101906,-109.8645,41.564,-2.77,3.0,"2 km NNW of Little America, Wyoming",2025-02-09 14:39:26
ak0251ufowpc,-150.8022,63.1638,133.5,2.7,"62 km SE of Denali National Park, Alaska",2025-02-09 17:12:39
ak0251ufvzgh,-149.3507,62.4941,44.6,2.7,"39 km E of Chase, Alaska",2025-02-09 17:45:41
nn00893194,-119.5949,41.924,1.0,3.0,"46 km E of Fort Bidwell, California",2025-02-10 02:25:35
uw62066747,-117.5405,44.85533,12.0,2.57,"24 km ENE of Baker City, Oregon",2025-02-10 08:02:06
nn00893160,-116.2742,36.6432,8.6,2.7,"52 km SE of Beatty, Nevada",2025-02-10 10:11:43
ak0251w07i8x,-153.1291,57.4492,41.3,2.6,"29 km NNE of Old Harbor, Alaska",2025-02-10 12:05:04
ak0251w3csd6,-149.6276,60.7036,24.9,2.5,"23 km SSW of Sunrise, Alaska",2025-02-10 17:33:55
ci40183482,-117.264,34.16867,7.75,3.59,"5 km NNE of San Bernardino, CA",2025-02-10 17:44:55
ci40183490,-117.26333,34.16883,7.65,2.96,"5 km NNE of San Bernardino, CA",2025-02-10 17:48:52
tx2025cwps,-104.304,31.666,6.66,2.7,"56 km S of Whites City, New Mexico",2025-02-10 19:58:40
ci40183738,-116.085,33.22117,11.54,2.67,"10 km NNE of Ocotillo Wells, CA",2025-02-10 21:57:37
ci40183770,-117.77867,36.02667,1.73,3.27,"15 km NE of Little Lake, CA",2025-02-10 22:23:04
nc75131407,-118.55867,37.9255,7.69,2.96,"42 km NNE of Toms Place, CA",2025-02-11 00:23:48
ak0251xhsskc,-150.803,61.3742,59.5,2.7,"24 km SW of Susitna, Alaska",2025-02-11 02:06:30
ci40184058,-117.26333,34.17083,7.83,3.39,"5 km NNE of San Bernardino, CA",2025-02-11 05:58:54
us7000pcu1,-115.8078,47.4888,5.0,3.3,"2 km NNW of Mullan, Idaho",2025-02-11 06:03:50
ak0251xkag0f,-148.2351,61.5824,12.3,2.5,"26 km SSE of Chickaloon, Alaska",2025-02-11 06:24:57
uu80102001,-110.415,44.24317,4.1,2.56,"70 km NNE of Kelly, Wyoming",2025-02-11 08:35:13
nc75131707,-120.91567,36.80583,5.11,2.57,"29 km SSW of Los Banos, CA",2025-02-11 13:32:02
nn00893310,-119.5819,41.92,1.3,2.6,"47 km E of Fort Bidwell, California",2025-02-11 16:11:58
nc75131872,-122.16,40.171,28.98,2.56,"6 km ESE of Red Bluff, CA",2025-02-11 22:03:12
ci40184482,-118.05667,36.16867,2.28,2.57,"13 km SSW of Olancha, CA",2025-02-11 22:09:35
us7000pd19,-97.6062,38.6768,10.64,2.6,"0 km SSW of Assaria, Kansas",2025-02-11 23:53:56
nc75131997,-121.11333,40.1265,3.01,2.94,"6 km SW of Canyondam, CA",2025-02-12 03:12:09
us6000pxiz,-169.9442,52.7618,78.79,2.5,"75 km WSW of Nikolski, Alaska",2025-02-12 03:21:16
ak0251z9i4qf,-151.0138,61.3685,57.3,2.5,"25 km N of Beluga, Alaska",2025-02-12 09:06:10
us6000pxim,-161.6252,55.3101,97.75,2.6,"52 km ENE of King Cove, Alaska",2025-02-12 09:53:12
us7000pd3f,-159.5355,55.2098,10.0,3.9,"62 km ESE of Sand Point, Alaska",2025-02-12 10:49:50
ak0251zbftvs,-151.4654,63.1298,12.1,2.7,"47 km SSE of Denali National Park, Alaska",2025-02-12 12:31:28
tx2025danx,-103.805,32.007,6.93,2.8,"34 km SE of Malaga, New Mexico",2025-02-12 23:37:55
tx2025daop,-103.805,32.007,7.09,2.7,"34 km SE of Malaga, New Mexico",2025-02-12 23:59:18
us6000pxnq,-167.2378,53.4697,85.21,2.8,"64 km SW of Unalaska, Alaska",2025-02-13 00:12:20
ak02520sd25j,-152.5134,60.3112,100.5,2.7,"55 km WNW of Ninilchik, Alaska",2025-02-13 01:20:33
ak02520sgv9z,-145.4542,68.8171,5.7,2.5,"77 km N of Arctic Village, Alaska",2025-02-13 01:38:09
nn00893425,-119.6213,41.9459,1.2,3.2,"44 km ENE of Fort Bidwell, California",2025-02-13 05:40:27
nn00893448,-119.589,41.9312,0.9,3.1,"47 km E of Fort Bidwell, California",2025-02-13 05:49:50
us7000pdbv,-116.2778,48.1414,5.0,2.6,"7 km W of Clark Fork, Idaho",2025-02-13 06:05:09
us7000pdbz,-116.3412,48.1523,5.0,2.5,"10 km SSW of East Hope, Idaho",2025-02-13 06:18:21
ak02520wm0z9,-153.2122,59.1402,72.7,2.5,"77 km WSW of Nanwalek, Alaska",2025-02-13 08:34:01
nc75132817,-122.051,37.64817,5.49,2.58,"2 km E of Hayward, CA",2025-02-13 13:03:18
us6000pxw9,-174.8476,52.14879,117.82,2.9,"44 km W of Atka, Alaska",2025-02-13 15:38:26
hv74614702,-155.79483,20.15817,23.54,3.1,"8 km S of Kapaau, Hawaii",2025-02-13 16:31:08
ak025211hfho,-150.7703,60.7363,43.6,2.6,"21 km SSW of Point Possession, Alaska",2025-02-13 16:52:37
nn00893449,-118.0034,38.1415,12.2,2.5,"29 km SSE of Mina, Nevada",2025-02-13 17:03:05
tx2025dbzi,-103.255,30.034,5.49,2.9,"19 km S of Marathon, Texas",2025-02-13 18:30:41
nc75132932,-122.05383,37.64783,5.65,3.32,"2 km E of Hayward, CA",2025-02-13 19:52:13
nc75132937,-122.0495,37.64883,5.44,3.09,"2 km E of Hayward, CA",2025-02-13 19:54:14
ak025213v4b7,-152.0451,60.415,87.4,3.5,"41 km W of Cohoe, Alaska",2025-02-13 20:52:16
nc75132987,-122.05217,37.64717,5.81,3.57,"2 km E of Hayward, CA",2025-02-13 21:59:16
nc75133062,-120.18383,36.08267,11.92,4.25,"10 km NNW of Avenal, CA",2025-02-14 00:17:04
nc75133072,-122.11617,37.9405,9.45,2.52,"5 km W of Pleasant Hill, CA",2025-02-14 00:45:06
tx2025ddje,-98.196,28.895,6.81,2.5,"19 km WSW of Falls City, Texas",2025-02-14 12:38:56
tx2025ddkw,-98.848,28.733,7.12,2.7,"19 km SW of Charlotte, Texas",2025-02-14 13:29:37
us7000pdpb,-160.6519,55.2865,71.95,3.1,"11 km WSW of Sand Point, Alaska",2025-02-14 15:11:58
nc75133377,-122.84967,38.8205,2.91,2.93,"9 km NW of The Geysers, CA",2025-02-14 18:20:42
tx2025dell,-102.036,32.462,6.57,2.6,"30 km SSW of Los Ybanez, Texas",2025-02-15 02:53:54
tx2025deqh,-104.18,31.661,6.1,5.0,"53 km NW of Toyah, Texas",2025-02-15 05:23:21
tx2025deqk,-104.19,31.672,6.1,3.8,"54 km NW of Toyah, Texas",2025-02-15 05:25:28
tx2025deql,-104.188,31.67,6.1,2.7,"54 km NW of Toyah, Texas",2025-02-15 05:26:32
tx2025deqm,-104.187,31.67,4.95,2.6,"54 km NW of Toyah, Texas",2025-02-15 05:28:16
ci40186202,-118.91,34.0415,15.43,3.7,"10 km WNW of Malibu, CA",2025-02-15 07:44:05
ci40186282,-118.91367,34.04883,14.19,3.73,"11 km WNW of Malibu, CA",2025-02-15 14:30:12
ak02524ca8mz,-149.6136,62.0482,41.3,2.5,"17 km SE of Susitna North, Alaska",2025-02-15 16:06:25
ak02524fk6q5,-150.3813,59.3868,27.2,2.5,"53 km ESE of Halibut Cove, Alaska",2025-02-15 21:56:54
ci40186482,-116.74133,33.64467,13.15,3.14,"11 km S of Idyllwild, CA",2025-02-15 22:16:58
tx2025dgex,-98.189,28.897,7.01,3.1,"19 km WSW of Falls City, Texas",2025-02-16 01:52:20
ci40186658,-117.2645,34.16967,7.9,2.69,"5 km NNE of San Bernardino, CA",2025-02-16 02:24:18
ak02525wtrnx,-165.975,68.652,11.5,2.9,"45 km NE of Point Hope, Alaska",2025-02-16 11:03:20
ak02525xg2pa,-165.8188,68.6896,4.9,3.1,"53 km NE of Point Hope, Alaska",2025-02-16 12:07:29
hv74616987,-155.50666,19.19167,32.77,2.87,"3 km WSW of Pāhala, Hawaii",2025-02-16 14:36:03
ak02525zgbbm,-166.1514,68.7303,5.6,2.9,"48 km NNE of Point Hope, Alaska",2025-02-16 15:44:32
tx2025dhpe,-98.194,28.897,7.53,3.0,"19 km WSW of Falls City, Texas",2025-02-16 20:10:40
ak02526493t2,-150.8167,61.9548,59.4,2.7,"30 km E of Skwentna, Alaska",2025-02-16 23:50:50
us7000pe69,-69.0799,45.8481,10.9,2.5,"35 km NW of Millinocket, Maine",2025-02-17 01:56:54
ak02527flxxg,-155.5896,55.8739,4.1,3.0,"147 km SW of Akhiok, Alaska",2025-02-17 03:04:53
ci40187458,-117.26883,34.1705,8.26,2.61,"5 km NNE of San Bernardino, CA",2025-02-17 07:01:30
us7000pe7v,-97.6516,38.6619,10.0,2.7,"4 km WSW of Assaria, Kansas",2025-02-17 09:07:54
hv74617707,-155.50283,19.15234,33.63,2.62,"6 km SSW of Pāhala, Hawaii",2025-02-17 11:45:21
ak02527lt9qc,-147.5237,66.8213,1.6,2.8,"51 km N of Beaver, Alaska",2025-02-17 13:46:54
ak02527n0hrt,-151.7786,62.173,91.7,2.8,"28 km NW of Skwentna, Alaska",2025-02-17 15:48:21
us7000pebl,-161.8973,55.3834,114.57,3.4,"44 km NE of King Cove, Alaska",2025-02-17 19:32:16
tx2025djrf,-104.098,31.678,6.5,2.5,"47 km W of Mentone, Texas",2025-02-17 23:27:39
tx2025djwf,-104.164,31.697,5.93,2.9,"53 km W of Mentone, Texas",2025-02-18 02:01:40
ci40188018,-116.984,35.03633,1.9,3.15,"16 km NNE of Barstow, CA",2025-02-18 05:50:16
ak02529686y1,-152.8835,59.8318,104.6,3.3,"59 km W of Anchor Point, Alaska",2025-02-18 08:22:03
tx2025dkjx,-104.296,31.656,6.32,3.4,"58 km S of Whites City, New Mexico",2025-02-18 08:58:08
tx2025dkli,-104.503,31.633,6.2,2.5,"61 km S of Whites City, New Mexico",2025-02-18 09:40:48
us6000pvgs,-163.5965,54.7247,99.36,2.5,"18 km SW of False Pass, Alaska",2025-02-18 11:13:37
tx2025dkql,-104.502,31.711,3.9,4.7,"52 km SSW of Whites City, New Mexico",2025-02-18 12:16:28
ak02529bl4dp,-157.5623,57.1644,9.5,2.6,"40 km SSW of Ugashik, Alaska",2025-02-18 17:22:14
uw62076406,-121.49367,47.17533,8.71,3.04,"12 km E of Greenwater, Washington",2025-02-18 17:54:07
nn00893657,-114.5909,37.459,2.0,2.9,"18 km SSW of Caliente, Nevada",2025-02-18 20:24:55
ci40188442,-117.80017,35.34033,7.54,2.83,"15 km WSW of Johannesburg, CA",2025-02-18 20:41:53
ak02529djawn,-149.3418,60.7914,27.8,2.9,"11 km SSE of Sunrise, Alaska",2025-02-18 20:49:59
nc75135942,-122.62267,38.39633,9.52,2.68,"7 km W of Kenwood, CA",2025-02-19 01:45:45
ak0252at3f6f,-159.4164,55.8018,74.4,4.7,"11 km SSE of Ivanof Bay, Alaska",2025-02-19 07:09:50
ak0252atnst5,-156.47,56.6758,64.9,2.6,"108 km SSE of Ugashik, Alaska",2025-02-19 08:04:58
us7000peps,-111.0201,34.3126,11.05,3.0,"0 km SW of Christopher Creek, Arizona",2025-02-19 09:25:03
ak0252auwki5,-144.4173,69.5514,8.5,2.7,"71 km SSW of Kaktovik, Alaska",2025-02-19 10:13:44
ak0252axaxek,-149.6459,64.6769,31.5,3.6,"26 km WNW of Four Mile Road, Alaska",2025-02-19 14:16:36
ak0252axd1wu,-144.4193,69.5656,10.1,3.3,"70 km SSW of Kaktovik, Alaska",2025-02-19 14:26:27
us7000per6,-115.1021,44.2085,10.0,2.8,"13 km W of Stanley, Idaho",2025-02-19 15:14:17
uw62076486,-124.283,42.275,-0.58,2.9,"9 km E of Pistol River, Oregon",2025-02-19 15:48:52
uu80102376,-112.891,37.18467,18.88,2.5,"9 km E of Springdale, Utah",2025-02-19 20:05:16
ak0252b0ui5s,-156.3415,58.1767,7.6,3.0,"59 km SSE of King Salmon, Alaska",2025-02-19 20:11:57
tx2025dnmk,-104.512,31.629,6.1,2.5,"61 km SSW of Whites City, New Mexico",2025-02-20 01:38:05
ak0252cdrdv8,-148.2121,65.4177,9.8,2.7,"19 km SE of Livengood, Alaska",2025-02-20 02:27:13
us6000pzbg,-162.5575,54.2467,35.0,3.0,"87 km SE of False Pass, Alaska",2025-02-20 02:33:21
ak0252cetkis,-148.211,65.432,13.1,3.0,"18 km SE of Livengood, Alaska",2025-02-20 04:05:29
nn00893734,-118.4834,38.492,7.8,3.2,"12 km ESE of Hawthorne, Nevada",2025-02-20 11:52:37
uu80102416,-109.863,41.56267,-2.79,3.25,"2 km N of Little America, Wyoming",2025-02-20 14:48:12
uw62076616,-121.127,46.73867,7.21,2.62,"16 km WSW of Nile, Washington",2025-02-20 15:55:10
nn00893750,-119.6129,38.7742,8.8,3.0,"10 km SSE of Carter Springs, Nevada",2025-02-20 17:21:51
hv74619697,-155.71633,19.17684,9.46,2.68,"13 km NNE of Hawaiian Ocean View, Hawaii",2025-02-20 17:36:17
ak0252cox95z,-152.5613,59.4043,65.7,2.8,"36 km W of Nanwalek, Alaska",2025-02-20 21:02:12
ak0252e2ev3e,-153.0968,59.9138,117.3,3.2,"58 km ENE of Pedro Bay, Alaska",2025-02-21 04:14:39
ak0252e32frr,-150.9489,63.0687,126.7,2.7,"64 km N of Petersville, Alaska",2025-02-21 05:24:37
ok2025dpvi,-98.0935,36.02733,6.18,2.93,"6 km NNE of Loyal, Oklahoma",2025-02-21 08:25:21
us6000pzga,-167.3011,53.3081,63.3,2.9,"80 km SW of Unalaska, Alaska",2025-02-21 10:20:29
ak0252e7bqcs,-150.0708,61.3882,36.7,2.6,"5 km WNW of Point MacKenzie, Alaska",2025-02-21 12:39:59
ak0252e8xybj,-154.5573,57.0123,3.8,2.9,"24 km WNW of Akhiok, Alaska",2025-02-21 15:11:22
us6000pzu3,-166.3968,53.7228,88.82,2.6,"19 km SSE of Unalaska, Alaska",2025-02-21 15:47:26
ak0252eato3n,-152.0538,61.7594,114.1,2.5,"43 km SW of Skwentna, Alaska",2025-02-21 18:27:15
ak0252ecmnf5,-154.0415,58.6771,92.6,2.6,"94 km SSE of Kokhanok, Alaska",2025-02-21 21:30:33
nc75137021,-121.3315,36.70033,3.94,3.13,"10 km SSW of Tres Pinos, CA",2025-02-22 05:21:37
ak0252fr46mi,-165.9861,68.6482,11.9,2.7,"45 km NE of Point Hope, Alaska",2025-02-22 06:10:15
tx2025drmq,-98.205,28.916,7.43,2.8,"19 km WSW of Falls City, Texas",2025-02-22 06:18:25
nc75137061,-121.3285,36.698,3.96,3.21,"10 km SSW of Tres Pinos, CA",2025-02-22 06:40:11
nc75137066,-121.32467,36.6965,3.63,2.79,"10 km SSW of Tres Pinos, CA",2025-02-22 06:45:45
uw62076921,-124.31833,42.27533,6.53,2.79,"6 km E of Pistol River, Oregon",2025-02-22 07:13:17
ak0252fsldr0,-150.5647,60.1028,36.8,3.3,"34 km NE of Fox River, Alaska",2025-02-22 08:58:42
nc75137126,-121.33983,36.68,3.38,2.69,"12 km SSW of Tres Pinos, CA",2025-02-22 09:16:02
nc75137131,-121.33033,36.69417,4.65,3.01,"11 km SSW of Tres Pinos, CA",2025-02-22 09:25:26
nc75137161,-121.32533,36.69533,4.7,3.88,"11 km SSW of Tres Pinos, CA",2025-02-22 10:31:25
nc75137171,-121.33417,36.69867,3.97,2.6,"10 km SSW of Tres Pinos, CA",2025-02-22 10:41:05
uw62076946,-122.14167,47.276,25.36,3.41,"6 km SSE of Lea Hill, Washington",2025-02-22 11:45:29
nc75137201,-121.326,36.69267,4.42,2.62,"11 km SSW of Tres Pinos, CA",2025-02-22 12:20:04
tx2025dsfl,-98.207,28.912,7.04,2.6,"20 km WSW of Falls City, Texas",2025-02-22 15:47:27
nc75137306,-121.3345,36.694,4.39,2.69,"11 km SSW of Tres Pinos, CA",2025-02-22 16:46:36
nc75137301,-121.33517,36.69617,4.53,2.95,"11 km SSW of Tres Pinos, CA",2025-02-22 16:47:16
nc75137321,-121.33017,36.6955,4.39,2.84,"11 km SSW of Tres Pinos, CA",2025-02-22 16:56:49
tx2025dsns,-104.303,31.662,7.07,2.7,"57 km S of Whites City, New Mexico",2025-02-22 19:59:24
ci40191930,-116.7825,34.08033,10.04,3.3,"18 km N of Cabazon, CA",2025-02-22 22:46:12
ci40191938,-118.443,35.48367,3.11,2.62,"12 km SSE of Bodfish, CA",2025-02-22 22:47:31
nc75137847,-122.963,39.5295,9.85,2.93,"13 km N of Lake Pillsbury, CA",2025-02-22 22:52:09
nc75137957,-121.999,39.80233,14.82,2.68,"7 km NNE of Hamilton City, CA",2025-02-23 03:47:28
ak0252hfa37n,-151.676,63.3416,14.9,3.3,"22 km S of Denali National Park, Alaska",2025-02-23 07:15:46
ak0252hjldse,-146.2725,61.5697,23.4,2.5,"49 km N of Valdez, Alaska",2025-02-23 14:40:01
us7000pm76,-174.179,52.46939,187.65,3.0,"30 km N of Atka, Alaska",2025-02-23 14:54:58
ak0252hmfqnh,-155.764,58.4805,145.3,2.7,"57 km ESE of King Salmon, Alaska",2025-02-23 19:17:55
ak0252ho4y9u,-152.1028,60.593,88.0,2.6,"42 km W of Salamatof, Alaska",2025-02-23 22:03:15
nn00893957,-119.6577,41.7942,4.3,2.8,"41 km E of Fort Bidwell, California",2025-02-24 01:09:23
us7000pfqj,-98.3666,40.1987,9.64,2.8,"7 km ENE of Cowles, Nebraska",2025-02-24 02:46:08
ak0252j3js1b,-148.4682,68.1217,5.0,2.5,"105 km NE of Wiseman, Alaska",2025-02-24 08:38:37
ak0252j5eny0,-152.7733,58.3255,40.8,3.0,"30 km NNE of Aleneva, Alaska",2025-02-24 11:50:43
tx2025dvsk,-104.01,31.511,7.97,2.5,"29 km NW of Toyah, Texas",2025-02-24 13:42:21
ak0252j6lvnr,-154.3427,57.3071,2.0,2.6,"29 km SSE of Karluk, Alaska",2025-02-24 13:52:03
ci40193018,-120.39167,34.82233,3.78,2.51,"6 km SE of Orcutt, CA",2025-02-24 16:23:55
us7000plwf,-174.322,52.43539,166.24,2.8,"27 km NNW of Atka, Alaska",2025-02-24 17:12:12
ak0252j8rjty,-149.4105,65.1178,14.7,2.8,"4 km SW of Minto, Alaska",2025-02-24 17:14:43
ak0252j9e6h3,-155.5958,55.892,6.8,2.6,"146 km SW of Akhiok, Alaska",2025-02-24 18:19:57
tx2025dwhl,-102.109,32.442,8.72,2.7,"35 km SSW of Los Ybanez, Texas",2025-02-24 21:21:42
ci40193754,-119.555,35.3335,-0.7,3.25,"11 km SW of Buttonwillow, CA",2025-02-25 06:10:18
ci40193762,-117.54783,35.72517,7.0,2.5,"14 km WSW of Searles Valley, CA",2025-02-25 06:12:14
hv74622897,-155.913,19.80567,10.82,2.59,"11 km NE of Kalaoa, Hawaii",2025-02-25 06:43:27
ak0252ks7g3p,-148.9665,62.7521,68.4,2.5,"67 km ENE of Chase, Alaska",2025-02-25 10:26:48
ak0252ksopkj,-150.8142,62.8433,98.4,3.6,"38 km N of Petersville, Alaska",2025-02-25 11:07:03
nn00893995,-118.1909,38.1523,7.6,2.8,"27 km SSW of Mina, Nevada",2025-02-25 12:37:05
se60599936,-85.4685,34.56367,9.77,2.58,"8 km N of Menlo, Georgia",2025-02-25 13:00:39
ak0252kv49ao,-155.2279,65.7262,13.8,2.5,"53 km E of Huslia, Alaska",2025-02-25 15:15:49
ak0252kwh3hq,-148.7634,63.9971,9.4,3.5,"17 km E of Ferry, Alaska",2025-02-25 17:43:36
ak0252kwudlg,-148.7884,63.9813,12.8,2.6,"16 km NNE of Healy, Alaska",2025-02-25 18:05:32
tx2025dydk,-98.215,28.907,7.73,2.6,"21 km WSW of Falls City, Texas",2025-02-25 21:35:08
ak0252mc5wv7,-148.0487,61.6475,12.0,2.9,"27 km SW of Glacier View, Alaska",2025-02-26 04:25:18
us6000pvis,-166.6036,54.0151,125.3,3.2,"14 km NNW of Dutch Harbor, Alaska",2025-02-26 04:31:27
nc75139226,-121.31333,36.68367,5.19,3.32,"12 km S of Tres Pinos, CA",2025-02-26 05:46:24
nc75139331,-121.30583,36.67983,4.69,2.86,"12 km S of Tres Pinos, CA",2025-02-26 08:42:11
nc75139451,-120.177,36.08283,12.01,3.16,"10 km NNW of Avenal, CA",2025-02-26 13:29:41
ak0252mlquhv,-154.6343,57.5593,47.9,2.7,"10 km W of Karluk, Alaska",2025-02-26 20:34:51
ci40195354,-117.53,35.67283,9.2,2.55,"14 km ENE of Ridgecrest, CA",2025-02-27 03:31:57
nc75139761,-118.78517,38.04383,10.32,2.94,"27 km SE of Bodie, CA",2025-02-27 04:09:07
tx2025eamf,-103.971,31.607,8.82,2.9,"36 km NNW of Toyah, Texas",2025-02-27 04:19:19
tx2025eaoq,-102.059,32.409,7.59,3.4,"34 km WSW of Ackerly, Texas",2025-02-27 05:31:21
uw62078356,-124.32033,42.27183,7.65,2.97,"6 km E of Pistol River, Oregon",2025-02-27 12:12:10
uw62078371,-122.64817,47.61183,25.79,2.81,"0 km ENE of Tracyton, Washington",2025-02-27 13:16:10
hv74624297,-155.2095,19.30384,6.23,3.16,"15 km S of Volcano, Hawaii",2025-02-27 13:33:23
us7000pnhq,-163.4375,54.7716,106.17,2.5,"9 km S of False Pass, Alaska",2025-02-27 15:30:14
uw62078461,-121.769,47.59933,17.42,3.25,"8 km NNE of Snoqualmie, Washington",2025-02-27 20:07:46
ak0252ob0pfm,-151.8793,60.7599,84.8,3.4,"33 km WNW of Nikiski, Alaska",2025-02-27 23:26:16
ci41068296,-117.69583,35.86367,8.96,2.55,"21 km ESE of Little Lake, CA",2025-02-27 23:47:31
us7000pp41,-162.7757,54.3756,35.0,2.5,"67 km SE of False Pass, Alaska",2025-02-28 01:57:23
ak0252pojki1,-150.8689,60.6074,52.8,2.7,"9 km NW of Sterling, Alaska",2025-02-28 06:44:29
ci41068424,-115.58417,33.08467,12.01,2.69,"6 km NNE of Westmorland, CA",2025-02-28 06:45:02
nc75140381,-119.02017,37.43033,4.08,2.95,"23 km SSW of Mammoth Lakes, CA",2025-02-28 09:07:31
tx2025edml,-101.926,32.37,6.81,4.8,"26 km SW of Ackerly, Texas",2025-02-28 19:33:24
ak0252pwcic4,-149.2208,62.3826,15.1,2.9,"40 km NE of Susitna North, Alaska",2025-02-28 19:55:03
nc75140621,-120.1965,36.07117,10.1,2.73,"10 km NNW of Avenal, CA",2025-02-28 20:08:35
tx2025edqv,-101.635,32.387,6.81,2.6,"17 km SSE of Ackerly, Texas",2025-02-28 21:47:01
tx2025edrp,-98.813,28.721,4.28,2.6,"18 km SSW of Charlotte, Texas",2025-02-28 22:08:00
ak0252r9gt13,-147.2371,61.4029,9.6,2.7,Southern Alaska,2025-03-01 02:05:21
ak0252rckq6o,-149.107,63.0419,70.1,2.5,"39 km SSW of Cantwell, Alaska",2025-03-01 07:27:38
us6000pw9n,-111.1779,36.0603,12.37,3.4,"6 km SE of Moenkopi, Arizona",2025-03-01 11:09:19
ak0252rf0b5v,-152.2636,61.285,4.7,2.9,"65 km WNW of Tyonek, Alaska",2025-03-01 11:36:01
ak0252rf4uvr,-148.499,68.1385,4.8,3.5,"105 km NE of Wiseman, Alaska",2025-03-01 11:57:22
nc75140981,-122.8015,38.826,3.38,2.63,"7 km NNW of The Geysers, CA",2025-03-01 12:59:26
nc75141026,-120.0955,40.26433,3.26,2.85,"22 km E of Honey Lake, CA",2025-03-01 14:16:46
ci41069504,-120.0555,34.43367,4.37,2.81,"18 km W of Isla Vista, CA",2025-03-01 19:12:54
us7000ppbp,-163.5508,55.0092,110.59,2.6,"19 km NNW of False Pass, Alaska",2025-03-01 19:15:01
us7000ppbh,-164.2678,54.4587,104.04,2.8,"70 km SW of False Pass, Alaska",2025-03-01 19:16:56
hv74626252,-155.08583,19.36034,7.47,3.02,"12 km SSE of Fern Forest, Hawaii",2025-03-02 05:19:25
ak0252t078bk,-152.1543,58.9302,51.9,3.0,"49 km SSW of Nanwalek, Alaska",2025-03-02 07:42:12
nc75141606,-124.19267,40.54567,13.44,3.07,"7 km SW of Fortuna, CA",2025-03-02 12:47:50
hv74626432,-155.40966,20.0935,-1.29,2.96,"6 km ENE of Honoka‘a, Hawaii",2025-03-02 14:25:13
us6000q3ii,-162.5953,54.4488,35.0,2.6,"69 km SE of False Pass, Alaska",2025-03-02 15:18:42
ak0252t50wvq,-148.4018,60.1732,8.9,2.5,"24 km WNW of Chenega, Alaska",2025-03-02 15:52:45
ci41069888,-115.65433,33.15533,4.0,2.71,"14 km WNW of Calipatria, CA",2025-03-02 16:17:23
us6000pwh3,-115.1786,44.3334,12.07,2.7,"23 km NW of Stanley, Idaho",2025-03-02 18:50:14
us6000q3ip,-161.8619,54.9509,104.83,2.7,"31 km ESE of King Cove, Alaska",2025-03-02 20:04:36
ak0252t8e1cs,-156.2824,62.9374,9.7,2.5,"12 km WSW of Takotna, Alaska",2025-03-02 21:17:55
ak0252t8yejt,-161.3255,67.9936,5.4,2.5,"65 km E of Red Dog Mine, Alaska",2025-03-02 22:12:58
tx2025ehit,-104.273,31.718,6.92,4.2,"51 km S of Whites City, New Mexico",2025-03-02 22:32:18
nc75141851,-119.01983,37.42933,4.19,2.8,"23 km SSW of Mammoth Lakes, CA",2025-03-02 23:08:09
tx2025ehod,-104.267,31.716,6.79,2.5,"52 km SSE of Whites City, New Mexico",2025-03-03 01:10:47
tx2025ehub,-104.368,31.669,7.15,2.5,"56 km S of Whites City, New Mexico",2025-03-03 04:12:56
ci41070112,-118.35333,34.1615,15.59,3.8,"2 km ESE of North Hollywood, CA",2025-03-03 06:13:45
ak0252uooou0,-150.765,63.141,126.8,2.8,"65 km SE of Denali National Park, Alaska",2025-03-03 09:01:26
ak0252upa4zk,-139.0452,59.7714,15.9,3.6,"45 km ENE of Yakutat, Alaska",2025-03-03 10:01:34
ak0252upbmi5,-151.1463,61.8938,82.2,3.0,"17 km SE of Skwentna, Alaska",2025-03-03 10:08:28
uu80103051,-112.9085,38.5055,4.39,2.77,"15 km NE of Milford, Utah",2025-03-03 10:34:17
nc75142061,-124.40883,40.5155,19.07,2.67,"14 km WSW of Ferndale, CA",2025-03-03 10:54:06
ak0252upwlce,-152.5449,60.3129,102.5,2.7,"56 km WNW of Ninilchik, Alaska",2025-03-03 11:06:10
uw62078906,-122.80517,48.61117,15.81,4.5,"2025 Orcas Island, Washington",2025-03-03 13:02:37
ak0252utmrev,-153.1053,60.3806,145.5,2.5,"69 km ENE of Port Alsworth, Alaska",2025-03-03 17:32:08
ci41070344,-117.234,34.03067,16.22,2.66,"3 km SE of Loma Linda, CA",2025-03-03 17:40:57
nc75142351,-123.5345,40.4635,28.02,2.57,"31 km W of Hayfork, CA",2025-03-03 22:39:42
us6000q3s1,-176.8674,51.76609,76.04,2.7,"20 km SW of Adak, Alaska",2025-03-04 05:17:38
nc75142516,-121.58667,36.8445,6.06,2.83,"4 km W of San Juan Bautista, CA",2025-03-04 06:06:14
nc75142546,-121.58367,36.84267,6.13,2.72,"4 km W of San Juan Bautista, CA",2025-03-04 07:18:50
nc75142601,-121.5825,36.83983,6.11,2.65,"4 km W of San Juan Bautista, CA",2025-03-04 10:20:58
ak0252we7799,-154.4547,57.376,41.3,2.5,"21 km S of Karluk, Alaska",2025-03-04 12:33:25
us6000pwzu,-163.583,54.5601,11.76,2.5,"34 km SSW of False Pass, Alaska",2025-03-04 13:35:48
ak0252wey7hs,-158.6267,56.2473,118.0,3.3,"8 km E of Chignik Lake, Alaska",2025-03-04 13:59:30
nc75142781,-120.60033,36.11717,8.49,2.51,"22 km W of Coalinga, CA",2025-03-04 16:44:52
ak0252whsun4,-161.2654,67.9906,16.3,2.5,"67 km E of Red Dog Mine, Alaska",2025-03-04 18:38:17
ak0252wk7v1d,-149.5528,62.9315,76.0,2.5,"59 km SSW of Cantwell, Alaska",2025-03-04 22:44:13
hv74627547,-155.76033,20.13984,20.82,3.22,"11 km S of Hala‘ula, Hawaii",2025-03-05 01:00:16
ak0252xwa9tk,-152.529,59.9111,78.9,2.9,"41 km WNW of Anchor Point, Alaska",2025-03-05 03:17:55
us6000q44t,-167.4921,53.325,77.99,3.2,"88 km SW of Unalaska, Alaska",2025-03-05 04:26:46
uu80103281,-109.8925,41.5635,-2.94,3.2,"3 km NW of Little America, Wyoming",2025-03-05 05:29:23
ak0252xy1w8g,-149.962,61.3913,40.7,3.5,"3 km NNE of Point MacKenzie, Alaska",2025-03-05 06:14:39
ak0252xzhyoc,-150.7495,61.6939,60.6,2.5,"20 km NW of Susitna, Alaska",2025-03-05 08:57:31
ci41071720,-119.3325,35.28433,20.62,3.29,"18 km SE of Buttonwillow, CA",2025-03-05 11:03:01
uw62079456,-123.14083,47.924,42.35,3.89,"14 km SW of Blyn, Washington",2025-03-06 00:18:24
ak0252zjxov1,-152.7504,59.3764,68.8,2.5,"47 km W of Nanwalek, Alaska",2025-03-06 03:36:54
nc75143741,-124.164,41.63817,10.13,2.7,"13 km SSW of Bertsch-Oceanview, CA",2025-03-06 08:14:20
hv74628022,-155.37316,19.20067,29.83,2.57,"11 km E of Pāhala, Hawaii",2025-03-06 09:36:59
us6000q4tf,-176.7176,51.59209,41.7,2.9,"31 km S of Adak, Alaska",2025-03-06 12:29:13
us6000q4tq,-176.0334,52.02109,43.27,3.7,"44 km ENE of Adak, Alaska",2025-03-06 17:33:20
ak0252zva6il,-152.9544,59.8163,104.2,4.5,"63 km W of Anchor Point, Alaska",2025-03-06 22:42:40
tx2025eosp,-104.012,31.641,5.59,3.1,"39 km W of Mentone, Texas",2025-03-06 23:26:38
us6000q4tx,-160.308,54.8558,32.12,2.9,"54 km SSE of Sand Point, Alaska",2025-03-07 08:17:46
ak02531bkmyq,-153.2469,60.1939,144.8,2.7,"59 km E of Port Alsworth, Alaska",2025-03-07 10:25:18
us6000q4nj,-176.0176,52.06529,130.24,2.6,"47 km ENE of Adak, Alaska",2025-03-07 13:48:04
ak02531fs6oj,-152.271,60.4964,91.2,2.6,"53 km WSW of Salamatof, Alaska",2025-03-07 17:32:25
ci41073984,-115.63233,32.67317,11.4,2.57,"11 km NNW of Progreso, B.C., MX",2025-03-07 17:45:28
ak02531h0meh,-149.5827,61.8633,40.3,3.3,"22 km NW of Fishhook, Alaska",2025-03-07 19:39:57
us6000pxid,-104.3594,32.3847,8.63,2.9,"12 km WSW of Carlsbad, New Mexico",2025-03-07 22:02:43
nn00894527,-116.532,38.4539,8.3,2.6,"74 km NE of Tonopah, Nevada",2025-03-08 04:01:02
us6000q5pg,-161.6899,55.4716,172.98,2.7,"60 km NE of King Cove, Alaska",2025-03-08 08:50:44
tx2025erkd,-104.413,31.682,6.23,2.6,"54 km S of Whites City, New Mexico",2025-03-08 10:34:36
ak0253306kum,-151.499,63.0292,2.5,3.2,"58 km S of Denali National Park, Alaska",2025-03-08 12:05:24
ak025330u733,-158.1411,55.9622,59.8,2.5,"40 km SSE of Chignik, Alaska",2025-03-08 13:15:44
us6000pxna,-107.9792,43.6643,6.77,2.6,"17 km ESE of Lucerne, Wyoming",2025-03-08 16:20:32
us6000q58e,-176.1184,51.79919,73.31,2.9,"36 km ESE of Adak, Alaska",2025-03-09 00:26:52
ak02534gpo2g,-152.9547,59.6822,99.8,2.6,"64 km W of Anchor Point, Alaska",2025-03-09 00:28:32
ak02534gsmhw,-146.4672,61.4063,14.9,3.2,"31 km NNW of Valdez, Alaska",2025-03-09 00:42:11
ak02534h6bsi,-152.0823,62.1626,104.5,2.6,"40 km WNW of Skwentna, Alaska",2025-03-09 01:06:04
nc75145201,-123.43967,41.1465,40.19,2.56,"23 km ESE of Weitchpec, CA",2025-03-09 01:13:29
hv74629957,-155.85683,19.26734,7.11,2.99,"20 km S of Honaunau-Napoopoo, Hawaii",2025-03-09 01:22:00
ak02534id9yu,-149.6866,61.381,27.9,2.6,"8 km SSE of Knik, Alaska",2025-03-09 03:06:43
us6000pxqz,-103.3,43.6761,5.0,3.6,"7 km W of Fairburn, South Dakota",2025-03-09 03:14:25
ak02534iilwm,-147.1007,60.7048,20.2,3.1,"29 km SW of Tatitlek, Alaska",2025-03-09 03:31:31
ci41075168,-115.90817,33.77167,1.82,2.69,"26 km NE of Thermal, CA",2025-03-09 04:11:51
ak02534lbrx6,-152.91,60.3677,127.5,2.7,"77 km WNW of Ninilchik, Alaska",2025-03-09 08:03:30
hv74630317,-155.348,19.1835,27.82,3.01,"13 km E of Pāhala, Hawaii",2025-03-09 08:33:26
ak02534pktn6,-144.835,63.3585,6.5,2.6,"33 km SSW of Dry Creek, Alaska",2025-03-09 15:17:37
us6000py6j,-174.576,52.13199,10.0,2.9,"26 km WSW of Atka, Alaska",2025-03-09 16:29:22
us6000q4yn,-162.3821,54.6772,64.89,2.7,"42 km S of King Cove, Alaska",2025-03-09 19:43:12
ci41075584,-118.8945,34.06817,11.38,4.06,"10 km NW of Malibu, CA",2025-03-09 20:03:20
ci41075600,-118.8925,34.05517,12.89,2.89,"9 km NW of Malibu, CA",2025-03-09 20:07:16
ci41075608,-118.91033,34.07017,11.97,2.7,"12 km NW of Malibu, CA",2025-03-09 20:07:37
us6000pxuq,-111.9945,46.604,5.0,2.7,"3 km ENE of Helena, Montana",2025-03-09 21:38:15
tx2025eukw,-103.719,32.081,7.64,2.5,"36 km ESE of Malaga, New Mexico",2025-03-10 02:18:10
ak025365hjdz,-156.2458,57.8064,124.8,2.7,"76 km ENE of Ugashik, Alaska",2025-03-10 02:36:04
ci41076096,-118.90017,34.06483,11.03,3.2,"11 km NW of Malibu, CA",2025-03-10 09:23:04
ak02536a9866,-151.8416,60.2255,69.1,2.8,"21 km NNW of Ninilchik, Alaska",2025-03-10 10:37:07
ci41076168,-116.4615,33.5015,7.57,2.62,"20 km ESE of Anza, CA",2025-03-10 12:04:55
ci41076224,-117.0135,35.8705,7.45,2.64,"35 km ENE of Trona, CA",2025-03-10 12:57:39
tx2025evjo,-98.2,28.895,7.73,3.0,"20 km WSW of Falls City, Texas",2025-03-10 14:49:54
ci41076568,-118.8905,34.05967,12.28,2.57,"10 km NW of Malibu, CA",2025-03-10 18:49:09
us6000py0u,-97.6182,38.6658,7.67,2.7,"2 km SW of Assaria, Kansas",2025-03-10 19:11:51
hv74631527,-155.90083,19.96267,34.35,3.4,"6 km W of Puako, Hawaii",2025-03-11 02:08:34
ak02537tp6cb,-153.3982,60.3488,166.6,2.7,"53 km ENE of Port Alsworth, Alaska",2025-03-11 03:49:37
nn00894551,-119.0173,39.1702,3.5,3.4,"24 km NNE of Yerington, Nevada",2025-03-11 08:45:51
nc75146861,-122.74017,38.77467,0.83,2.62,"1 km ESE of The Geysers, CA",2025-03-11 09:31:26
us6000py4e,-113.5059,36.4959,9.68,2.7,"56 km SE of Scenic, Arizona",2025-03-11 11:37:04
ak025380uj0e,-159.3125,64.3127,11.0,2.5,"28 km W of Kaltag, Alaska",2025-03-11 15:50:06
nn00894582,-119.5642,41.8902,4.5,3.1,"48 km E of Fort Bidwell, California",2025-03-11 17:09:14
nc75147146,-122.79183,38.82833,1.58,2.57,"6 km WNW of Cobb, CA",2025-03-11 18:01:48
ak0253835hi7,-153.1794,60.0373,134.3,3.3,"58 km ENE of Pedro Bay, Alaska",2025-03-11 19:37:12
nc75147311,-122.52533,38.94067,11.68,2.67,"8 km ENE of Lower Lake, CA",2025-03-12 02:25:28
nn00894615,-119.568,41.9012,6.7,3.2,"48 km E of Fort Bidwell, California",2025-03-12 05:34:50
ak02539nofyi,-146.5502,61.5994,37.6,2.7,"45 km SSE of Nelchina, Alaska",2025-03-12 14:31:43
hv74632352,-155.50433,19.15817,33.56,2.95,"5 km SSW of Pāhala, Hawaii",2025-03-12 15:19:48
nc75147691,-122.85133,38.825,1.87,2.69,"10 km NW of The Geysers, CA",2025-03-12 17:52:51
ak0253b4olsq,-147.7364,64.4147,17.7,2.5,"41 km SSW of North Pole, Alaska",2025-03-13 03:34:13
us6000pyii,-98.305,39.4958,5.0,3.2,"0 km SE of Glen Elder, Kansas",2025-03-13 07:25:43
us6000pyiq,-98.3188,39.4947,5.0,2.7,"0 km WSW of Glen Elder, Kansas",2025-03-13 07:58:27
tx2025fajy,-102.088,32.419,7.08,2.5,"36 km SSW of Los Ybanez, Texas",2025-03-13 08:41:40
ak0253b7r8l5,-149.7468,61.6049,38.7,2.9,"4 km SE of Houston, Alaska",2025-03-13 08:50:31
ak0253b89ez8,-165.199,65.1808,12.1,4.0,"55 km E of Teller, Alaska",2025-03-13 09:34:10
us6000pyjy,-98.3111,39.5136,5.0,2.7,"1 km N of Glen Elder, Kansas",2025-03-13 11:27:46
us6000q54x,-161.11,55.738,163.56,2.8,"29 km SSE of Nelson Lagoon, Alaska",2025-03-13 19:50:17
ak0253bfth7a,-157.0397,67.8223,3.3,4.8,"89 km NNE of Ambler, Alaska",2025-03-13 22:04:45
ak0253bgegsn,-150.5169,62.9077,87.7,2.7,"47 km NNE of Petersville, Alaska",2025-03-13 23:02:37
tx2025fbvc,-101.721,31.872,7.89,2.5,"22 km W of Garden City, Texas",2025-03-14 03:28:26
nc75148496,-121.1215,40.2075,6.72,2.59,"3 km ESE of Prattville, CA",2025-03-14 07:42:31
us6000q597,-176.6753,51.64319,58.35,2.6,"25 km S of Adak, Alaska",2025-03-14 10:51:09
hv74633762,-155.20666,19.28334,8.17,2.52,"17 km S of Volcano, Hawaii",2025-03-14 14:00:24
us6000q59g,-166.1286,53.815,71.17,3.0,"27 km ESE of Unalaska, Alaska",2025-03-14 16:55:45
us6000pywn,-111.1142,42.7025,11.85,2.7,"10 km W of Fairview, Wyoming",2025-03-14 19:28:24
ak0253efss56,-148.7602,62.9861,65.2,2.5,"46 km SSE of Cantwell, Alaska",2025-03-15 03:41:05
nc75149016,-121.58217,36.83783,6.06,2.52,"4 km W of San Juan Bautista, CA",2025-03-15 05:59:39
us6000pz0j,-98.3167,39.5033,5.0,2.8,"0 km NW of Glen Elder, Kansas",2025-03-15 09:34:42
ci41080024,-116.13083,33.27483,7.95,2.79,"15 km N of Ocotillo Wells, CA",2025-03-15 10:55:20
nn00894703,-117.1179,37.2216,8.5,2.6,"47 km NW of Beatty, Nevada",2025-03-15 11:41:18
us6000pz19,-88.5009,41.0864,5.0,2.6,"6 km W of Dwight, Illinois",2025-03-15 13:20:52
tx2025femj,-102.091,32.361,6.76,2.6,"38 km NW of Stanton, Texas",2025-03-15 14:28:30
ak0253empibp,-153.0431,60.0716,124.9,2.8,"67 km ENE of Pedro Bay, Alaska",2025-03-15 15:01:51
us6000pz2i,-89.7006,31.9185,10.0,3.0,"5 km NNE of Magee, Mississippi",2025-03-15 18:49:34
us6000pz39,-98.2904,39.5151,5.0,2.9,"2 km NE of Glen Elder, Kansas",2025-03-15 23:21:29
nc75149391,-121.1555,36.56717,2.96,2.71,"4 km  of Pinnacles, CA",2025-03-16 02:06:17
us6000pz3w,-98.3003,39.5232,5.0,2.8,"2 km NNE of Glen Elder, Kansas",2025-03-16 02:20:49
nc75149401,-121.16133,36.56833,3.23,3.08,"4 km  of Pinnacles, CA",2025-03-16 02:42:13
uu80103796,-109.879,41.56267,-1.88,3.09,"2 km NW of Little America, Wyoming",2025-03-16 12:01:46
ak0253gdzv4u,-150.4841,61.8231,15.0,2.5,"25 km WNW of Willow, Alaska",2025-03-16 21:31:42
ak0253gekh37,-148.7279,60.4804,8.9,2.8,"32 km S of Whittier, Alaska",2025-03-16 22:27:57
nc75149826,-122.94833,39.4915,10.63,4.18,"9 km NNE of Lake Pillsbury, CA",2025-03-17 02:13:44
nc75149821,-122.949,39.49233,10.73,2.76,"9 km NNE of Lake Pillsbury, CA",2025-03-17 02:14:51
ci41081408,-118.89583,34.0635,11.79,3.87,"10 km NW of Malibu, CA",2025-03-17 03:17:21
ak0253hqt0kf,-144.5956,69.501,13.3,2.8,"79 km SSW of Kaktovik, Alaska",2025-03-17 03:29:56
ak0253hrz0l8,-144.5742,69.5063,18.4,3.7,"78 km SSW of Kaktovik, Alaska",2025-03-17 05:25:52
ak0253hrz0ug,-144.6354,69.5169,23.3,4.0,"78 km SSW of Kaktovik, Alaska",2025-03-17 05:25:56
ak0253hrzsbg,-144.5902,69.5112,11.7,2.7,"78 km SSW of Kaktovik, Alaska",2025-03-17 05:29:11
ak0253hsoidg,-149.4266,60.6744,3.1,2.8,"21 km N of Moose Pass, Alaska",2025-03-17 06:44:47
ak0253ht2g4b,-152.7351,59.7142,80.7,2.8,"51 km W of Anchor Point, Alaska",2025-03-17 07:09:50
ak0253htarz0,-149.4216,60.7151,15.0,2.8,"19 km S of Sunrise, Alaska",2025-03-17 07:48:39
ci41081624,-116.448,33.49667,6.88,2.58,"22 km ESE of Anza, CA",2025-03-17 09:17:24
us6000pzai,-98.7412,39.0701,5.0,3.0,"6 km SW of Luray, Kansas",2025-03-17 09:34:59
ak0253hvic05,-156.5619,58.611,227.1,3.2,"10 km SE of King Salmon, Alaska",2025-03-17 11:19:54
ak0253i27m1x,-151.47,63.087,2.5,3.6,"52 km SSE of Denali National Park, Alaska",2025-03-17 22:45:26
ak0253i27m1s,-151.3737,63.0954,4.3,3.9,"52 km SSE of Denali National Park, Alaska",2025-03-17 22:45:40
ak0253i28104,-151.4758,63.0733,1.2,2.9,"53 km SSE of Denali National Park, Alaska",2025-03-17 22:47:19
ak0253i283pz,-149.3787,64.4704,12.2,2.9,"16 km NNW of Anderson, Alaska",2025-03-17 22:47:54
ak0253i2v14a,-151.4728,63.1108,11.1,2.8,"49 km SSE of Denali National Park, Alaska",2025-03-17 23:54:51
ak0253jcpqaq,-149.2733,63.0603,78.2,3.5,"40 km SSW of Cantwell, Alaska",2025-03-18 00:56:25
us6000q5va,-166.0679,53.971,76.69,3.0,"26 km SW of Akutan, Alaska",2025-03-18 01:13:07
nc75150752,-121.99417,37.70717,10.91,3.86,"5 km WNW of Dublin, CA",2025-03-18 02:46:33
nc75150832,-121.9885,37.70833,10.42,2.88,"5 km WNW of Dublin, CA",2025-03-18 04:46:13
ak0253jflao2,-153.3059,59.7269,111.8,2.6,"45 km E of Pedro Bay, Alaska",2025-03-18 05:39:22
ak0253jfo5v8,-146.7239,60.193,21.8,3.2,"66 km SW of Cordova, Alaska",2025-03-18 05:53:00
uw62074482,-122.47033,47.3795,23.03,3.23,"7 km ESE of Maplewood, Washington",2025-03-18 06:10:50
tx2025fjpn,-101.74,32.434,7.35,2.6,"10 km SSW of Ackerly, Texas",2025-03-18 09:44:26
us6000q5vh,-173.9736,52.04929,63.62,3.4,"22 km SE of Atka, Alaska",2025-03-18 10:04:44
ak0253jl1dmh,-152.8811,59.7762,83.8,2.6,"58 km W of Anchor Point, Alaska",2025-03-18 14:54:06
ak0253jlfj4h,-157.7605,57.0243,10.7,2.6,"58 km SSW of Ugashik, Alaska",2025-03-18 15:20:09
ak0253jlzs7c,-156.3177,58.1378,9.2,2.9,"62 km E of Egegik, Alaska",2025-03-18 16:14:57
ak0253jn8s9f,-152.2845,61.3219,0.6,2.8,"67 km WNW of Beluga, Alaska",2025-03-18 18:24:53
us6000pzms,-110.2511,34.477,5.0,3.2,"13 km NNE of Clay Springs, Arizona",2025-03-18 19:42:28
ak0253jodxq7,-151.6853,63.3128,10.0,2.5,"25 km S of Denali National Park, Alaska",2025-03-18 20:16:53
nc75151222,-121.211,36.60517,6.94,2.73,"10 km NNW of Pinnacles, CA",2025-03-18 21:27:21
nc75151272,-121.26967,36.64783,6.84,2.59,"16 km S of Tres Pinos, CA",2025-03-18 23:26:32
nc75151492,-123.90467,41.3965,29.26,2.76,"18 km SSE of Klamath, CA",2025-03-19 07:55:44
ak0253l5ehqw,-154.5654,58.0795,87.5,2.9,"57 km N of Karluk, Alaska",2025-03-19 09:21:12
ak0253l9ql5m,-156.0375,58.2007,146.0,2.5,"65 km SSE of King Salmon, Alaska",2025-03-19 16:49:37
tx2025fmor,-104.57,31.726,6.1,3.0,"53 km SSW of Whites City, New Mexico",2025-03-20 00:43:01
ak0253mo7yuv,-158.2777,56.1209,67.6,2.5,"20 km SSE of Chignik, Alaska",2025-03-20 01:28:53
nn00894836,-118.9806,40.7466,6.2,2.6,"20 km E of Black Rock City, Nevada",2025-03-20 02:09:35
ak0253moqsd5,-153.7884,59.6779,141.1,2.9,"21 km SE of Pedro Bay, Alaska",2025-03-20 02:16:35
us6000pzw4,-104.6348,32.5195,8.09,2.8,"33 km SSE of Hope, New Mexico",2025-03-20 04:04:32
us6000pzw7,-104.6408,32.5199,9.27,2.8,"33 km SSE of Hope, New Mexico",2025-03-20 04:11:18
us6000pzw8,-104.6231,32.4801,8.71,3.5,"37 km W of Carlsbad, New Mexico",2025-03-20 04:17:55
us6000pzws,-104.6148,32.5048,15.42,3.3,"35 km SSE of Hope, New Mexico",2025-03-20 04:49:03
tx2025fmyy,-104.409,31.67,7.84,2.9,"56 km S of Whites City, New Mexico",2025-03-20 05:51:31
us6000pzxn,-104.6476,32.5171,5.0,2.7,"33 km SSE of Hope, New Mexico",2025-03-20 06:47:04
ci40904495,-116.267,33.30117,10.86,3.71944208463526,"11 km ENE of Borrego Springs, CA",2025-03-20 08:39:05
us6000pzyj,-98.3009,39.5138,5.0,2.5,"1 km NNE of Glen Elder, Kansas",2025-03-20 08:47:01
ak0253mt4bjk,-152.5188,59.7976,92.1,3.0,"38 km W of Anchor Point, Alaska",2025-03-20 09:51:34
ci40904647,-116.26717,33.30417,10.46,2.96,"11 km ENE of Borrego Springs, CA",2025-03-20 10:05:06
ak0253muntox,-151.4638,63.1154,13.0,3.0,"49 km SSE of Denali National Park, Alaska",2025-03-20 12:10:30
uu80104156,-110.83583,37.86917,23.81,2.54,"47 km NNW of Halls Crossing, Utah",2025-03-20 12:15:38
us6000q00s,-98.3118,39.5084,5.0,2.5,"1 km NNW of Glen Elder, Kansas",2025-03-20 13:12:58
us7000plas,-111.7977,46.8935,5.0,2.5,"23 km SSE of Craig, Montana",2025-03-20 15:07:39
us7000plds,-103.3609,32.1734,9.67,2.6,"17 km WNW of Jal, New Mexico",2025-03-20 17:59:53
nm60601281,-89.47433,36.06233,10.21,2.77,"8 km WNW of Dyersburg, Tennessee",2025-03-20 20:23:40
ci40905655,-116.28033,33.29467,10.47,2.53,"10 km ENE of Borrego Springs, CA",2025-03-20 23:29:48
ak0253ob088y,-151.2394,61.9511,68.1,2.7,"9 km ESE of Skwentna, Alaska",2025-03-21 00:02:17
us7000plhg,-162.5651,54.2443,35.0,4.0,"87 km SE of False Pass, Alaska",2025-03-21 02:36:42
ak0253ocss4m,-144.1881,69.4895,5.0,3.3,"74 km SSW of Kaktovik, Alaska",2025-03-21 03:03:34
us7000plit,-98.2784,39.4694,5.0,2.7,"4 km SE of Glen Elder, Kansas",2025-03-21 07:09:09
us7000plkx,-113.9756,36.5145,5.0,2.5,"31 km S of Scenic, Arizona",2025-03-21 12:15:04
ak0253oj2emy,-141.9215,67.0818,17.4,2.9,"92 km ENE of Chalkyitsik, Alaska",2025-03-21 13:56:03
nn00894904,-119.5496,41.8729,4.7,2.9,"49 km E of Fort Bidwell, California",2025-03-21 14:50:46
nn00894923,-119.5563,41.8719,3.7,2.5,"49 km E of Fort Bidwell, California",2025-03-21 16:09:56
tx2025fpqi,-103.832,31.998,6.36,2.6,"33 km SE of Malaga, New Mexico",2025-03-21 16:58:23
ak0253olddwh,-146.9727,64.7461,17.9,2.7,"9 km ENE of Moose Creek, Alaska",2025-03-21 17:43:17
us7000pmbh,-177.0166,51.59359,70.85,2.6,"40 km SW of Adak, Alaska",2025-03-21 18:10:42
tx2025fpxp,-103.802,32.005,7.33,2.5,"35 km SE of Malaga, New Mexico",2025-03-21 20:35:47
ak0253pzcbnc,-150.8448,62.112,60.8,3.6,"31 km ENE of Skwentna, Alaska",2025-03-22 01:36:29
ak0253pzd7rj,-148.7992,61.6614,31.2,3.4,"8 km ENE of Lazy Mountain, Alaska",2025-03-22 01:40:47
ak0253pzf5qi,-152.0645,59.9399,75.0,2.6,"18 km W of Happy Valley, Alaska",2025-03-22 01:49:53
ak0253q0khmf,-136.526,59.1626,6.5,2.8,"40 km SW of Covenant Life, Alaska",2025-03-22 03:42:35
ak0253q0npo5,-151.1354,61.6951,67.3,2.5,"35 km SSE of Skwentna, Alaska",2025-03-22 03:57:39
ak0253q29aq4,-153.0544,59.9143,123.6,2.8,"60 km ENE of Pedro Bay, Alaska",2025-03-22 06:26:06
uw62075997,-121.7625,48.35333,4.65,2.74,"8 km NNW of Swede Heaven, Washington",2025-03-22 07:17:53
ak0253q2wwbj,-144.1716,69.4689,11.4,3.0,"76 km SSW of Kaktovik, Alaska",2025-03-22 07:36:15
ak0253q2x5t2,-152.572,60.2221,99.5,2.8,"53 km WNW of Ninilchik, Alaska",2025-03-22 07:37:40
ak0253q3zhzo,-151.1371,62.2212,71.4,3.6,"29 km NNE of Skwentna, Alaska",2025-03-22 09:16:27
ci40907031,-116.069,33.76117,8.44,2.98,"13 km NE of Coachella, CA",2025-03-22 09:56:07
ak0253q5r7mr,-150.349,61.6286,49.5,2.5,"12 km NE of Susitna, Alaska",2025-03-22 12:13:53
tx2025frgq,-104.336,31.621,6.1,2.6,"61 km S of Whites City, New Mexico",2025-03-22 14:20:08
ak0253q8u8ci,-153.4702,59.8334,135.8,2.7,"36 km E of Pedro Bay, Alaska",2025-03-22 17:31:50
nc75153497,-121.9905,37.70183,10.45,2.66,"5 km W of Dublin, CA",2025-03-22 23:12:30
us6000q6qw,-104.8377,36.9641,5.0,2.6,"18 km S of Weston, Colorado",2025-03-22 23:34:22
nc75153512,-121.9895,37.70233,10.43,2.52,"5 km WNW of Dublin, CA",2025-03-22 23:38:06
tx2025fsnm,-104.406,31.679,5.84,2.5,"55 km S of Whites City, New Mexico",2025-03-23 06:56:33
ak0253rqhksi,-150.0451,61.9055,41.2,2.8,"17 km N of Willow, Alaska",2025-03-23 07:42:39
tx2025fsvu,-104.4,31.678,6.1,2.6,"55 km S of Whites City, New Mexico",2025-03-23 11:08:31
tx2025fsxt,-104.403,31.681,6.46,3.0,"54 km S of Whites City, New Mexico",2025-03-23 12:04:46
tx2025fszz,-103.755,31.237,7.48,2.5,"9 km SSE of Toyah, Texas",2025-03-23 13:08:49
ci40907823,-117.52933,35.7045,9.5,2.55,"13 km WSW of Searles Valley, CA",2025-03-23 13:14:59
tx2025ftck,-104.168,31.704,7.07,2.7,"53 km W of Mentone, Texas",2025-03-23 14:28:36
hv74639587,-155.45533,19.10484,28.48,2.67,"11 km SSE of Pāhala, Hawaii",2025-03-23 15:51:13
us6000q6aq,-173.0169,52.04279,10.0,3.1,"82 km ESE of Atka, Alaska",2025-03-23 16:02:54
ci40907951,-117.32233,34.11417,17.56,2.54,"3 km WSW of San Bernardino, CA",2025-03-23 16:07:46
nc75153957,-118.875,37.514,2.96,2.75,"16 km SSE of Mammoth Lakes, CA",2025-03-23 17:30:58
us6000q6at,-166.5953,53.7309,89.36,2.8,"16 km SSW of Unalaska, Alaska",2025-03-23 17:45:44
ak0253rwu7i5,-159.0257,56.2101,115.5,3.0,"17 km WSW of Chignik Lake, Alaska",2025-03-23 18:09:10
nn00894992,-119.0158,39.0623,6.9,2.5,"15 km ENE of Yerington, Nevada",2025-03-23 22:49:09
nn00895003,-119.0101,39.0822,3.9,2.5,"17 km NE of Yerington, Nevada",2025-03-24 00:21:09
us6000q6ng,-177.2511,51.72419,84.34,2.6,"45 km WSW of Adak, Alaska",2025-03-24 00:31:11
ci40908471,-117.801,35.347,6.6,2.71,"15 km W of Johannesburg, CA",2025-03-24 02:55:00
tx2025fufo,-104.015,31.524,6.92,2.8,"31 km NW of Toyah, Texas",2025-03-24 05:11:01
ak0253tgvarl,-152.0615,62.1569,103.6,3.3,"39 km WNW of Skwentna, Alaska",2025-03-24 12:20:03
us7000pm8l,-113.9869,36.5209,8.06,2.9,"30 km S of Scenic, Arizona",2025-03-24 14:11:09
ak0253tju38c,-152.1387,59.7275,58.4,2.5,"18 km WSW of Anchor Point, Alaska",2025-03-24 17:18:26
ak0253tmx5mi,-153.4355,59.8,127.5,3.0,"37 km E of Pedro Bay, Alaska",2025-03-24 22:36:46
us7000pmeb,-98.6305,39.2248,5.0,2.9,"13 km NNE of Luray, Kansas",2025-03-25 00:18:37
us7000pmew,-113.9933,36.5251,10.07,2.6,"29 km S of Scenic, Arizona",2025-03-25 02:05:30
us7000pmfi,-97.7787,37.3857,6.21,2.6,"5 km S of Milton, Kansas",2025-03-25 03:22:21
ak0253v0tmnn,-149.7568,61.0432,34.6,2.8,"15 km NNW of Hope, Alaska",2025-03-25 06:18:09
us7000pmh4,-115.0628,44.2275,10.0,2.6,"9 km W of Stanley, Idaho",2025-03-25 10:18:01
us7000pmib,-167.3105,53.32,10.0,3.7,"80 km SW of Unalaska, Alaska",2025-03-25 11:54:12
tx2025fwqt,-104.009,31.535,6.15,2.5,"31 km NW of Toyah, Texas",2025-03-25 13:08:12
ak0253v83n8h,-146.4117,61.6451,7.9,3.6,"42 km SSE of Nelchina, Alaska",2025-03-25 18:40:54
ak0253v98jlf,-152.139,62.69,0.9,4.0,"73 km WNW of Petersville, Alaska",2025-03-25 20:31:36
us7000pmm0,-113.9921,36.5031,5.0,3.4,"32 km S of Scenic, Arizona",2025-03-25 22:24:04
us7000pmmf,-113.9955,36.5197,6.03,2.6,"30 km S of Scenic, Arizona",2025-03-25 23:48:39
us7000pmn5,-115.1167,44.1887,10.0,2.9,"14 km WSW of Stanley, Idaho",2025-03-26 02:25:07
ak0253wmm91e,-153.2189,59.9108,116.0,2.5,"51 km ENE of Pedro Bay, Alaska",2025-03-26 03:25:44
us6000q71q,-174.8609,52.04119,10.0,2.7,"48 km WSW of Atka, Alaska",2025-03-26 09:44:48
us7000pmq7,-98.0532,39.7623,5.0,2.6,"5 km WSW of Formoso, Kansas",2025-03-26 09:51:04
us6000q74g,-178.3615,51.49839,70.17,2.8,"126 km WSW of Adak, Alaska",2025-03-26 12:50:22
hv74641822,-155.38933,19.27167,30.87,2.99,"12 km NE of Pāhala, Hawaii",2025-03-26 13:37:20
nn00895165,-118.9666,40.7115,6.9,2.8,"22 km ESE of Black Rock City, Nevada",2025-03-26 14:46:00
us6000q74j,-161.3256,55.856,160.01,2.8,"17 km SSW of Nelson Lagoon, Alaska",2025-03-26 16:28:22
us7000pmtd,-113.9931,36.5038,10.75,3.3,"32 km S of Scenic, Arizona",2025-03-26 16:59:10
us6000q74p,-179.0714,51.2142,35.0,3.2,"184 km WSW of Adak, Alaska",2025-03-26 21:04:54
ak0253ycm37c,-150.5582,63.112,113.3,2.6,"69 km N of Petersville, Alaska",2025-03-27 07:38:29
us6000q7ad,-167.4161,53.445,11.25,2.5,"75 km SW of Unalaska, Alaska",2025-03-27 10:06:47
hv74642762,-155.638,19.46517,18.93,2.6,"23 km E of Honaunau-Napoopoo, Hawaii",2025-03-27 12:12:23
ak0253ygr026,-152.6697,59.501,85.4,2.5,"45 km WNW of Nanwalek, Alaska",2025-03-27 14:33:07
nc75156227,-121.71583,37.35667,6.83,2.55,"10 km ESE of Alum Rock, CA",2025-03-27 15:38:16
us6000q7gz,-161.9011,54.7397,59.27,2.7,"44 km SE of King Cove, Alaska",2025-03-27 16:03:35
nn00895228,-119.5801,41.8784,3.4,3.6,"47 km E of Fort Bidwell, California",2025-03-28 00:13:15
nn00897020,-119.5627,41.8761,3.9,2.8,"48 km E of Fort Bidwell, California",2025-03-28 00:15:33
ak0253zxuc4y,-141.1192,61.6144,13.2,3.1,"98 km E of McCarthy, Alaska",2025-03-28 03:50:58
ak0253zz1y4i,-134.4167,58.823,7.1,2.8,"58 km N of Juneau, Alaska",2025-03-28 05:54:05
hv74643312,-155.49366,19.17817,31.59,2.86,"3 km SSW of Pāhala, Hawaii",2025-03-28 06:35:38
us7000pncx,-174.3538,52.37919,122.97,4.9,"22 km NNW of Atka, Alaska",2025-03-28 16:08:49
tx2025gcjx,-103.25,31.086,8.05,2.6,"24 km SW of Coyanosa, Texas",2025-03-28 16:28:48
ak025405ml5p,-166.9788,65.5527,13.0,2.7,"32 km N of Port Clarence, Alaska",2025-03-28 16:58:12
ci40912255,-117.8115,35.34883,10.08,2.95,"16 km W of Johannesburg, CA",2025-03-28 20:21:13
uw62078437,-123.805,47.5895,-0.51,2.5,"16 km NNE of Amanda Park, Washington",2025-03-28 20:32:28
us7000pue6,-173.9714,52.25319,139.99,2.9,"16 km ENE of Atka, Alaska",2025-03-28 20:43:54
ak025408l742,-144.7149,69.1,0.6,2.5,"113 km NNE of Arctic Village, Alaska",2025-03-28 21:55:52
ak025408v6z2,-141.0455,60.1768,13.4,3.1,"101 km NW of Yakutat, Alaska",2025-03-28 22:02:16
uu80104716,-111.58667,42.45917,-1.26,2.66,"17 km SE of Grace, Idaho",2025-03-28 22:26:35
tx2025gdcn,-104.281,31.619,6.82,2.6,"57 km NW of Toyah, Texas",2025-03-29 01:54:36
ak02541kokmv,-150.3997,60.8586,44.9,2.5,"17 km ESE of Point Possession, Alaska",2025-03-29 02:33:44
nn00895271,-119.0134,39.0542,7.5,3.7,"15 km ENE of Yerington, Nevada",2025-03-29 02:43:55
tx2025gdex,-94.868,31.591,6.69,3.5,"13 km NNE of Wells, Texas",2025-03-29 03:05:54
us7000pniy,-113.9931,36.5046,5.0,3.6,"32 km S of Scenic, Arizona",2025-03-29 04:46:47
ak02541o7h4u,-153.2797,59.853,122.6,2.5,"46 km E of Pedro Bay, Alaska",2025-03-29 08:25:51
hv74644282,-155.0405,19.297,42.64,2.97,"21 km SSE of Fern Forest, Hawaii",2025-03-29 09:45:42
ci40912687,-117.80967,35.352,6.73,2.58,"16 km W of Johannesburg, CA",2025-03-29 17:48:12
tx2025gekr,-104.012,31.527,7.57,2.6,"31 km NW of Toyah, Texas",2025-03-29 19:09:49
ci40912751,-115.712,33.32183,4.52,2.72,"4 km SSE of Bombay Beach, CA",2025-03-29 21:20:09
us7000pud2,-167.015,53.8225,86.65,3.6,"32 km WSW of Dutch Harbor, Alaska",2025-03-30 00:05:52
nn00895348,-117.9836,38.1532,9.2,2.6,"28 km SSE of Mina, Nevada",2025-03-30 00:15:17
ak02543813cl,-150.2754,63.4165,12.7,4.1,"66 km W of Cantwell, Alaska",2025-03-30 02:01:58
us7000pud3,-169.0928,52.8139,51.26,3.2,"20 km SW of Nikolski, Alaska",2025-03-30 06:08:59
nn00895358,-119.0164,39.0572,6.6,2.5,"14 km ENE of Yerington, Nevada",2025-03-30 08:53:10
nc75157662,-121.34633,36.6965,3.19,2.53,"11 km SSW of Tres Pinos, CA",2025-03-30 09:58:39
tx2025gfqh,-104.013,31.526,7.13,2.7,"31 km NW of Toyah, Texas",2025-03-30 11:07:11
us7000pntk,-113.9862,36.4965,5.55,2.7,"33 km S of Scenic, Arizona",2025-03-30 11:42:56
nn00895366,-119.0528,39.1626,3.6,2.6,"21 km NNE of Yerington, Nevada",2025-03-30 11:52:05
ak02543ennae,-167.6768,65.8138,13.5,2.5,"29 km NE of Wales, Alaska",2025-03-30 13:14:57
hv74645217,-155.81883,19.28017,8.23,3.31,"20 km SSE of Honaunau-Napoopoo, Hawaii",2025-03-30 14:25:27
us7000pnwc,-113.9802,36.5098,5.98,2.5,"31 km S of Scenic, Arizona",2025-03-30 17:35:50
nn00895411,-119.0453,39.1563,6.0,2.7,"21 km NNE of Yerington, Nevada",2025-03-30 17:57:03
nn00896958,-119.0567,39.153,4.9,2.5,"20 km NNE of Yerington, Nevada",2025-03-30 17:57:18
ak02543jd2i5,-147.5802,64.9433,17.3,3.2,"2 km SE of Fox, Alaska",2025-03-30 21:05:03
ak02544ulw8v,-152.6637,60.0149,100.1,2.6,"52 km W of Happy Valley, Alaska",2025-03-31 00:40:40
ak02544vl6a7,-151.4515,63.1299,13.2,3.6,"47 km SSE of Denali National Park, Alaska",2025-03-31 02:05:01
ak02544vvyxq,-142.5005,67.21,14.2,3.8,"81 km NE of Chalkyitsik, Alaska",2025-03-31 02:55:38
ak02544w9vms,-150.7876,63.0834,114.8,2.7,"65 km N of Petersville, Alaska",2025-03-31 03:20:26
tx2025ggzf,-104.328,31.664,5.95,2.6,"56 km S of Whites City, New Mexico",2025-03-31 04:46:20
nc75157992,-124.15517,40.20317,11.1,2.6,"17 km SSE of Petrolia, CA",2025-03-31 07:40:15
tx2025ghez,-104.301,31.673,6.61,2.8,"56 km S of Whites City, New Mexico",2025-03-31 07:40:43
nn00895449,-119.5608,41.8904,5.3,2.6,"49 km E of Fort Bidwell, California",2025-03-31 08:47:30
nn00895430,-116.697,41.159,11.1,3.4,"54 km NE of Valmy, Nevada",2025-03-31 12:03:34
nc75158092,-124.193,40.544,13.19,2.72,"7 km SW of Fortuna, CA",2025-03-31 15:02:12
us6000q7ap,-159.6399,55.1299,29.55,2.6,"59 km ESE of Sand Point, Alaska",2025-03-31 15:28:49
nn00895446,-116.7095,41.2296,7.6,2.6,"59 km NE of Valmy, Nevada",2025-03-31 16:24:46
nn00895440,-116.7251,41.2156,6.0,3.64,"57 km NE of Valmy, Nevada",2025-03-31 16:28:14
nc75158162,-121.14317,36.66683,1.8,2.75,"15 km NNE of Pinnacles, CA",2025-03-31 17:22:43
nn00895452,-116.7083,41.2289,7.3,2.9,"59 km NE of Valmy, Nevada",2025-03-31 17:29:45
nn00895459,-116.6926,41.1551,9.8,2.5,"54 km NE of Valmy, Nevada",2025-03-31 19:56:00
ak025457svha,-150.862,63.1092,118.9,3.1,"64 km SE of Denali National Park, Alaska",2025-03-31 22:56:47
nn00895464,-116.6977,41.1735,7.6,2.6,"55 km NE of Valmy, Nevada",2025-03-31 23:56:53
ak02546kb91j,-156.3782,58.1204,12.7,5.1,"59 km E of Egegik, Alaska",2025-04-01 04:04:36
ak02546kc2wc,-156.3853,58.1346,6.6,3.9,"58 km E of Egegik, Alaska",2025-04-01 04:08:23
ak02546kcckg,-156.3631,58.1204,7.6,3.4,"60 km E of Egegik, Alaska",2025-04-01 04:09:48
ak02546p8xbk,-152.9865,59.7938,101.9,2.6,"62 km E of Pedro Bay, Alaska",2025-04-01 12:33:33
ci40914271,-116.3205,36.1155,1.08,2.98,"16 km NNW of Shoshone, CA",2025-04-01 15:07:15
us7000pp8x,-104.6222,32.5125,3.82,2.5,"34 km SSE of Hope, New Mexico",2025-04-01 15:18:52
ak02546r3kto,-150.3546,63.0654,106.4,3.6,"66 km NNE of Petersville, Alaska",2025-04-01 15:44:30
us6000q4l0,-166.9508,53.4378,12.92,2.9,"55 km SSW of Unalaska, Alaska",2025-04-01 16:51:26
tx2025gjte,-104.286,31.658,7.89,2.5,"58 km S of Whites City, New Mexico",2025-04-01 17:05:27
us7000ppa3,-104.2282,34.8678,5.0,3.0,"22 km S of Newkirk, New Mexico",2025-04-01 17:17:11
ci40914391,-117.803,35.3435,6.58,2.57,"16 km WSW of Johannesburg, CA",2025-04-01 19:44:57
nn00895505,-116.7153,41.2079,7.4,3.5,"57 km NE of Valmy, Nevada",2025-04-01 23:06:10
nc75158742,-121.99367,37.70483,10.3,2.94,"5 km WNW of Dublin, CA",2025-04-01 23:58:54
nn00895512,-116.7069,41.1889,9.5,3.3,"56 km NE of Valmy, Nevada",2025-04-02 00:01:49
us7000puki,-160.3751,55.3352,5.96,2.8,"7 km E of Sand Point, Alaska",2025-04-02 03:06:07
ak025487us5r,-152.0663,61.796,119.0,2.5,"41 km WSW of Skwentna, Alaska",2025-04-02 04:05:23
tx2025gkrk,-98.038,28.996,6.96,3.0,"2 km NW of Falls City, Texas",2025-04-02 05:21:43
nc75158787,-122.2175,37.87167,6.96,2.73,"3 km W of Orinda, CA",2025-04-02 05:43:48
nn00895552,-116.7103,41.1773,9.6,2.6,"55 km NE of Valmy, Nevada",2025-04-02 08:03:32
ak02548c5z99,-154.4938,58.957,128.3,3.1,"56 km SSE of Kokhanok, Alaska",2025-04-02 11:29:30
ak02548f5qwz,-159.5567,56.2813,6.4,2.5,"42 km N of Ivanof Bay, Alaska",2025-04-02 16:32:11
us7000pupe,-175.5662,51.91689,42.7,2.9,"73 km E of Adak, Alaska",2025-04-02 19:34:40
us7000pupg,-178.7627,51.50819,67.91,3.6,"152 km WSW of Adak, Alaska",2025-04-02 21:29:31
ak02548jabb4,-146.6486,61.393,27.9,2.9,"33 km NNW of Valdez, Alaska",2025-04-02 23:25:27
nn00895571,-119.9096,39.7247,9.7,2.8,"7 km NE of Cold Springs, Nevada",2025-04-03 00:59:37
ak02549xaq33,-145.1494,61.1191,15.9,2.5,"58 km SW of Chitina, Alaska",2025-04-03 07:25:27
us6000q3mr,-108.4626,38.7028,5.0,3.2,"34 km W of Delta, Colorado",2025-04-03 11:07:52
nn00895594,-116.716,41.2433,7.2,2.6,"60 km NE of Valmy, Nevada",2025-04-03 11:53:45
tx2025gnbz,-101.723,31.713,9.74,3.4,"28 km SW of Garden City, Texas",2025-04-03 12:58:42
ak0254a3qlb9,-151.561,63.0244,7.3,2.5,"58 km S of Denali National Park, Alaska",2025-04-03 18:07:06
us6000q3ty,-104.6508,32.4985,5.0,3.3,"35 km SSE of Hope, New Mexico",2025-04-03 22:10:30
ak0254bgp4h8,-152.7568,60.0325,110.4,2.6,"57 km W of Happy Valley, Alaska",2025-04-04 00:30:34
hv74647562,-155.8445,20.144,22.47,2.6,"10 km S of Hāwī, Hawaii",2025-04-04 01:14:02
nn00895636,-114.3253,37.4076,13.2,2.6,"28 km SE of Caliente, Nevada",2025-04-04 02:36:23
nc75159727,-121.35267,36.7895,3.82,3.0,"3 km SSE of Ridgemark, CA",2025-04-04 04:23:42
tx2025gokk,-104.201,31.662,7.28,2.5,"54 km NW of Toyah, Texas",2025-04-04 06:14:28
nc75159797,-122.8405,38.821,2.42,3.93,"9 km NW of The Geysers, CA",2025-04-04 06:31:48
tx2025golb,-104.018,31.519,7.07,2.5,"31 km NW of Toyah, Texas",2025-04-04 06:33:46
nm60602436,-89.42583,36.18367,7.92,2.69,"10 km SSE of Ridgely, Tennessee",2025-04-04 08:44:13
ok2025gopt,-97.3895,35.67617,6.64,2.93,"5 km W of Arcadia, Oklahoma",2025-04-04 09:04:03
ok2025gopy,-97.389,35.676,6.65,2.76,"5 km W of Arcadia, Oklahoma",2025-04-04 09:10:59
tx2025goqq,-104.007,31.525,6.72,2.6,"30 km NW of Toyah, Texas",2025-04-04 09:23:13
tx2025gouf,-104.365,31.667,6.95,2.8,"56 km S of Whites City, New Mexico",2025-04-04 11:17:39
tx2025govm,-103.979,31.603,8.82,2.5,"36 km NNW of Toyah, Texas",2025-04-04 11:58:34
ak0254bp2hh5,-136.9291,58.337,10.5,3.2,"37 km WNW of Elfin Cove, Alaska",2025-04-04 14:36:36
nc75160067,-121.84717,38.1385,27.16,2.92,"13 km NNE of Pittsburg, CA",2025-04-04 15:37:40
ak0254bs5fs1,-152.5225,60.2416,98.6,2.7,"52 km WNW of Ninilchik, Alaska",2025-04-04 19:54:03
ak0254bsnplf,-151.1595,62.8969,102.3,2.6,"48 km NNW of Petersville, Alaska",2025-04-04 20:39:27
tx2025gpwc,-104.288,31.66,6.41,2.7,"57 km S of Whites City, New Mexico",2025-04-05 01:22:18
tx2025gpwd,-104.28,31.655,6.1,3.1,"58 km S of Whites City, New Mexico",2025-04-05 01:22:27
tx2025gqbm,-101.789,32.165,8.18,2.8,"3 km N of Stanton, Texas",2025-04-05 04:09:40
us7000purg,-175.4725,52.01019,77.63,3.2,"81 km E of Adak, Alaska",2025-04-05 06:33:34
ak0254dei5wu,-150.7172,61.2613,54.4,2.6,"23 km NE of Beluga, Alaska",2025-04-05 17:55:17
ak0254esuref,-156.7243,56.771,82.7,2.9,"92 km SSE of Ugashik, Alaska",2025-04-06 02:12:03
tx2025grvf,-104.429,31.675,7.48,3.2,"55 km S of Whites City, New Mexico",2025-04-06 03:14:48
nc75160987,-122.76367,38.82467,2.09,2.54,"4 km WNW of Cobb, CA",2025-04-06 05:58:07
nc75161057,-120.56,35.995,3.42,3.17,"16 km NW of Parkfield, CA",2025-04-06 06:11:18
us7000puwp,-177.5918,51.73589,80.04,3.1,"67 km WSW of Adak, Alaska",2025-04-06 09:18:51
nn00895746,-119.4639,39.4736,9.8,3.3,"13 km NW of Stagecoach, Nevada",2025-04-06 09:22:32
uw62080827,-121.48633,47.17167,9.42,3.69,"12 km E of Greenwater, Washington",2025-04-06 15:15:34
ak0254f2cn51,-151.4747,63.074,1.3,2.6,"53 km SSE of Denali National Park, Alaska",2025-04-06 18:07:09
tx2025gtjx,-101.48,32.096,8.86,2.6,"10 km W of Forsan, Texas",2025-04-06 23:47:39
ak0254gh1wjh,-149.9531,63.1781,0.8,2.7,"55 km WSW of Cantwell, Alaska",2025-04-07 03:23:04
nn00895820,-119.0105,39.0494,8.4,3.1,"14 km ENE of Yerington, Nevada",2025-04-07 05:02:19
tx2025gtve,-104.351,31.664,7.13,2.6,"56 km S of Whites City, New Mexico",2025-04-07 05:29:27
ak0254gk61nu,-152.9315,60.1354,117.1,2.5,"70 km WNW of Happy Valley, Alaska",2025-04-07 08:46:26
us7000pvlz,-162.2757,55.4127,163.79,2.9,"37 km NE of Cold Bay, Alaska",2025-04-07 09:20:40
us6000q4hy,-114.0261,36.5291,5.0,3.5,"28 km SSE of Bunkerville, Nevada",2025-04-07 10:38:44
ak0254gmjbqj,-153.6733,59.7014,145.6,3.3,"26 km ESE of Pedro Bay, Alaska",2025-04-07 12:44:14
hv74649337,-155.57283,18.964,40.84,2.59,"11 km S of Naalehu, Hawaii",2025-04-07 19:04:30
us7000pvm9,-173.3813,52.01509,64.63,3.0,"59 km ESE of Atka, Alaska",2025-04-07 23:02:25
ci40919063,-116.06883,33.76167,8.23,2.71,"13 km NE of Coachella, CA",2025-04-07 23:29:09
hv74649742,-155.08583,19.829,37.09,2.95,"2 km ESE of Pepeekeo, Hawaii",2025-04-08 13:16:04
tx2025gwjf,-104.269,31.715,6.77,2.5,"52 km S of Whites City, New Mexico",2025-04-08 14:50:42
ak0254id1e9n,-151.9524,59.8922,66.6,2.6,"13 km WSW of Happy Valley, Alaska",2025-04-08 17:42:07
ci40919591,-117.51467,35.96733,5.22,2.54,"24 km NNW of Searles Valley, CA",2025-04-08 19:30:36
ak0254ieqond,-151.4507,61.3618,72.1,2.9,"31 km NW of Beluga, Alaska",2025-04-08 20:28:01
ak0254ifhdju,-134.4506,58.8095,12.8,2.6,"56 km N of Juneau, Alaska",2025-04-08 21:52:54
tx2025gwyp,-98.965,28.906,7.81,2.5,"12 km E of Pearsall, Texas",2025-04-08 22:37:46
nn00895937,-117.9554,38.1811,6.4,2.8,"26 km SSE of Mina, Nevada",2025-04-09 00:00:05
ak0254jr48t6,-150.5725,63.2772,123.5,3.0,"64 km ESE of Denali National Park, Alaska",2025-04-09 01:53:43
ak0254jwtxvu,-156.859,56.7361,61.1,2.5,"92 km SSE of Ugashik, Alaska",2025-04-09 11:13:04
tx2025gydb,-104.015,31.52,7.84,2.5,"31 km NW of Toyah, Texas",2025-04-09 14:01:29
ak0254jyw5sn,-156.5321,57.8918,131.5,2.6,"61 km SE of Egegik, Alaska",2025-04-09 14:59:42
nc75163197,-119.401,38.33283,3.28,2.82,"17 km NW of Bridgeport, CA",2025-04-09 16:05:26
ak0254k0mwvk,-150.3668,65.9556,12.2,2.8,"51 km N of Rampart, Alaska",2025-04-09 17:52:19
ak0254k0xegh,-149.7408,62.5491,60.9,3.1,"21 km ENE of Chase, Alaska",2025-04-09 18:01:12
us6000q4yh,-149.803,62.5535,54.88,3.2,"19 km NE of Chase, Alaska",2025-04-09 18:01:13
ak0254k12jrz,-153.0378,57.504,33.3,2.6,"29 km SW of Womens Bay, Alaska",2025-04-09 18:25:14
ak0254k2xili,-151.5032,61.707,4.7,2.6,"32 km S of Skwentna, Alaska",2025-04-09 21:37:58
ci40920551,-117.713,35.95983,7.06,3.47,"18 km E of Little Lake, CA",2025-04-10 01:43:14
us6000q58u,-178.133,51.66759,10.0,3.8,"105 km WSW of Adak, Alaska",2025-04-10 05:16:23
ak0254li43ot,-152.3526,59.8993,57.1,2.5,"32 km WNW of Anchor Point, Alaska",2025-04-10 07:34:36
ak0254lir9h0,-150.3278,65.9528,11.4,2.7,"50 km N of Rampart, Alaska",2025-04-10 08:42:41
ci40920743,-115.60533,33.184,2.75,2.86,"10 km SW of Niland, CA",2025-04-10 08:55:25
ci40920887,-115.59917,33.18183,2.69,2.51,"10 km SW of Niland, CA",2025-04-10 12:26:32
ci40920959,-115.60967,33.17833,2.81,3.14,"11 km WNW of Calipatria, CA",2025-04-10 12:49:27
ci40921055,-116.21867,33.90033,7.33,3.24,"18 km ENE of Thousand Palms, CA",2025-04-10 13:38:19
ak0254lpw12i,-151.4576,59.9719,56.6,3.3,"14 km SE of Ninilchik, Alaska",2025-04-10 20:40:38
ci40922055,-115.611,33.17217,3.48,3.25,"10 km WNW of Calipatria, CA",2025-04-11 02:52:17
ci40922063,-115.60483,33.17833,1.81,2.73,"10 km NW of Calipatria, CA",2025-04-11 02:53:12
nc75163841,-120.39267,40.33117,2.98,2.65,"11 km  of Honey Lake, CA",2025-04-11 21:36:58
tx2025hcjl,-102.106,32.442,7.74,2.7,"35 km SSW of Los Ybanez, Texas",2025-04-11 21:47:02
ak0254ot3cgs,-152.6453,59.7123,94.5,3.0,"46 km W of Anchor Point, Alaska",2025-04-12 07:18:26
us6000q5m9,-104.4484,32.3384,7.97,3.5,"19 km NNW of Whites City, New Mexico",2025-04-12 12:19:13
us6000q5me,-104.4544,32.3266,8.71,2.5,"18 km NNW of Whites City, New Mexico",2025-04-12 12:58:26
tx2025hdpd,-104.12,31.743,6.39,2.5,"49 km W of Mentone, Texas",2025-04-12 13:47:35
ak0254owv714,-150.5292,61.8263,55.2,2.9,"27 km WNW of Willow, Alaska",2025-04-12 13:52:07
tx2025hdpj,-103.801,32.005,7.68,2.7,"35 km SE of Malaga, New Mexico",2025-04-12 13:56:11
us7000pvzc,-176.0763,51.98909,105.53,2.6,"40 km ENE of Adak, Alaska",2025-04-12 15:49:47
hv74651857,-155.40233,19.25534,33.29,3.34,"9 km NE of Pāhala, Hawaii",2025-04-12 17:13:45
us7000pvzb,-175.4237,52.18199,125.38,2.9,"83 km W of Atka, Alaska",2025-04-12 23:33:14
tx2025heju,-102.211,32.13,6.32,3.1,"19 km NW of Midland, Texas",2025-04-13 00:12:13
uu80105741,-111.43883,39.00483,2.61,2.63,"18 km WNW of Emery, Utah",2025-04-13 01:36:00
uw62082792,-119.49533,48.75467,14.71,3.13,"6 km NW of Tonasket, Washington",2025-04-13 01:46:58
uw62082852,-119.50117,48.74117,12.72,2.86,"6 km NW of Tonasket, Washington",2025-04-13 03:11:57
uw62082902,-119.51033,48.74367,13.1,2.5,"6 km NW of Tonasket, Washington",2025-04-13 04:49:31
uw62082907,-119.4975,48.74183,13.36,2.67,"5 km NW of Tonasket, Washington",2025-04-13 05:00:37
ak0254qgm8vs,-153.201,60.1649,142.1,2.7,"62 km E of Port Alsworth, Alaska",2025-04-13 07:16:18
us7000pw01,-173.9626,52.28459,121.13,3.2,"19 km ENE of Atka, Alaska",2025-04-13 08:57:50
uw62082962,-119.504,48.75583,14.78,3.2,"7 km NW of Tonasket, Washington",2025-04-13 11:01:03
tx2025hfjy,-104.117,31.741,5.16,2.7,"49 km W of Mentone, Texas",2025-04-13 13:25:09
us7000pvyx,-177.2511,51.67019,75.98,2.9,"48 km WSW of Adak, Alaska",2025-04-13 18:39:06
ak0254qo03r2,-152.0298,59.4186,58.2,3.0,"9 km NW of Nanwalek, Alaska",2025-04-13 19:56:56
uw62083087,-119.49883,48.74333,13.59,2.54,"6 km NW of Tonasket, Washington",2025-04-13 20:19:52
nc75164816,-121.28283,36.658,7.38,2.88,"15 km S of Tres Pinos, CA",2025-04-13 21:34:20
ci40925311,-116.59583,33.03467,13.95,3.31,"5 km S of Julian, CA",2025-04-13 22:54:16
ak0254qpszpf,-152.6279,58.432,53.4,4.2,"44 km NNE of Aleneva, Alaska",2025-04-13 22:59:29
us6000q60k,-174.2662,52.29209,192.23,2.8,"11 km NNW of Atka, Alaska",2025-04-14 02:48:21
ak0254s2abd8,-153.0803,59.9486,123.2,2.5,"60 km ENE of Pedro Bay, Alaska",2025-04-14 04:02:28
ci40925623,-117.81567,35.33583,8.37,2.99,"17 km WSW of Johannesburg, CA",2025-04-14 07:53:22
uw62083282,-119.50667,48.74633,14.04,2.66,"6 km NW of Tonasket, Washington",2025-04-14 08:43:22
ci40925991,-116.59483,33.03583,14.29,5.21,"5 km S of Julian, CA",2025-04-14 17:08:28
ci40926015,-116.60883,33.0535,15.08,2.83,"3 km SSW of Julian, CA",2025-04-14 17:10:17
ci40926023,-116.6095,33.07367,16.08,2.77,"1 km SW of Julian, CA",2025-04-14 17:10:21
ci37715556,-116.587,33.0395,14.47,2.5,"5 km SSE of Julian, CA",2025-04-14 17:10:44
ci40926055,-116.60333,33.04917,13.54,2.57,"3 km S of Julian, CA",2025-04-14 17:12:07
ci40926063,-116.3,33.23,10.74,3.54,"8 km ESE of Borrego Springs, CA",2025-04-14 17:12:30
ci40926079,-116.59617,33.0395,11.95,2.97,"4 km S of Julian, CA",2025-04-14 17:13:08
ci40926087,-116.6025,33.04833,13.21,2.55,"3 km S of Julian, CA",2025-04-14 17:14:03
ci40926623,-116.59217,33.0405,12.57,3.95,"4 km SSE of Julian, CA",2025-04-14 18:23:42
ci40927015,-116.59267,33.03833,12.76,2.58,"5 km S of Julian, CA",2025-04-14 19:34:30
ak0254sbv0v8,-142.4313,67.229,22.6,2.8,"85 km NE of Chalkyitsik, Alaska",2025-04-14 20:10:59
ci40927095,-116.59417,33.03917,12.72,2.88,"4 km S of Julian, CA",2025-04-14 20:23:29
ak0254sd7564,-150.0188,60.7437,46.0,2.9,"28 km SW of Hope, Alaska",2025-04-14 22:35:06
ak0254tnixrf,-150.0597,60.7651,44.6,2.5,"28 km SW of Hope, Alaska",2025-04-15 00:16:32
ak0254tnj525,-150.0361,60.7692,49.3,2.6,"27 km SW of Hope, Alaska",2025-04-15 00:17:27
tx2025hidh,-104.372,31.665,7.59,2.6,"56 km S of Whites City, New Mexico",2025-04-15 01:27:55
uw62091541,-119.514,48.76833,15.36,2.83,"8 km NW of Tonasket, Washington",2025-04-15 01:55:18
us6000q63c,-112.0345,34.9046,12.28,2.5,"14 km N of Clarkdale, Arizona",2025-04-15 02:01:53
tx2025hill,-101.065,32.143,6.62,2.6,"24 km SSW of Westbrook, Texas",2025-04-15 05:36:34
us6000q6ej,-176.5471,51.88759,77.47,3.2,"6 km ENE of Adak, Alaska",2025-04-15 06:22:54
hv74653567,-155.39783,19.257,32.93,2.69,"10 km NE of Pāhala, Hawaii",2025-04-15 10:54:20
ak0254tx6jr4,-149.831,62.834,55.6,2.9,"45 km NNE of Chase, Alaska",2025-04-15 16:38:14
ci40928999,-118.50583,35.31717,6.31,2.59,"21 km NNW of Tehachapi, CA",2025-04-15 19:42:12
ci40929031,-118.5065,35.31717,5.84,2.5,"21 km NNW of Tehachapi, CA",2025-04-15 19:52:58
us7000pw80,-176.1231,51.93339,129.0,2.7,"35 km E of Adak, Alaska",2025-04-15 22:35:34
tx2025hjvz,-104.298,31.653,6.3,2.5,"58 km S of Whites City, New Mexico",2025-04-16 00:07:48
tx2025hjxt,-102.038,31.94,8.42,2.5,"7 km SSE of Midland, Texas",2025-04-16 00:58:15
ak0254vbnh0y,-156.515,57.9039,132.8,2.9,"61 km SE of Egegik, Alaska",2025-04-16 01:15:17
ak0254vfbk5u,-143.0508,69.5637,9.4,2.8,"67 km SSE of Kaktovik, Alaska",2025-04-16 07:31:43
ak0254vfhcnb,-153.7001,60.2711,177.6,2.6,"34 km ENE of Port Alsworth, Alaska",2025-04-16 07:58:47
nc75166226,-119.83167,38.67933,0.9,2.79,"3 km W of Markleeville, CA",2025-04-16 11:07:20
us6000q6lh,-174.3483,52.08779,9.72,2.8,"15 km SW of Atka, Alaska",2025-04-16 13:34:06
uw62091951,-119.52717,48.76167,14.51,3.0500000000000003,"9 km NW of Tonasket, Washington",2025-04-16 14:23:43
ak0254vkl8zz,-152.4288,59.1369,77.6,2.9,"37 km SW of Nanwalek, Alaska",2025-04-16 16:16:46
tx2025hlkx,-103.097,32.235,6.91,2.7,"16 km NE of Jal, New Mexico",2025-04-16 20:44:10
nn00896331,-116.6816,41.1946,10.3,2.8,"58 km NE of Valmy, Nevada",2025-04-16 21:53:12
us6000q6n9,-113.0112,47.3923,6.56,2.5,"42 km NNE of Ovando, Montana",2025-04-17 01:50:24
us6000q6va,-174.3998,52.26319,224.85,3.9,"15 km WNW of Atka, Alaska",2025-04-17 02:11:50
ak0254x23hv3,-153.2581,59.7786,128.0,2.5,"47 km E of Pedro Bay, Alaska",2025-04-17 06:03:55
us6000q6vc,-163.2152,54.8173,111.07,2.8,"13 km ESE of False Pass, Alaska",2025-04-17 09:18:52
nc75166906,-118.20167,37.17483,10.42,2.67,"8 km E of Big Pine, CA",2025-04-17 11:12:07
us7000pw7g,-179.1825,51.2668,35.0,2.8,"189 km WSW of Adak, Alaska",2025-04-17 13:53:10
us7000pw7i,-166.8143,53.8681,98.6,2.7,"18 km W of Dutch Harbor, Alaska",2025-04-17 17:48:44
ak0254x9e1c4,-154.0004,59.7349,159.5,3.5,"8 km SE of Pedro Bay, Alaska",2025-04-17 18:28:46
nn00896367,-119.0174,39.0616,7.3,2.6,"15 km ENE of Yerington, Nevada",2025-04-17 18:57:05
ak0254xbci3y,-142.2361,66.2314,15.7,2.9,"81 km SE of Chalkyitsik, Alaska",2025-04-17 21:57:21
ci40931567,-116.61233,33.05433,12.52,2.61,"3 km SSW of Julian, CA",2025-04-17 22:31:42
us6000q6yt,-110.5667,43.4729,3.56,3.9,"15 km E of Jackson, Wyoming",2025-04-18 05:07:14
hv74655702,-154.90166,19.43967,6.5,2.72,"3 km SSE of Leilani Estates, Hawaii",2025-04-18 06:55:33
ci40931879,-116.618,33.06083,13.05,2.54,"2 km SW of Julian, CA",2025-04-18 09:55:21
tx2025homq,-104.332,31.668,6.25,3.3,"56 km S of Whites City, New Mexico",2025-04-18 13:01:02
us6000q70q,-110.5861,43.4801,8.44,2.9,"14 km E of Jackson, Wyoming",2025-04-18 13:25:56
us7000pwcn,-175.1878,52.24119,201.11,2.9,"67 km W of Atka, Alaska",2025-04-18 20:12:04
ak02550calws,-148.4018,65.9687,10.6,2.5,"31 km E of Stevens Village, Alaska",2025-04-19 04:56:20
us6000q797,-163.3773,54.6997,8.87,2.6,"17 km S of False Pass, Alaska",2025-04-19 05:47:15
ak02550duu6u,-151.4744,61.159,90.5,4.5,"20 km WNW of Tyonek, Alaska",2025-04-19 07:18:55
ci40932807,-117.8055,35.33867,7.11,3.37,"16 km WSW of Johannesburg, CA",2025-04-19 07:44:07
ci37543245,-117.77583,35.31233,14.31,2.71,"14 km WSW of Johannesburg, CA",2025-04-19 07:44:19
ak02550ekw1y,-152.1352,62.6732,10.5,3.1,"73 km WNW of Petersville, Alaska",2025-04-19 08:40:10
ak02550fmaed,-149.2703,61.834,40.9,2.5,"10 km N of Fishhook, Alaska",2025-04-19 10:14:58
ak02550hbqgs,-151.9271,60.2191,80.8,3.9,"23 km NW of Ninilchik, Alaska",2025-04-19 13:01:27
ak02550i4hy4,-151.0696,63.5364,11.8,2.8,"32 km E of Denali National Park, Alaska",2025-04-19 14:35:47
nn00896466,-119.0218,39.0595,6.4,2.6,"14 km NE of Yerington, Nevada",2025-04-19 14:49:36
us6000q79m,-163.4131,54.7233,6.66,3.1,"14 km S of False Pass, Alaska",2025-04-19 16:20:07
us6000q7bq,-163.3947,54.7214,8.59,2.9,"14 km S of False Pass, Alaska",2025-04-19 17:01:00
nc75168451,-121.572,36.82883,6.05,2.65,"4 km WSW of San Juan Bautista, CA",2025-04-20 02:21:10
nc75168506,-121.56883,36.82633,5.97,2.96,"3 km WSW of San Juan Bautista, CA",2025-04-20 04:25:45
nc75168511,-121.56667,36.82433,6.71,2.75,"3 km WSW of San Juan Bautista, CA",2025-04-20 04:40:18
ci40934007,-117.33717,34.52817,9.61,2.7,"4 km NNE of Mountain View Acres, CA",2025-04-20 05:50:10
uw62094846,-119.51433,48.76783,14.9,3.23,"8 km NW of Tonasket, Washington",2025-04-20 08:10:30
us6000q7d3,-112.4993,44.5833,13.5,2.6,"9 km SE of Lima, Montana",2025-04-20 08:59:07
tx2025hskf,-104.305,31.673,6.61,3.1,"56 km S of Whites City, New Mexico",2025-04-20 16:18:14
us7000pxcu,-162.5096,54.3149,35.0,2.9,"83 km SE of False Pass, Alaska",2025-04-20 18:44:07
ak025528k105,-147.9974,62.2329,6.9,2.6,"50 km NNW of Glacier View, Alaska",2025-04-20 19:21:53
us6000q7fp,-110.5776,43.4766,5.0,2.9,"14 km E of Jackson, Wyoming",2025-04-20 21:14:46
us7000pxcy,-162.4862,54.3361,35.0,3.1,"81 km S of King Cove, Alaska",2025-04-20 22:40:31
us7000pxcz,-164.5251,54.3902,94.95,2.6,"86 km ENE of Akutan, Alaska",2025-04-20 22:53:04
nn00896603,-118.992,39.0677,11.0,2.9,"17 km ENE of Yerington, Nevada",2025-04-21 07:32:32
ak02553rfoms,-146.7083,61.5988,9.8,2.6,"43 km S of Nelchina, Alaska",2025-04-21 11:39:16
ak02553towzf,-151.0804,62.2655,68.8,2.9,"30 km SSW of Petersville, Alaska",2025-04-21 15:18:16
us7000pu3t,-162.076,55.0607,5.62,3.4,"15 km E of King Cove, Alaska",2025-04-21 15:31:59
us7000pua4,-162.0638,55.0538,8.21,2.6,"16 km E of King Cove, Alaska",2025-04-21 16:00:57
ak02553v2eyv,-158.2892,68.024,17.4,2.6,"106 km N of Ambler, Alaska",2025-04-21 17:49:09
tx2025huqf,-102.209,32.136,6.57,2.5,"19 km NW of Midland, Texas",2025-04-21 21:19:02
us7000pu35,-96.9365,38.3185,9.81,2.6,"7 km ESE of Marion, Kansas",2025-04-21 22:07:25
ak02555alsqc,-146.4651,61.7459,36.9,2.5,"31 km SSE of Nelchina, Alaska",2025-04-22 04:05:58
us7000pwy8,-175.9308,52.00579,135.06,2.5,"50 km ENE of Adak, Alaska",2025-04-22 04:11:11
us7000pu5h,-81.4839,39.8978,5.0,3.1,"3 km ESE of Buffalo, Ohio",2025-04-22 08:12:50
ci40936807,-115.607,33.181,3.55,2.84,"10 km SW of Niland, CA",2025-04-22 09:05:29
us7000px4x,-174.2595,52.19529,205.24,3.1,"4 km W of Atka, Alaska",2025-04-22 23:24:43
ak02556vvgv8,-150.1102,61.7972,40.8,4.5,"6 km NW of Willow, Alaska",2025-04-23 00:24:51
ak02556xv01j,-151.7014,65.7184,16.7,3.2,"63 km NNE of Tanana, Alaska",2025-04-23 03:58:24
nm60604296,-92.467,37.2555,4.39,2.56,"3 km E of Hartville, Missouri",2025-04-23 04:31:46
us7000puja,-176.559,51.74899,76.59,3.8,"14 km SSE of Adak, Alaska",2025-04-23 13:09:42
tx2025hxts,-103.233,32.003,5.79,2.5,"12 km SSW of Jal, New Mexico",2025-04-23 14:40:59
us7000puj9,-150.0694,61.8173,35.0,2.5,"7 km NNW of Willow, Alaska",2025-04-23 16:58:08
uu80106201,-109.8655,41.5615,-2.2,3.46,"2 km NNW of Little America, Wyoming",2025-04-23 17:58:33
us7000puvr,-177.4371,51.71819,9.4,2.5,"58 km WSW of Adak, Alaska",2025-04-23 21:18:24
ci40939399,-117.80633,35.351,7.68,2.8,"16 km W of Johannesburg, CA",2025-04-23 22:16:32
nc75170471,-122.66917,38.4375,10.34,2.78,"3 km ESE of Santa Rosa, CA",2025-04-23 22:43:41
us7000pxc8,-161.5223,55.6418,175.58,3.1,"44 km SSW of Nelson Lagoon, Alaska",2025-04-24 03:12:17
nc75170626,-119.39667,38.34,3.6,2.81,"17 km NW of Bridgeport, CA",2025-04-24 04:59:58
us7000pxc9,-168.6252,52.991,51.49,2.9,"16 km ENE of Nikolski, Alaska",2025-04-24 06:28:42
tx2025hzbp,-103.236,32.003,5.84,2.5,"12 km SSW of Jal, New Mexico",2025-04-24 07:57:38
hv74659342,-155.64466,19.92584,12.98,2.88,"11 km SSE of Waimea, Hawaii",2025-04-24 12:08:43
ak02558rb8jj,-176.0654,51.98209,132.6,3.2,"40 km ENE of Adak, Alaska",2025-04-24 13:51:50
us7000puuq,-81.5461,39.8757,6.07,3.1,"3 km S of Pleasant City, Ohio",2025-04-24 19:14:54
ak02558uu4ow,-150.5705,62.8947,90.0,2.8,"45 km NNE of Petersville, Alaska",2025-04-24 19:43:53
tx2025iawk,-103.244,32.008,8.2,2.7,"12 km SSW of Jal, New Mexico",2025-04-25 07:34:36
tx2025iaxu,-103.777,31.781,6.1,3.1,"18 km WNW of Mentone, Texas",2025-04-25 08:18:03
ak0255adfhxq,-154.0715,57.4101,13.1,3.2,"15 km SSW of Larsen Bay, Alaska",2025-04-25 11:13:15
tx2025ibgp,-103.245,32.004,7.74,3.3,"13 km SSW of Jal, New Mexico",2025-04-25 12:43:48
tx2025ibkz,-103.245,31.997,7.74,2.7,"13 km SSW of Jal, New Mexico",2025-04-25 14:58:31
ak0255afxxm8,-153.2785,60.0756,133.5,2.5,"56 km NE of Pedro Bay, Alaska",2025-04-25 15:35:09
ak0255ai7sp2,-153.1875,58.1209,44.3,4.6,"17 km WNW of Aleneva, Alaska",2025-04-25 19:17:03
nn00896803,-117.6077,38.4819,3.3,2.6,"44 km ENE of Mina, Nevada",2025-04-25 19:20:38
nn00896808,-117.6105,38.4822,3.0,2.9,"44 km ENE of Mina, Nevada",2025-04-25 19:58:58
ak0255bzeyrt,-154.9219,58.7498,122.2,2.5,"77 km S of Kokhanok, Alaska",2025-04-26 08:52:46
se60503513,-80.723,34.15933,2.36,2.57,"6 km E of Elgin, South Carolina",2025-04-26 10:33:00
nc75171866,-120.4745,36.46883,14.31,2.53,"15 km W of Cantua Creek, CA",2025-04-26 14:42:35
ak0255c3gp2z,-161.6492,65.3013,9.5,2.6,"47 km NNW of Koyuk, Alaska",2025-04-26 15:32:36
hv74660617,-155.49666,19.191,33.17,3.07,"2 km SW of Pāhala, Hawaii",2025-04-26 17:06:04
us7000pv9b,-113.0566,44.201,10.0,3.3,"54 km NE of Mackay, Idaho",2025-04-26 17:12:12
ak0255c5z643,-151.7327,60.0437,62.1,4.2,"3 km WSW of Ninilchik, Alaska",2025-04-26 19:54:53
nc75172376,-122.77617,38.78983,1.51,3.03,"2 km NW of The Geysers, CA",2025-04-27 06:32:36
hv74661077,-155.49266,19.18584,33.3,2.75,"2 km SW of Pāhala, Hawaii",2025-04-27 07:09:26
ak0255dmainj,-154.0612,57.4013,36.3,2.6,"16 km SSW of Larsen Bay, Alaska",2025-04-27 07:41:43
ak0255dmsj6d,-151.8118,61.7202,97.7,2.6,"37 km SW of Skwentna, Alaska",2025-04-27 08:25:47
ak0255dpoee1,-152.8106,60.1429,114.3,2.8,"63 km WNW of Happy Valley, Alaska",2025-04-27 13:10:07
us7000pvew,-99.2241,43.2469,4.9,2.5,"9 km NE of Burke, South Dakota",2025-04-27 14:20:50
ak0255dqci3u,-153.5432,59.8436,135.8,2.5,"32 km E of Pedro Bay, Alaska",2025-04-27 14:22:53
us7000pvhp,-115.0996,44.3106,16.09,2.8,"16 km NW of Stanley, Idaho",2025-04-28 04:20:39
us7000pvtn,-175.9989,52.06679,126.48,2.6,"48 km ENE of Adak, Alaska",2025-04-28 05:56:28
ci41137800,-117.7985,35.342,7.03,3.34,"15 km WSW of Johannesburg, CA",2025-04-28 06:46:44
ci41137808,-117.798,35.34267,6.02,2.53,"15 km WSW of Johannesburg, CA",2025-04-28 06:51:02
ak0255fa6j30,-153.4225,59.6414,113.4,2.5,"41 km ESE of Pedro Bay, Alaska",2025-04-28 08:00:51
ak0255faj5ow,-141.1388,60.2538,10.8,2.9,"111 km NW of Yakutat, Alaska",2025-04-28 08:59:43
ak0255fbmcbc,-152.0306,62.0464,103.0,2.5,"33 km W of Skwentna, Alaska",2025-04-28 10:42:24
nn00896883,-119.0455,39.1535,9.2,2.9,"21 km NNE of Yerington, Nevada",2025-04-28 12:35:00
ak0255fdckgj,-156.794,57.9241,157.2,3.2,"47 km SE of Egegik, Alaska",2025-04-28 13:32:58
us7000pvjb,-111.5338,42.7145,5.0,2.6,"8 km NE of Soda Springs, Idaho",2025-04-28 14:29:21
us7000pvjd,-111.4886,42.6902,5.0,2.5,"10 km ENE of Soda Springs, Idaho",2025-04-28 14:33:30
us7000pwvq,-174.9685,51.98279,70.22,2.8,"57 km WSW of Atka, Alaska",2025-04-29 00:24:17
tx2025ihru,-103.504,31.266,2.18,2.6,"11 km SSE of Lindsay, Texas",2025-04-29 01:13:11
ak0255gufrih,-148.0099,60.6639,4.0,2.9,"38 km ESE of Whittier, Alaska",2025-04-29 02:49:45
nc75173536,-121.325,36.674,4.91,2.96,"13 km SSW of Tres Pinos, CA",2025-04-29 07:29:32
ak0255gxqhup,-150.0416,60.7376,41.5,4.5,"29 km SW of Hope, Alaska",2025-04-29 08:03:40
ak0255gymsdv,-153.1985,59.9059,105.9,2.5,"52 km ENE of Pedro Bay, Alaska",2025-04-29 09:54:07
nc75173631,-122.43217,38.40533,9.69,2.64,"6 km WNW of Yountville, CA",2025-04-29 11:41:55
us7000pvt3,-106.8198,34.5378,10.02,3.1,"5 km WNW of Veguita, New Mexico",2025-04-29 13:04:54
us7000pvth,-81.5278,39.8926,2.05,2.8,"1 km SE of Pleasant City, Ohio",2025-04-29 14:09:13
tx2025iitz,-102.13,32.429,6.27,2.7,"37 km SSW of Los Ybanez, Texas",2025-04-29 15:27:01
ak0255h4if6i,-150.0242,60.7291,44.5,2.6,"28 km NNW of Cooper Landing, Alaska",2025-04-29 19:41:46
ak0255h5ht11,-153.5178,60.0111,147.2,3.0,"41 km NE of Pedro Bay, Alaska",2025-04-29 21:06:55
ak0255ihrlkl,-152.6745,60.2384,107.6,4.0,"59 km WNW of Ninilchik, Alaska",2025-04-30 02:14:40
hv74662892,-155.54733,19.22,0.63,2.54,"7 km WNW of Pāhala, Hawaii",2025-04-30 02:28:34
ak0255iimhly,-152.7522,59.7093,86.2,4.1,"52 km W of Anchor Point, Alaska",2025-04-30 03:58:52
us7000pwg7,-160.7312,55.8731,139.18,2.5,"32 km ESE of Nelson Lagoon, Alaska",2025-04-30 04:47:30
ak0255im0dig,-150.0732,60.752,37.1,2.6,"29 km SW of Hope, Alaska",2025-04-30 09:27:19
ak0255im6zil,-150.0276,60.7219,42.4,2.8,"28 km NNW of Cooper Landing, Alaska",2025-04-30 09:58:04
us7000pw33,-114.0045,36.501,5.0,2.7,"32 km SSE of Bunkerville, Nevada",2025-04-30 12:37:08
us7000pw37,-113.9749,36.5212,5.0,2.9,"30 km S of Scenic, Arizona",2025-04-30 12:38:49
us7000pw8r,-178.4287,51.59749,10.0,3.7,"127 km WSW of Adak, Alaska",2025-04-30 16:22:38
nn00897003,-117.8987,38.1577,10.2,2.9,"31 km SE of Mina, Nevada",2025-04-30 19:33:42
ak0255it8k8h,-153.0925,59.6238,96.5,2.5,"59 km ESE of Pedro Bay, Alaska",2025-04-30 21:41:12
ak0255ittf9n,-153.0996,60.2112,135.2,2.6,"67 km E of Port Alsworth, Alaska",2025-04-30 22:38:45
ak0255iuh5nm,-153.0059,60.1426,123.6,2.9,"73 km E of Port Alsworth, Alaska",2025-04-30 23:49:18
nc75174361,-122.78167,38.78917,3.31,2.61,"3 km NW of The Geysers, CA",2025-05-01 03:17:41
us7000pwas,-107.0127,34.354,12.56,3.5,"14 km NW of Alamillo, New Mexico",2025-05-01 04:53:10
nm60605006,-89.62583,36.53217,11.35,2.78,"1 km NW of Marston, Missouri",2025-05-01 05:15:37
uu80106731,-111.30417,40.31733,13.8,3.94,"4 km WNW of Independence, Utah",2025-05-01 06:11:18
ak0255ka08xp,-150.984,61.8979,72.9,3.7,"24 km ESE of Skwentna, Alaska",2025-05-01 10:04:29
nc75174446,-121.01417,36.4365,9.22,3.26,"16 km SE of Pinnacles, CA",2025-05-01 10:11:57
ci41141664,-117.8035,35.35267,7.45,3.4,"16 km W of Johannesburg, CA",2025-05-01 14:12:53
ci41141680,-117.8055,35.3505,7.81,2.62,"16 km W of Johannesburg, CA",2025-05-01 14:22:01
ak0255kd0vnx,-152.722,60.3584,124.8,2.7,"67 km WNW of Ninilchik, Alaska",2025-05-01 15:11:13
nc75174811,-123.36283,39.41617,3.64,3.6,"1 km NNW of Willits, CA",2025-05-01 21:20:42
nc75174816,-123.36267,39.4155,3.0,2.74,"1 km NNW of Willits, CA",2025-05-01 21:22:25
tx2025imzv,-104.375,31.731,5.07,2.9,"49 km S of Whites City, New Mexico",2025-05-01 22:58:27
nn00897091,-119.0192,39.0662,6.6,2.6,"15 km NE of Yerington, Nevada",2025-05-02 00:50:33
tx2025intt,-102.127,32.437,5.81,3.6,"36 km SSW of Los Ybanez, Texas",2025-05-02 08:58:50
nm60503553,-89.60333,36.5775,5.67,2.71,"1 km NNW of Howardville, Missouri",2025-05-02 20:09:26
hv74664712,-155.29883,19.96917,31.0,3.58,"6 km WSW of Laupāhoehoe, Hawaii",2025-05-02 22:59:40
nc75175581,-122.7585,38.79033,2.27,3.7,"1 km N of The Geysers, CA",2025-05-03 00:35:18
ak0255nfdlse,-156.3517,58.1152,10.3,3.3,"61 km E of Egegik, Alaska",2025-05-03 00:46:26
ak0255nffr53,-153.7419,59.5843,128.6,3.1,"30 km SE of Pedro Bay, Alaska",2025-05-03 00:56:37
tx2025ipeo,-104.025,31.634,6.57,3.4,"41 km W of Mentone, Texas",2025-05-03 03:34:56
tx2025iqwk,-104.458,31.647,7.54,5.4,"59 km S of Whites City, New Mexico",2025-05-04 01:47:05
tx2025iqww,-104.432,31.65,7.13,2.8,"58 km S of Whites City, New Mexico",2025-05-04 01:57:07
tx2025irao,-104.451,31.661,6.64,2.9,"57 km S of Whites City, New Mexico",2025-05-04 03:24:45
ci41144424,-117.81,35.35383,8.46,2.65,"16 km W of Johannesburg, CA",2025-05-04 04:18:16
us7000py22,-169.9058,52.8717,80.05,3.0,"70 km W of Nikolski, Alaska",2025-05-04 08:56:32
ci41144576,-116.46817,33.1005,11.01,2.69,"13 km E of Julian, CA",2025-05-04 09:48:11
tx2025isbs,-104.447,31.657,5.79,2.5,"57 km S of Whites City, New Mexico",2025-05-04 17:14:46
tx2025isco,-104.46,31.655,6.66,2.6,"58 km S of Whites City, New Mexico",2025-05-04 17:41:09
ak0255peshv7,-152.7852,60.1713,119.7,2.5,"63 km WNW of Ninilchik, Alaska",2025-05-04 20:41:02
us7000px9a,-174.9344,52.04319,81.77,3.4,"53 km WSW of Atka, Alaska",2025-05-05 02:29:53
ak0255qs0ip6,-147.2965,61.0069,9.3,2.7,"37 km WNW of Tatitlek, Alaska",2025-05-05 03:08:58
us7000px9c,-176.2351,51.86849,78.38,2.7,"27 km E of Adak, Alaska",2025-05-05 07:26:00
tx2025ithp,-104.458,31.653,6.86,3.6,"58 km S of Whites City, New Mexico",2025-05-05 09:42:31
tx2025ithu,-103.809,32.006,7.02,2.9,"34 km SE of Malaga, New Mexico",2025-05-05 09:48:20
ak0255qvttm6,-149.3615,63.0433,81.7,3.4,"43 km SSW of Cantwell, Alaska",2025-05-05 09:49:17
tx2025itko,-103.814,32.004,6.65,2.7,"34 km SE of Malaga, New Mexico",2025-05-05 11:11:59
hv74666162,-155.48816,19.19417,33.62,2.61,"1 km SW of Pāhala, Hawaii",2025-05-05 14:17:41
nc75176791,-122.779,38.7935,3.17,2.79,"3 km NW of The Geysers, CA",2025-05-05 14:19:58
us7000pxz8,-176.5184,51.73579,69.41,2.6,"17 km SSE of Adak, Alaska",2025-05-05 21:09:24
ak0255r3183c,-152.536,59.4296,69.2,2.7,"35 km WNW of Nanwalek, Alaska",2025-05-05 21:59:44
ak0255r45nzf,-151.3785,60.1608,66.5,2.6,"7 km S of Clam Gulch, Alaska",2025-05-05 23:48:13
ak0255r46l46,-150.9069,63.0756,114.1,3.4,"64 km N of Petersville, Alaska",2025-05-05 23:52:41
ak0255sdtfwd,-149.2355,64.6076,10.2,3.7,"5 km W of Four Mile Road, Alaska",2025-05-06 00:17:32
ak0255segqga,-153.4436,60.0716,151.8,3.0,"48 km NE of Pedro Bay, Alaska",2025-05-06 01:26:00
tx2025iunk,-104.422,31.683,4.1,2.5,"54 km S of Whites City, New Mexico",2025-05-06 01:40:13
ak0255sfiq7l,-151.7217,61.9464,103.0,2.8,"17 km WSW of Skwentna, Alaska",2025-05-06 03:03:27
tx2025iurl,-103.983,31.616,8.83,2.6,"37 km WSW of Mentone, Texas",2025-05-06 03:48:03
nn00897274,-119.5847,41.9428,3.4,2.6,"47 km E of Fort Bidwell, California",2025-05-06 06:56:16
ak0255sj6qpr,-138.5472,59.6234,3.1,2.5,"67 km E of Yakutat, Alaska",2025-05-06 09:19:16
ak0255sj6zb2,-138.5489,59.6712,7.8,2.5,"67 km E of Yakutat, Alaska",2025-05-06 09:20:30
se60605626,-78.46917,37.46383,7.98,2.96,"8 km S of Dillwyn, Virginia",2025-05-06 17:08:17
us7000pxjj,-105.7766,33.5634,5.0,2.7,"6 km W of Nogal, New Mexico",2025-05-06 18:42:21
ak0255sp6zre,-147.3594,60.9244,13.6,2.6,"37 km W of Tatitlek, Alaska",2025-05-06 19:28:14
us7000py3p,-163.1772,54.6158,84.3,2.8,"30 km SSE of False Pass, Alaska",2025-05-06 19:54:44
ak0255srkp81,-150.0428,60.7547,38.8,3.8,"28 km SW of Hope, Alaska",2025-05-06 23:28:01
ak0255u48kqw,-144.0656,59.9547,26.7,2.7,"114 km SE of Cordova, Alaska",2025-05-07 05:01:56
tx2025iwpw,-104.337,31.663,6.43,3.3,"56 km S of Whites City, New Mexico",2025-05-07 05:07:24
nc75177716,-122.07983,40.26267,7.61,2.54,"16 km ENE of Red Bluff, CA",2025-05-07 08:10:18
ak0255u68apk,-144.4312,69.5301,7.3,3.4,"73 km SSW of Kaktovik, Alaska",2025-05-07 08:36:18
ak0255u7h63g,-151.025,63.5294,6.8,3.7,"34 km E of Denali National Park, Alaska",2025-05-07 10:45:53
ak0255u94b0l,-148.3743,62.9747,66.8,2.8,"54 km SSE of Cantwell, Alaska",2025-05-07 13:21:43
nn00897328,-114.7173,37.2969,0.0,3.0,"39 km SSW of Caliente, Nevada",2025-05-07 13:23:56
ci41146800,-118.6955,33.99317,13.32,3.01,"4 km S of Malibu Beach, CA",2025-05-07 16:33:30
us7000py0p,-163.3811,54.7256,10.0,2.8,"14 km S of False Pass, Alaska",2025-05-07 19:35:28
us7000pzpy,-161.9089,55.7572,163.76,2.6,"51 km WSW of Nelson Lagoon, Alaska",2025-05-07 21:50:37
ak0255vowqf2,-150.6635,63.1058,114.9,2.9,"68 km N of Petersville, Alaska",2025-05-08 00:20:11
tx2025iyci,-101.137,32.282,6.91,3.0,"14 km SW of Westbrook, Texas",2025-05-08 00:37:04
us7000pxvb,-108.339,42.5206,5.0,2.7,"32 km E of Atlantic City, Wyoming",2025-05-08 03:00:17
us7000py4t,-168.5624,53.262,127.78,2.8,"41 km NNE of Nikolski, Alaska",2025-05-08 04:07:48
ak0255vsf9vy,-152.8954,60.2262,121.0,3.2,"70 km WNW of Ninilchik, Alaska",2025-05-08 06:10:51
nc75178291,-120.38083,39.26533,2.51,2.57,"18 km W of Truckee, CA",2025-05-08 07:27:05
us7000pxx2,-108.026,34.7261,7.99,2.6,"44 km SSW of San Rafael, New Mexico",2025-05-08 10:59:54
ci41147856,-117.66633,33.899,5.62,2.61,"10 km WNW of Corona, CA",2025-05-08 14:43:14
nc75178506,-122.00483,37.59517,9.74,2.78,"1 km ESE of Union City, CA",2025-05-08 15:17:18
us7000py15,-103.2874,32.2727,4.64,3.3,"19 km NNW of Jal, New Mexico",2025-05-08 18:24:10
us7000py1a,-103.256,32.3337,9.39,2.8,"14 km SW of Eunice, New Mexico",2025-05-08 18:29:51
ak0255vzszsb,-150.6712,63.1234,115.0,2.5,"70 km N of Petersville, Alaska",2025-05-08 18:50:24
tx2025iznv,-104.35,31.665,6.1,3.4,"56 km S of Whites City, New Mexico",2025-05-08 19:28:50
ak0255w09w2p,-150.3735,60.7257,39.2,2.9,"27 km SE of Point Possession, Alaska",2025-05-08 19:29:08
tx2025izoc,-101.054,32.114,6.71,3.2,"27 km S of Westbrook, Texas",2025-05-08 19:34:52
ak0255w1iobc,-153.6657,60.3884,192.7,2.8,"41 km ENE of Port Alsworth, Alaska",2025-05-08 21:38:04
ak0255w1mkbn,-149.6547,62.8244,76.4,3.2,"47 km NNE of Chase, Alaska",2025-05-08 21:56:16
ak0255w2029c,-148.7062,62.054,7.2,2.5,"30 km N of Sutton-Alpine, Alaska",2025-05-08 22:19:14
tx2025izxa,-104.345,31.67,6.1,3.4,"56 km S of Whites City, New Mexico",2025-05-09 00:19:21
us7000py4k,-108.1792,33.588,10.0,2.6,"46 km SE of Aragon, New Mexico",2025-05-09 01:26:25
us7000py4l,-103.2966,32.2674,10.0,2.8,"19 km NNW of Jal, New Mexico",2025-05-09 01:46:10
ak0255xdn0oc,-152.5917,57.6211,31.4,2.9,"8 km SE of Womens Bay, Alaska",2025-05-09 02:20:45
us7000py59,-81.5433,39.8687,5.0,2.9,"3 km S of Pleasant City, Ohio",2025-05-09 03:13:43
tx2025jauw,-104.492,31.685,6.1,2.5,"55 km SSW of Whites City, New Mexico",2025-05-09 12:14:19
ak0255xkxdqd,-150.1673,63.2171,104.8,3.4,"64 km WSW of Cantwell, Alaska",2025-05-09 14:44:50
tx2025jbbe,-101.056,32.114,6.91,2.5,"27 km S of Westbrook, Texas",2025-05-09 15:33:21
ak0255xlxbcy,-153.3938,57.5499,54.8,2.9,"35 km E of Larsen Bay, Alaska",2025-05-09 16:12:18
nc75179031,-118.86867,37.50767,3.38,2.64,"17 km SSE of Mammoth Lakes, CA",2025-05-09 19:37:19
nn00897441,-119.5769,41.9053,10.5,2.5,"47 km E of Fort Bidwell, California",2025-05-09 19:54:45
ok2025jbye,-96.74817,35.54617,3.33,3.1,"8 km NW of Prague, Oklahoma",2025-05-10 03:10:12
se60605931,-83.98683,35.545,25.36,4.1,"21 km SE of Greenback, Tennessee",2025-05-10 13:04:20
nn00897470,-118.5099,38.2291,8.7,2.8,"34 km SSE of Hawthorne, Nevada",2025-05-10 17:02:54
tx2025jdml,-104.579,31.71,5.33,2.6,"55 km SSW of Whites City, New Mexico",2025-05-10 23:31:02
nc75179661,-122.02783,39.54633,23.01,2.71,"14 km E of Willows, CA",2025-05-11 04:10:16
tx2025jece,-104.47,31.652,5.95,2.9,"58 km S of Whites City, New Mexico",2025-05-11 07:06:04
se60503568,-84.61183,37.75967,29.68,2.75,"11 km SE of High Bridge, Kentucky",2025-05-11 07:41:18
ak02560ru7ie,-154.9691,58.2717,106.5,3.8,"83 km NNW of Karluk, Alaska",2025-05-11 07:45:31
us7000pylz,-166.8016,53.4664,74.18,4.3,"48 km SSW of Unalaska, Alaska",2025-05-11 09:29:00
ak02560va389,-152.0674,61.8969,11.1,2.9,"36 km WSW of Skwentna, Alaska",2025-05-11 13:23:29
ak02560xtmzn,-148.8156,62.6411,51.0,3.0,"69 km ENE of Chase, Alaska",2025-05-11 17:50:41
us7000pyrd,-81.005,41.7562,4.02,2.5,"4 km ESE of Madison, Ohio",2025-05-12 02:47:53
ok2025jfpj,-96.72833,35.55483,5.47,2.79,"8 km NNW of Prague, Oklahoma",2025-05-12 03:16:04
nc75180066,-123.1055,39.47417,5.29,2.79,"15 km NW of Lake Pillsbury, CA",2025-05-12 03:43:00
nc75180091,-123.106,39.47467,5.5,2.54,"15 km NW of Lake Pillsbury, CA",2025-05-12 04:25:06
us7000pz6f,-161.4414,55.1501,99.71,2.8,"56 km E of King Cove, Alaska",2025-05-12 09:14:01
ak02562ggsg0,-149.3623,61.4744,29.7,3.1,"12 km SSE of Wasilla, Alaska",2025-05-12 09:28:37
us7000pzrg,-161.1069,55.5815,106.51,2.8,"47 km S of Nelson Lagoon, Alaska",2025-05-12 13:40:33
nc75180351,-122.72967,38.76417,2.56,2.64,"3 km SE of The Geysers, CA",2025-05-12 15:14:28
ak02562l9qtr,-147.4619,60.9445,24.9,3.3,"43 km WNW of Tatitlek, Alaska",2025-05-12 17:35:30
us7000q0ej,-165.9839,54.1473,24.94,2.5,"13 km W of Akutan, Alaska",2025-05-13 00:41:13
us7000pyxj,-175.091,52.07199,74.57,4.1,"62 km WSW of Atka, Alaska",2025-05-13 01:30:50
nc75181332,-120.8635,36.27917,9.5,2.52,"22 km NE of San Lucas, CA",2025-05-13 01:38:18
nm60606081,-88.32667,39.35933,9.81,3.26,"7 km SSW of Lerna, Illinois",2025-05-13 04:43:49
nn00897526,-117.1202,37.2174,7.3,2.7,"46 km NW of Beatty, Nevada",2025-05-13 06:13:24
uw62098432,-123.43983,47.5175,40.07,2.84,"25 km WNW of Hoodsport, Washington",2025-05-13 09:18:18
ak025646yp7y,-152.2586,61.1217,0.2,2.7,"60 km W of Tyonek, Alaska",2025-05-13 14:25:54
ak02564b1q4s,-152.1172,62.1644,98.6,2.8,"42 km WNW of Skwentna, Alaska",2025-05-13 21:11:51
tx2025jjed,-104.002,31.618,8.1,2.6,"39 km NNW of Toyah, Texas",2025-05-14 02:08:31
ak02565nehf1,-154.2379,58.9948,118.9,2.5,"58 km SSE of Kokhanok, Alaska",2025-05-14 02:33:19
nc75181772,-123.73317,40.97717,28.12,2.52,"10 km NW of Willow Creek, CA",2025-05-14 04:13:16
us7000pz84,-165.9565,54.0758,21.2,2.8,"13 km WSW of Akutan, Alaska",2025-05-14 08:02:10
ak02565r1hid,-152.9423,59.3844,79.3,2.5,"58 km W of Nanwalek, Alaska",2025-05-14 08:44:39
ak02565r2ivr,-152.5876,60.2548,90.9,2.9,"55 km WNW of Ninilchik, Alaska",2025-05-14 08:49:23
nn00897583,-116.7457,41.1797,5.9,3.0,"53 km NE of Valmy, Nevada",2025-05-14 12:01:21
nn00897599,-116.6817,41.217,0.0,3.0,"60 km NE of Valmy, Nevada",2025-05-14 12:02:09
nn00897585,-116.7261,41.2074,7.6,3.9,"57 km NE of Valmy, Nevada",2025-05-14 12:35:18
nn00897604,-116.7412,41.153,7.9,2.8,"51 km NE of Valmy, Nevada",2025-05-14 13:32:18
ok2025jkfq,-97.9305,36.01017,5.98,2.74,"3 km NNW of Dover, Oklahoma",2025-05-14 16:01:36
ak02565zajkq,-151.2706,61.4673,74.9,3.6,"37 km NNW of Beluga, Alaska",2025-05-14 22:30:34
ak02565zxxlq,-140.0559,60.0625,9.4,2.5,"60 km NNW of Yakutat, Alaska",2025-05-14 23:39:46
hv74673252,-155.14866,19.33484,1.04,2.56,"14 km S of Fern Forest, Hawaii",2025-05-14 23:40:20
nc75182137,-120.24533,36.13783,11.06,2.7,"10 km ESE of Coalinga, CA",2025-05-14 23:45:17
us7000pzav,-114.2873,44.5603,13.64,3.0,"7 km NW of Challis, Idaho",2025-05-15 03:45:18
us7000q0er,-173.8105,52.16169,84.95,3.0,"26 km E of Atka, Alaska",2025-05-15 04:21:40
uw62100887,-119.50833,48.77333,14.69,3.14,"9 km NW of Tonasket, Washington",2025-05-15 06:22:27
hv74673467,-155.18716,19.32434,2.94,2.63,"14 km SSE of Volcano, Hawaii",2025-05-15 06:58:37
nn00897636,-116.7282,41.2382,7.0,3.55,"59 km NE of Valmy, Nevada",2025-05-15 07:06:34
nn00897639,-116.7329,41.1864,6.0,3.2,"54 km NE of Valmy, Nevada",2025-05-15 07:08:14
ak02567ey4ht,-149.7541,64.8938,22.6,2.5,"34 km SSW of Minto, Alaska",2025-05-15 09:06:39
hv74673562,-155.602,19.821,15.64,2.98,"23 km SSE of Waimea, Hawaii",2025-05-15 09:08:34
tx2025jlti,-104.368,31.666,6.41,2.5,"56 km S of Whites City, New Mexico",2025-05-15 12:03:55
nn00897646,-116.7283,41.2158,5.7,3.1,"57 km NE of Valmy, Nevada",2025-05-15 12:29:32
ak02567johep,-157.6765,57.1726,5.4,3.2,"41 km SSW of Ugashik, Alaska",2025-05-15 17:01:22
ci41153760,-117.8015,35.344,7.25,2.66,"16 km WSW of Johannesburg, CA",2025-05-15 20:58:49
us7000pzh7,-96.9709,38.7164,5.0,3.5,"5 km NNW of Herington, Kansas",2025-05-15 21:33:24
nc75182637,-122.06533,37.8055,7.62,2.9,"6 km SW of Alamo, CA",2025-05-16 01:10:44
us7000pzid,-115.1484,44.4057,10.0,3.1,"26 km NW of Stanley, Idaho",2025-05-16 02:33:43
us7000pzj3,-113.9884,36.5185,5.0,2.5,"30 km S of Scenic, Arizona",2025-05-16 07:11:07
tx2025jnxf,-104.394,31.677,6.1,2.7,"55 km S of Whites City, New Mexico",2025-05-16 16:13:58
uu80108526,-112.4835,41.88483,3.68,2.76,"10 km NNW of Howell, Utah",2025-05-16 18:33:03
ak025698nrkl,-152.4419,57.6888,31.1,3.5,"11 km S of Kodiak, Alaska",2025-05-16 19:43:53
tx2025jofx,-104.397,31.677,6.1,2.6,"55 km S of Whites City, New Mexico",2025-05-16 20:36:54
ak02569a9qik,-151.4544,63.071,4.3,3.7,"54 km SSE of Denali National Park, Alaska",2025-05-16 22:13:59
ak02569b082v,-146.5525,61.3883,9.1,3.0,"30 km NNW of Valdez, Alaska",2025-05-16 23:37:59
tx2025jovq,-104.396,31.674,7.84,3.2,"55 km S of Whites City, New Mexico",2025-05-17 04:34:23
ak0256anstma,-153.2368,60.144,147.3,2.6,"60 km E of Port Alsworth, Alaska",2025-05-17 05:33:17
us7000pzss,-113.9981,36.5072,10.02,3.8,"31 km SSE of Bunkerville, Nevada",2025-05-17 05:54:48
hv74674657,-155.49166,19.17417,31.72,2.64,"3 km SSW of Pāhala, Hawaii",2025-05-17 10:06:21
ak0256aquus7,-150.5227,59.6299,41.9,3.9,"35 km SE of Fox River, Alaska",2025-05-17 10:46:54
nc75183462,-122.76417,38.79083,4.16,2.91,"2 km NNW of The Geysers, CA",2025-05-17 12:40:50
ak0256atna8v,-151.2212,61.4555,0.5,2.5,"35 km NNW of Beluga, Alaska",2025-05-17 15:15:10
nn00897724,-115.7357,36.6354,10.1,2.7,"9 km NW of Indian Springs, Nevada",2025-05-17 18:48:35
ak0256chbsmr,-148.8741,62.7081,40.7,2.7,"69 km ENE of Chase, Alaska",2025-05-18 15:39:20
nc75184147,-118.8265,37.52017,4.34,2.62,"14 km W of Toms Place, CA",2025-05-18 22:56:38
ak0256dvx21c,-152.2472,61.3177,0.9,2.5,"65 km WNW of Beluga, Alaska",2025-05-19 00:36:47
ak0256dypzp1,-152.9037,59.9015,109.8,2.6,"61 km WNW of Anchor Point, Alaska",2025-05-19 05:07:05
ak0256dytgar,-149.635,61.7922,48.9,2.7,"18 km N of Meadow Lakes, Alaska",2025-05-19 05:23:54
ci41156568,-119.03917,35.048,6.03,3.76,"15 km NW of Grapevine, CA",2025-05-19 19:09:19
us7000q10x,-174.4318,52.35059,206.37,2.9,"23 km NW of Atka, Alaska",2025-05-19 20:32:13
ak0256e9nisx,-156.7187,57.3268,106.1,3.5,"45 km ESE of Ugashik, Alaska",2025-05-19 23:43:45
ak0256fjzmdm,-153.3183,59.8693,121.5,3.3,"45 km ENE of Pedro Bay, Alaska",2025-05-20 01:26:14
ak0256fl8a6x,-149.917,61.3154,20.7,2.5,"5 km SSE of Point MacKenzie, Alaska",2025-05-20 03:34:52
tx2025juiq,-104.363,31.665,7.02,2.8,"56 km S of Whites City, New Mexico",2025-05-20 04:53:16
ak0256fnit68,-152.0714,60.6227,102.6,2.5,"41 km W of Salamatof, Alaska",2025-05-20 07:19:54
nn00897812,-119.579,41.9115,12.8,2.7,"47 km E of Fort Bidwell, California",2025-05-20 09:29:32
ci41157088,-117.066,36.5675,1.38,2.59,"8 km ESE of Stovepipe Wells, CA",2025-05-20 09:46:47
ak0256fr5fxe,-151.4704,63.0822,3.9,3.4,"52 km SSE of Denali National Park, Alaska",2025-05-20 13:29:01
us7000q0hc,-174.3529,52.06159,6.27,2.9,"18 km SW of Atka, Alaska",2025-05-20 15:36:58
ak0256fsh2di,-150.0589,61.7911,34.3,3.0,"5 km NNW of Willow, Alaska",2025-05-20 15:51:23
ak0256ftgulp,-156.2821,67.351,5.3,2.9,"55 km NNE of Kobuk, Alaska",2025-05-20 17:18:17
ak0256fu3ljl,-154.1795,58.9759,116.5,2.5,"61 km SSE of Kokhanok, Alaska",2025-05-20 18:24:30
tx2025jwoi,-104.394,31.681,5.82,2.5,"54 km S of Whites City, New Mexico",2025-05-21 09:55:46
tx2025jwty,-104.399,31.671,7.28,2.5,"56 km S of Whites City, New Mexico",2025-05-21 12:47:51
ak0256heqd5a,-152.6944,60.6345,129.8,2.6,"75 km W of Salamatof, Alaska",2025-05-21 13:36:37
ak0256hfcksu,-157.4129,66.2243,9.6,3.3,"74 km NW of Huslia, Alaska",2025-05-21 14:40:01
tx2025jwzh,-101.704,31.707,9.18,2.7,"27 km SW of Garden City, Texas",2025-05-21 15:17:50
ak0256hhhswe,-150.1355,61.6203,23.6,2.5,"14 km NW of Big Lake, Alaska",2025-05-21 18:00:31
tx2025jxmx,-101.749,35.327,6.71,2.6,"13 km NNE of Amarillo, Texas",2025-05-21 22:16:24
us7000q0pd,-115.153,44.3026,16.04,2.5,"19 km WNW of Stanley, Idaho",2025-05-22 02:01:47
ak0256ivuth2,-152.9262,59.6034,91.7,2.6,"63 km WNW of Nanwalek, Alaska",2025-05-22 02:59:12
nc75184731,-122.78133,38.8365,1.59,2.51,"5 km WNW of Cobb, CA",2025-05-22 03:30:28
nn00899410,-119.5621,41.8871,2.5,3.0,"49 km E of Fort Bidwell, California",2025-05-22 04:03:39
ci40972735,-120.41433,34.67,11.62,2.52,"5 km NE of Lompoc, CA",2025-05-22 12:27:04
ak0256j72g05,-155.9337,58.325,11.5,3.2,"58 km SE of King Salmon, Alaska",2025-05-22 21:42:26
ak0256km5acc,-152.483,59.3704,81.3,3.5,"32 km W of Nanwalek, Alaska",2025-05-23 07:21:59
nc75185241,-122.79567,38.83233,2.48,2.64,"6 km WNW of Cobb, CA",2025-05-23 07:34:52
tx2025kajr,-103.362,31.955,6.33,2.6,"23 km SW of Jal, New Mexico",2025-05-23 11:57:20
us7000q128,-111.2061,42.6413,11.26,3.8,"19 km WSW of Fairview, Wyoming",2025-05-23 13:08:15
tx2025kasb,-103.363,31.955,8.92,2.8,"23 km SW of Jal, New Mexico",2025-05-23 16:06:18
ak0256ksuyux,-156.9384,56.5074,75.3,2.6,"93 km ENE of Chignik, Alaska",2025-05-23 18:49:17
ak0256ksvun8,-151.5413,61.621,79.7,3.1,"41 km S of Skwentna, Alaska",2025-05-23 18:53:28
ok2025kbac,-96.8875,36.42133,7.34,3.18,"11 km NW of Pawnee, Oklahoma",2025-05-23 20:32:35
nc75185631,-122.0745,38.92633,13.84,2.89,"10 km NW of Dunnigan, CA",2025-05-23 21:32:02
nc75185666,-119.51817,36.51717,30.44,2.67,"3 km E of Kingsburg, CA",2025-05-23 23:38:02
ci40974239,-117.50567,35.70133,6.83,2.64,"12 km SW of Searles Valley, CA",2025-05-24 02:31:19
tx2025kbon,-104.492,31.7,6.1,3.2,"53 km SSW of Whites City, New Mexico",2025-05-24 03:49:39
ak0256m7y18r,-155.964,58.3344,5.2,2.5,"56 km SE of King Salmon, Alaska",2025-05-24 04:29:50
ak0256m7zfw8,-144.0822,69.4547,12.1,3.7,"77 km SSW of Kaktovik, Alaska",2025-05-24 04:36:07
ak0256m98awp,-155.3881,58.4116,134.6,2.5,"80 km ESE of King Salmon, Alaska",2025-05-24 06:45:38
ak0256m9t4zm,-154.5446,58.8656,120.6,2.9,"65 km SSE of Kokhanok, Alaska",2025-05-24 07:43:00
uu80108946,-112.0665,39.32083,2.04,3.05,"9 km NNE of Scipio, Utah",2025-05-24 12:35:09
ci40974791,-117.52567,34.2925,10.24,2.6,"4 km NNW of Lytle Creek, CA",2025-05-24 14:34:26
us6000qgrd,-174.4363,52.28399,194.37,3.0,"18 km WNW of Atka, Alaska",2025-05-24 22:27:45
ak0256nzteex,-150.6634,63.5715,11.8,2.6,"52 km E of Denali National Park, Alaska",2025-05-25 11:57:42
ci40975983,-116.80267,33.67967,16.18,2.57,"10 km SW of Idyllwild, CA",2025-05-25 13:00:18
us6000qgxf,-176.4753,51.72019,52.77,2.8,"20 km SSE of Adak, Alaska",2025-05-25 17:29:28
ak0256o3wft6,-153.8536,59.0761,100.0,3.0,"64 km SE of Pope-Vannoy Landing, Alaska",2025-05-25 18:43:46
tx2025keue,-102.044,32.416,7.35,3.3,"33 km WSW of Ackerly, Texas",2025-05-25 22:05:37
us7000q1h2,-115.0121,44.3516,10.0,2.6,"16 km NNW of Stanley, Idaho",2025-05-26 03:48:50
us6000qgyy,-163.0846,55.1608,142.08,2.7,"23 km W of Cold Bay, Alaska",2025-05-26 09:26:52
nn00897997,-117.822,38.1697,10.8,3.0,"35 km SE of Mina, Nevada",2025-05-26 11:14:17
ak0256pof2rc,-153.0173,60.0377,109.0,2.6,"67 km ENE of Pedro Bay, Alaska",2025-05-26 13:36:26
nn00898008,-118.8321,38.7971,8.6,2.7,"17 km S of Schurz, Nevada",2025-05-26 16:35:50
ak0256pqwh5a,-153.3173,59.8521,119.6,2.5,"44 km E of Pedro Bay, Alaska",2025-05-26 17:53:37
ak0256pt491m,-152.488,59.1862,62.0,3.1,"37 km WSW of Nanwalek, Alaska",2025-05-26 21:25:57
ak0256pu7vvo,-152.487,60.1425,89.5,2.8,"46 km WNW of Ninilchik, Alaska",2025-05-26 23:10:48
uu80109071,-110.425,44.65617,5.52,2.67,"41 km SSE of Mammoth, Wyoming",2025-05-27 00:39:24
ak0256r5vbqz,-153.5115,60.2887,175.6,3.7,"45 km ENE of Port Alsworth, Alaska",2025-05-27 03:14:05
us7000q1q8,-115.0279,44.3549,10.7,2.7,"16 km NNW of Stanley, Idaho",2025-05-27 05:59:13
us7000q1qj,-115.0352,44.3746,13.14,3.0,"19 km NNW of Stanley, Idaho",2025-05-27 07:00:36
ak0256ra5fuo,-150.6897,60.9105,56.2,2.8,"1 km S of Point Possession, Alaska",2025-05-27 10:33:07
us7000q1rz,-113.9819,36.5099,11.24,3.4,"31 km S of Scenic, Arizona",2025-05-27 12:40:51
ak0256rdsxce,-152.8639,59.3511,71.3,3.2,"53 km W of Nanwalek, Alaska",2025-05-27 16:46:54
ak0256ref44c,-157.9334,56.3713,84.8,3.3,"30 km ENE of Chignik, Alaska",2025-05-27 17:50:06
us6000qg8w,-108.0336,42.8097,5.0,2.6,"37 km SE of Riverton, Wyoming",2025-05-27 17:57:21
ak0256rhfodl,-150.7956,59.7846,41.7,2.6,"12 km SE of Fox River, Alaska",2025-05-27 22:56:56
us6000qhkg,-161.3821,55.8627,175.42,2.7,"18 km SW of Nelson Lagoon, Alaska",2025-05-27 23:25:09
nc75187451,-118.45667,37.3695,2.62,2.89,"1 km N of West Bishop, CA",2025-05-28 03:21:43
ak0256su8sd0,-148.1547,62.3211,25.4,2.6,"60 km NNE of Chickaloon, Alaska",2025-05-28 04:54:55
us6000qgdr,-104.9212,42.5359,5.0,2.6,"9 km ENE of Glendo, Wyoming",2025-05-28 09:31:46
tx2025kjiq,-101.051,32.148,8.35,2.8,"23 km S of Westbrook, Texas",2025-05-28 09:45:19
ak0256t04ien,-152.4258,57.4387,24.9,2.8,"20 km SSW of Chiniak, Alaska",2025-05-28 14:42:34
ci40978623,-116.398,33.16167,6.36,3.25,"11 km SSW of Borrego Springs, CA",2025-05-28 16:31:24
tx2025kjzu,-104.429,31.679,6.84,2.9,"55 km S of Whites City, New Mexico",2025-05-28 18:36:38
ak0256t4yqno,-150.9474,62.5741,79.4,2.5,"12 km NW of Petersville, Alaska",2025-05-28 22:55:22
ak0256ufe3bv,-150.6983,59.8125,41.3,2.6,"15 km ESE of Fox River, Alaska",2025-05-29 00:53:10
ci40979279,-117.145,34.01567,4.98,2.66,"6 km SE of Redlands, CA",2025-05-29 01:23:54
ci40979319,-116.85017,33.96683,18.35,2.72,"5 km NNE of Banning, CA",2025-05-29 02:39:34
uu80109231,-112.63867,38.25483,8.74,2.92,"2 km S of Beaver, Utah",2025-05-29 03:16:59
ci40979399,-117.09083,33.9325,14.56,2.56,"7 km SSW of Calimesa, CA",2025-05-29 05:57:00
nc75188136,-120.61317,36.04983,4.3,2.57,"23 km NNW of Parkfield, CA",2025-05-29 10:09:22
tx2025klpu,-103.371,31.938,7.98,2.7,"25 km SW of Jal, New Mexico",2025-05-29 15:41:58
hv74683547,-155.49116,19.1935,35.16,2.71,"1 km SW of Pāhala, Hawaii",2025-05-29 16:25:14
us6000qi25,-177.5789,51.66259,35.0,2.8,"69 km WSW of Adak, Alaska",2025-05-29 16:26:47
us6000qi26,-176.3083,51.75219,75.09,3.0,"26 km ESE of Adak, Alaska",2025-05-29 21:32:55
us6000qhyr,-173.655,52.11939,10.0,3.6,"38 km ESE of Atka, Alaska",2025-05-30 09:48:29
us6000qhyx,-173.6592,52.19259,10.0,3.4,"37 km E of Atka, Alaska",2025-05-30 10:30:08
us6000qhz1,-159.4767,55.1088,5.83,3.4,"69 km ESE of Sand Point, Alaska",2025-05-30 11:01:45
hv74684337,-155.282,19.4025,0.85,2.78,"6 km SW of Volcano, Hawaii",2025-05-30 11:39:38
ak0256wai489,-150.2641,61.7821,33.5,2.5,"12 km WNW of Willow, Alaska",2025-05-30 13:25:32
hv74684452,-155.4985,19.1375,36.31,2.7,"7 km SSW of Pāhala, Hawaii",2025-05-30 16:24:01
nc75188731,-122.03083,37.94933,14.81,3.06,"2 km SW of Concord, CA",2025-05-30 19:11:42
tx2025knxl,-103.968,31.489,4.87,2.6,"25 km NW of Toyah, Texas",2025-05-30 21:38:09
uw62118611,-122.042,47.82117,25.24,2.7600000000000002,"4 km N of Echo Lake, Washington",2025-05-31 01:36:59
tx2025kogj,-104.414,31.663,5.43,2.6,"56 km S of Whites City, New Mexico",2025-05-31 02:23:55
us6000qh0x,-104.7936,36.7893,5.0,3.0,"32 km NNE of Cimarron, New Mexico",2025-05-31 04:12:55
us6000qh10,-99.8192,39.3354,5.0,2.9,"3 km SSE of Hill City, Kansas",2025-05-31 05:10:15
tx2025kowx,-104.379,31.682,5.97,3.3,"54 km S of Whites City, New Mexico",2025-05-31 10:26:52
ak0256xwrc48,-152.6799,59.9742,85.8,2.6,"52 km WNW of Anchor Point, Alaska",2025-05-31 11:10:09
tx2025kpiv,-104.426,31.661,4.72,2.6,"57 km S of Whites City, New Mexico",2025-05-31 16:24:13
nc75189231,-122.7635,38.78183,3.22,3.4,"1 km NW of The Geysers, CA",2025-05-31 17:40:33
tx2025kpmc,-104.371,31.683,6.93,3.2,"54 km S of Whites City, New Mexico",2025-05-31 18:03:01
ak0256y155uu,-158.4834,56.1206,65.0,2.5,"19 km SSW of Chignik, Alaska",2025-05-31 18:46:44
ak0256y15tne,-153.0376,59.9497,120.4,3.6,"62 km ENE of Pedro Bay, Alaska",2025-05-31 18:49:53
us6000qigy,-173.6857,52.05299,85.51,3.0,"38 km ESE of Atka, Alaska",2025-05-31 18:53:31
tx2025kprb,-104.386,31.682,5.89,2.6,"54 km S of Whites City, New Mexico",2025-05-31 20:33:41
tx2025kprd,-104.381,31.677,6.1,3.0,"55 km S of Whites City, New Mexico",2025-05-31 20:33:51
tx2025kpsj,-104.389,31.685,6.01,2.8,"54 km S of Whites City, New Mexico",2025-05-31 21:13:11
tx2025kpsy,-104.39,31.685,6.09,3.2,"54 km S of Whites City, New Mexico",2025-05-31 21:31:26
tx2025kptg,-104.389,31.679,6.1,2.6,"55 km S of Whites City, New Mexico",2025-05-31 21:40:59
tx2025kqah,-104.492,31.643,7.02,2.9,"60 km S of Whites City, New Mexico",2025-06-01 01:18:37
tx2025kqaq,-104.386,31.682,6.77,2.8,"54 km S of Whites City, New Mexico",2025-06-01 01:29:49
ak0256zgzdld,-151.2298,63.5213,9.5,2.7,"24 km E of Denali National Park, Alaska",2025-06-01 05:53:46
ok2025kqiu,-97.92517,36.01533,5.6,2.73,"3 km NNW of Dover, Oklahoma",2025-06-01 05:58:46
ak0256ziiubg,-136.7572,58.8509,12.7,3.6,"75 km SSW of Covenant Life, Alaska",2025-06-01 08:12:23
tx2025kqqd,-104.369,31.678,6.1,3.3,"55 km S of Whites City, New Mexico",2025-06-01 09:27:16
tx2025kqqg,-104.374,31.674,5.48,3.6,"55 km S of Whites City, New Mexico",2025-06-01 09:28:46
us6000qh8d,-99.8333,39.2789,10.62,3.5,"9 km S of Hill City, Kansas",2025-06-01 10:26:42
tx2025kqte,-104.369,31.672,4.25,2.6,"55 km S of Whites City, New Mexico",2025-06-01 10:45:17
ak0256zkgkq0,-151.4681,59.6446,48.9,2.5,"2 km SSW of Kachemak City, Alaska",2025-06-01 11:37:58
hv74685727,-155.50183,19.16684,33.75,2.6,"4 km SSW of Pāhala, Hawaii",2025-06-01 13:43:26
tx2025krar,-104.378,31.682,6.04,2.9,"54 km S of Whites City, New Mexico",2025-06-01 14:47:56
hv74685827,-155.49383,19.188,30.11,2.78,"2 km SW of Pāhala, Hawaii",2025-06-01 16:53:16
ak0256znvhh3,-159.2912,56.0483,99.3,2.8,"17 km NNW of Perryville, Alaska",2025-06-01 17:11:02
hv74685882,-155.37866,19.85584,25.27,2.84,"20 km S of Pa‘auilo, Hawaii",2025-06-01 18:22:49
us6000qhav,-115.0522,44.3403,10.0,3.4,"16 km NNW of Stanley, Idaho",2025-06-01 20:39:19
us6000qhaw,-115.028,44.3453,10.49,3.0,"15 km NNW of Stanley, Idaho",2025-06-01 20:48:57
us6000qhb1,-115.0603,44.3337,5.15,2.9,"16 km NW of Stanley, Idaho",2025-06-01 21:03:45
us6000qhb7,-115.0204,44.3503,14.64,3.1,"16 km NNW of Stanley, Idaho",2025-06-01 21:57:04
us6000qhgk,-115.0254,44.3373,4.77,2.6,"15 km NNW of Stanley, Idaho",2025-06-01 22:04:38
us6000qhbc,-115.0435,44.3093,15.7,2.6,"13 km NW of Stanley, Idaho",2025-06-01 22:39:30
ak0256zrnvow,-150.0477,61.3842,54.4,2.9,"4 km NW of Point MacKenzie, Alaska",2025-06-01 23:47:40
us6000qhbn,-115.0109,44.3488,3.34,2.6,"15 km NNW of Stanley, Idaho",2025-06-02 00:16:56
us6000qhbs,-115.0282,44.3534,10.0,3.1,"16 km NNW of Stanley, Idaho",2025-06-02 00:58:38
nc75189871,-122.239,37.84883,6.13,2.51,"3 km  of Piedmont, CA",2025-06-02 03:50:50
us6000qhck,-115.0231,44.3452,13.46,2.6,"15 km NNW of Stanley, Idaho",2025-06-02 04:36:54
ak0257151l0c,-153.4344,59.7855,133.9,2.6,"37 km E of Pedro Bay, Alaska",2025-06-02 06:41:45
tx2025ksjf,-103.382,31.958,6.3,2.6,"24 km SW of Jal, New Mexico",2025-06-02 08:09:27
us6000qhdw,-115.0117,44.3104,12.81,2.6,"11 km NNW of Stanley, Idaho",2025-06-02 09:09:47
ak025716rwod,-146.364,61.5885,21.1,2.8,"49 km SSE of Nelchina, Alaska",2025-06-02 09:32:24
us6000qhe2,-115.0256,44.3516,6.44,2.5,"16 km NNW of Stanley, Idaho",2025-06-02 10:03:43
us6000qjz5,-175.0331,51.96169,35.0,2.7,"62 km WSW of Atka, Alaska",2025-06-02 10:26:12
us6000qhed,-114.989,44.3425,11.09,3.2,"14 km NNW of Stanley, Idaho",2025-06-02 11:56:22
us6000qhef,-114.9891,44.3472,7.45,3.2,"14 km NNW of Stanley, Idaho",2025-06-02 12:12:15
tx2025ksrt,-104.393,31.683,5.18,3.1,"54 km S of Whites City, New Mexico",2025-06-02 12:28:11
ak025718yyb1,-150.8205,62.1422,61.2,2.6,"34 km ENE of Skwentna, Alaska",2025-06-02 13:01:02
ak02571agmoc,-150.6325,61.6109,41.7,2.8,"9 km NW of Susitna, Alaska",2025-06-02 15:51:46
tx2025ktbo,-103.382,31.942,6.14,2.5,"26 km SW of Jal, New Mexico",2025-06-02 17:33:29
us6000qhgt,-115.009,44.3236,10.03,2.6,"13 km NNW of Stanley, Idaho",2025-06-02 18:13:48
us6000qhgu,-114.988,44.3375,11.18,2.6,"13 km NNW of Stanley, Idaho",2025-06-02 18:17:39
us6000qhh0,-114.9755,44.3285,10.72,2.5,"12 km NNW of Stanley, Idaho",2025-06-02 18:47:21
tx2025ktgp,-104.374,31.68,5.69,2.5,"54 km S of Whites City, New Mexico",2025-06-02 20:01:16
us6000qhhr,-115.0572,44.3266,10.0,3.0,"15 km NW of Stanley, Idaho",2025-06-02 20:49:38
us6000qhip,-115.0119,44.3263,13.17,2.6,"13 km NNW of Stanley, Idaho",2025-06-02 23:16:47
nc75190256,-120.7375,35.45367,6.86,2.98,"7 km WSW of Atascadero, CA",2025-06-02 23:38:10
us6000qij8,-177.6239,51.79529,94.33,2.5,"68 km W of Adak, Alaska",2025-06-03 01:59:34
us6000qhjk,-115.0069,44.3426,15.24,3.6,"14 km NNW of Stanley, Idaho",2025-06-03 02:23:47
us6000qhjl,-115.0089,44.343,6.9,3.6,"15 km NNW of Stanley, Idaho",2025-06-03 02:26:38
ak02572qvcga,-146.7936,61.3909,8.4,2.7,"37 km NW of Valdez, Alaska",2025-06-03 03:54:10
us6000qhjz,-115.0132,44.333,5.89,2.6,"14 km NNW of Stanley, Idaho",2025-06-03 03:55:28
us6000qhk1,-115.0153,44.3376,14.03,3.1,"14 km NNW of Stanley, Idaho",2025-06-03 04:08:56
us6000qhk3,-115.0014,44.3465,16.87,2.7,"15 km NNW of Stanley, Idaho",2025-06-03 04:22:54
us6000qhk7,-115.0026,44.3419,15.39,3.7,"14 km NNW of Stanley, Idaho",2025-06-03 04:38:59
us6000qhk9,-115.0097,44.3427,11.87,2.6,"15 km NNW of Stanley, Idaho",2025-06-03 04:53:56
us6000qhka,-115.0129,44.3494,13.26,3.0,"15 km NNW of Stanley, Idaho",2025-06-03 05:06:42
us7000q9mx,-114.9912,44.3336,12.69,2.6,"13 km NNW of Stanley, Idaho",2025-06-03 05:09:07
us6000qhkk,-115.0033,44.3316,12.91,3.4,"13 km NNW of Stanley, Idaho",2025-06-03 05:12:26
us6000qhkm,-115.0074,44.3361,14.59,3.3,"14 km NNW of Stanley, Idaho",2025-06-03 05:40:35
us6000qhkq,-115.0229,44.3244,10.28,2.5,"13 km NNW of Stanley, Idaho",2025-06-03 06:05:30
us6000qhl8,-115.0345,44.3608,10.0,4.0,"17 km NNW of Stanley, Idaho",2025-06-03 07:34:41
uw62121826,-122.38683,48.4145,8.7,2.88,"3 km W of Mount Vernon, Washington",2025-06-03 08:59:51
us6000qhmf,-115.0215,44.3416,16.72,3.5,"15 km NNW of Stanley, Idaho",2025-06-03 11:57:52
us6000qhmg,-115.012,44.3432,13.85,4.0,"15 km NNW of Stanley, Idaho",2025-06-03 11:59:34
us6000qhmk,-115.0102,44.3459,15.0,2.9,"15 km NNW of Stanley, Idaho",2025-06-03 12:18:59
us6000qhng,-115.0263,44.3468,15.26,2.9,"15 km NNW of Stanley, Idaho",2025-06-03 12:42:00
us6000qhnl,-115.0195,44.3551,9.71,3.9,"16 km NNW of Stanley, Idaho",2025-06-03 13:06:11
us6000qhpb,-115.0398,44.3413,10.0,2.8,"15 km NNW of Stanley, Idaho",2025-06-03 14:57:32
us6000qhr5,-177.2411,51.92069,18.64,3.1,"42 km W of Adak, Alaska",2025-06-03 16:12:19
us6000qhqn,-177.2941,51.84629,16.85,4.9,"45 km W of Adak, Alaska",2025-06-03 16:16:57
us6000qhrd,-177.2828,51.90069,18.13,2.7,"44 km W of Adak, Alaska",2025-06-03 16:20:54
us6000qhrf,-177.258,51.91769,15.49,2.7,"43 km W of Adak, Alaska",2025-06-03 16:22:10
us6000qhqt,-115.0266,44.3393,12.38,2.5,"15 km NNW of Stanley, Idaho",2025-06-03 16:48:08
us6000qhqx,-115.0121,44.3488,13.29,3.5,"15 km NNW of Stanley, Idaho",2025-06-03 17:06:55
us6000qhr2,-114.9937,44.3116,11.51,2.5,"11 km NNW of Stanley, Idaho",2025-06-03 17:23:14
ak02572z1pei,-150.5962,63.1355,118.5,3.0,"71 km N of Petersville, Alaska",2025-06-03 17:27:49
us6000qhrx,-115.0388,44.3553,10.0,2.8,"17 km NNW of Stanley, Idaho",2025-06-03 19:20:26
us6000qhsy,-115.0327,44.3424,14.75,2.7,"15 km NNW of Stanley, Idaho",2025-06-03 22:37:38
hv74687627,-155.41133,19.26667,32.52,2.63,"9 km NE of Pāhala, Hawaii",2025-06-04 01:43:17
ak02574grlgv,-148.1707,64.6404,8.7,2.5,"24 km SSW of Ester, Alaska",2025-06-04 07:50:24
ak02574hns2f,-149.825,62.9256,76.3,2.7,"54 km NNE of Chase, Alaska",2025-06-04 09:00:39
us6000qhxj,-115.0098,44.3566,14.17,3.2,"16 km NNW of Stanley, Idaho",2025-06-04 15:29:50
ak02574m39kn,-144.7635,60.7904,17.1,2.5,"60 km ENE of Cordova, Alaska",2025-06-04 16:44:50
us6000qhxu,-115.0179,44.3481,13.84,3.4,"15 km NNW of Stanley, Idaho",2025-06-04 16:48:47
ak02574n5s0h,-151.5954,60.5713,86.9,3.2,"15 km WSW of Salamatof, Alaska",2025-06-04 18:24:18
ci41173792,-116.76417,33.67683,15.78,3.19,"8 km SSW of Idyllwild, CA",2025-06-04 19:27:08
us6000qi1l,-166.4547,53.8336,13.21,3.0,"6 km SE of Unalaska, Alaska",2025-06-04 20:20:06
uu80109746,-111.14383,44.779,11.36,2.72,"3 km ENE of Hebgen Lake Estates, Montana",2025-06-04 20:50:46
us6000qi0n,-115.0039,44.3598,12.42,3.9,"16 km NNW of Stanley, Idaho",2025-06-04 22:58:21
us6000qi0q,-115.0187,44.3477,12.64,2.5,"15 km NNW of Stanley, Idaho",2025-06-04 23:07:23
us6000qi0z,-115.0315,44.3365,15.1,2.7,"15 km NNW of Stanley, Idaho",2025-06-05 00:10:38
us6000qi1p,-115.0198,44.3653,10.0,2.5,"17 km NNW of Stanley, Idaho",2025-06-05 03:18:05
tx2025kxsl,-104.192,31.669,5.91,2.7,"54 km NW of Toyah, Texas",2025-06-05 06:43:47
us6000qi3t,-115.0067,44.3452,13.19,2.5,"15 km NNW of Stanley, Idaho",2025-06-05 11:43:32
us6000qi3w,-115.0477,44.3244,15.45,3.1,"14 km NW of Stanley, Idaho",2025-06-05 12:12:11
us6000qi49,-115.0377,44.3386,13.49,2.8,"15 km NNW of Stanley, Idaho",2025-06-05 13:14:33
us6000qi4d,-115.0405,44.3524,13.26,2.5,"17 km NNW of Stanley, Idaho",2025-06-05 13:29:10
nn00898542,-114.8039,36.3173,3.2,3.3,"24 km ENE of Nellis Air Force Base, Nevada",2025-06-05 13:52:57
us6000qibv,-177.4199,51.68189,10.0,3.6,"58 km WSW of Adak, Alaska",2025-06-05 14:13:56
us6000qi4z,-115.0413,44.3382,5.21,2.5,"15 km NNW of Stanley, Idaho",2025-06-05 15:16:00
ak0257690j7l,-148.7387,61.8462,17.1,2.6,"7 km N of Sutton-Alpine, Alaska",2025-06-05 15:41:48
ak02576a3rcn,-153.3152,60.0432,136.7,2.6,"52 km ENE of Pedro Bay, Alaska",2025-06-05 17:24:50
tx2025kytn,-103.372,31.94,6.43,2.7,"25 km SW of Jal, New Mexico",2025-06-05 20:25:06
us6000qicj,-177.4236,51.70379,13.01,3.2,"57 km WSW of Adak, Alaska",2025-06-05 21:20:20
us6000qial,-115.0649,44.3465,15.2,2.8,"17 km NW of Stanley, Idaho",2025-06-05 21:54:07
us6000qibz,-114.9948,44.3221,10.0,3.3,"12 km NNW of Stanley, Idaho",2025-06-06 02:35:09
us6000qic0,-115.0129,44.316,10.0,3.6,"12 km NNW of Stanley, Idaho",2025-06-06 02:36:05
us6000qife,-114.9919,44.3305,5.0,2.5,"13 km NNW of Stanley, Idaho",2025-06-06 02:41:32
us6000qic3,-114.9953,44.3278,10.0,2.6,"13 km NNW of Stanley, Idaho",2025-06-06 02:53:36
tx2025kzhi,-103.301,31.953,4.97,2.7,"20 km SSW of Jal, New Mexico",2025-06-06 03:27:22
nn00898573,-114.6424,37.266,4.3,4.0,"40 km SSW of Caliente, Nevada",2025-06-06 07:16:12
ak02577rq22r,-159.6454,55.6178,70.7,2.5,"33 km SSW of Ivanof Bay, Alaska",2025-06-06 07:30:50
hv74689482,-155.91533,19.86584,30.16,2.65,"14 km SW of Puako, Hawaii",2025-06-06 09:54:28
us6000qidz,-115.0098,44.3395,12.4,2.6,"14 km NNW of Stanley, Idaho",2025-06-06 11:25:42
us6000qies,-115.0078,44.36,13.8,3.0,"16 km NNW of Stanley, Idaho",2025-06-06 14:46:45
ak02577xqw4k,-149.0951,60.3733,30.8,2.7,"14 km ENE of Primrose, Alaska",2025-06-06 17:42:17
ak02577y8r62,-150.6719,59.5676,34.1,2.7,"31 km E of Halibut Cove, Alaska",2025-06-06 18:25:49
us6000qiip,-115.0386,44.3621,13.03,3.0,"17 km NNW of Stanley, Idaho",2025-06-06 19:43:45
us6000qiix,-115.0927,44.3351,12.95,3.9,"17 km NW of Stanley, Idaho",2025-06-06 20:00:45
tx2025laqp,-104.189,31.67,5.88,3.0,"54 km NW of Toyah, Texas",2025-06-06 21:12:01
us6000qik2,-115.0033,44.341,13.53,3.2,"14 km NNW of Stanley, Idaho",2025-06-06 21:24:16
tx2025lasd,-104.188,31.671,6.25,2.5,"54 km NW of Toyah, Texas",2025-06-06 21:51:42
us6000qikl,-115.1,44.3572,11.25,3.0,"20 km NW of Stanley, Idaho",2025-06-06 22:04:59
tx2025lasy,-104.195,31.666,6.1,2.6,"54 km NW of Toyah, Texas",2025-06-06 22:17:18
uw62124506,-120.331,47.72583,3.7,2.62,"10 km WNW of Entiat, Washington",2025-06-06 23:21:43
tx2025laxc,-104.197,31.671,5.93,2.5,"55 km NW of Toyah, Texas",2025-06-07 00:32:24
tx2025lbax,-98.913,28.869,4.93,2.5,"17 km E of Pearsall, Texas",2025-06-07 02:16:16
ak02579cbn18,-149.5367,62.5579,54.2,2.8,"31 km ENE of Chase, Alaska",2025-06-07 02:37:03
tx2025lbia,-104.432,31.652,6.1,3.3,"58 km S of Whites City, New Mexico",2025-06-07 05:38:07
tx2025lbir,-104.196,31.67,5.24,2.7,"54 km NW of Toyah, Texas",2025-06-07 05:57:09
us6000qin3,-115.0234,44.3562,5.0,2.6,"16 km NNW of Stanley, Idaho",2025-06-07 06:51:41
ak02579f5cc3,-146.3539,61.6089,14.1,3.0,"47 km SSE of Nelchina, Alaska",2025-06-07 07:11:55
us6000qinf,-115.0133,44.3463,14.19,2.6,"15 km NNW of Stanley, Idaho",2025-06-07 07:35:48
us6000qinj,-115.039,44.3616,5.0,2.6,"17 km NNW of Stanley, Idaho",2025-06-07 07:50:07
us6000qipf,-115.0425,44.3298,17.32,2.9,"14 km NNW of Stanley, Idaho",2025-06-07 10:33:46
us6000qk63,-162.3493,54.4098,35.0,2.8,"72 km S of King Cove, Alaska",2025-06-07 10:40:24
tx2025lbso,-104.388,31.675,6.1,3.3,"55 km S of Whites City, New Mexico",2025-06-07 11:02:39
ak02579kjfn4,-153.2405,60.0766,129.4,3.0,"58 km ENE of Pedro Bay, Alaska",2025-06-07 16:17:10
tx2025lcdx,-104.391,31.677,5.81,2.9,"55 km S of Whites City, New Mexico",2025-06-07 16:48:08
tx2025lcdy,-104.398,31.679,6.95,2.5,"55 km S of Whites City, New Mexico",2025-06-07 16:48:17
ci41178440,-117.5585,35.54783,7.65,2.68,"13 km SE of Ridgecrest, CA",2025-06-07 17:16:56
nn00898642,-114.6462,37.3158,5.4,2.8,"35 km SSW of Caliente, Nevada",2025-06-07 18:30:53
ak02579lu1s8,-150.6044,60.9291,46.2,2.5,"4 km E of Point Possession, Alaska",2025-06-07 18:35:01
hv74691362,-155.38833,19.228,31.25,2.53,"9 km ENE of Pāhala, Hawaii",2025-06-07 18:51:53
ak02579myy99,-152.3121,59.65,71.0,2.9,"30 km WSW of Anchor Point, Alaska",2025-06-07 20:25:42
us6000qisi,-115.0388,44.3395,7.85,2.5,"15 km NNW of Stanley, Idaho",2025-06-07 23:21:59
tx2025lcts,-104.471,31.641,6.2,3.1,"59 km S of Whites City, New Mexico",2025-06-08 00:44:13
us6000qivx,-102.6011,44.1979,5.0,2.6,"19 km NW of Wasta, South Dakota",2025-06-08 03:30:51
tx2025ldeb,-104.373,31.697,6.1,2.7,"53 km S of Whites City, New Mexico",2025-06-08 05:56:01
ak0257b2odrw,-158.9922,56.082,80.8,2.5,"21 km NNE of Perryville, Alaska",2025-06-08 07:10:11
nn00898668,-115.8301,38.3733,2.6,2.5,"81 km N of Rachel, Nevada",2025-06-08 13:06:32
tx2025ldzc,-104.309,31.663,6.41,2.9,"57 km S of Whites City, New Mexico",2025-06-08 16:49:40
us6000qiz0,-114.0999,44.2664,7.03,4.3,"24 km E of Clayton, Idaho",2025-06-08 17:05:45
us6000qiz8,-114.092,44.3003,8.0,3.2,"25 km E of Clayton, Idaho",2025-06-08 17:25:03
ak0257b9cj72,-155.5157,55.8487,13.6,2.7,"147 km SSW of Akhiok, Alaska",2025-06-08 18:30:57
hv74692432,-155.38033,19.20784,30.79,2.84,"10 km E of Pāhala, Hawaii",2025-06-08 20:01:02
hv74692567,-155.72,19.86917,34.16,2.6,"10 km SE of Waikoloa, Hawaii",2025-06-08 23:52:26
us6000qj2w,-114.9863,44.329,14.61,2.5,"12 km NNW of Stanley, Idaho",2025-06-09 01:44:23
nc75193041,-122.31383,38.01133,9.72,3.24,"2 km NW of Pinole, CA",2025-06-09 04:30:11
tx2025lewj,-104.338,31.67,5.28,2.5,"56 km S of Whites City, New Mexico",2025-06-09 04:31:47
ak0257cp2cq5,-150.2944,61.5587,51.2,2.7,"11 km E of Susitna, Alaska",2025-06-09 05:17:07
ak0257cqhd27,-149.3197,62.5753,59.8,2.9,"42 km ENE of Chase, Alaska",2025-06-09 07:55:04
nn00898714,-116.0884,37.8367,4.3,3.4,"37 km NW of Rachel, Nevada",2025-06-09 07:57:58
ak0257crihyu,-147.5351,63.6451,77.7,2.8,"68 km E of Denali Park, Alaska",2025-06-09 09:28:32
ak0257cyjcgj,-166.7415,65.335,20.0,2.5,"9 km NNE of Port Clarence, Alaska",2025-06-09 21:08:00
us6000qj9b,-104.766,36.8241,2.05,2.7,"30 km WSW of Raton, New Mexico",2025-06-10 01:11:40
ak0257eavf86,-145.5238,66.6664,14.0,4.0,"15 km NW of Fort Yukon, Alaska",2025-06-10 02:26:50
tx2025lgul,-104.297,31.658,6.95,3.7,"57 km S of Whites City, New Mexico",2025-06-10 06:02:43
tx2025lgvw,-103.682,31.042,7.77,3.1,"8 km NE of Balmorhea, Texas",2025-06-10 06:36:42
tx2025lgyd,-104.354,31.663,6.77,2.5,"56 km S of Whites City, New Mexico",2025-06-10 07:27:27
ak0257eg64wu,-149.7623,62.0587,42.7,3.0,"12 km SSE of Susitna North, Alaska",2025-06-10 11:16:31
tx2025lhht,-104.291,31.661,7.95,2.5,"57 km S of Whites City, New Mexico",2025-06-10 12:17:20
ak0257egu4bq,-150.9481,61.902,15.5,3.9,"25 km ESE of Skwentna, Alaska",2025-06-10 12:28:19
us6000qjct,-115.0224,44.3079,13.46,2.8,"12 km NNW of Stanley, Idaho",2025-06-10 13:56:29
ak0257ei2hg0,-150.9634,61.8879,6.3,2.8,"25 km ESE of Skwentna, Alaska",2025-06-10 14:35:18
ak0257ej6rvd,-151.1421,61.0496,69.4,3.3,"2 km S of Tyonek, Alaska",2025-06-10 16:23:16
tx2025lhrl,-104.291,31.665,7.19,3.5,"57 km S of Whites City, New Mexico",2025-06-10 17:11:50
tx2025lhrp,-104.292,31.658,7.54,3.4,"57 km S of Whites City, New Mexico",2025-06-10 17:16:34
us6000qjgk,-166.469,53.8359,11.49,3.3,"6 km SE of Unalaska, Alaska",2025-06-10 17:30:53
tx2025lhsd,-104.298,31.662,6.96,2.8,"57 km S of Whites City, New Mexico",2025-06-10 17:32:46
us6000qjgt,-166.4454,53.8322,11.48,2.6,"7 km SE of Unalaska, Alaska",2025-06-10 17:43:12
tx2025lhum,-104.311,31.667,6.51,2.7,"56 km S of Whites City, New Mexico",2025-06-10 18:43:30
us6000qjgy,-166.451,53.8168,13.11,2.5,"8 km SE of Unalaska, Alaska",2025-06-10 20:04:09
us6000qjf5,-76.6709,41.5628,8.33,2.8,"10 km NW of Forksville, Pennsylvania",2025-06-10 20:04:19
ci41182144,-115.76633,32.996,10.9,2.56,"14 km WSW of Westmorland, CA",2025-06-10 23:50:07
ak0257fxz91w,-152.5028,58.6177,70.2,2.8,"66 km NNE of Aleneva, Alaska",2025-06-11 01:54:09
tx2025lilc,-104.521,31.613,6.1,2.9,"63 km SSW of Whites City, New Mexico",2025-06-11 03:07:56
ak0257g2r5pf,-150.9302,61.8924,15.7,2.5,"26 km ESE of Skwentna, Alaska",2025-06-11 09:56:15
us6000qkqa,-174.17,52.11139,67.32,3.2,"9 km SSE of Atka, Alaska",2025-06-11 11:15:49
us6000qjjf,-161.4361,55.8816,155.6,2.8,"19 km SW of Nelson Lagoon, Alaska",2025-06-11 12:24:32
ci41182560,-116.87233,33.83617,10.69,2.9,"10 km NE of San Jacinto, CA",2025-06-11 13:21:18
nc75194286,-118.82983,37.51933,4.0,2.85,"14 km W of Toms Place, CA",2025-06-11 15:26:32
tx2025ljjy,-104.175,31.708,6.64,2.7,"54 km W of Mentone, Texas",2025-06-11 15:50:43
tx2025lkky,-104.171,31.705,6.06,2.8,"54 km W of Mentone, Texas",2025-06-12 05:30:05
tx2025lklb,-104.172,31.71,7.29,2.8,"54 km W of Mentone, Texas",2025-06-12 05:31:39
us6000qjrw,-115.0224,44.363,14.95,2.9,"17 km NNW of Stanley, Idaho",2025-06-12 07:26:57
ak0257hp27kc,-148.4577,61.9552,36.6,2.5,"17 km N of Chickaloon, Alaska",2025-06-12 07:49:49
uw62127176,-122.27567,46.473,14.73,2.65,"9 km S of Morton, Washington",2025-06-12 07:58:43
tx2025lkxh,-104.177,31.709,6.66,2.5,"54 km W of Mentone, Texas",2025-06-12 11:32:17
ci40992071,-117.77867,36.02417,1.56,2.54,"15 km NE of Little Lake, CA",2025-06-12 11:54:42
us6000qldd,-167.443,53.3821,68.59,2.7,"81 km SW of Unalaska, Alaska",2025-06-12 14:43:19
us6000qjuk,-115.0049,44.3187,10.0,2.6,"12 km NNW of Stanley, Idaho",2025-06-12 17:05:54
tx2025lmsmdc,-104.294,31.663,7.64,2.9,"57 km S of Whites City, New Mexico",2025-06-12 17:30:52
ci40992391,-115.65483,32.6925,14.36,2.72,"12 km WSW of Heber, CA",2025-06-12 18:01:08
ci40992455,-117.8075,35.3295,7.58,2.82,"16 km WSW of Johannesburg, CA",2025-06-12 19:00:25
us6000qjzv,-163.3597,54.6534,7.29,2.7,"22 km S of False Pass, Alaska",2025-06-12 19:23:07
us6000qjxk,-115.0233,44.3437,10.0,2.5,"15 km NNW of Stanley, Idaho",2025-06-12 20:51:18
tx2025lmzctl,-103.811,32.004,7.8,3.7,"34 km SE of Malaga, New Mexico",2025-06-12 20:53:30
hv74696217,-155.27266,19.35434,30.58,3.39,"10 km SSW of Volcano, Hawaii",2025-06-12 21:58:29
ak0257hxg7sg,-143.1948,60.4365,10.0,3.3,"112 km S of McCarthy, Alaska",2025-06-12 21:58:53
ak0257j8aacg,-150.37,63.2277,116.4,3.0,"73 km WSW of Cantwell, Alaska",2025-06-13 00:25:06
ci40992775,-117.80633,35.33083,7.81,2.72,"16 km WSW of Johannesburg, CA",2025-06-13 02:31:36
tx2025lnpkep,-103.361,31.958,7.89,2.6,"23 km SW of Jal, New Mexico",2025-06-13 05:02:32
us6000ql37,-173.7836,52.01809,97.02,3.0,"34 km SE of Atka, Alaska",2025-06-13 08:14:08
us6000ql3d,-168.6539,53.2356,83.87,2.7,"35 km NNE of Nikolski, Alaska",2025-06-13 08:38:25
nc75195076,-119.383,38.33617,0.96,2.63,"16 km NW of Bridgeport, CA",2025-06-13 10:47:39
us6000qk2g,-104.9794,40.0059,8.94,2.7,"7 km SE of Erie, Colorado",2025-06-13 12:08:20
ak0257jfewgl,-150.8962,62.2836,67.4,2.8,"24 km SSW of Petersville, Alaska",2025-06-13 12:22:32
ak0257jg1upi,-147.5826,68.6909,1.0,2.6,"104 km NW of Arctic Village, Alaska",2025-06-13 13:29:39
ak0257jgpgk2,-148.9297,61.9572,5.2,2.5,"21 km NNW of Sutton-Alpine, Alaska",2025-06-13 14:39:54
ak0257jhaf48,-156.473,57.8378,130.6,2.5,"65 km ENE of Ugashik, Alaska",2025-06-13 15:37:34
ak0257jibn6h,-150.7724,63.0574,117.2,3.0,"62 km N of Petersville, Alaska",2025-06-13 17:11:00
ak0257jjjt29,-153.4275,60.1273,160.7,4.3,"50 km E of Port Alsworth, Alaska",2025-06-13 19:17:06
hv74697462,-155.195,19.33867,6.79,2.92,"12 km SSE of Volcano, Hawaii",2025-06-14 00:56:42
tx2025lpiqop,-104.191,31.671,2.96,3.0,"54 km NW of Toyah, Texas",2025-06-14 03:47:42
tx2025lpjvig,-104.194,31.673,6.04,3.3,"55 km NW of Toyah, Texas",2025-06-14 04:23:24
tx2025lpkgmj,-104.192,31.675,6.1,3.5,"55 km NW of Toyah, Texas",2025-06-14 04:36:21
tx2025lpkjpj,-104.191,31.673,6.14,3.5,"54 km NW of Toyah, Texas",2025-06-14 04:39:57
tx2025lpmzde,-104.184,31.669,6.04,2.6,"54 km NW of Toyah, Texas",2025-06-14 05:58:28
ak0257kzzq1z,-153.1088,59.9145,123.0,2.6,"57 km ENE of Pedro Bay, Alaska",2025-06-14 07:25:31
tx2025lpsmkm,-99.057,28.654,8.79,2.6,"11 km E of Dilley, Texas",2025-06-14 08:44:35
tx2025lptjzp,-103.377,31.939,6.73,2.5,"25 km SW of Jal, New Mexico",2025-06-14 09:11:59
tx2025lpxamn,-103.37,31.953,7.07,2.7,"24 km SW of Jal, New Mexico",2025-06-14 11:01:51
ak0257l2hbbp,-147.7079,60.9612,3.8,2.6,"56 km W of Tatitlek, Alaska",2025-06-14 11:43:30
tx2025lqaomz,-104.192,31.679,6.1,2.6,"55 km NW of Toyah, Texas",2025-06-14 12:49:49
ak0257l477bi,-145.6491,65.7752,14.1,4.2,"44 km WNW of Central, Alaska",2025-06-14 14:32:06
us6000qkii,-166.437,53.8255,12.31,2.5,"8 km SE of Unalaska, Alaska",2025-06-14 20:39:38
tx2025lqwjsl,-103.376,31.938,6.36,2.8,"25 km SW of Jal, New Mexico",2025-06-14 23:47:02
ak0257mmdaq6,-166.2481,64.6232,20.9,3.0,"42 km WNW of Nome, Alaska",2025-06-15 05:30:42
ak0257mmzyl2,-146.5739,61.4985,14.5,3.0,"42 km NNW of Valdez, Alaska",2025-06-15 06:36:16
nc75195946,-121.86717,37.94,6.2,2.71,"6 km ESE of Clayton, CA",2025-06-15 07:42:55
uu80110366,-111.7795,36.94,6.01,3.09,"18 km SSW of Big Water, Utah",2025-06-15 12:01:38
us6000qlcm,-166.7159,53.4951,67.44,2.7,"43 km SSW of Unalaska, Alaska",2025-06-15 14:19:29
ci40995367,-116.66617,35.134,6.58,3.21,"14 km S of Fort Irwin, CA",2025-06-15 19:21:13
tx2025lsjuje,-104.38,31.675,6.1,3.2,"55 km S of Whites City, New Mexico",2025-06-15 19:35:43
tx2025lsjych,-104.378,31.674,6.1,2.8,"55 km S of Whites City, New Mexico",2025-06-15 19:40:03
ak0257o7f0w6,-152.8599,60.3615,127.6,2.9,"74 km WNW of Ninilchik, Alaska",2025-06-16 01:12:29
tx2025ltgjmt,-103.383,31.941,6.05,2.6,"26 km SW of Jal, New Mexico",2025-06-16 06:57:13
tx2025ltiqdg,-103.385,31.94,5.63,2.6,"26 km SW of Jal, New Mexico",2025-06-16 08:05:01
ak0257oc51cz,-144.7855,69.5342,4.4,3.0,"80 km SSW of Kaktovik, Alaska",2025-06-16 09:05:49
tx2025ltlfjp,-103.808,32.005,7.34,3.0,"34 km SE of Malaga, New Mexico",2025-06-16 09:23:14
ak0257oct0fi,-153.3053,59.9064,130.5,3.1,"46 km ENE of Pedro Bay, Alaska",2025-06-16 10:17:37
us7000q9nx,-163.6293,54.7081,95.97,2.5,"21 km SW of False Pass, Alaska",2025-06-16 12:29:39
ak0257ofdc28,-151.7624,64.6899,11.2,3.4,"55 km SSE of Tanana, Alaska",2025-06-16 14:48:05
tx2025ludazi,-104.38,31.673,6.15,2.8,"55 km S of Whites City, New Mexico",2025-06-16 18:21:07
tx2025luezlf,-103.986,31.61,7.56,2.9,"37 km NNW of Toyah, Texas",2025-06-16 19:19:41
tx2025lufdyx,-103.362,31.955,7.64,2.8,"23 km SW of Jal, New Mexico",2025-06-16 19:24:58
tx2025lugbgh,-103.99,31.616,7.73,2.5,"38 km NNW of Toyah, Texas",2025-06-16 19:54:24
uw62129471,-122.3925,46.50833,18.69,2.66,"7 km ESE of Mossyrock, Washington",2025-06-16 21:32:44
ak0257pxm5d9,-161.735,67.4919,4.0,3.0,"53 km E of Noatak, Alaska",2025-06-17 05:59:14
tx2025lvbvoe,-104.366,31.675,6.56,2.5,"55 km S of Whites City, New Mexico",2025-06-17 06:49:09
nc75196741,-118.78533,38.04633,10.4,2.93,"27 km SE of Bodie, CA",2025-06-17 08:40:41
nn00899041,-116.2924,41.1143,1.7,3.2,"47 km NNW of Carlin, Nevada",2025-06-17 09:09:53
nn00899047,-116.2584,41.1234,3.7,2.7,"47 km NNW of Carlin, Nevada",2025-06-17 11:04:43
tx2025lvzuln,-104.302,31.658,7.07,3.1,"57 km S of Whites City, New Mexico",2025-06-17 18:51:59
ak0257q5oehh,-148.0075,61.4181,20.6,3.4,"47 km SSW of Glacier View, Alaska",2025-06-17 19:13:36
us6000qkvw,-115.0688,44.2086,10.0,2.8,"10 km W of Stanley, Idaho",2025-06-17 19:16:26
us6000qkw1,-98.85,39.9715,5.0,2.6,"15 km SSW of Riverton, Nebraska",2025-06-17 19:37:33
tx2025lwcita,-104.133,31.701,6.93,2.5,"50 km W of Mentone, Texas",2025-06-17 20:08:55
ci40997455,-117.50483,33.7255,9.86,2.66,"10 km NE of Trabuco Canyon, CA",2025-06-18 02:12:46
tx2025lwrxdx,-104.163,31.543,6.1,3.0,"43 km NW of Toyah, Texas",2025-06-18 03:58:14
ak0257rkwpqb,-149.6391,63.0862,87.5,3.7,"48 km SW of Cantwell, Alaska",2025-06-18 05:18:17
us6000ql55,-177.439,51.68739,10.04,2.6,"59 km WSW of Adak, Alaska",2025-06-18 05:55:02
ak0257rnsa6p,-148.9618,66.088,15.9,3.1,"10 km NNE of Stevens Village, Alaska",2025-06-18 10:01:38
us6000ql01,-103.2947,32.2779,4.51,3.4,"20 km NNW of Jal, New Mexico",2025-06-18 11:56:58
tx2025lxrnwr,-104.295,31.656,6.56,3.0,"58 km S of Whites City, New Mexico",2025-06-18 16:51:57
ak0257rs2dyd,-151.1334,60.146,56.5,2.5,"17 km ESE of Clam Gulch, Alaska",2025-06-18 17:20:37
us6000ql6p,-166.4632,53.8319,12.52,2.5,"6 km SE of Unalaska, Alaska",2025-06-18 17:48:40
us7000qaaw,-161.7285,55.5466,116.95,2.6,"60 km SSW of Nelson Lagoon, Alaska",2025-06-18 18:10:08
nc75197401,-120.49167,35.94183,10.28,3.35,"7 km NW of Parkfield, CA",2025-06-18 22:56:24
us6000ql51,-166.8122,53.8387,5.0,3.3,"18 km WSW of Dutch Harbor, Alaska",2025-06-18 22:59:52
us7000q8pn,-159.4822,54.7456,23.96,2.8,"92 km SE of Sand Point, Alaska",2025-06-19 01:12:11
ak0257t78mrv,-152.9149,59.743,97.5,2.8,"61 km W of Anchor Point, Alaska",2025-06-19 03:15:57
tx2025lyomsc,-104.19,31.672,6.1,2.5,"54 km NW of Toyah, Texas",2025-06-19 04:24:32
uw62122872,-122.39733,48.42017,9.92,2.57,"4 km W of Mount Vernon, Washington",2025-06-19 05:13:19
uw62122887,-122.40067,48.42,8.13,2.7600000000000002,"4 km W of Mount Vernon, Washington",2025-06-19 06:19:20
ak0257tdrasy,-151.8281,61.3671,97.2,2.6,"47 km WNW of Beluga, Alaska",2025-06-19 14:10:42
ak0257temiuz,-151.3922,62.0468,85.0,2.5,"6 km N of Skwentna, Alaska",2025-06-19 15:56:09
nn00899157,-115.7154,37.3035,11.2,2.9,"37 km S of Rachel, Nevada",2025-06-19 23:23:54
us6000qle4,-177.4428,51.69079,10.2,2.5,"59 km WSW of Adak, Alaska",2025-06-19 23:54:38
ak0257ut38dt,-151.2943,62.5188,75.0,2.8,"27 km W of Petersville, Alaska",2025-06-20 00:32:13
ak0257uu76om,-148.3528,61.9563,15.1,2.5,"18 km NNE of Chickaloon, Alaska",2025-06-20 02:18:53
ak0257uwthi8,-151.154,62.5296,86.0,3.1,"20 km W of Petersville, Alaska",2025-06-20 06:58:49
nc75197951,-121.559,36.93933,6.87,2.6,"7 km S of Gilroy, CA",2025-06-20 07:23:51
ak0257v0q3hx,-149.1319,62.3571,3.6,3.0,"43 km ENE of Susitna North, Alaska",2025-06-20 13:14:53
nn00899202,-116.4928,38.4724,0.0,2.7,"78 km NE of Tonopah, Nevada",2025-06-20 20:45:31
hv74703392,-155.5045,19.14567,35.76,2.8,"6 km SSW of Pāhala, Hawaii",2025-06-20 20:57:00
ak0257v5eodm,-153.004,60.157,121.3,3.0,"72 km E of Port Alsworth, Alaska",2025-06-20 21:01:07
us7000q86n,-174.9259,51.99419,69.51,2.9,"54 km WSW of Atka, Alaska",2025-06-20 22:14:17
us6000qlk2,-104.8283,36.8756,5.0,2.7,"28 km SSW of Segundo, Colorado",2025-06-21 02:13:39
ak0257whs8ys,-151.022,62.2003,67.6,3.3,"30 km NE of Skwentna, Alaska",2025-06-21 02:26:55
us7000q8iu,-175.977,52.08439,196.0,3.0,"50 km ENE of Adak, Alaska",2025-06-21 04:57:59
tx2025mcrsyx,-104.368,31.659,7.33,3.1,"57 km S of Whites City, New Mexico",2025-06-21 10:20:12
nn00899220,-116.8199,38.1737,9.4,2.7,"37 km ENE of Tonopah, Nevada",2025-06-21 12:12:19
nn00899228,-117.9801,38.3966,11.8,3.2,"11 km E of Mina, Nevada",2025-06-21 14:30:09
us7000q8aw,-163.6368,54.5749,8.54,3.2,"34 km SSW of False Pass, Alaska",2025-06-21 15:58:07
us7000q8ay,-163.613,54.56,8.1,2.8,"35 km SSW of False Pass, Alaska",2025-06-21 15:59:22
hv74704262,-155.50333,19.15934,34.5,2.73,"5 km SSW of Pāhala, Hawaii",2025-06-21 17:31:30
us7000q8th,-169.8499,52.8377,86.49,2.7,"67 km W of Nikolski, Alaska",2025-06-21 21:27:33
tx2025mduhbh,-103.367,31.954,7.84,3.0,"24 km SW of Jal, New Mexico",2025-06-22 00:42:18
nc75198786,-121.57783,37.18167,2.75,2.5,"9 km ENE of Morgan Hill, CA",2025-06-22 04:51:38
nc75198796,-118.673,37.96633,13.2,2.96,"39 km E of Lee Vining, CA",2025-06-22 06:30:46
tx2025meqety,-103.721,31.043,8.64,2.6,"6 km NNE of Balmorhea, Texas",2025-06-22 11:43:01
tx2025meuysl,-103.725,31.052,5.51,2.6,"7 km NNE of Balmorhea, Texas",2025-06-22 14:08:55
nc75198991,-124.12583,40.846,23.66,3.15,"4 km WSW of Arcata, CA",2025-06-22 16:50:04
nn00899365,-119.5589,41.8886,2.9,2.8,"49 km E of Fort Bidwell, California",2025-06-22 21:14:02
ak0257yh436m,-151.7804,61.6946,94.0,3.6,"38 km SSW of Skwentna, Alaska",2025-06-22 22:07:06
nc75199086,-122.77067,38.80567,0.2,3.35,"3 km  of The Geysers, CA",2025-06-22 22:14:26
ak0257yhr169,-149.1466,62.3523,3.3,2.6,"42 km ENE of Susitna North, Alaska",2025-06-22 23:14:10
nn00899307,-117.7287,37.5936,6.1,3.4,"19 km SSW of Silver Peak, Nevada",2025-06-23 01:55:18
nn00899319,-117.9795,38.396,12.9,2.5,"11 km E of Mina, Nevada",2025-06-23 05:44:38
nn00899355,-117.9779,38.3958,12.9,2.6,"11 km E of Mina, Nevada",2025-06-23 15:25:15
us7000q8zz,-168.4006,53.0132,76.44,2.8,"32 km ENE of Nikolski, Alaska",2025-06-23 18:14:11
ak025805ddn1,-151.8458,63.2548,11.9,4.1,"32 km S of Denali National Park, Alaska",2025-06-23 23:28:09
tx2025mhkuba,-104.159,31.551,5.89,3.0,"43 km NW of Toyah, Texas",2025-06-24 00:12:44
ak02581fx177,-152.6139,59.898,80.4,2.9,"45 km WNW of Anchor Point, Alaska",2025-06-24 01:46:03
ak02581lpusq,-140.8551,60.1081,2.4,3.0,"88 km NW of Yakutat, Alaska",2025-06-24 11:20:31
tx2025mikvtn,-104.417,31.681,6.1,2.5,"54 km S of Whites City, New Mexico",2025-06-24 13:19:07
us7000q8g4,-111.4605,42.7223,5.08,2.5,"14 km ENE of Soda Springs, Idaho",2025-06-24 16:17:13
ci41002943,-118.43667,34.1615,5.38,2.67,"2 km NE of Sherman Oaks, CA",2025-06-24 19:22:41
tx2025mjeuok,-104.297,31.63,6.92,3.0,"59 km NW of Toyah, Texas",2025-06-24 23:21:09
tx2025mjpoua,-104.361,31.621,6.41,2.7,"61 km S of Whites City, New Mexico",2025-06-25 04:46:21
ak0258372xj2,-153.0559,60.1273,128.6,2.6,"69 km ENE of Pedro Bay, Alaska",2025-06-25 07:55:13
tx2025mjvxyh,-103.721,31.05,8.23,2.8,"7 km NNE of Balmorhea, Texas",2025-06-25 07:58:01
us7000q8mx,-97.4921,38.6645,5.0,2.6,"7 km SW of Gypsum, Kansas",2025-06-25 08:47:09
tx2025mkgjap,-104.168,31.71,6.98,2.5,"53 km W of Mentone, Texas",2025-06-25 13:12:51
tx2025mkjpjq,-104.166,31.709,6.7,2.6,"53 km W of Mentone, Texas",2025-06-25 14:50:28
ci41003855,-115.76383,33.33583,5.3,2.75,"3 km WSW of Bombay Beach, CA",2025-06-25 16:08:37
ak02583dwvap,-153.1086,59.7435,104.2,3.2,"56 km E of Pedro Bay, Alaska",2025-06-25 19:02:58
ci41004319,-117.566,35.74333,4.44,2.7,"15 km W of Searles Valley, CA",2025-06-25 21:17:25
us7000q8tn,-99.1903,39.5084,12.85,3.4,"10 km NW of Woodston, Kansas",2025-06-25 21:18:41
ak02584qtl85,-153.1183,59.7783,98.5,2.7,"55 km E of Pedro Bay, Alaska",2025-06-26 01:17:40
ak02584qyac3,-153.8103,59.2043,120.0,2.9,"55 km SE of Pope-Vannoy Landing, Alaska",2025-06-26 01:39:31
ok2025mjux,-97.29133,36.8945,7.82,3.36,"4 km SE of Braman, Oklahoma",2025-06-26 03:13:25
us7000q914,-163.383,54.7073,10.86,2.6,"16 km S of False Pass, Alaska",2025-06-26 03:15:37
us7000q915,-163.4072,54.6964,7.48,2.7,"17 km S of False Pass, Alaska",2025-06-26 03:22:39
ak02584tppjl,-152.4783,59.2243,63.1,2.7,"35 km WSW of Nanwalek, Alaska",2025-06-26 06:03:18
nn00899511,-119.6136,41.9022,7.7,3.0,"44 km E of Fort Bidwell, California",2025-06-26 09:11:20
nn00899512,-119.6126,41.8973,5.7,2.8,"44 km E of Fort Bidwell, California",2025-06-26 09:36:15
nn00899513,-119.6181,41.8951,5.6,2.7,"44 km E of Fort Bidwell, California",2025-06-26 10:10:16
ak02584zalf5,-149.7453,61.7504,35.7,2.8,"13 km NNE of Houston, Alaska",2025-06-26 15:40:43
ak025850xw2u,-157.8541,56.2848,61.5,2.6,"34 km E of Chignik, Alaska",2025-06-26 18:17:08
ak0258539hjl,-152.9793,60.0625,112.2,2.5,"70 km ENE of Pedro Bay, Alaska",2025-06-26 22:07:10
nn00899540,-119.5629,41.9038,5.8,2.6,"49 km E of Fort Bidwell, California",2025-06-26 23:13:47
nn00899551,-119.6214,41.9157,6.9,3.4,"44 km E of Fort Bidwell, California",2025-06-27 02:32:35
ak02586fke6w,-149.8104,63.4003,95.9,2.6,"42 km W of Cantwell, Alaska",2025-06-27 03:20:12
nm60609011,-90.94183,36.76633,10.21,2.94,"12 km WSW of Grandin, Missouri",2025-06-27 06:41:18
nc75201261,-122.41883,40.60917,20.59,3.6,"5 km NW of Redding, CA",2025-06-27 10:57:11
nc75201286,-120.5895,39.7595,8.56,2.62,"1 km WNW of C-Road, CA",2025-06-27 12:08:14
us7000qbd9,-175.4017,51.95459,75.31,3.5,"85 km E of Adak, Alaska",2025-06-27 12:53:08
tx2025modnbn,-104.37,31.674,6.25,2.9,"55 km S of Whites City, New Mexico",2025-06-27 16:06:19
tx2025modxft,-104.373,31.666,6.0,2.7,"56 km S of Whites City, New Mexico",2025-06-27 16:16:37
tx2025moelck,-104.376,31.684,5.89,2.5,"54 km S of Whites City, New Mexico",2025-06-27 16:35:36
tx2025moikzg,-104.365,31.677,6.25,2.5,"55 km S of Whites City, New Mexico",2025-06-27 18:33:26
ak02586p3iyo,-150.8824,63.1082,123.3,2.5,"64 km SE of Denali National Park, Alaska",2025-06-27 19:21:02
nc75201501,-122.42317,40.615,20.92,2.66,"6 km E of Shasta, CA",2025-06-28 01:16:27
us7000q994,-163.3823,54.6794,10.0,3.2,"19 km S of False Pass, Alaska",2025-06-28 01:18:33
nn00899627,-119.6261,41.9172,6.3,2.8,"44 km E of Fort Bidwell, California",2025-06-28 01:25:44
tx2025mowgok,-104.484,31.725,5.79,2.7,"50 km SSW of Whites City, New Mexico",2025-06-28 01:30:23
ci41006999,-118.55167,35.30767,5.74,2.73,"22 km NNW of Tehachapi, CA",2025-06-28 01:50:09
us7000q9gz,-163.382,54.7306,10.0,2.7,"13 km S of False Pass, Alaska",2025-06-28 03:27:49
hv74710742,-155.49983,19.15467,34.53,2.92,"5 km SSW of Pāhala, Hawaii",2025-06-28 07:37:54
nn00899661,-119.6181,41.9163,5.1,2.5,"44 km E of Fort Bidwell, California",2025-06-28 09:12:17
us7000q9dk,-104.8339,36.9878,2.31,3.4,"16 km S of Weston, Colorado",2025-06-28 16:19:46
us7000qchv,-166.8007,53.4402,79.61,3.4,"51 km SSW of Unalaska, Alaska",2025-06-28 18:54:01
us7000q9hm,-173.8318,52.04649,72.5,3.6,"30 km ESE of Atka, Alaska",2025-06-28 21:36:54
ak02588eek99,-152.5893,60.3004,96.0,3.0,"58 km WNW of Ninilchik, Alaska",2025-06-28 22:18:22
ak02589py2at,-152.2976,60.3089,90.3,3.3,"45 km NW of Ninilchik, Alaska",2025-06-29 02:03:40
nc75201996,-121.57083,36.829,6.12,2.92,"3 km WSW of San Juan Bautista, CA",2025-06-29 02:34:27
nc75202001,-117.92067,37.316,11.6,4.54,"8 km SSE of Deep Springs, CA",2025-06-29 02:37:58
nc75202036,-121.46067,36.74433,8.1,2.86,"11 km WSW of Ridgemark, CA",2025-06-29 03:22:01
nc75202046,-117.91917,37.3265,11.69,3.87,"8 km SE of Deep Springs, CA",2025-06-29 03:56:19
ak02589t1bfl,-151.4084,61.739,78.0,3.2,"28 km S of Skwentna, Alaska",2025-06-29 07:22:46
us7000qa0f,-163.3833,54.7,7.22,2.6,"17 km S of False Pass, Alaska",2025-06-29 08:31:32
ak02589tty0t,-144.1622,69.4936,13.2,3.3,"74 km SSW of Kaktovik, Alaska",2025-06-29 08:56:01
us7000qa0p,-163.3823,54.7037,5.94,2.5,"16 km S of False Pass, Alaska",2025-06-29 09:02:03
us7000qb5k,-173.3868,52.02189,70.92,2.8,"59 km ESE of Atka, Alaska",2025-06-29 10:01:15
us7000qa1t,-163.381,54.6951,6.18,2.6,"17 km S of False Pass, Alaska",2025-06-29 11:25:36
us7000qa21,-178.7524,51.61599,15.26,2.6,"149 km WSW of Adak, Alaska",2025-06-29 11:55:11
ak02589wlm9k,-150.9195,61.8908,12.7,3.1,"27 km ESE of Skwentna, Alaska",2025-06-29 13:21:06
ak02589x843b,-150.9989,61.5007,72.9,2.6,"26 km W of Susitna, Alaska",2025-06-29 14:26:01
us7000qa38,-166.449,53.8305,10.0,2.8,"7 km SE of Unalaska, Alaska",2025-06-29 16:14:49
us7000qb5r,-168.8412,52.9376,61.15,2.5,"1 km E of Nikolski, Alaska",2025-06-29 23:58:15
tx2025msvlnn,-101.204,32.314,9.01,2.5,"9 km ENE of Coahoma, Texas",2025-06-30 05:24:31
nc75202441,-120.3095,39.564,10.05,2.87,"14 km SW of Loyalton, CA",2025-06-30 06:41:50
hv74712102,-155.46,19.19617,32.49,2.77,"2 km ESE of Pāhala, Hawaii",2025-06-30 07:06:47
nc75202466,-120.30467,39.56433,10.39,2.93,"14 km SW of Loyalton, CA",2025-06-30 08:09:44
us7000qb5z,-161.5516,55.6749,172.9,2.7,"42 km SSW of Nelson Lagoon, Alaska",2025-06-30 11:48:13
nc75202571,-123.36117,41.08117,36.66,2.67,"28 km ENE of Willow Creek, CA",2025-06-30 13:55:45
ak0258blubhm,-150.5746,61.1318,60.5,3.0,"24 km NNE of Point Possession, Alaska",2025-06-30 16:07:30
tx2025mtvmai,-104.425,31.673,6.77,3.2,"55 km S of Whites City, New Mexico",2025-06-30 18:28:56
nc75202886,-121.132,37.04217,4.28,3.34,"25 km W of Los Banos, CA",2025-07-01 01:37:55
nc75202946,-121.9965,37.7035,10.58,2.9,"5 km ENE of Fairview, CA",2025-07-01 05:55:40
nc75202951,-118.5715,37.4015,11.17,2.65,"3 km SE of Round Valley, CA",2025-07-01 06:48:34
nc75203171,-121.64367,37.27767,8.66,2.56,"16 km NNE of Morgan Hill, CA",2025-07-01 17:12:14
nn00899934,-119.6201,41.9146,8.9,3.2,"44 km E of Fort Bidwell, California",2025-07-01 17:34:24
tx2025mvslyu,-102.072,32.401,6.91,2.6,"36 km WSW of Ackerly, Texas",2025-07-01 19:07:19
ak0258dbqqtd,-148.4198,62.4653,39.1,2.8,"74 km N of Chickaloon, Alaska",2025-07-01 20:04:27
nc75203271,-121.48917,37.06083,3.52,2.52,"9 km ENE of Gilroy, CA",2025-07-01 20:47:45
us7000qa5u,-166.9268,53.6152,98.51,3.8,"38 km SW of Unalaska, Alaska",2025-07-01 23:57:40
ak0258enojpl,-152.4977,59.6,66.0,2.5,"42 km WSW of Anchor Point, Alaska",2025-07-02 00:56:17
us7000qbga,-176.6982,51.65529,56.52,2.5,"24 km S of Adak, Alaska",2025-07-02 14:50:37
nc75203616,-118.78967,37.475,3.33,2.72,"14 km WSW of Toms Place, CA",2025-07-02 16:00:57
ak0258eybcie,-154.1594,59.0061,108.1,2.9,"59 km SE of Kokhanok, Alaska",2025-07-02 18:42:15
nc75203741,-118.79017,37.46933,2.98,2.87,"14 km SW of Toms Place, CA",2025-07-02 20:03:39
us7000qacj,-163.3755,54.6866,9.21,2.5,"18 km S of False Pass, Alaska",2025-07-02 22:08:27
us7000qbp9,-172.4547,52.4076,10.0,2.8,"121 km E of Atka, Alaska",2025-07-03 00:58:19
ak0258gcviq9,-149.8488,62.0268,35.8,2.6,"14 km S of Susitna North, Alaska",2025-07-03 03:34:35
uu80111481,-109.672,41.4755,-3.31,2.92,"15 km SW of James Town, Wyoming",2025-07-03 09:39:37
ak0258gl4e9k,-151.5708,59.1356,57.4,3.9,"28 km SSE of Port Graham, Alaska",2025-07-03 17:19:46
ak0258gly60z,-153.0373,60.0119,107.5,2.5,"64 km ENE of Pedro Bay, Alaska",2025-07-03 18:58:37
ak0258gngf8v,-149.7794,62.7153,75.7,2.9,"33 km NNE of Chase, Alaska",2025-07-03 21:11:48
ak0258go3xys,-150.4788,60.9937,51.1,2.6,"13 km NE of Point Possession, Alaska",2025-07-03 22:21:22
ak0258go7zsl,-151.7713,61.8432,99.9,4.4,"25 km SW of Skwentna, Alaska",2025-07-03 22:40:12
tx2025mzuywi,-101.729,31.715,9.01,2.6,"28 km SW of Garden City, Texas",2025-07-04 00:40:31
nn00900086,-117.8381,38.1793,12.9,2.9,"33 km SE of Mina, Nevada",2025-07-04 01:37:54
us7000qcpv,-169.8038,52.7492,84.15,2.5,"66 km WSW of Nikolski, Alaska",2025-07-04 10:34:43
nc75205397,-122.08567,37.92167,8.4,2.52,"2 km NW of Walnut Creek, CA",2025-07-04 18:16:55
ak0258iazio7,-157.3918,66.2711,8.4,2.6,"69 km S of Shungnak, Alaska",2025-07-04 21:10:31
us7000qcpm,-166.6613,53.4833,77.18,2.5,"44 km S of Unalaska, Alaska",2025-07-04 21:16:17
ak0258icbhru,-151.0003,60.2254,61.7,2.7,"19 km SE of Kasilof, Alaska",2025-07-04 23:34:15
tx2025nbtlmq,-104.306,31.659,7.87,2.8,"57 km S of Whites City, New Mexico",2025-07-05 02:03:47
ak0258jne35b,-149.9677,61.5035,40.4,2.6,"2 km SSW of Big Lake, Alaska",2025-07-05 02:40:45
ci41014479,-115.72633,32.6925,11.19,2.51,"18 km NW of Progreso, B.C., MX",2025-07-05 03:40:52
nc75205697,-121.223,36.59817,6.49,2.5,"10 km NNW of Pinnacles, CA",2025-07-05 09:41:09
tx2025nckmhs,-104.189,31.675,6.39,2.6,"54 km NW of Toyah, Texas",2025-07-05 10:37:56
se60609486,-82.10467,33.82067,3.52,2.7,"11 km ENE of Parksville, South Carolina",2025-07-05 15:22:07
us7000qcw8,-173.3447,52.00079,55.02,3.6,"62 km ESE of Atka, Alaska",2025-07-05 15:28:34
ak0258jwrkyq,-152.4675,60.0244,100.1,4.5,"41 km WNW of Happy Valley, Alaska",2025-07-05 18:15:07
ak0258jwrlz3,-149.651,63.049,87.7,2.8,"51 km SW of Cantwell, Alaska",2025-07-05 18:15:19
us7000qav8,-99.7593,39.3207,9.65,2.6,"7 km SW of Bogue, Kansas",2025-07-05 19:12:49
us7000qavn,-99.8298,39.302,9.24,2.5,"7 km S of Hill City, Kansas",2025-07-05 20:51:40
us7000qavs,-100.0515,39.1852,10.0,2.7,"17 km NNE of Collyer, Kansas",2025-07-05 20:53:00
nc75205887,-117.9105,37.32867,9.5,2.68,"8 km SE of Deep Springs, CA",2025-07-05 22:29:58
ak0258l9seh7,-150.3532,61.2763,22.2,2.6,"22 km WSW of Point MacKenzie, Alaska",2025-07-06 00:49:01
us7000qcfx,-162.0577,55.373,162.76,2.9,"38 km NNE of King Cove, Alaska",2025-07-06 07:04:30
ak0258lf4a7t,-156.7161,57.0692,94.3,2.5,"64 km SE of Ugashik, Alaska",2025-07-06 09:44:25
nc75206227,-122.137,37.32017,6.57,2.53,"5 km SW of Loyola, CA",2025-07-06 11:58:43
hv74717657,-155.21716,19.34967,6.41,2.88,"10 km S of Volcano, Hawaii",2025-07-06 15:04:01
tx2025netyxn,-104.465,31.598,7.33,2.5,"64 km S of Whites City, New Mexico",2025-07-06 17:32:45
ak0258mzq4ol,-152.1802,62.022,8.6,2.5,"41 km W of Skwentna, Alaska",2025-07-07 04:52:02
nc75206527,-123.10967,39.48283,5.72,2.71,"15 km NW of Lake Pillsbury, CA",2025-07-07 06:21:03
us7000qcqk,-179.1984,51.2874,35.0,2.5,"189 km WSW of Adak, Alaska",2025-07-07 06:50:45
ak0258n34qy5,-150.8563,63.1143,127.0,4.0,"64 km SE of Denali National Park, Alaska",2025-07-07 10:24:11
tx2025nggfjq,-104.276,31.717,6.91,2.7,"51 km S of Whites City, New Mexico",2025-07-07 12:46:49
tx2025nglhuo,-100.524,32.843,2.17,2.5,"5 km W of Rotan, Texas",2025-07-07 15:20:30
ak0258n9s115,-157.1978,56.371,46.9,2.8,"75 km E of Chignik, Alaska",2025-07-07 21:40:48
hv74718837,-155.1465,19.3385,4.66,2.51,"14 km S of Fern Forest, Hawaii",2025-07-07 23:33:42
tx2025nhsvrr,-104.335,31.677,7.07,2.6,"55 km S of Whites City, New Mexico",2025-07-08 08:12:34
ak0258otrms4,-149.6744,61.6825,37.3,3.2,"7 km NNW of Meadow Lakes, Alaska",2025-07-08 15:44:50
nc75207132,-124.253,40.25483,10.55,2.83,"8 km S of Petrolia, CA",2025-07-08 17:22:48
nc75207227,-122.13917,37.321,7.04,2.96,"5 km WSW of Loyola, CA",2025-07-08 21:16:53
nc75207257,-122.14,37.32017,6.76,2.61,"5 km WSW of Loyola, CA",2025-07-08 22:56:25
nc75207262,-120.47783,35.92667,9.63,2.83,"5 km NW of Parkfield, CA",2025-07-08 23:34:15
ak0258qa7usu,-154.2405,58.5649,15.0,2.6,"96 km NW of Aleneva, Alaska",2025-07-09 03:54:20
ci41017615,-116.87517,33.367,7.79,2.56,"2 km NW of Palomar Observatory, CA",2025-07-09 05:03:36
ak0258qbwjzq,-151.7514,61.6839,94.9,2.8,"38 km SSW of Skwentna, Alaska",2025-07-09 06:37:39
ak0258qh9ff1,-156.2924,62.9286,11.3,2.8,"13 km WSW of Takotna, Alaska",2025-07-09 15:37:25
ak0258qm2ca4,-144.7172,69.0837,8.2,2.5,"111 km NNE of Arctic Village, Alaska",2025-07-09 23:43:59
nn00900346,-115.5882,37.3337,10.2,2.9,"37 km SSE of Rachel, Nevada",2025-07-10 00:11:50
nn00900352,-116.9992,41.1011,9.0,3.2,"35 km NNE of Valmy, Nevada",2025-07-10 00:27:20
uu80111696,-111.1505,38.054,15.54,2.64,"28 km NE of Boulder Town, Utah",2025-07-10 00:30:29
se60609881,-84.14983,35.66317,26.55,2.57,"2 km E of Greenback, Tennessee",2025-07-10 00:52:54
tx2025nkyxnl,-103.729,32.066,7.65,3.3,"36 km ESE of Malaga, New Mexico",2025-07-10 02:28:53
us7000qbsw,-99.3582,39.5129,7.56,2.7,"11 km NW of Stockton, Kansas",2025-07-10 12:53:13
tx2025nlxbop,-102.064,32.44,8.42,3.7,"33 km SSW of Los Ybanez, Texas",2025-07-10 14:37:52
tx2025nmjyqh,-103.875,31.448,6.05,3.0,"16 km NNW of Toyah, Texas",2025-07-10 21:07:33
ci41019143,-116.42717,33.26017,5.29,3.7,"5 km W of Borrego Springs, CA",2025-07-11 00:16:46
ci41019151,-116.082,33.78533,1.87,3.01,"14 km ENE of Indio, CA",2025-07-11 00:17:48
ak0258tk4qvr,-153.2591,59.882,127.2,2.6,"48 km ENE of Pedro Bay, Alaska",2025-07-11 01:59:16
nc75208107,-120.4895,35.939,9.48,3.15,"7 km NW of Parkfield, CA",2025-07-11 02:16:09
uu80111736,-110.76083,44.22033,4.37,2.66,"46 km ENE of Warm River, Idaho",2025-07-11 04:38:28
nc75208187,-122.8045,38.836,2.66,2.91,"7 km WNW of Cobb, CA",2025-07-11 05:46:50
us7000qdgf,-173.4873,52.08069,83.76,3.2,"50 km ESE of Atka, Alaska",2025-07-11 06:08:07
ci41019463,-115.6405,33.16017,5.15,3.06,"12 km WNW of Calipatria, CA",2025-07-11 08:18:37
ci41019495,-115.6365,33.15867,10.56,3.35,"12 km WNW of Calipatria, CA",2025-07-11 08:22:37
ci41019687,-115.63667,33.16083,11.21,4.34,"12 km WNW of Calipatria, CA",2025-07-11 09:55:42
us7000qc03,-99.7915,39.3237,9.36,2.6,"6 km SE of Hill City, Kansas",2025-07-11 10:49:00
us7000qc0b,-99.8084,39.3605,9.28,2.7,"2 km E of Hill City, Kansas",2025-07-11 11:23:13
us7000qc0e,-176.7088,51.67489,54.59,4.5,"22 km SSW of Adak, Alaska",2025-07-11 11:32:17
us6000qv7r,-162.184,55.602,172.08,2.6,"57 km NE of Cold Bay, Alaska",2025-07-11 14:10:54
ak0258tsyn8i,-151.2207,60.0,45.7,2.5,"21 km NW of Fox River, Alaska",2025-07-11 16:42:35
uu80111796,-113.364,37.57933,9.08,2.55,"12 km NNW of New Harmony, Utah",2025-07-11 23:17:15
us7000qc7t,-110.9047,42.9992,10.9,2.8,"5 km NE of Star Valley Ranch, Wyoming",2025-07-12 05:30:30
nc75208682,-124.3675,40.665,25.0,2.65,"13 km NNW of Ferndale, CA",2025-07-12 06:16:59
ak0258vb1v8v,-153.6422,60.2935,188.1,2.5,"38 km ENE of Port Alsworth, Alaska",2025-07-12 07:27:31
nc75208732,-121.07583,36.54817,10.51,3.46,"6 km E of Pinnacles, CA",2025-07-12 08:31:00
ak0258vced8n,-148.8763,62.3228,41.3,2.7,"53 km ENE of Susitna North, Alaska",2025-07-12 09:53:59
ak0258ve2yvm,-149.2123,62.0798,34.1,4.4,"34 km ESE of Susitna North, Alaska",2025-07-12 12:36:33
tx2025npltjp,-103.962,31.609,8.62,2.9,"36 km WSW of Mentone, Texas",2025-07-12 13:14:15
us6000quij,-176.9975,51.54899,65.22,3.2,"44 km SW of Adak, Alaska",2025-07-12 17:20:28
ak0258viotq8,-153.2259,59.9872,136.7,2.6,"54 km ENE of Pedro Bay, Alaska",2025-07-12 20:10:15
ci41021463,-115.82933,32.79183,4.81,2.62,"17 km ENE of Ocotillo, CA",2025-07-13 02:32:49
ak0258wwdplx,-161.3701,67.5022,4.5,2.7,"68 km E of Noatak, Alaska",2025-07-13 03:56:37
ak0258wxxl4x,-149.9846,61.3823,50.2,2.8,"2 km N of Point MacKenzie, Alaska",2025-07-13 06:17:07
ok2025npcu,-97.34333,35.89717,7.38,2.62,"7 km ENE of Guthrie, Oklahoma",2025-07-13 06:24:53
ci41021687,-118.03217,36.17433,2.03,3.98,"12 km SSW of Olancha, CA",2025-07-13 12:27:55
ci41021807,-118.0305,36.1745,2.0,2.66,"12 km S of Olancha, CA",2025-07-13 15:45:05
nc75209462,-118.81183,37.4615,6.31,2.99,"16 km WSW of Toms Place, CA",2025-07-13 20:23:04
us6000qug6,-174.2675,52.32109,186.53,3.3,"14 km NNW of Atka, Alaska",2025-07-13 22:10:10
ak0258ym1xoh,-147.4155,61.0358,9.2,2.7,"44 km WNW of Tatitlek, Alaska",2025-07-14 07:15:05
ci41022223,-116.43367,34.807,3.88,2.57,"27 km WNW of Ludlow, CA",2025-07-14 11:11:15
ak0258yp1qg3,-153.5037,59.9005,134.5,4.3,"36 km ENE of Pedro Bay, Alaska",2025-07-14 12:18:02
nc75209742,-122.76067,38.81967,1.7,2.51,"3 km W of Cobb, CA",2025-07-14 13:42:33
tx2025ntfduu,-103.728,32.069,7.64,3.2,"36 km ESE of Malaga, New Mexico",2025-07-14 14:13:00
ak0258yqfh20,-148.9783,62.8566,64.5,2.8,"59 km S of Cantwell, Alaska",2025-07-14 14:50:05
ak0258ytq07p,-149.954,63.6226,12.2,2.7,"52 km WSW of Denali Park, Alaska",2025-07-14 20:03:08
hv74725637,-155.607,19.194,0.22,2.85,"13 km W of Pāhala, Hawaii",2025-07-14 21:08:14
nn00900607,-115.9791,38.235,8.1,2.6,"68 km NNW of Rachel, Nevada",2025-07-14 22:09:19
tx2025ntyezs,-98.835,28.751,3.73,2.8,"17 km SW of Charlotte, Texas",2025-07-14 23:47:36
us6000qv68,-166.9808,53.6598,100.21,3.6,"37 km SW of Unalaska, Alaska",2025-07-15 07:34:57
tx2025nuqmkn,-103.726,32.069,6.88,3.5,"36 km ESE of Malaga, New Mexico",2025-07-15 08:59:21
hv74726172,-155.5055,19.15934,31.43,2.77,"5 km SSW of Pāhala, Hawaii",2025-07-15 09:56:32
ak02590bhhgr,-149.4391,63.1067,82.5,3.0,"40 km SW of Cantwell, Alaska",2025-07-15 10:33:25
us7000qcs3,-99.4601,39.2201,11.7,3.0,"2 km SW of Zurich, Kansas",2025-07-15 11:46:07
hv74726252,-155.50233,19.16234,31.63,2.94,"5 km SSW of Pāhala, Hawaii",2025-07-15 12:27:01
ak02590d4xb2,-150.6132,61.5786,64.1,2.7,"6 km NW of Susitna, Alaska",2025-07-15 13:10:58
ak02590f657n,-153.3005,60.2283,132.6,3.4,"56 km E of Port Alsworth, Alaska",2025-07-15 16:52:20
ci41023415,-118.464,35.28217,6.46,2.64,"17 km N of Tehachapi, CA",2025-07-15 18:23:22
nm60504043,-93.38617,39.59867,8.24,2.53,"3 km W of Hale, Missouri",2025-07-15 19:07:57
tx2025nvmzqe,-104.426,31.65,5.64,2.7,"58 km S of Whites City, New Mexico",2025-07-15 20:18:43
ak02591toj2y,-148.9729,63.8264,2.4,2.6,"3 km S of Healy, Alaska",2025-07-16 01:36:05
ak02591uq8w5,-148.9642,63.8169,0.6,2.7,"4 km S of Healy, Alaska",2025-07-16 03:12:02
ci41023759,-118.9365,34.518,0.17,2.66,"13 km N of Fillmore, CA",2025-07-16 03:17:21
hv74726682,-155.50016,19.16017,31.76,3.04,"5 km SSW of Pāhala, Hawaii",2025-07-16 04:14:16
nn00900692,-116.7252,41.1963,8.2,3.1,"56 km NE of Valmy, Nevada",2025-07-16 07:09:18
nn00900727,-116.7265,41.2072,6.9,2.5,"57 km NE of Valmy, Nevada",2025-07-16 07:17:00
us7000qdlr,-177.0465,51.60819,69.28,2.5,"41 km SW of Adak, Alaska",2025-07-16 12:24:32
hv74726997,-155.3775,19.2555,3.92,2.53,"12 km ENE of Pāhala, Hawaii",2025-07-16 13:02:26
hv74727152,-155.377,19.25334,3.42,2.53,"12 km ENE of Pāhala, Hawaii",2025-07-16 16:09:56
tx2025nxjoro,-102.143,32.412,8.81,2.5,"38 km ENE of McKinney Acres, Texas",2025-07-16 20:44:12
us7000qdp6,-159.4826,54.7297,33.05,3.2,"93 km SE of Sand Point, Alaska",2025-07-16 21:03:51
us7000qd32,-112.2952,36.4676,13.96,2.6,"43 km NE of Supai, Arizona",2025-07-16 22:52:08
us7000qs94,-159.6207,54.72,37.72,2.7,"88 km SE of Sand Point, Alaska",2025-07-17 04:53:34
ak02593jhfgo,-152.9858,59.8324,97.7,2.8,"63 km E of Pedro Bay, Alaska",2025-07-17 05:16:54
nn00900754,-119.0613,39.1529,11.1,3.5,"20 km NNE of Yerington, Nevada",2025-07-17 10:24:58
nc75211097,-121.19117,37.17083,1.27,2.53,"20 km WSW of Gustine, CA",2025-07-17 14:00:25
us7000qd7m,-115.0293,44.3205,10.0,2.7,"13 km NNW of Stanley, Idaho",2025-07-17 14:24:26
us7000qd7p,-114.9825,44.328,10.0,2.6,"12 km NNW of Stanley, Idaho",2025-07-17 14:27:47
ak02593pk7ru,-165.0905,62.1658,18.5,2.6,"42 km SSW of Nunam Iqua, Alaska",2025-07-17 15:37:31
tx2025nzdrir,-101.851,32.312,5.64,2.5,"21 km NNW of Stanton, Texas",2025-07-17 19:55:13
ci41025207,-117.8145,35.31983,7.09,3.11,"17 km WSW of Johannesburg, CA",2025-07-17 22:55:00
ak025955t6cm,-151.9679,59.5123,71.2,2.7,"16 km WNW of Seldovia, Alaska",2025-07-18 03:13:13
ak02595e40gl,-161.4297,67.492,1.7,2.5,"66 km E of Noatak, Alaska",2025-07-18 17:07:36
nn00900829,-119.607,41.8991,4.9,3.2,"45 km E of Fort Bidwell, California",2025-07-18 17:31:34
ak02595g6dcg,-152.3892,59.92,92.5,2.8,"35 km WNW of Anchor Point, Alaska",2025-07-18 20:54:30
us6000r0ki,-176.6728,51.79269,80.58,2.6,"9 km SSW of Adak, Alaska",2025-07-18 21:24:43
nn00902816,-116.7124,41.2164,8.8,2.7,"58 km NE of Valmy, Nevada",2025-07-19 00:52:40
us7000qdl8,-149.5468,61.684,35.0,2.7,"7 km NNE of Meadow Lakes, Alaska",2025-07-19 02:26:37
ak02596stxip,-149.5429,61.6829,35.3,2.5,"7 km NNE of Meadow Lakes, Alaska",2025-07-19 02:26:37
nc75212052,-122.79783,38.8185,3.56,2.76,"6 km NNW of The Geysers, CA",2025-07-19 14:23:03
us6000r23r,-168.9161,52.9111,31.92,2.9,"4 km SW of Nikolski, Alaska",2025-07-19 16:24:21
ok2025obad,-97.348,35.89517,6.95,2.74,"7 km ENE of Guthrie, Oklahoma",2025-07-19 18:42:33
ak02597300y3,-146.9087,60.9347,20.0,4.0,"14 km WNW of Tatitlek, Alaska",2025-07-19 19:34:44
nc75212222,-121.99817,39.538,24.88,2.51,"17 km E of Willows, CA",2025-07-19 22:55:35
nc75212292,-120.3715,36.418,8.93,2.67,"11 km SW of Cantua Creek, CA",2025-07-20 03:55:58
ak02598i7c3j,-152.8277,58.3823,54.7,2.5,"36 km N of Aleneva, Alaska",2025-07-20 05:34:57
ci41026799,-117.80883,35.32317,6.81,2.94,"17 km WSW of Johannesburg, CA",2025-07-20 06:32:46
us7000qe09,-115.001,44.3166,10.81,2.6,"12 km NNW of Stanley, Idaho",2025-07-20 09:45:55
tx2025odzuij,-100.664,32.74,6.32,3.7,"14 km NE of Hermleigh, Texas",2025-07-20 11:20:22
ak02598o0qgd,-151.1023,62.8557,110.9,2.5,"43 km NNW of Petersville, Alaska",2025-07-20 15:11:55
ak02598onl2z,-152.1048,61.1997,127.7,2.7,"54 km WNW of Tyonek, Alaska",2025-07-20 16:18:17
us6000qu1c,-178.7546,51.61909,16.99,3.1,"149 km WSW of Adak, Alaska",2025-07-21 04:31:08
ak0259a7cfxe,-159.9092,55.7962,87.5,2.6,"29 km WSW of Ivanof Bay, Alaska",2025-07-21 08:04:05
us7000qe96,-107.0098,42.6921,7.11,2.5,"28 km WNW of Alcova, Wyoming",2025-07-21 11:47:35
us6000qu2w,-103.2667,32.2638,1.59,3.1,"18 km NNW of Jal, New Mexico",2025-07-22 05:22:53
hv74731762,-155.92283,19.51084,9.33,3.07,"1 km S of Kealakekua, Hawaii",2025-07-22 07:07:27
tx2025ohudam,-97.749,29.106,6.61,2.5,"17 km S of Nixon, Texas",2025-07-22 12:47:20
ak0259by3t5n,-150.4737,60.6119,43.7,3.4,"17 km ENE of Sterling, Alaska",2025-07-22 13:45:37
ci41028511,-117.80517,35.32417,7.08,2.53,"16 km WSW of Johannesburg, CA",2025-07-22 13:45:51
ak0259bz9uv1,-150.7171,59.8388,36.1,3.5,"13 km E of Fox River, Alaska",2025-07-22 15:41:54
ak0259bzbiex,-137.6846,58.7674,7.3,2.9,"100 km NW of Elfin Cove, Alaska",2025-07-22 15:49:26
ak0259c0zxl8,-153.0958,59.0788,72.7,3.1,"73 km WSW of Nanwalek, Alaska",2025-07-22 18:31:17
ci41029335,-118.97583,34.4295,6.96,2.91,"6 km WNW of Fillmore, CA",2025-07-23 00:22:50
tx2025oitzqk,-104.281,31.717,6.93,2.9,"51 km S of Whites City, New Mexico",2025-07-23 01:47:56
ak0259djbjfk,-156.4871,67.3085,4.5,3.3,"47 km NNE of Kobuk, Alaska",2025-07-23 09:55:24
ak0259djm1lw,-142.9306,69.3911,1.6,3.0,"86 km SSE of Kaktovik, Alaska",2025-07-23 10:04:27
ak0259djna3s,-143.1936,60.4564,10.9,2.5,"109 km S of McCarthy, Alaska",2025-07-23 10:10:02
us7000qw3k,-175.1017,52.05999,88.3,2.7,"63 km WSW of Atka, Alaska",2025-07-23 23:19:25
tx2025olckff,-100.121,28.522,1.38,3.6,"18 km E of El Indio, Texas",2025-07-24 08:10:27
ak0259f91rea,-149.6511,61.6618,52.1,3.2,"4 km NNW of Meadow Lakes, Alaska",2025-07-24 13:23:24
ak0259fark6t,-140.7727,60.0224,13.0,3.7,"79 km NW of Yakutat, Alaska",2025-07-24 16:11:56
us6000qunb,-104.1333,32.3622,6.1,3.0,"7 km ESE of Livingston Wheeler, New Mexico",2025-07-24 17:11:26
ak0259fbyr2e,-149.5859,61.1493,30.0,2.8,"12 km SSE of Elmendorf Air Force Base, Alaska",2025-07-24 18:13:09
ok2025okdo,-97.34483,35.8985,7.95,2.94,"7 km ENE of Guthrie, Oklahoma",2025-07-24 18:39:11
ak0259fdvmah,-153.0989,59.0906,71.5,2.8,"73 km WSW of Nanwalek, Alaska",2025-07-24 21:34:39
us6000quz0,-161.6009,54.7859,69.67,3.4,"55 km SE of King Cove, Alaska",2025-07-24 22:42:03
us6000quze,-104.1305,32.3654,5.0,2.8,"7 km ESE of Livingston Wheeler, New Mexico",2025-07-25 04:13:59
us6000qv9e,-174.3961,52.11889,8.39,3.1,"15 km WSW of Atka, Alaska",2025-07-25 09:53:18
nn00901165,-117.7186,40.1638,6.5,3.1,"64 km E of Lovelock, Nevada",2025-07-25 10:49:30
ak0259gvb2cb,-151.6329,59.6676,61.4,3.6,"4 km WSW of Diamond Ridge, Alaska",2025-07-25 11:08:50
nn00901180,-116.4884,38.4652,4.2,2.5,"78 km NE of Tonopah, Nevada",2025-07-25 12:29:22
ak0259gxn2zb,-151.5183,63.1206,15.0,2.5,"47 km SSE of Denali National Park, Alaska",2025-07-25 15:01:03
ak0259gxykxj,-153.5182,59.881,145.4,2.5,"34 km ENE of Pedro Bay, Alaska",2025-07-25 15:54:06
ci41032191,-116.91167,33.92217,13.09,2.89,"3 km W of Banning, CA",2025-07-25 19:18:47
ci41032551,-116.91067,33.92267,13.48,2.91,"3 km W of Banning, CA",2025-07-26 01:02:57
hv74735142,-155.3825,19.26217,31.43,2.99,"12 km ENE of Pāhala, Hawaii",2025-07-26 02:05:32
ci41032743,-119.04333,35.08867,12.68,2.87,"19 km NNW of Grapevine, CA",2025-07-26 08:05:15
tx2025ooxvbu,-98.237,28.66,5.1,2.5,"22 km NNW of Three Rivers, Texas",2025-07-26 10:10:07
nc75215272,-120.58667,36.3415,10.97,2.52,"11 km SSE of New Idria, CA",2025-07-26 11:36:11
ak0259ijead9,-147.6927,63.1705,5.9,2.7,"67 km ESE of Cantwell, Alaska",2025-07-26 12:01:15
us6000qvb7,-112.3373,45.865,12.22,2.7,"18 km W of Whitehall, Montana",2025-07-26 12:27:15
ak0259ipnmk2,-151.0392,60.2109,62.1,2.6,"19 km SE of Kasilof, Alaska",2025-07-26 22:52:49
us6000qvfa,-98.8802,39.085,5.0,3.0,"4 km SE of Paradise, Kansas",2025-07-27 03:39:12
us6000qvfx,-177.8295,51.75049,83.82,4.0,"83 km W of Adak, Alaska",2025-07-27 06:31:04
tx2025oqogvv,-104.177,31.71,6.41,2.9,"54 km W of Mentone, Texas",2025-07-27 07:31:52
ak0259k7ksrg,-153.2633,59.5922,107.0,4.0,"52 km ESE of Pedro Bay, Alaska",2025-07-27 13:09:23
hv74736817,-155.20533,19.28484,8.72,2.61,"17 km S of Volcano, Hawaii",2025-07-27 13:54:18
ak0259kcetxc,-146.2021,60.822,15.0,2.6,"26 km E of Tatitlek, Alaska",2025-07-27 21:21:20
us7000qvwu,-166.2418,53.7555,87.34,3.1,"23 km SE of Unalaska, Alaska",2025-07-27 22:52:41
us7000qsm9,-166.9213,53.476,67.59,2.5,"51 km SSW of Unalaska, Alaska",2025-07-28 00:43:48
ak0259ls7ror,-152.4255,60.0527,99.3,2.5,"40 km WNW of Happy Valley, Alaska",2025-07-28 08:22:23
tx2025osmnhe,-104.172,31.703,6.14,3.9,"54 km W of Mentone, Texas",2025-07-28 08:47:07
tx2025osnpzc,-104.171,31.708,6.1,3.8,"54 km W of Mentone, Texas",2025-07-28 09:20:23
tx2025oswqqk,-101.924,32.119,7.84,2.7,"12 km W of Stanton, Texas",2025-07-28 13:52:43
ci41034687,-116.78883,33.96233,10.78,3.04,"5 km N of Cabazon, CA",2025-07-28 18:28:45
ci41034695,-116.78717,33.96183,11.18,3.12,"5 km N of Cabazon, CA",2025-07-28 18:29:19
ak0259lzwbf3,-150.9545,60.1712,45.8,2.7,"25 km ESE of Clam Gulch, Alaska",2025-07-28 21:12:51
us6000qvsb,-111.2444,42.5225,5.0,3.0,"11 km ENE of Georgetown, Idaho",2025-07-28 21:49:50
ak0259m0laqm,-149.4375,63.6467,113.0,2.6,"27 km WSW of Denali Park, Alaska",2025-07-28 22:29:00
us6000r38w,-179.1039,51.53979,72.95,2.5,"174 km WSW of Adak, Alaska",2025-07-28 23:15:54
tx2025otthnz,-102.314,31.971,8.23,2.6,"8 km SE of Gardendale, Texas",2025-07-29 01:16:30
us6000qvwv,-99.821,39.2158,9.47,2.8,"16 km S of Hill City, Kansas",2025-07-29 10:49:51
us7000qxfs,-166.3806,53.9026,87.38,2.8,"10 km ENE of Unalaska, Alaska",2025-07-29 15:18:02
ak0259nlm1y3,-150.8601,62.9027,92.7,2.6,"45 km N of Petersville, Alaska",2025-07-29 18:06:39
tx2025ovcwvs,-104.379,31.663,5.13,3.3,"56 km S of Whites City, New Mexico",2025-07-29 19:09:53
ak0259nngyvg,-152.4146,59.9085,86.6,3.0,"35 km WNW of Anchor Point, Alaska",2025-07-29 21:19:00
ok2025otsk,-97.96,35.0235,6.39,2.6,"3 km SSW of Chickasha, Oklahoma",2025-07-30 00:23:01
tx2025ovnkze,-98.938,28.891,6.11,2.7,"15 km E of Pearsall, Texas",2025-07-30 00:27:59
tx2025ovrscz,-98.922,28.809,5.82,2.5,"19 km ESE of Pearsall, Texas",2025-07-30 02:36:58
uu80112846,-110.9395,44.7535,11.85,2.78,"16 km NE of West Yellowstone, Montana",2025-07-30 09:10:40
tx2025owmsok,-101.92,32.119,8.86,2.5,"12 km W of Stanton, Texas",2025-07-30 13:11:08
us7000qwl6,-161.9257,54.7888,10.0,3.3,"39 km SE of King Cove, Alaska",2025-07-30 14:52:23
tx2025owsrpr,-104.19,31.666,6.41,2.5,"54 km NW of Toyah, Texas",2025-07-30 16:11:03
tx2025oxafiu,-101.939,32.119,8.28,3.0,"14 km W of Stanton, Texas",2025-07-30 19:58:19
ak0259pacnmy,-151.5019,65.8429,18.4,2.5,"71 km WNW of Rampart, Alaska",2025-07-30 20:08:20
tx2025oxbigd,-101.105,32.125,6.13,2.5,"24 km E of Forsan, Texas",2025-07-30 20:31:45
tx2025oxfnle,-101.082,32.134,8.42,2.5,"25 km SSW of Westbrook, Texas",2025-07-30 22:40:48
ak0259qnpwcw,-150.1552,61.2439,49.5,3.1,"13 km WNW of Anchorage, Alaska",2025-07-31 03:00:11
us6000rcep,-166.3393,53.725,71.24,3.1,"20 km SE of Unalaska, Alaska",2025-07-31 11:56:31
uw62154557,-121.85367,47.58883,20.48,2.75,"3 km NE of Fall City, Washington",2025-07-31 14:36:51
ci41249424,-117.4175,34.14233,6.41,2.85,"6 km NW of Rialto, CA",2025-07-31 15:34:38
ci41249432,-117.41667,34.1445,6.05,2.72,"6 km NW of Rialto, CA",2025-07-31 15:42:15
ci41249496,-117.41433,34.148,5.26,4.37238430493943,"6 km NW of Rialto, CA",2025-07-31 16:32:24
ci41249512,-117.41017,34.14233,5.76,3.09,"5 km NW of Rialto, CA",2025-07-31 16:36:50
us6000rd0s,-159.3791,55.0555,7.98,2.7,"77 km ESE of Sand Point, Alaska",2025-07-31 19:58:05
ak0259qxztn7,-150.4834,63.1768,117.6,3.1,"74 km ESE of Denali National Park, Alaska",2025-07-31 20:26:03
hv74740842,-155.49516,19.20534,31.39,2.79,"1 km W of Pāhala, Hawaii",2025-08-01 01:44:41
ak0259saf1wg,-152.6347,60.2187,100.0,2.9,"56 km WNW of Ninilchik, Alaska",2025-08-01 01:59:24
nm60612096,-89.9495,35.9045,12.84,2.56,"3 km SW of Blytheville, Arkansas",2025-08-01 09:11:32
tx2025ozykow,-102.027,32.411,8.91,2.5,"31 km WSW of Ackerly, Texas",2025-08-01 10:17:30
us6000qz12,-163.5942,54.9106,218.33,2.5,"13 km WNW of False Pass, Alaska",2025-08-01 10:31:47
tx2025paajiq,-102.128,32.101,8.33,2.7,"12 km NNW of Midland, Texas",2025-08-01 11:16:16
nc75217862,-123.99767,40.6805,25.99,2.89,"14 km SE of Pine Hills, CA",2025-08-01 11:26:11
us6000qztj,-159.4972,54.9981,10.0,2.7,"74 km ESE of Sand Point, Alaska",2025-08-01 15:16:39
nm60612136,-89.95117,35.90533,13.36,3.06,"3 km SW of Blytheville, Arkansas",2025-08-01 16:31:34
ak0259skav1v,-150.8225,61.9816,62.2,3.2,"30 km E of Skwentna, Alaska",2025-08-01 18:19:31
hv74741442,-155.136,19.7015,38.17,2.77,"5 km WSW of Hilo, Hawaii",2025-08-01 19:34:43
ak0259snb53u,-147.3737,65.9433,10.7,3.7,"46 km S of Beaver, Alaska",2025-08-01 23:24:48
ak0259snikg9,-147.4051,65.9131,10.0,2.9,"49 km S of Beaver, Alaska",2025-08-01 23:59:13
uw62164416,-122.62667,47.7055,25.1,2.93,"0 km NW of Keyport, Washington",2025-08-02 16:20:33
hv74741857,-155.51983,19.24584,9.43,2.7,"6 km NW of Pāhala, Hawaii",2025-08-02 17:42:27
ci41251592,-116.88283,34.2435,8.17,3.0,"3 km E of Big Bear Lake, CA",2025-08-02 18:19:25
nn00901985,-116.4781,38.4543,5.3,2.8,"78 km ENE of Tonopah, Nevada",2025-08-02 19:39:30
us6000qxqz,-97.5441,38.7075,5.0,3.4,"6 km ENE of Assaria, Kansas",2025-08-02 21:21:51
nn00901990,-116.4863,38.4415,11.8,2.6,"77 km ENE of Tonopah, Nevada",2025-08-02 22:25:00
us6000qxrc,-97.5596,38.6855,5.0,2.7,"3 km E of Assaria, Kansas",2025-08-02 22:33:33
ak0259vkjmff,-144.222,65.4835,15.5,2.5,"28 km ESE of Central, Alaska",2025-08-03 00:00:02
us6000qxs8,-113.4083,34.2627,10.0,2.5,"39 km SSW of Bagdad, Arizona",2025-08-03 02:05:59
us6000qxsb,-74.0507,40.8535,10.0,3.0,"0 km W of Little Ferry, New Jersey",2025-08-03 02:18:52
ak0259voyxht,-150.8701,60.7576,53.3,2.5,"20 km SSW of Point Possession, Alaska",2025-08-03 07:43:30
ak0259vpj3bn,-156.272,67.3322,2.6,2.5,"54 km NNE of Kobuk, Alaska",2025-08-03 08:37:35
ak0259vploan,-150.1851,60.9762,47.0,2.9,"27 km ENE of Point Possession, Alaska",2025-08-03 08:49:41
ak0259vqrmke,-151.7427,61.7049,91.9,3.2,"36 km SSW of Skwentna, Alaska",2025-08-03 10:45:14
ak0259vszg3c,-153.4607,63.3911,8.4,2.5,"62 km NE of Nikolai, Alaska",2025-08-03 14:17:55
ak0259vuuhqi,-152.6626,60.2001,101.3,3.4,"57 km WNW of Ninilchik, Alaska",2025-08-03 17:30:36
us6000qxyj,-97.5252,38.6961,5.0,3.3,"7 km ENE of Assaria, Kansas",2025-08-03 22:35:56
us6000re8s,-166.1872,53.6856,80.06,2.8,"31 km SE of Unalaska, Alaska",2025-08-03 23:03:27
nc75218867,-124.32283,40.643,16.65,2.6,"9 km NNW of Ferndale, CA",2025-08-04 04:56:54
ak0259xb90qh,-152.9588,59.2766,88.6,2.6,"59 km W of Nanwalek, Alaska",2025-08-04 05:32:16
ak0259xbysmc,-151.5304,61.5529,74.1,2.6,"49 km S of Skwentna, Alaska",2025-08-04 06:52:40
ak0259xcxbuq,-146.4474,61.5687,16.4,2.8,"49 km N of Valdez, Alaska",2025-08-04 08:13:53
hv74742852,-155.48783,19.17384,31.21,2.56,"3 km SSW of Pāhala, Hawaii",2025-08-04 10:20:01
tx2025pftilp,-104.015,31.629,6.32,2.5,"40 km WSW of Mentone, Texas",2025-08-04 14:10:53
ak0259xgqgpx,-154.2672,56.7834,43.3,3.2,"18 km SSW of Akhiok, Alaska",2025-08-04 14:53:34
nc75219122,-122.819,38.82967,1.99,2.53,"8 km NNW of The Geysers, CA",2025-08-04 18:44:37
us6000qy4b,-97.538,38.6742,9.9,3.3,"5 km E of Assaria, Kansas",2025-08-04 23:20:58
ci41253136,-118.4825,35.3825,7.33,2.67,"23 km S of Bodfish, CA",2025-08-05 01:18:32
ci41253160,-115.56783,33.21317,3.76,3.11,"5 km WSW of Niland, CA",2025-08-05 01:50:24
hv74743437,-155.38016,19.20334,30.23,2.74,"10 km E of Pāhala, Hawaii",2025-08-05 06:23:24
ci41253328,-115.528,32.9115,11.74,2.72,"8 km S of Brawley, CA",2025-08-05 06:27:16
ci41253336,-115.53583,32.9125,16.19,3.87489612092827,"7 km S of Brawley, CA",2025-08-05 06:59:16
ci41253472,-115.531,32.91333,12.51,3.11,"7 km S of Brawley, CA",2025-08-05 08:48:51
us6000qy8a,-177.4302,51.87479,86.52,4.8,"54 km W of Adak, Alaska",2025-08-05 11:04:08
hv74743617,-155.48233,19.17384,30.6,2.96,"3 km S of Pāhala, Hawaii",2025-08-05 13:04:28
tx2025phoijq,-101.05,32.151,5.93,2.8,"22 km S of Westbrook, Texas",2025-08-05 13:48:53
ak0259z471wy,-155.9777,57.985,132.2,2.7,"86 km ESE of Egegik, Alaska",2025-08-05 14:40:48
us6000qycu,-99.6548,39.3866,8.86,2.5,"3 km NE of Bogue, Kansas",2025-08-05 15:48:56
us6000qycw,-74.0383,41.0145,12.44,2.8,"1 km N of Hillsdale, New Jersey",2025-08-05 16:11:57
ak0259z92ju9,-151.127,61.1503,55.0,2.6,"2 km WNW of Beluga, Alaska",2025-08-05 22:59:28
ci41254152,-117.41417,34.1455,6.66,3.48,"6 km NW of Rialto, CA",2025-08-05 23:54:37
ak025a0jv8hy,-150.9949,61.8916,10.7,3.0,"23 km ESE of Skwentna, Alaska",2025-08-06 01:19:35
hv74744192,-155.485,19.17934,30.55,3.09,"2 km SSW of Pāhala, Hawaii",2025-08-06 02:10:31
tx2025pipayj,-104.398,31.662,5.64,2.9,"56 km S of Whites City, New Mexico",2025-08-06 03:15:02
ak025a0mgw04,-152.7237,60.1861,91.9,2.5,"60 km WNW of Ninilchik, Alaska",2025-08-06 05:56:29
ci41254384,-117.59017,34.01983,6.15,3.46,"5 km SE of Ontario, CA",2025-08-06 08:02:55
ci41254392,-117.59117,34.01967,4.01,3.18,"5 km SE of Ontario, CA",2025-08-06 08:03:11
ci41254424,-117.59317,34.021,6.13,3.43,"5 km SE of Ontario, CA",2025-08-06 08:14:00
ak025a0o0ub1,-141.2073,61.5261,5.0,3.5,"91 km E of McCarthy, Alaska",2025-08-06 08:17:36
ci41254448,-117.492,34.31067,11.87,3.66,"6 km N of Lytle Creek, CA",2025-08-06 09:00:49
nn00902194,-116.5103,38.4542,9.9,2.6,"76 km NE of Tonopah, Nevada",2025-08-06 11:42:44
hv74744557,-155.48316,19.17267,30.77,3.21,"3 km S of Pāhala, Hawaii",2025-08-06 13:43:30
nc75220147,-119.817,38.63233,0.42,2.5,"7 km SSW of Markleeville, CA",2025-08-06 18:02:35
hv74744642,-155.48433,19.17267,30.75,3.16,"3 km S of Pāhala, Hawaii",2025-08-06 18:06:12
ak025a0u3q2q,-151.2161,62.4381,87.7,4.6,"24 km WSW of Petersville, Alaska",2025-08-06 18:38:57
tx2025pjvdyf,-102.214,32.132,7.1,2.6,"19 km NW of Midland, Texas",2025-08-06 19:23:53
ak025a0x12u3,-152.8852,59.8831,95.4,3.4,"60 km W of Anchor Point, Alaska",2025-08-06 23:30:10
tx2025plfrfo,-101.922,32.412,8.76,2.7,"23 km WSW of Ackerly, Texas",2025-08-07 13:45:30
nc75220377,-118.784,38.04317,8.7,2.7,"27 km SE of Bodie, CA",2025-08-07 15:04:22
ak025a2h2u0u,-158.7903,55.9908,65.4,2.6,"23 km ENE of Perryville, Alaska",2025-08-07 17:44:13
us6000rfr7,-159.2953,54.9891,25.63,2.9,"85 km ESE of Sand Point, Alaska",2025-08-07 22:24:41
hv74745807,-155.84016,19.4315,8.81,2.61,"3 km SE of Honaunau-Napoopoo, Hawaii",2025-08-07 23:06:24
ak025a2kizqs,-147.542,61.4356,19.7,2.8,"41 km S of Glacier View, Alaska",2025-08-07 23:23:42
ak025a2kno5b,-151.4344,60.0238,46.8,4.0,"13 km ESE of Ninilchik, Alaska",2025-08-07 23:45:24
ak025a3vlisk,-147.6203,63.5106,0.8,2.6,"67 km E of Cantwell, Alaska",2025-08-08 02:29:40
ak025a3vlxlx,-147.2077,63.4585,70.9,2.7,"87 km E of Cantwell, Alaska",2025-08-08 02:31:33
ak025a3wp4nc,-147.6271,61.7061,25.0,2.8,"11 km S of Glacier View, Alaska",2025-08-08 04:14:21
ak025a40z908,-147.038,61.8582,27.8,3.2,"11 km SE of Eureka Roadhouse, Alaska",2025-08-08 11:33:27
ak025a47o3rv,-152.327,60.0461,71.1,3.2,"34 km WNW of Happy Valley, Alaska",2025-08-08 22:57:01
nm60612746,-87.68383,38.178,18.77,2.58,"2 km ESE of Cynthiana, Indiana",2025-08-09 03:06:00
us6000rfgw,-166.2254,53.7415,78.27,3.3,"25 km SE of Unalaska, Alaska",2025-08-09 05:58:28
nn00902315,-119.0839,39.1345,7.0,3.5,"17 km NNE of Yerington, Nevada",2025-08-09 07:14:12
us6000qzfy,-110.5513,32.432,12.18,2.6,"14 km ENE of Willow Canyon, Arizona",2025-08-09 09:25:20
ak025a5s1v00,-147.2253,61.4265,15.1,2.8,"48 km SSE of Glacier View, Alaska",2025-08-09 17:27:04
ci41257504,-116.6435,33.992,6.61,3.05,"8 km SW of Morongo Valley, CA",2025-08-09 20:08:44
nc75221232,-121.06167,36.46267,4.17,2.54,"11 km SSE of Pinnacles, CA",2025-08-09 21:53:36
uu80113576,-109.87683,41.56967,-2.36,3.45,"3 km NNW of Little America, Wyoming",2025-08-10 10:04:44
ak025a7c752b,-144.9487,63.4082,8.9,3.0,"30 km SSW of Dry Creek, Alaska",2025-08-10 11:57:51
us6000r0f2,-174.3185,52.27809,163.97,2.6,"12 km NW of Atka, Alaska",2025-08-10 14:03:57
uw62168906,-123.2025,47.93267,44.22,2.82,"16 km SSW of River Road, Washington",2025-08-10 19:24:01
us6000r1t9,-179.0719,51.37149,35.0,3.0,"177 km WSW of Adak, Alaska",2025-08-11 12:36:04
nn00902450,-116.6885,41.163,11.3,2.5,"55 km NE of Valmy, Nevada",2025-08-11 18:14:34
nn00902440,-116.7149,41.2421,6.3,2.9,"60 km NE of Valmy, Nevada",2025-08-11 21:24:31
ak025aagka93,-145.3948,62.0559,15.1,2.6,"1 km E of Tazlina, Alaska",2025-08-12 00:31:00
ok2025pror,-97.91833,35.32517,7.67,2.6,"2 km ENE of Minco, Oklahoma",2025-08-12 01:45:13
ak025aai7cm4,-156.3167,57.8179,128.5,2.5,"72 km ENE of Ugashik, Alaska",2025-08-12 03:06:11
us6000r017,-166.5311,53.5277,68.76,3.4,"38 km S of Unalaska, Alaska",2025-08-12 04:29:20
nc75222147,-121.14383,40.236,6.05,2.64,"3 km NNE of Prattville, CA",2025-08-12 06:21:15
tx2025ptwvfe,-104.368,31.671,6.1,3.5,"55 km S of Whites City, New Mexico",2025-08-12 06:58:52
tx2025pufpvr,-104.323,31.68,7.59,2.6,"55 km S of Whites City, New Mexico",2025-08-12 11:24:11
us7000qqra,-162.4039,54.3521,35.0,2.5,"79 km S of King Cove, Alaska",2025-08-12 13:45:19
ak025aaqnrfu,-151.5423,60.1978,70.7,2.7,"9 km WSW of Clam Gulch, Alaska",2025-08-12 17:26:37
ak025aaraq9f,-148.0421,61.6452,22.0,2.5,"27 km SW of Glacier View, Alaska",2025-08-12 18:33:54
ak025aau5jom,-150.7077,61.2696,52.9,2.6,"24 km NE of Beluga, Alaska",2025-08-12 23:13:24
hv74751262,-154.84816,19.452,6.87,2.79,"7 km ESE of Leilani Estates, Hawaii",2025-08-13 00:37:55
ak025ac4tj8i,-152.3096,57.7804,28.9,2.6,"5 km E of Kodiak, Alaska",2025-08-13 01:51:39
ak025ac9bxld,-162.9205,67.4536,4.0,2.6,"13 km S of Noatak, Alaska",2025-08-13 09:09:06
us6000rgfk,-166.1618,53.7217,80.79,3.3,"29 km SE of Unalaska, Alaska",2025-08-13 16:21:50
ak025achn778,-153.1424,59.9211,113.6,3.5,"56 km ENE of Pedro Bay, Alaska",2025-08-13 23:05:36
us6000r0gc,-111.5311,44.8098,12.38,3.1,"27 km W of Hebgen Lake Estates, Montana",2025-08-13 23:23:10
ak025ads86o8,-147.7208,63.1847,3.5,4.0,"65 km ESE of Cantwell, Alaska",2025-08-14 01:29:48
ak025adu25vy,-149.7686,62.2899,9.2,2.9,"14 km NNE of Susitna North, Alaska",2025-08-14 04:37:31
nc75222987,-123.611,39.73783,-0.69,2.55,"12 km NW of Laytonville, CA",2025-08-14 09:24:06
nc75223077,-122.8165,38.8005,3.38,4.05,"6 km NW of The Geysers, CA",2025-08-14 12:48:04
nc75223397,-121.32033,35.81617,9.07,3.62,"22 km NNW of San Simeon, CA",2025-08-14 13:41:47
nc75223457,-122.80783,38.81733,3.52,2.6,"6 km NW of The Geysers, CA",2025-08-14 14:05:21
se60612941,-82.20417,35.31817,5.6,2.73,"7 km N of Columbus, North Carolina",2025-08-14 15:14:17
tx2025pyksht,-101.639,32.134,6.52,2.7,"14 km E of Stanton, Texas",2025-08-14 18:15:47
us6000r1jd,-176.5467,51.73349,16.24,2.7,"16 km SSE of Adak, Alaska",2025-08-14 19:39:13
tx2025pyumjw,-104.425,31.68,6.41,3.0,"55 km S of Whites City, New Mexico",2025-08-14 23:10:41
us6000r0vd,-99.1773,39.1399,5.0,2.6,"14 km WSW of Natoma, Kansas",2025-08-14 23:47:16
tx2025pzasju,-102.094,32.407,7.06,3.2,"37 km WSW of Ackerly, Texas",2025-08-15 02:18:39
ak025afgb6eg,-147.0313,60.9351,14.7,2.7,"20 km WNW of Tatitlek, Alaska",2025-08-15 02:21:14
ak025afghvtu,-151.329,63.2505,2.8,2.6,"37 km SSE of Denali National Park, Alaska",2025-08-15 02:52:42
ak025afgi0x4,-151.2579,62.5311,88.9,2.8,"25 km W of Petersville, Alaska",2025-08-15 02:53:08
ak025afhihz7,-140.7895,59.9584,1.8,3.3,"75 km NW of Yakutat, Alaska",2025-08-15 04:23:25
ci41261216,-117.11733,34.0045,18.46,2.62,"6 km WNW of Calimesa, CA",2025-08-15 08:11:25
ci41261232,-119.08633,35.0895,11.08,2.83,"22 km NW of Grapevine, CA",2025-08-15 08:59:48
us6000r0yz,-113.3781,46.9113,5.08,2.9,"22 km WSW of Ovando, Montana",2025-08-15 14:06:05
ak025afo8iai,-154.4635,58.8364,107.9,2.5,"69 km SSE of Kokhanok, Alaska",2025-08-15 15:52:38
ci41261504,-117.417,34.145,6.04,2.74,"6 km NW of Rialto, CA",2025-08-15 16:31:05
ci41261536,-116.7995,33.67633,17.34,3.33,"10 km SW of Idyllwild, CA",2025-08-15 16:43:29
ak025afpxjki,-162.5932,55.4806,148.5,2.6,"33 km NNE of Cold Bay, Alaska",2025-08-15 18:37:16
ak025afr6biz,-161.9874,54.8806,4.8,2.9,"29 km SE of King Cove, Alaska",2025-08-15 20:46:05
tx2025qasaxv,-101.74,31.881,7.3,2.6,"24 km W of Garden City, Texas",2025-08-16 00:06:02
us6000r1ks,-176.4406,51.78869,100.28,3.7,"16 km SE of Adak, Alaska",2025-08-16 09:49:17
hv74753897,-155.61616,19.19617,-0.15,2.95,"13 km N of Wai‘ōhinu, Hawaii",2025-08-16 15:10:39
ak025ahdxsn6,-153.4326,62.2826,5.1,2.9,"94 km SSE of Nikolai, Alaska",2025-08-16 19:16:01
us6000rhn8,-168.1752,53.4046,120.93,3.4,"69 km NE of Nikolski, Alaska",2025-08-17 03:50:18
ak025aitxtgp,-150.6005,61.4391,51.5,3.5,"12 km SSW of Susitna, Alaska",2025-08-17 06:50:12
us6000r26w,-178.9843,51.32969,26.34,2.6,"173 km WSW of Adak, Alaska",2025-08-17 11:38:38
nn00902709,-117.7341,37.5949,2.5,2.5,"19 km SSW of Silver Peak, Nevada",2025-08-17 14:17:44
ci40401226,-116.966,33.8225,11.45,2.54,"4 km N of San Jacinto, CA",2025-08-17 15:27:39
ci40401466,-117.91817,36.12033,4.32,2.56,"9 km NNE of Coso Junction, CA",2025-08-17 23:21:37
ci40401474,-117.91783,36.12033,4.5,2.86,"9 km NNE of Coso Junction, CA",2025-08-17 23:22:58
ak025akex727,-152.0851,61.7659,106.9,2.8,"43 km SW of Skwentna, Alaska",2025-08-18 02:21:02
hv74754977,-155.07333,19.83884,36.11,2.71,"3 km E of Pepeekeo, Hawaii",2025-08-18 06:11:35
us6000ridg,-168.7565,52.985,74.26,2.8,"8 km NE of Nikolski, Alaska",2025-08-18 16:48:24
us6000ridl,-166.9333,53.6706,78.65,2.6,"34 km SW of Unalaska, Alaska",2025-08-18 21:16:00
tx2025qgcefs,-104.131,31.646,1.9,3.2,"48 km NW of Toyah, Texas",2025-08-18 22:33:53
us6000ridm,-174.0719,52.07629,75.13,2.8,"15 km SSE of Atka, Alaska",2025-08-18 23:07:39
ci40402354,-118.026,36.1775,3.58,2.76,"12 km S of Olancha, CA",2025-08-19 00:34:17
ak025am31v9u,-152.3026,58.9413,50.3,2.6,"51 km SSW of Nanwalek, Alaska",2025-08-19 03:20:53
ak025am6qnzu,-153.2675,60.0839,132.3,2.5,"57 km NE of Pedro Bay, Alaska",2025-08-19 09:40:11
tx2025qgyisk,-104.407,31.686,5.89,2.9,"54 km S of Whites City, New Mexico",2025-08-19 09:42:52
hv74755707,-155.77333,19.4815,8.92,2.89,"9 km ENE of Honaunau-Napoopoo, Hawaii",2025-08-19 10:02:18
hv74755747,-155.505,19.18717,32.66,2.59,"3 km WSW of Pāhala, Hawaii",2025-08-19 12:06:41
uu80114071,-110.85967,44.80783,11.55,3.71,"22 km SSW of Mammoth, Wyoming",2025-08-19 17:14:53
uu80114101,-110.8505,44.8035,11.39,2.6,"22 km SSW of Mammoth, Wyoming",2025-08-19 19:00:18
se60613086,-83.68283,35.84717,15.49,2.5,"6 km SE of Seymour, Tennessee",2025-08-19 19:29:01
nn00902844,-114.5362,37.2142,8.4,2.5,"44 km S of Caliente, Nevada",2025-08-20 03:20:34
ak025anrr6ry,-157.3435,66.2548,10.3,2.8,"71 km S of Shungnak, Alaska",2025-08-20 05:16:33
tx2025qilywb,-102.066,32.401,8.72,2.6,"35 km WSW of Ackerly, Texas",2025-08-20 05:38:19
nc75226262,-118.39383,37.45517,6.66,2.54,"8 km NNE of Dixon Lane-Meadow Creek, CA",2025-08-20 15:43:53
ak025anxxoou,-146.9158,64.4868,9.1,3.0,"4 km S of Salcha, Alaska",2025-08-20 15:54:44
ak025ao0p1rq,-153.3478,59.825,122.9,2.9,"42 km E of Pedro Bay, Alaska",2025-08-20 20:18:03
ak025ao0swgd,-149.0809,64.7437,15.4,4.2,"15 km N of Four Mile Road, Alaska",2025-08-20 20:35:27
uu80114241,-113.58283,37.47883,9.65,2.57,"7 km NNE of Central, Utah",2025-08-20 22:13:26
tx2025qjykvo,-104.178,31.571,6.8,2.5,"46 km NW of Toyah, Texas",2025-08-21 00:58:46
tx2025qkeche,-104.377,31.666,6.66,3.1,"56 km S of Whites City, New Mexico",2025-08-21 03:50:46
tx2025qkelbt,-104.374,31.668,6.1,3.5,"56 km S of Whites City, New Mexico",2025-08-21 04:00:07
tx2025qkfczp,-104.37,31.648,7.97,2.8,"58 km S of Whites City, New Mexico",2025-08-21 04:20:51
nc75226627,-122.389,38.34633,7.74,2.68,"7 km SSW of Yountville, CA",2025-08-21 06:39:12
uw62174381,-122.3065,48.41433,9.8,2.89,"2 km ESE of Mount Vernon, Washington",2025-08-21 08:01:52
hv74757017,-155.48966,19.17484,31.64,3.34,"3 km SSW of Pāhala, Hawaii",2025-08-21 08:59:07
nc75226677,-120.272,36.2235,13.48,2.63,"12 km NE of Coalinga, CA",2025-08-21 10:09:29
nc75226697,-121.23467,36.607,6.44,2.69,"12 km NW of Pinnacles, CA",2025-08-21 10:35:04
tx2025qlmqeq,-93.968,31.76,7.47,3.0,"8 km W of Huxley, Texas",2025-08-21 21:14:06
tx2025qlwgec,-93.935,31.75,8.67,3.2,"5 km WSW of Huxley, Texas",2025-08-22 02:02:24
us6000r395,-177.4165,51.67679,10.0,2.8,"58 km WSW of Adak, Alaska",2025-08-22 05:40:30
us6000r313,-99.1974,39.5245,5.0,2.5,"11 km NNE of Stockton, Kansas",2025-08-22 15:30:24
us6000r390,-98.1233,37.396,5.0,2.5,"6 km SSE of Spivey, Kansas",2025-08-23 02:09:45
se60613221,-82.1105,34.28967,6.82,2.88,"3 km NNW of Coronaca, South Carolina",2025-08-23 04:17:49
se60613226,-82.09517,34.2875,2.12,3.04,"3 km N of Coronaca, South Carolina",2025-08-23 04:23:38
se60503958,-82.11333,34.299,2.7,2.54,"4 km NNW of Coronaca, South Carolina",2025-08-23 04:41:18
ak025asr2hlj,-149.6701,63.1469,82.9,2.9,"45 km SW of Cantwell, Alaska",2025-08-23 06:34:20
ak025asrq3fr,-150.5051,60.4748,48.8,2.5,"14 km ESE of Funny River, Alaska",2025-08-23 07:44:34
ak025ass24e5,-144.9895,69.5897,4.7,3.4,"80 km SW of Kaktovik, Alaska",2025-08-23 08:00:44
ak025asv1p8k,-150.5707,62.8447,87.0,2.7,"40 km NNE of Petersville, Alaska",2025-08-23 13:02:37
ak025asv4bg8,-153.1354,59.7022,99.3,2.8,"55 km E of Pedro Bay, Alaska",2025-08-23 13:15:00
ak025aswbxpg,-149.8776,61.4046,38.7,2.8,"7 km NE of Point MacKenzie, Alaska",2025-08-23 15:18:09
ak025aswfl1z,-153.2623,59.8371,122.9,2.7,"47 km E of Pedro Bay, Alaska",2025-08-23 15:35:12
ak025aswyglx,-153.154,60.3211,143.6,3.7,"65 km E of Port Alsworth, Alaska",2025-08-23 16:23:17
ak025asy4ii0,-148.3083,63.3218,11.5,2.5,"33 km ESE of Cantwell, Alaska",2025-08-23 18:19:38
ak025asyv9u5,-157.6059,55.9829,38.4,2.9,"60 km SE of Chignik, Alaska",2025-08-23 19:44:22
us6000rkf1,-161.7145,55.542,148.31,2.5,"60 km SSW of Nelson Lagoon, Alaska",2025-08-23 21:26:10
ak025audtkew,-143.6337,60.4756,14.3,2.5,"113 km SSW of McCarthy, Alaska",2025-08-24 05:02:31
us6000rkvz,-179.0256,51.39749,25.61,2.7,"173 km WSW of Adak, Alaska",2025-08-24 05:38:13
nc75227967,-121.30717,36.65633,4.25,2.58,"15 km S of Tres Pinos, CA",2025-08-24 07:17:36
uu80114526,-114.08483,38.19167,-3.37,2.65,"25 km NNE of Ursine, Nevada",2025-08-24 10:56:20
ak025aw1fvjl,-150.3857,61.6203,51.6,2.5,"10 km NE of Susitna, Alaska",2025-08-25 05:16:13
ak025aw1if9v,-147.7101,63.5805,6.1,3.4,"62 km ESE of Denali Park, Alaska",2025-08-25 05:28:02
us6000rl96,-166.239,53.7405,74.3,2.6,"24 km SE of Unalaska, Alaska",2025-08-25 06:13:40
us6000rl9a,-162.1147,54.6442,50.26,2.7,"48 km SSE of King Cove, Alaska",2025-08-25 10:02:52
us6000rl9g,-170.7301,52.6786,33.07,2.9,"129 km WSW of Nikolski, Alaska",2025-08-25 10:41:06
us6000r3ly,-99.4232,39.246,9.24,2.5,"1 km NE of Zurich, Kansas",2025-08-25 11:19:20
tx2025qsiclb,-104.266,31.665,6.46,2.5,"57 km S of Whites City, New Mexico",2025-08-25 14:27:08
ak025aw83xwe,-156.5057,57.5273,96.0,2.6,"53 km E of Ugashik, Alaska",2025-08-25 16:36:18
tx2025qspcwz,-101.928,32.108,8.86,2.6,"13 km W of Stanton, Texas",2025-08-25 17:58:17
ak025awaf5jy,-161.0886,65.1529,2.6,3.6,"24 km N of Koyuk, Alaska",2025-08-25 20:24:41
ak025axmmujg,-153.0,57.6369,43.3,2.8,"20 km WSW of Womens Bay, Alaska",2025-08-26 01:22:47
us7000qqzg,-68.8689,44.0121,10.14,2.5,"4 km SW of Vinalhaven, Maine",2025-08-26 07:49:07
ak025axtnzab,-141.0124,59.9632,17.1,3.4,"85 km WNW of Yakutat, Alaska",2025-08-26 13:03:48
ak025axtq2p3,-141.0189,59.9706,18.2,3.2,"86 km WNW of Yakutat, Alaska",2025-08-26 13:13:26
ak025axxgn85,-146.4266,68.636,14.8,2.9,"67 km NNW of Arctic Village, Alaska",2025-08-26 19:41:11
ak025az9g15q,-154.7235,57.3786,14.8,2.6,"26 km SW of Karluk, Alaska",2025-08-27 00:00:40
tx2025qvborr,-104.442,31.654,5.95,2.7,"58 km S of Whites City, New Mexico",2025-08-27 02:22:59
us6000rlsm,-173.5063,51.99589,59.04,3.4,"52 km ESE of Atka, Alaska",2025-08-27 12:18:59
us6000rlsn,-176.6094,51.81679,74.97,2.9,"6 km SSE of Adak, Alaska",2025-08-27 12:46:06
nc75229517,-122.708,38.75783,1.49,2.66,"2 km SW of Anderson Springs, CA",2025-08-27 21:02:57
us6000rlsv,-178.7128,51.75929,101.54,2.5,"143 km W of Adak, Alaska",2025-08-27 23:21:26
nn00903318,-116.6947,41.1788,8.5,2.5,"56 km NE of Valmy, Nevada",2025-08-28 04:09:03
nn00903306,-116.6986,41.1938,8.5,3.6,"57 km NE of Valmy, Nevada",2025-08-28 22:52:59
ci41277768,-117.10367,34.02717,10.89,2.81,"6 km SSE of Mentone, CA",2025-08-28 23:37:58
nn00903323,-116.7295,41.1993,5.2,3.6,"56 km NE of Valmy, Nevada",2025-08-29 02:17:48
ok2025qwtk,-98.02983,35.63067,6.59,2.69,"8 km ENE of Calumet, Oklahoma",2025-08-29 03:22:16
nn00903335,-116.7046,41.1781,9.3,3.5,"55 km NE of Valmy, Nevada",2025-08-29 06:24:36
tx2025qzbdup,-104.432,31.656,5.64,2.6,"57 km S of Whites City, New Mexico",2025-08-29 06:28:18
tx2025qzbkay,-104.444,31.657,6.3,2.7,"57 km S of Whites City, New Mexico",2025-08-29 06:35:34
nn00903349,-116.7005,41.1931,8.2,3.5,"57 km NE of Valmy, Nevada",2025-08-29 09:05:04
nn00903355,-116.7056,41.2068,8.2,3.3,"58 km NE of Valmy, Nevada",2025-08-29 09:18:26
nn00903363,-116.7185,41.206,7.4,3.2,"57 km NE of Valmy, Nevada",2025-08-29 09:35:02
nn00903367,-116.6947,41.2376,8.8,3.5,"61 km NE of Valmy, Nevada",2025-08-29 09:44:05
ak025b2x7h3w,-149.6291,63.4296,3.4,2.9,"34 km W of Cantwell, Alaska",2025-08-29 21:31:41
ak025b48x37z,-146.4437,61.6785,14.5,3.3,"38 km SSE of Nelchina, Alaska",2025-08-30 01:45:12
nn00903424,-116.6811,41.1607,7.8,3.8,"55 km NE of Valmy, Nevada",2025-08-30 04:54:49
nn00904458,-116.6924,41.1877,7.5,2.5,"57 km NE of Valmy, Nevada",2025-08-30 06:29:04
nn00903430,-116.6969,41.1853,0.0,3.3,"56 km NE of Valmy, Nevada",2025-08-30 07:28:30
nn00903435,-116.7082,41.2378,4.9,2.7,"60 km NE of Valmy, Nevada",2025-08-30 09:17:35
nn00903437,-116.6989,41.1947,0.0,3.3,"57 km NE of Valmy, Nevada",2025-08-30 09:21:39
ak025b4enals,-151.2729,59.9865,44.4,2.5,"22 km NW of Fox River, Alaska",2025-08-30 11:07:19
nn00904247,-116.6921,41.18,0.0,2.8,"56 km NE of Valmy, Nevada",2025-08-30 12:20:16
nn00903448,-116.6648,41.1258,13.7,3.1,"53 km NE of Valmy, Nevada",2025-08-30 12:54:45
nn00903460,-116.6683,41.1269,8.2,3.0,"53 km NE of Valmy, Nevada",2025-08-30 13:51:21
nn00903469,-116.7175,41.3234,5.5,2.7,"68 km NNE of Valmy, Nevada",2025-08-30 13:55:49
nn00903464,-116.6876,41.1401,3.3,3.1,"53 km NE of Valmy, Nevada",2025-08-30 14:01:57
us7000qska,-104.692,32.2802,5.0,2.6,"31 km WNW of Whites City, New Mexico",2025-08-30 14:54:47
nn00903470,-116.7192,41.1396,8.1,4.8,"51 km NE of Valmy, Nevada",2025-08-30 18:59:53
nn00903475,-116.7306,41.2573,4.2,4.0,"61 km NNE of Valmy, Nevada",2025-08-30 19:02:59
nn00908074,-116.6835,41.1384,0.0,3.04,"53 km NE of Valmy, Nevada",2025-08-30 19:05:24
nn00903483,-116.4593,41.1369,3.3,3.1,"55 km NNW of Carlin, Nevada",2025-08-30 19:05:50
nn00903477,-116.6879,41.1818,4.7,3.1,"56 km NE of Valmy, Nevada",2025-08-30 19:09:43
nn00905007,-116.6816,41.1599,10.7,2.5,"55 km NE of Valmy, Nevada",2025-08-30 19:52:57
nn00905011,-116.717,41.2148,8.0,2.5,"58 km NE of Valmy, Nevada",2025-08-30 21:15:30
nn00903484,-116.6917,41.2446,9.7,2.8,"62 km NE of Valmy, Nevada",2025-08-30 21:53:44
nn00907550,-116.6835,41.1731,11.14,2.58,"56 km NE of Valmy, Nevada",2025-08-31 01:20:41
nn00903492,-116.7389,41.1554,7.3,3.1,"51 km NE of Valmy, Nevada",2025-08-31 01:54:43
nn00903497,-116.7267,41.156,6.5,2.7,"52 km NE of Valmy, Nevada",2025-08-31 02:25:55
nn00903506,-116.6901,41.1938,9.7,3.1,"57 km NE of Valmy, Nevada",2025-08-31 03:35:05
us6000rmcr,-167.8117,53.5177,99.78,2.5,"93 km WSW of Unalaska, Alaska",2025-08-31 03:54:13
nn00903513,-116.7483,41.156,5.93,3.86,"51 km NE of Valmy, Nevada",2025-08-31 05:27:24
nn00903516,-116.7169,41.151,7.0,3.84,"52 km NE of Valmy, Nevada",2025-08-31 05:27:39
nn00903529,-116.7456,41.1583,6.4,2.8,"51 km NE of Valmy, Nevada",2025-08-31 05:29:58
nn00903523,-116.6986,41.179,9.6,2.7,"56 km NE of Valmy, Nevada",2025-08-31 06:03:57
nn00907552,-116.7128,41.215,5.96,2.65,"58 km NE of Valmy, Nevada",2025-08-31 06:06:01
nn00907558,-116.7291,41.1532,9.85,2.98,"52 km NE of Valmy, Nevada",2025-08-31 06:29:32
ak025b60lewj,-153.3976,59.9907,130.6,2.6,"45 km ENE of Pedro Bay, Alaska",2025-08-31 08:40:18
nn00903530,-116.7093,41.2236,9.3,3.7,"59 km NE of Valmy, Nevada",2025-08-31 08:49:34
nn00903538,-116.7153,41.1564,8.9,2.8,"53 km NE of Valmy, Nevada",2025-08-31 09:12:43
nn00907559,-116.7091,41.1515,9.61,2.52,"53 km NE of Valmy, Nevada",2025-08-31 09:23:12
ak025b61a525,-152.1031,60.375,87.4,2.5,"42 km WNW of Clam Gulch, Alaska",2025-08-31 09:55:55
nn00903544,-116.7589,41.1486,5.5,3.0,"50 km NE of Valmy, Nevada",2025-08-31 10:04:10
tx2025rddnxj,-103.326,31.967,7.23,2.8,"20 km SW of Jal, New Mexico",2025-08-31 11:58:07
nc75231202,-122.245,37.86283,10.02,2.57,"3 km ESE of Berkeley, CA",2025-08-31 12:05:37
tx2025rdeqmr,-104.178,31.704,6.02,2.8,"54 km W of Mentone, Texas",2025-08-31 12:31:24
tx2025rdgslh,-103.336,31.962,7.69,3.0,"21 km SW of Jal, New Mexico",2025-08-31 13:33:59
tx2025rdiywy,-103.329,31.969,7.89,2.6,"20 km SW of Jal, New Mexico",2025-08-31 14:43:12
ok2025rbja,-95.52933,35.11817,7.33,2.5,"12 km E of Crowder, Oklahoma",2025-08-31 15:47:51
ak025b655dj4,-153.3019,57.4692,41.9,3.0,"29 km N of Old Harbor, Alaska",2025-08-31 16:05:17
ak025b656xj1,-150.71,61.459,53.4,2.8,"14 km SW of Susitna, Alaska",2025-08-31 16:12:42
ak025b683gt8,-151.0222,62.983,119.6,2.8,"55 km NNW of Petersville, Alaska",2025-08-31 21:00:14
ak025b68r8zj,-151.3724,60.3215,56.9,2.5,"5 km WSW of Kasilof, Alaska",2025-08-31 22:11:10
ak025b69e78p,-136.7011,58.8598,6.6,2.9,"73 km SSW of Covenant Life, Alaska",2025-08-31 23:18:18
ak025b69gc33,-150.6324,63.2359,123.9,3.1,"64 km ESE of Denali National Park, Alaska",2025-08-31 23:28:15
nn00903589,-116.7116,41.1654,8.9,3.2,"54 km NE of Valmy, Nevada",2025-09-01 01:18:08
ci41280400,-117.40867,35.60517,7.9,2.54,"18 km S of Trona, CA",2025-09-01 02:14:44
nn00903598,-116.7004,41.1742,10.8,3.0,"55 km NE of Valmy, Nevada",2025-09-01 04:45:27
nn00903606,-116.7117,41.184,9.4,2.8,"55 km NE of Valmy, Nevada",2025-09-01 06:24:33
ak025b7nbh2n,-153.7046,66.4673,5.3,3.0,"45 km WSW of Alatna, Alaska",2025-09-01 07:03:53
ak025b7oql5a,-153.5951,60.0642,172.6,2.8,"42 km NE of Pedro Bay, Alaska",2025-09-01 09:42:02
ak025b7otvc4,-141.3856,61.5392,11.1,2.6,"82 km E of McCarthy, Alaska",2025-09-01 09:57:34
ci41280792,-116.2495,33.90967,6.09,2.58,"16 km NE of Thousand Palms, CA",2025-09-01 15:59:29
ci41280928,-117.1355,34.05917,11.48,2.5,"1 km S of Mentone, CA",2025-09-01 19:57:57
nc75231747,-121.33083,36.69033,4.72,3.71,"11 km S of Tres Pinos, CA",2025-09-01 20:26:38
tx2025rfrary,-104.207,31.76,6.1,2.5,"48 km SSE of Whites City, New Mexico",2025-09-01 20:54:15
ak025b7wew2y,-149.5257,61.7512,54.7,3.2,"14 km NNE of Meadow Lakes, Alaska",2025-09-01 22:31:14
ak025b7x0rjx,-150.9362,63.0596,131.8,3.2,"63 km N of Petersville, Alaska",2025-09-01 23:33:14
us6000rlm2,-163.683,55.0836,149.56,2.6,"30 km NW of False Pass, Alaska",2025-09-02 01:37:13
nn00903646,-116.7142,41.216,7.9,2.8,"58 km NE of Valmy, Nevada",2025-09-02 03:42:14
nn00903652,-116.7476,41.1888,5.9,2.7,"54 km NE of Valmy, Nevada",2025-09-02 05:17:22
ak025b9a9b3u,-152.0226,62.1794,4.6,2.5,"38 km WNW of Skwentna, Alaska",2025-09-02 06:03:17
ak025b9e2s0l,-145.4568,63.3544,6.2,2.8,"30 km NNE of Paxson, Alaska",2025-09-02 12:44:55
nn00903669,-116.7288,41.1659,6.0,3.67,"53 km NE of Valmy, Nevada",2025-09-02 13:31:33
nn00903673,-116.6803,41.0661,10.36,3.8,"48 km NE of Valmy, Nevada",2025-09-02 13:31:50
nn00903676,-116.7553,41.1517,5.9,3.2,"50 km NE of Valmy, Nevada",2025-09-02 13:59:22
tx2025rhahkp,-101.189,32.182,8.28,2.6,"16 km SE of Coahoma, Texas",2025-09-02 14:38:20
us6000rmd5,-166.358,53.7691,81.24,2.6,"16 km SE of Unalaska, Alaska",2025-09-02 16:49:13
us6000rmd6,-167.1063,53.5036,16.54,2.7,"55 km SW of Unalaska, Alaska",2025-09-02 19:23:31
us6000rmd7,-177.1206,51.66969,77.02,2.7,"40 km SW of Adak, Alaska",2025-09-02 21:30:24
nn00908070,-116.7225,41.185,8.83,2.5,"55 km NE of Valmy, Nevada",2025-09-02 23:23:03
ak025bavidah,-141.6078,60.1098,9.0,2.9,"122 km WNW of Yakutat, Alaska",2025-09-03 02:19:26
ci41281984,-115.89933,32.65333,10.68,2.87,"13 km SE of Ocotillo, CA",2025-09-03 04:22:16
ak025baxzx3b,-149.6871,61.3979,28.6,2.5,"7 km SSE of Knik, Alaska",2025-09-03 06:37:07
nn00903702,-116.742,41.1963,8.4,3.1,"55 km NE of Valmy, Nevada",2025-09-03 08:29:07
ak025bb0ftku,-150.0924,64.9103,18.7,2.6,"27 km ESE of Manley Hot Springs, Alaska",2025-09-03 10:47:18
us7000qtgi,-115.1787,44.3273,10.0,3.0,"22 km WNW of Stanley, Idaho",2025-09-03 10:56:43
ak025bb0iewx,-156.6851,57.9097,154.6,2.5,"53 km SE of Egegik, Alaska",2025-09-03 10:59:27
hv74766926,-155.36916,19.9945,12.42,2.67,"5 km S of Pa‘auilo, Hawaii",2025-09-03 11:25:57
ak025bb244qe,-151.9299,60.8058,13.9,2.5,"37 km WNW of Nikiski, Alaska",2025-09-03 13:28:56
ak2025ritssr,-151.927,60.795,0.1,2.8,"36 km WNW of Nikiski, Alaska",2025-09-03 13:28:56
ak025bb2s3vm,-150.738,64.7673,22.8,2.5,"26 km S of Manley Hot Springs, Alaska",2025-09-03 14:40:42
ak2025riwcoi,-150.708,64.756,14.8,2.7,"27 km S of Manley Hot Springs, Alaska",2025-09-03 14:40:42
ak025bb4xuyo,-146.9783,61.2821,14.9,2.9,"37 km WNW of Valdez, Alaska",2025-09-03 18:03:18
nn00903749,-116.7361,41.1294,7.3,2.9,"49 km NE of Valmy, Nevada",2025-09-03 19:10:35
ak025bb5rfsl,-151.227,60.6773,43.5,2.5,"3 km ESE of Nikiski, Alaska",2025-09-03 19:41:18
hv74766647,-155.65766,19.45217,-2.03,2.55,"21 km E of Honaunau-Napoopoo, Hawaii",2025-09-03 21:57:07
us6000rd6w,-169.6989,52.7896,45.95,3.8,"58 km WSW of Nikolski, Alaska",2025-09-04 01:06:14
ak025bckbroq,-150.3408,62.0343,4.5,2.6,"29 km WSW of Susitna North, Alaska",2025-09-04 04:34:12
nn00903803,-116.7087,41.1857,9.1,2.7,"56 km NE of Valmy, Nevada",2025-09-04 07:50:15
us7000qtqr,-156.679,67.3294,10.0,2.6,"47 km N of Kobuk, Alaska",2025-09-04 08:22:11
tx2025rkgfxz,-104.378,31.668,6.1,2.5,"56 km S of Whites City, New Mexico",2025-09-04 08:50:53
us7000qtre,-104.4846,32.2398,5.0,2.5,"12 km NW of Whites City, New Mexico",2025-09-04 12:00:57
nn00903786,-117.8502,38.1672,9.4,3.5,"33 km SE of Mina, Nevada",2025-09-04 12:01:04
us7000qtrk,-150.8137,60.1079,50.35,3.0,"28 km NNE of Fox River, Alaska",2025-09-04 12:35:31
ak025bcpjtuk,-153.3909,59.7932,112.5,2.8,"40 km E of Pedro Bay, Alaska",2025-09-04 13:11:53
nn00903798,-116.7101,41.1626,11.0,3.4,"54 km NE of Valmy, Nevada",2025-09-04 16:21:25
nn00903811,-116.6824,41.1876,5.7,3.0,"57 km NE of Valmy, Nevada",2025-09-04 17:21:38
nn00907629,-116.6936,41.1835,9.2,2.69,"56 km NE of Valmy, Nevada",2025-09-04 21:29:02
nn00903857,-116.7212,41.1528,8.9,2.7,"52 km NE of Valmy, Nevada",2025-09-05 03:09:12
nn00903865,-116.7329,41.1496,8.0,3.2,"51 km NE of Valmy, Nevada",2025-09-05 05:34:31
nn00903876,-116.7126,41.1372,11.0,2.7,"51 km NE of Valmy, Nevada",2025-09-05 07:43:45
ok2025rkdz,-98.0475,35.609,6.76,2.62,"6 km E of Calumet, Oklahoma",2025-09-05 11:32:23
us7000qu2e,-115.1914,44.3605,5.2,2.5,"25 km NW of Stanley, Idaho",2025-09-05 12:37:37
nn00903892,-116.7023,41.2047,9.6,2.7,"58 km NE of Valmy, Nevada",2025-09-05 20:24:00
ci41284440,-117.44667,34.15483,12.3,2.66,"6 km N of Fontana, CA",2025-09-05 23:42:26
ak025bftp7h0,-152.3026,59.4222,67.1,2.6,"22 km WNW of Nanwalek, Alaska",2025-09-06 01:48:32
nc75233692,-122.226,41.65733,3.36,2.63,"23 km WSW of Mount Hebron, CA",2025-09-06 02:29:40
nm60613606,-90.16617,36.90583,5.79,3.07,"4 km S of Puxico, Missouri",2025-09-06 02:37:42
tx2025rnopod,-101.054,32.114,7.64,3.4,"27 km S of Westbrook, Texas",2025-09-06 04:16:48
ci41284496,-117.104,34.02733,10.81,2.53,"6 km SSE of Mentone, CA",2025-09-06 04:28:25
ak025bfzj2gx,-150.9474,61.5844,94.3,2.8,"23 km W of Susitna, Alaska",2025-09-06 11:27:45
ak025bg0tlnq,-150.5956,63.2332,130.1,2.6,"66 km ESE of Denali National Park, Alaska",2025-09-06 13:44:57
us7000quec,-111.234,42.5165,5.0,2.6,"11 km ENE of Georgetown, Idaho",2025-09-06 14:04:03
tx2025roiczs,-104.161,31.529,6.42,2.9,"42 km NW of Toyah, Texas",2025-09-06 14:05:39
ak025bg1rt7z,-155.3288,58.2739,0.0,3.4,"90 km ESE of King Salmon, Alaska",2025-09-06 15:04:18
av93049674,-155.196,58.23983,4.27,2.57,"86 km NNW of Karluk, Alaska",2025-09-06 15:04:39
ak025bg1rw5a,-149.6766,61.6618,54.9,2.5,"5 km NW of Meadow Lakes, Alaska",2025-09-06 15:04:55
ci41285224,-117.7555,34.18833,7.9,3.41,"10 km N of La Verne, CA",2025-09-07 00:11:47
ak025bhhn2gu,-150.9339,63.0847,123.4,2.6,"64 km SE of Denali National Park, Alaska",2025-09-07 02:16:04
ak025bhieqm8,-148.949,62.8043,1.9,2.5,"65 km S of Cantwell, Alaska",2025-09-07 03:45:14
us7000quif,-150.8649,63.1122,138.75,2.8,"64 km SE of Denali National Park, Alaska",2025-09-07 05:23:49
tx2025rprihz,-104.147,31.54,6.1,2.7,"41 km NW of Toyah, Texas",2025-09-07 07:47:50
tx2025rptrts,-104.154,31.539,6.14,2.6,"42 km NW of Toyah, Texas",2025-09-07 08:59:10
us7000qujh,-155.0757,66.8999,8.41,2.5,"79 km E of Kobuk, Alaska",2025-09-07 10:18:56
ak025bhmhrzg,-150.2125,61.6818,31.4,2.9,"11 km SW of Willow, Alaska",2025-09-07 10:31:16
ak025bhoxyfj,-150.9123,61.5531,61.9,2.7,"21 km W of Susitna, Alaska",2025-09-07 14:42:57
us7000qukj,-104.6508,32.471,9.7,2.8,"38 km SSE of Hope, New Mexico",2025-09-07 14:57:53
nc75234557,-121.88067,37.69883,12.29,3.13,"4 km N of Pleasanton, CA",2025-09-07 17:03:51
ak025bhro8mk,-150.1794,62.5166,16.2,2.8,"8 km NNW of Chase, Alaska",2025-09-07 19:01:13
tx2025rqouio,-104.372,31.736,5.59,2.6,"48 km S of Whites City, New Mexico",2025-09-07 19:35:47
ci41285792,-117.26117,34.04733,15.49,2.53,"0 km S of Loma Linda, CA",2025-09-07 22:36:52
us7000qumu,-148.4351,63.0771,69.01,2.6,"43 km SE of Cantwell, Alaska",2025-09-08 00:58:45
us7000qumz,-112.2328,44.5813,8.2,3.4,"24 km N of Spencer, Idaho",2025-09-08 01:43:16
tx2025rrbjiq,-104.313,31.673,5.13,2.6,"56 km S of Whites City, New Mexico",2025-09-08 01:55:14
us7000qun6,-112.2145,44.5741,9.88,2.6,"23 km N of Spencer, Idaho",2025-09-08 02:30:37
us7000qun8,-99.3026,39.4985,5.0,3.3,"7 km NNW of Stockton, Kansas",2025-09-08 02:50:26
nc75234792,-121.1175,36.529,7.68,3.09,"2 km E of Pinnacles, CA",2025-09-08 04:36:15
us7000qup5,-112.227,44.5629,10.0,3.6,"22 km N of Spencer, Idaho",2025-09-08 06:57:22
us7000qup7,-112.2187,44.5566,11.46,3.9,"21 km N of Spencer, Idaho",2025-09-08 06:59:00
nc75234827,-122.02683,39.56167,23.96,2.55,"15 km ENE of Willows, CA",2025-09-08 07:30:23
ok2025rpkk,-98.04433,35.61183,7.01,3.15,"6 km E of Calumet, Oklahoma",2025-09-08 08:25:13
us7000qupu,-112.2138,44.5684,10.0,3.7,"23 km N of Spencer, Idaho",2025-09-08 08:26:40
us7000qupy,-160.8558,68.2959,10.0,2.6,"88 km ENE of Red Dog Mine, Alaska",2025-09-08 08:50:23
nn00903971,-118.7339,38.8756,8.6,2.8,"10 km SE of Schurz, Nevada",2025-09-08 09:45:03
ak025bjajc8r,-148.7583,62.5456,33.9,2.5,"70 km E of Chase, Alaska",2025-09-08 11:16:15
us7000quvn,-153.0364,59.5738,92.13,2.8,"64 km ESE of Pedro Bay, Alaska",2025-09-08 21:44:52
us7000quvz,-112.2159,44.5792,6.76,2.5,"24 km N of Spencer, Idaho",2025-09-08 23:01:06
ak025bks9ws1,-143.6929,60.0346,11.3,2.7,"127 km ESE of Cordova, Alaska",2025-09-09 01:42:08
nn00904007,-116.757,41.1875,8.3,3.2,"53 km NE of Valmy, Nevada",2025-09-09 02:48:34
ci41286768,-117.91233,34.45117,8.79,3.25,"6 km S of Pearblossom, CA",2025-09-09 05:49:32
us7000quya,-112.2264,44.5642,9.39,2.5,"22 km N of Spencer, Idaho",2025-09-09 07:33:14
nc75235462,-121.60933,36.86783,5.5,2.63,"4 km SE of Aromas, CA",2025-09-09 12:31:47
ci41287112,-116.344,34.69117,2.84,2.64,"17 km W of Ludlow, CA",2025-09-09 15:06:35
nn00907632,-116.6922,41.2194,8.84,2.54,"59 km NE of Valmy, Nevada",2025-09-09 15:21:34
tx2025rtxyum,-104.36,31.661,5.02,2.5,"57 km S of Whites City, New Mexico",2025-09-09 15:27:10
ak025bl0om6s,-152.7153,60.1181,110.1,3.0,"58 km WNW of Happy Valley, Alaska",2025-09-09 15:54:38
hv74771322,-154.89483,19.41567,37.96,3.63,"6 km SSE of Leilani Estates, Hawaii",2025-09-09 16:04:05
nn00904045,-116.6894,41.1815,10.5,2.8,"56 km NE of Valmy, Nevada",2025-09-09 16:31:51
nc75235587,-123.5225,40.9195,30.49,3.43,"9 km ESE of Willow Creek, CA",2025-09-09 16:45:10
nc75235612,-121.18633,36.58533,4.69,2.75,"7 km NNW of Pinnacles, CA",2025-09-09 17:28:07
tx2025runsnd,-104.015,31.635,6.09,3.7,"40 km WSW of Mentone, Texas",2025-09-09 23:21:24
ok2025rsle,-98.049,35.61133,3.74,2.79,"6 km E of Calumet, Oklahoma",2025-09-10 00:12:32
uw62178057,-120.10883,47.67517,1.7,2.52,"4 km NW of Waterville, Washington",2025-09-10 02:41:32
us6000reib,-168.5916,53.2398,93.81,3.8,"38 km NNE of Nikolski, Alaska",2025-09-10 03:35:39
ci41287832,-116.41017,34.84167,1.6,3.06,"26 km WNW of Ludlow, CA",2025-09-10 05:23:58
nc75235822,-122.76917,38.7905,3.99,2.59,"2 km NW of The Geysers, CA",2025-09-10 05:54:59
nc75235847,-120.19083,36.07117,10.66,2.65,"9 km NW of Avenal, CA",2025-09-10 06:14:16
ak025bmjv3m4,-146.9565,69.2314,0.0,2.8,"126 km SSE of Prudhoe Bay, Alaska",2025-09-10 08:22:52
tx2025rvhxtv,-102.024,32.086,8.06,2.8,"11 km NNE of Midland, Texas",2025-09-10 09:30:55
us7000qvaf,-111.2295,42.6645,5.0,3.2,"20 km W of Fairview, Wyoming",2025-09-10 18:24:24
us7000qvag,-111.2614,42.6647,5.0,2.8,"22 km NNE of Georgetown, Idaho",2025-09-10 18:39:38
nc75236072,-121.1595,36.53683,7.78,2.72,"2 km WNW of Pinnacles, CA",2025-09-10 20:27:45
uu80117176,-109.70483,40.48017,68.34,4.13,"10 km W of Maeser, Utah",2025-09-10 23:57:47
ci41288688,-119.23367,35.17617,18.05,3.69,"20 km NE of Maricopa, CA",2025-09-11 03:53:50
hv74772982,-155.13266,19.33117,5.96,2.99,"14 km S of Fern Forest, Hawaii",2025-09-11 05:28:30
us7000qve0,-107.6849,42.8166,9.32,2.9,"37 km NNE of Jeffrey City, Wyoming",2025-09-11 05:59:08
ak025bo9dyz4,-157.5142,66.3707,11.5,2.8,"60 km SSW of Shungnak, Alaska",2025-09-11 11:56:23
ak025bo9ymhh,-149.9069,61.4254,33.6,2.7,"8 km NNE of Point MacKenzie, Alaska",2025-09-11 12:52:59
tx2025rxwniy,-102.154,32.106,6.98,2.7,"14 km NNW of Midland, Texas",2025-09-11 19:00:26
nc75236562,-120.26233,35.728,4.68,2.7,"3 km ENE of Cholame, CA",2025-09-11 20:53:47
ci41289440,-117.85167,36.0495,1.94,2.57,"9 km E of Coso Junction, CA",2025-09-11 22:11:05
nc75236617,-118.53767,37.94467,12.79,2.88,"40 km S of Qualeys Camp, NV",2025-09-11 22:26:15
tx2025rydzll,-102.144,32.108,6.59,2.6,"13 km NNW of Midland, Texas",2025-09-11 22:45:37
ci41289544,-118.82183,34.7575,11.1,2.56,"5 km SSE of Gorman, CA",2025-09-12 01:52:47
ak025bpramtk,-153.228,59.8065,118.7,3.0,"49 km E of Pedro Bay, Alaska",2025-09-12 02:10:58
ak025bpttm9e,-148.0281,61.7092,30.5,2.6,"22 km WSW of Glacier View, Alaska",2025-09-12 06:35:08
ak025bpveqp5,-156.3099,57.645,108.3,2.5,"66 km ENE of Ugashik, Alaska",2025-09-12 09:01:59
hv74774327,-155.48966,19.19384,29.92,2.86,"1 km SW of Pāhala, Hawaii",2025-09-12 14:07:34
us7000qvsv,-150.951,63.152,130.23,2.9,"58 km SE of Denali National Park, Alaska",2025-09-12 19:36:14
ak025bq24wxj,-138.6187,59.4519,3.1,2.9,"63 km E of Yakutat, Alaska",2025-09-12 20:31:48
ak025bq2lfn2,-145.4335,63.3893,8.6,3.8,"34 km NNE of Paxson, Alaska",2025-09-12 21:08:56
ak025bq2ot75,-145.4652,63.3362,16.8,2.7,"28 km NNE of Paxson, Alaska",2025-09-12 21:24:30
ak025bre9zlg,-154.4452,57.0515,34.3,3.0,"20 km NW of Akhiok, Alaska",2025-09-13 01:17:31
ak025bri1n3j,-145.4692,63.337,17.3,2.9,"28 km NNE of Paxson, Alaska",2025-09-13 07:50:21
ci41290552,-118.02283,36.17733,1.75,2.83,"12 km S of Olancha, CA",2025-09-13 09:36:57
ci37743076,-118.02383,36.17467,2.54,2.85,"12 km S of Olancha, CA",2025-09-13 09:37:03
ci41290592,-118.0265,36.1765,3.21,2.56,"12 km S of Olancha, CA",2025-09-13 10:03:33
ak025brjomdt,-152.5349,60.0331,94.3,2.5,"45 km WNW of Happy Valley, Alaska",2025-09-13 10:25:39
hv74775017,-155.04016,19.36717,9.11,3.1,"14 km SE of Fern Forest, Hawaii",2025-09-13 13:01:28
hv74000179,-155.37916,19.24884,4.76,3.05,"11 km ENE of Pāhala, Hawaii",2025-09-13 20:53:45
uw62180242,-122.15,46.7325,17.13,2.84,"3 km NE of Mineral, Washington",2025-09-13 21:17:58
ci41291096,-116.47267,32.94767,7.62,3.58,"15 km NNE of Pine Valley, CA",2025-09-14 02:02:41
nc75237607,-120.7225,35.4375,7.15,3.48,"7 km SW of Atascadero, CA",2025-09-14 02:50:00
ak025bt62sjz,-151.9244,59.6033,50.0,3.1,"20 km SSW of Anchor Point, Alaska",2025-09-14 08:33:29
ak025bt6nmwv,-151.3158,60.2886,35.2,2.8,"5 km SSW of Kasilof, Alaska",2025-09-14 09:30:53
ak025bt7rph6,-149.8128,63.3722,103.1,2.6,"43 km W of Cantwell, Alaska",2025-09-14 11:17:48
ak025bt8bjuy,-153.3242,60.007,127.3,2.6,"50 km ENE of Pedro Bay, Alaska",2025-09-14 12:10:06
tx2025sddbjv,-102.07,32.438,8.91,2.5,"34 km SSW of Los Ybanez, Texas",2025-09-14 15:40:04
nc75237772,-120.00883,39.69933,6.87,2.63,"3 km NW of Cold Springs, NV",2025-09-14 19:33:33
nn00904363,-114.529,37.1875,6.0,2.5,"47 km S of Caliente, Nevada",2025-09-14 20:43:57
tx2025sdntjx,-102.156,32.123,8.18,2.5,"15 km NNW of Midland, Texas",2025-09-14 21:03:56
ak025btec3ge,-136.8904,58.3062,13.4,2.9,"34 km WNW of Elfin Cove, Alaska",2025-09-14 22:20:37
ak025bupb75o,-149.969,61.4029,30.1,2.5,"4 km N of Point MacKenzie, Alaska",2025-09-15 01:10:38
ci41291600,-116.72933,33.639,13.74,2.83,"11 km NNW of Anza, CA",2025-09-15 07:08:52
ci41291752,-117.6775,35.84033,10.09,2.61,"23 km ESE of Little Lake, CA",2025-09-15 12:09:35
hv74776597,-155.99466,19.547,4.09,2.88,"4 km SW of Kahaluu-Keauhou, Hawaii",2025-09-15 19:49:55
nc75238127,-121.85017,37.94117,7.5,3.27,"8 km E of Clayton, CA",2025-09-15 22:00:08
ak025bwcuyis,-156.661,67.353,0.0,3.1,"50 km N of Kobuk, Alaska",2025-09-16 01:12:31
uw62189991,-122.59667,48.072,54.26,2.94,"7 km ENE of Marrowstone, Washington",2025-09-16 01:29:30
ak025bwh6pyr,-151.8047,59.2621,34.4,3.1,"10 km S of Port Graham, Alaska",2025-09-16 08:39:04
ak025bwleigy,-153.4569,60.0169,143.8,3.7,"44 km NE of Pedro Bay, Alaska",2025-09-16 15:47:01
nn00904422,-116.2595,36.7676,10.0,2.5,"47 km ESE of Beatty, Nevada",2025-09-16 16:05:37
nn00907444,-116.6934,41.1673,10.63,3.02,"55 km NE of Valmy, Nevada",2025-09-16 20:59:08
ak025bwpdr3y,-157.9219,67.2138,0.1,2.6,"14 km NNW of Ambler, Alaska",2025-09-16 22:15:53
nn00904465,-116.7112,41.235,6.7,2.6,"60 km NE of Valmy, Nevada",2025-09-17 04:22:42
ci41292744,-116.0345,33.12667,8.08,2.78,"9 km ESE of Ocotillo Wells, CA",2025-09-17 04:46:13
ak025by2z2td,-150.5814,61.9076,0.8,2.9,"33 km WNW of Willow, Alaska",2025-09-17 05:45:15
hv74777942,-155.484,19.2005,29.95,2.5,"0 km WSW of Pāhala, Hawaii",2025-09-17 11:40:56
nn00904479,-116.7868,41.1981,1.5,3.3,"53 km NNE of Valmy, Nevada",2025-09-17 14:14:28
nn00904484,-116.7507,41.1729,7.1,3.7,"52 km NE of Valmy, Nevada",2025-09-17 14:57:37
nn00904495,-116.7681,41.1799,4.9,2.9,"52 km NE of Valmy, Nevada",2025-09-17 18:01:34
ak025byampky,-142.976,60.4851,6.9,2.7,"105 km S of McCarthy, Alaska",2025-09-17 18:31:14
ak025byb7rci,-152.062,62.1631,108.1,2.7,"39 km WNW of Skwentna, Alaska",2025-09-17 19:29:34
hv74778277,-155.77733,20.14084,22.56,2.76,"10 km SSE of Kapaau, Hawaii",2025-09-17 21:10:38
tx2025sjcsqp,-104.108,31.733,7.89,3.6,"48 km W of Mentone, Texas",2025-09-17 21:56:54
ak025bzpv2i9,-150.6729,62.1963,0.0,2.5,"26 km WSW of Trapper Creek, Alaska",2025-09-18 04:36:18
ak025bzql2g1,-145.4699,63.3345,16.2,2.7,"28 km NNE of Paxson, Alaska",2025-09-18 05:57:48
us7000qwvu,-104.7877,36.8822,5.25,3.0,"27 km SSW of Sequndo, Colorado",2025-09-18 06:25:36
ak025bzsoxvy,-150.8523,62.2448,66.6,2.8,"28 km S of Petersville, Alaska",2025-09-18 09:11:47
nn00904568,-115.9516,38.6236,6.6,2.7,"83 km WSW of Preston, Nevada",2025-09-18 12:12:38
nn00904581,-115.9458,38.6009,6.2,2.6,"84 km WSW of Preston, Nevada",2025-09-18 13:44:48
us7000qx1r,-163.5349,64.5834,16.43,3.2,"12 km SSW of White Mountain, Alaska",2025-09-18 17:48:00
ok2025simm,-97.93417,35.3375,7.43,2.77,"2 km NNE of Minco, Oklahoma",2025-09-18 19:02:39
ak025c1dx4eb,-158.4583,55.8298,36.0,2.8,"43 km ESE of Perryville, Alaska",2025-09-19 05:23:45
hv74779207,-155.50433,19.18134,31.07,4.06,"3 km SW of Pāhala, Hawaii",2025-09-19 05:52:09
hv74779227,-155.505,19.18084,30.88,2.74,"3 km SW of Pāhala, Hawaii",2025-09-19 06:02:21
hv74779237,-155.5165,19.18117,31.59,2.62,"4 km WSW of Pāhala, Hawaii",2025-09-19 06:07:34
ak025c1fpuqd,-154.0868,58.3195,68.4,2.6,"75 km WNW of Aleneva, Alaska",2025-09-19 08:25:46
ak025c1gbini,-158.2432,60.1514,20.0,2.5,"71 km NW of Koliganek, Alaska",2025-09-19 09:26:54
nn00904681,-116.6822,41.1947,6.9,3.2,"58 km NE of Valmy, Nevada",2025-09-19 12:08:41
nn00904652,-116.6661,41.2074,7.6,3.2,"60 km NE of Valmy, Nevada",2025-09-19 12:36:48
nn00904659,-116.6577,41.1828,8.9,3.4,"58 km NE of Valmy, Nevada",2025-09-19 13:05:26
hv74779922,-155.4975,19.18084,34.49,2.53,"3 km SW of Pāhala, Hawaii",2025-09-19 23:40:08
nc75239722,-123.35367,41.213,36.68,2.6,"21 km SSE of Somes Bar, CA",2025-09-20 00:13:50
us7000qxht,-111.0886,43.3877,5.01,2.5,"17 km E of Irwin, Idaho",2025-09-20 00:53:52
nn00904824,-116.6805,41.1453,7.2,2.8,"54 km NE of Valmy, Nevada",2025-09-20 01:28:25
us7000qxhx,-152.9325,60.175,123.69,3.5,"71 km WNW of Happy Valley, Alaska",2025-09-20 01:36:13
nn00904700,-116.7456,41.1613,7.7,3.4,"52 km NE of Valmy, Nevada",2025-09-20 06:47:17
us7000qxj2,-104.8142,36.8961,3.35,2.6,"25 km SSW of Segundo, Colorado",2025-09-20 07:47:03
us7000qxjc,-151.1729,60.1369,54.37,2.5,"16 km SE of Clam Gulch, Alaska",2025-09-20 08:30:01
ak025c33d844,-152.8988,59.8752,93.2,2.6,"60 km W of Anchor Point, Alaska",2025-09-20 08:44:24
us7000qxke,-146.1054,67.457,9.63,3.3,"51 km NNE of Venetie, Alaska",2025-09-20 15:15:12
tx2025sojbdj,-97.812,29.073,5.8,3.3,"22 km SSW of Nixon, Texas",2025-09-20 18:30:00
nc75239972,-120.00717,37.408,21.09,2.75,"9 km SSW of Mariposa, CA",2025-09-20 21:28:07
ci40447258,-117.903,36.1045,5.16,2.85,"8 km NNE of Coso Junction, CA",2025-09-21 01:15:06
nc75240117,-121.48517,35.8785,8.67,2.54,"17 km SSE of Lopez Point, CA",2025-09-21 04:47:13
ak025c4q1zt8,-156.7449,67.3617,1.4,2.5,"51 km N of Kobuk, Alaska",2025-09-21 07:01:58
ak025c4vq963,-143.478,60.4236,7.1,3.1,"116 km SSW of McCarthy, Alaska",2025-09-21 16:54:58
ak025c6aahqo,-141.3222,60.0645,16.7,2.9,"106 km WNW of Yakutat, Alaska",2025-09-22 01:47:08
us7000qxru,-151.5295,62.6588,9.5,2.5,"43 km WNW of Petersville, Alaska",2025-09-22 03:20:36
hv74781842,-155.5025,19.17217,31.2,3.09,"4 km SW of Pāhala, Hawaii",2025-09-22 04:58:34
tx2025srdqzv,-103.68,31.33,7.84,2.9,"10 km E of Toyah, Texas",2025-09-22 07:00:50
nc75240492,-122.254,37.863,7.58,4.29,"2 km ESE of Berkeley, CA",2025-09-22 09:56:12
nc75240537,-122.24617,37.856,6.98,2.56,"3 km SE of Berkeley, CA",2025-09-22 15:01:28
nn00904812,-116.6995,41.2448,8.4,3.7,"61 km NE of Valmy, Nevada",2025-09-22 19:55:46
us6000rc6k,-157.5522,66.1686,10.0,2.8,"74 km NW of Huslia, Alaska",2025-09-22 22:16:56
nc75240717,-122.2495,37.855,7.12,2.9,"3 km SE of Berkeley, CA",2025-09-23 01:21:57
us6000rc7j,-97.5029,38.6709,9.92,2.9,"7 km WSW of Gypsum, Kansas",2025-09-23 02:23:51
tx2025stupyb,-102.044,32.403,8.08,3.0,"33 km WSW of Ackerly, Texas",2025-09-23 17:42:18
ak025c9mfuil,-152.1446,62.5257,7.5,2.5,"71 km W of Petersville, Alaska",2025-09-24 03:27:47
ak025c9nsmts,-147.9761,63.4949,3.4,2.8,"49 km ENE of Cantwell, Alaska",2025-09-24 05:55:07
hv74784107,-155.49566,19.18784,30.7,2.55,"2 km SW of Pāhala, Hawaii",2025-09-24 09:21:26
hv74784242,-155.73016,20.16134,30.86,3.06,"9 km SSE of Hala‘ula, Hawaii",2025-09-24 12:33:01
us6000rcix,-98.1391,39.7082,12.27,2.5,"4 km NNE of Jewell, Kansas",2025-09-24 14:08:40
ak025c9tpihx,-149.2292,61.5763,30.5,2.7,"0 km ENE of Gateway, Alaska",2025-09-24 15:48:29
ak025c9u9lsp,-151.5592,63.2136,14.8,3.1,"37 km SSE of Denali National Park, Alaska",2025-09-24 16:42:03
tx2025svxbpd,-104.017,31.532,7.63,2.5,"32 km NW of Toyah, Texas",2025-09-24 21:04:21
tx2025svycok,-104.019,31.53,7.64,2.9,"32 km NW of Toyah, Texas",2025-09-24 21:36:01
ak025c9xc880,-146.9035,64.509,6.6,3.0,"1 km S of Salcha, Alaska",2025-09-24 21:58:15
nc75241612,-121.20533,36.60033,6.75,2.65,"9 km NW of Pinnacles, CA",2025-09-25 01:03:29
ci41096983,-116.41,34.84,1.7,2.72,"26 km WNW of Ludlow, CA",2025-09-25 03:51:59
nm60614361,-89.76633,36.09583,9.66,2.54,"5 km ENE of Steele, Missouri",2025-09-25 04:44:57
ak025cbdppi7,-154.8182,58.743,73.1,3.0,"77 km S of Kokhanok, Alaska",2025-09-25 09:55:04
nc75241837,-122.24333,37.85617,8.11,2.78,"3 km ESE of Berkeley, CA",2025-09-25 12:55:32
ci41097487,-116.538,33.45483,10.51,2.63,"17 km SE of Anza, CA",2025-09-25 14:19:18
tx2025sxmiwc,-103.842,31.444,4.92,2.6,"15 km NNW of Toyah, Texas",2025-09-25 17:49:46
ak025cbiwf34,-146.918,64.5264,9.9,3.4,"0 km WNW of Salcha, Alaska",2025-09-25 18:26:18
ak025cbk62vn,-148.0019,63.5856,4.7,2.9,"48 km ESE of Denali Park, Alaska",2025-09-25 20:39:20
hv74785512,-155.21683,19.311,7.35,3.63,"14 km S of Volcano, Hawaii",2025-09-25 22:21:56
tx2025sxxubj,-101.918,32.103,7.74,3.4,"12 km WSW of Stanton, Texas",2025-09-25 23:34:41
tx2025syccgu,-104.017,31.529,7.7,2.7,"31 km NW of Toyah, Texas",2025-09-26 01:45:07
tx2025sycipp,-104.026,31.506,7.07,3.1,"30 km NW of Toyah, Texas",2025-09-26 01:52:14
ak025ccxd7g2,-150.1109,61.3816,20.1,2.8,"7 km WNW of Point MacKenzie, Alaska",2025-09-26 03:02:55
nn00905033,-118.5615,38.7154,10.0,3.8,"18 km ENE of Walker Lake, Nevada",2025-09-26 06:05:02
tx2025syltpk,-103.834,31.466,4.29,2.6,"17 km NNW of Toyah, Texas",2025-09-26 06:39:03
nn00905046,-116.7118,41.2161,7.5,2.9,"58 km NE of Valmy, Nevada",2025-09-26 10:05:41
nn00905049,-116.7132,41.2025,7.8,3.5,"57 km NE of Valmy, Nevada",2025-09-26 10:10:40
us6000rf86,-173.4568,52.13009,10.0,3.4,"51 km E of Atka, Alaska",2025-09-27 02:36:18
ak025cemt54t,-148.6949,68.4165,4.1,2.5,"126 km NNE of Wiseman, Alaska",2025-09-27 06:22:56
ak025cemwkp2,-159.0413,60.2362,5.5,3.7,"109 km NNW of Aleknagik, Alaska",2025-09-27 06:38:58
us6000rf88,-166.2302,54.0091,126.72,2.9,"24 km ENE of Dutch Harbor, Alaska",2025-09-27 07:14:13
us6000rdc8,-108.1683,33.1436,13.32,2.9,"12 km N of Trout Valley, New Mexico",2025-09-27 15:07:48
ak2025tblbhl,-146.896,64.495,1.9,2.7,"3 km S of Salcha, Alaska",2025-09-27 21:28:44
uu80118176,-110.853,44.80133,7.82,3.29,"22 km SSW of Mammoth, Wyoming",2025-09-28 07:29:53
uu80118201,-110.855,44.80183,7.77,3.11,"22 km SSW of Mammoth, Wyoming",2025-09-28 07:38:39
ok2025szyg,-96.75533,35.53683,6.34,3.59,"8 km NW of Prague, Oklahoma",2025-09-28 08:17:24
ok2025szyh,-96.7545,35.53483,6.18,3.71,"8 km NW of Prague, Oklahoma",2025-09-28 08:17:45
us6000rdf4,-109.1073,42.8423,5.58,2.9,"25 km SW of Fort Washakie, Wyoming",2025-09-28 10:08:02
ak025cgcnyki,-157.9582,57.136,129.6,2.6,"52 km SSW of Pilot Point, Alaska",2025-09-28 10:12:01
hv74787212,-155.50283,19.18217,33.52,2.55,"3 km SW of Pāhala, Hawaii",2025-09-28 12:26:22
ak025cgf8nrs,-145.0682,63.2657,8.9,2.6,"33 km NE of Paxson, Alaska",2025-09-28 14:44:51
us6000rdg8,-112.2422,44.6005,10.0,3.0,"27 km N of Spencer, Idaho",2025-09-28 16:21:18
us6000rdga,-112.2173,44.563,4.55,2.5,"22 km N of Spencer, Idaho",2025-09-28 16:32:25
nn00905131,-116.7183,41.1305,10.9,3.1,"50 km NE of Valmy, Nevada",2025-09-28 16:49:29
nn00905917,-116.7362,41.1825,7.5,2.7,"54 km NE of Valmy, Nevada",2025-09-28 16:52:11
ak025cgi2vuu,-153.5449,59.8447,130.1,3.5,"32 km ENE of Pedro Bay, Alaska",2025-09-28 19:21:45
ak025cgik8x1,-150.465,63.0767,102.2,3.0,"66 km NNE of Petersville, Alaska",2025-09-28 20:02:47
us6000rdhy,-143.7454,66.9129,13.86,2.8,"28 km N of Chalkyitsik, Alaska",2025-09-28 23:06:42
tx2025tdrawq,-104.019,31.525,6.92,2.8,"31 km NW of Toyah, Texas",2025-09-29 02:38:14
nn00905145,-116.7413,41.1565,8.2,2.9,"51 km NE of Valmy, Nevada",2025-09-29 02:42:19
nn00905147,-116.7524,41.1674,8.6,3.0,"52 km NE of Valmy, Nevada",2025-09-29 09:30:40
nn00905151,-116.7252,41.1905,8.9,2.9,"55 km NE of Valmy, Nevada",2025-09-29 10:07:14
nn00905183,-116.7389,41.2009,6.7,2.5,"55 km NE of Valmy, Nevada",2025-09-29 12:20:38
nn00905185,-116.7247,41.1775,7.5,2.5,"54 km NE of Valmy, Nevada",2025-09-29 12:42:01
ak025ci2409y,-150.5614,63.1738,114.7,3.6,"71 km SE of Denali National Park, Alaska",2025-09-29 13:32:56
ci41100695,-117.79067,35.3505,6.41,3.1,"14 km W of Johannesburg, CA",2025-09-29 18:24:06
us6000rdmj,-108.0944,33.1919,10.1,2.7,"18 km NNE of Lake Roberts Heights, New Mexico",2025-09-29 18:38:36
tx2025tfcvse,-104.342,31.669,6.1,2.7,"56 km S of Whites City, New Mexico",2025-09-29 21:38:47
hv74788262,-155.5105,19.259,5.18,2.67,"7 km NNW of Pāhala, Hawaii",2025-09-30 00:41:13
nn00905194,-116.7302,41.1648,10.9,3.1,"53 km NE of Valmy, Nevada",2025-09-30 01:16:12
nn00905237,-116.7552,41.1724,7.0,2.5,"52 km NE of Valmy, Nevada",2025-09-30 09:19:09
ak025cjpp0fn,-147.6971,61.2318,12.0,3.3,"64 km S of Glacier View, Alaska",2025-09-30 13:40:27
ak025cjprbfj,-149.9725,61.479,38.6,2.8,"4 km SSW of Big Lake, Alaska",2025-09-30 13:51:03
tx2025tgjgrr,-100.664,32.764,8.72,2.5,"16 km NNE of Hermleigh, Texas",2025-09-30 13:57:01
us6000rdsb,-97.4973,38.6408,9.74,2.6,"9 km SW of Gypsum, Kansas",2025-09-30 14:05:45
tx2025tgllhx,-104.522,31.622,5.84,2.5,"62 km SSW of Whites City, New Mexico",2025-09-30 15:02:44
tx2025tgpuec,-103.718,32.077,7.47,3.1,"37 km ESE of Malaga, New Mexico",2025-09-30 17:13:42
ak025cjvl7s0,-150.4837,61.4623,55.1,2.6,"9 km S of Susitna, Alaska",2025-09-30 23:30:33
ak025cl5amet,-157.4708,57.1111,2.7,2.5,"44 km S of Ugashik, Alaska",2025-10-01 00:07:14
nn00905268,-116.7348,41.1499,10.1,2.8,"51 km NE of Valmy, Nevada",2025-10-01 02:56:49
ak025cl8uf2c,-143.1626,60.3878,9.7,2.6,"117 km S of McCarthy, Alaska",2025-10-01 06:03:37
nn00905254,-116.734,41.1781,8.7,3.0,"54 km NE of Valmy, Nevada",2025-10-01 07:29:07
ak025clabaw8,-152.3037,61.2669,119.2,2.9,"66 km WNW of Tyonek, Alaska",2025-10-01 08:50:12
tx2025tiapcq,-101.189,32.184,7.25,2.6,"16 km SE of Coahoma, Texas",2025-10-01 11:44:13
us6000re0f,-142.2837,69.5244,7.44,2.5,"85 km SE of Kaktovik, Alaska",2025-10-01 15:48:48
ak025clhajal,-150.8455,59.823,35.0,3.5,"7 km ESE of Fox River, Alaska",2025-10-01 20:22:28
us6000re4e,-113.6037,45.6417,23.52,3.4,"12 km WNW of Wisdom, Montana",2025-10-02 02:20:09
hv74789822,-155.326,19.24584,27.33,3.43,"16 km ENE of Pāhala, Hawaii",2025-10-02 02:29:58
ak025cmutjfa,-155.3731,57.6269,0.0,2.6,"55 km W of Karluk, Alaska",2025-10-02 03:41:05
hv74789912,-155.48933,19.181,30.87,2.76,"2 km SSW of Pāhala, Hawaii",2025-10-02 04:03:45
nc75243786,-123.34267,40.96017,29.43,2.77,"24 km E of Willow Creek, CA",2025-10-02 06:32:12
ak025cmx0uor,-150.8149,63.1661,125.3,2.8,"61 km SE of Denali National Park, Alaska",2025-10-02 07:11:10
ak025cmx1d48,-155.4025,57.63,3.9,4.6,"57 km W of Karluk, Alaska",2025-10-02 07:13:49
ak025cmyzkr8,-153.1934,57.9294,35.3,2.6,"19 km WNW of Port Lions, Alaska",2025-10-02 10:41:07
ak025cn1w7rp,-155.3449,57.6457,1.4,3.1,"53 km W of Karluk, Alaska",2025-10-02 15:29:27
ak025cn3n6gh,-151.0348,60.4811,35.0,2.5,"1 km ESE of Soldotna, Alaska",2025-10-02 18:23:03
nn00905344,-116.6757,41.1997,11.1,2.7,"59 km NE of Valmy, Nevada",2025-10-02 22:50:32
nn00905354,-116.4784,38.4938,9.0,2.6,"81 km NE of Tonopah, Nevada",2025-10-03 00:55:38
us6000reed,-112.2439,44.5631,10.0,3.8,"22 km NNW of Spencer, Idaho",2025-10-03 03:19:02
us6000reei,-112.2037,44.5733,10.0,2.5,"23 km N of Spencer, Idaho",2025-10-03 03:52:13
ak025coj0kow,-149.2593,63.7398,5.1,2.5,"17 km W of Denali Park, Alaska",2025-10-03 04:51:57
hv74791302,-155.485,19.1805,29.53,3.86,"2 km SSW of Pāhala, Hawaii",2025-10-03 06:28:56
ci41102063,-116.6125,33.2655,17.0,3.18,"3 km SE of Warner Springs, CA",2025-10-03 09:07:05
tx2025tltgyk,-104.531,31.718,4.61,2.5,"52 km SSW of Whites City, New Mexico",2025-10-03 12:21:24
tx2025tltqom,-104.535,31.721,4.2,2.9,"52 km SSW of Whites City, New Mexico",2025-10-03 12:32:47
nc75244306,-121.97383,40.4095,10.01,3.36,"9 km W of Manton, CA",2025-10-03 13:34:08
nc75244451,-121.96967,40.394,5.13,2.85,"9 km WSW of Manton, CA",2025-10-03 21:10:58
us6000rerj,-112.2196,44.5689,9.87,2.7,"23 km N of Spencer, Idaho",2025-10-04 08:48:04
ok2025tldq,-97.5015,36.275,7.82,2.66,"4 km W of Lucien, Oklahoma",2025-10-04 11:30:42
us6000res9,-112.2195,44.5954,13.65,2.6,"26 km N of Spencer, Idaho",2025-10-04 11:54:52
ak025cqb6una,-148.3308,60.758,8.8,3.0,"19 km E of Whittier, Alaska",2025-10-04 12:30:39
ak025cqcxo6s,-148.0742,62.1368,21.8,2.6,"42 km NNW of Glacier View, Alaska",2025-10-04 15:23:50
ci41102767,-116.85633,34.321,5.6,3.27,"7 km N of Big Bear City, CA",2025-10-05 06:15:39
us6000rex7,-112.2197,44.5674,8.23,2.9,"23 km N of Spencer, Idaho",2025-10-05 09:25:08
ci41102847,-116.856,34.321,6.2,3.29,"7 km N of Big Bear City, CA",2025-10-05 09:51:36
ci41102895,-116.857,34.32117,5.22,3.47,"7 km N of Big Bear City, CA",2025-10-05 10:41:24
ci41102919,-116.302,33.027,6.53,2.58,"20 km SW of Ocotillo Wells, CA",2025-10-05 10:51:14
ci41102999,-116.854,34.32,6.07,2.5,"7 km N of Big Bear City, CA",2025-10-05 12:54:22
ci41103031,-116.85583,34.32033,6.66,2.6,"7 km N of Big Bear City, CA",2025-10-05 13:20:09
us6000rezf,-104.6176,32.2359,5.62,2.5,"23 km WNW of Whites City, New Mexico",2025-10-05 18:36:25
us6000rezn,-99.3104,39.5044,7.02,2.8,"8 km NNW of Stockton, Kansas",2025-10-05 19:58:26
nc75245446,-123.2945,40.7355,24.6,2.55,"22 km NNW of Hayfork, CA",2025-10-06 06:46:16
nc75245686,-119.8485,36.03867,16.36,2.52,"11 km ENE of Kettleman City, CA",2025-10-06 20:17:29
tx2025trwldr,-98.462,28.76,8.58,2.5,"4 km SE of Christine, Texas",2025-10-06 20:23:38
ak025ctr6j5e,-155.3649,57.6258,3.0,2.6,"54 km W of Karluk, Alaska",2025-10-06 20:56:15
ci41104159,-118.69017,34.488,17.26,2.64,"6 km W of Castaic, CA",2025-10-06 22:40:04
hv74795497,-155.3735,19.274,31.56,2.57,"13 km NE of Pāhala, Hawaii",2025-10-06 23:36:46
nn00905524,-114.529,37.2705,2.7,2.5,"38 km S of Caliente, Nevada",2025-10-07 04:46:09
us6000rf9p,-162.7566,65.4001,10.0,2.7,"75 km S of Deering, Alaska",2025-10-07 05:19:54
nn00905534,-116.4927,38.461,6.8,3.0,"77 km NE of Tonopah, Nevada",2025-10-07 08:18:34
nn00905541,-116.4899,38.4442,5.9,3.0,"77 km ENE of Tonopah, Nevada",2025-10-07 09:01:50
nn00905548,-116.5163,38.4461,6.0,3.47,"75 km ENE of Tonopah, Nevada",2025-10-07 09:14:40
nn00905568,-116.7095,41.1961,8.8,3.4,"56 km NE of Valmy, Nevada",2025-10-07 11:45:37
nc75246051,-121.76334,37.4145,7.65,2.68,"8 km NE of Alum Rock, CA",2025-10-07 12:37:17
nn00905574,-116.4966,38.4647,5.9,2.6,"77 km NE of Tonopah, Nevada",2025-10-07 12:51:19
nn00905583,-116.5062,38.4512,5.6,2.9,"76 km ENE of Tonopah, Nevada",2025-10-07 14:32:32
ak025cven569,-156.2981,62.9445,4.5,3.4,"12 km WSW of Takotna, Alaska",2025-10-07 20:43:38
ci41104895,-115.53317,35.474,-1.27,2.64,"20 km SW of Primm, NV",2025-10-07 22:30:26
tx2025ttxsrs,-104.351,31.669,6.1,2.6,"56 km S of Whites City, New Mexico",2025-10-07 23:11:32
tx2025ttymkj,-104.453,31.656,5.64,2.5,"58 km S of Whites City, New Mexico",2025-10-07 23:34:25
ak025cwshdd8,-147.5723,60.5867,15.9,2.5,"57 km WSW of Tatitlek, Alaska",2025-10-08 04:14:53
ak025cwsztec,-153.5541,60.3265,176.9,2.6,"44 km ENE of Port Alsworth, Alaska",2025-10-08 05:00:59
ak025cwtc4ra,-156.7829,57.1138,0.0,2.5,"57 km SE of Ugashik, Alaska",2025-10-08 05:58:05
ak025cwudqus,-152.8125,59.4909,94.0,4.0,"52 km WNW of Nanwalek, Alaska",2025-10-08 07:33:55
uu80118976,-111.319,40.32883,9.2,2.75,"6 km WNW of Independence, Utah",2025-10-08 07:48:35
nc75246446,-121.19867,36.57433,7.09,3.19,"7 km NW of Pinnacles, CA",2025-10-08 09:46:19
nc75246451,-119.7455,38.64267,-1.64,2.69,"7 km SE of Markleeville, CA",2025-10-08 09:50:29
nc75246471,-118.87717,37.43616,7.01,2.65,"22 km SW of Toms Place, CA",2025-10-08 11:38:13
ci41105143,-116.40567,34.00917,7.06,2.59,"10 km ENE of Desert Hot Springs, CA",2025-10-08 12:28:36
hv74798122,-155.3535,19.2245,29.71,2.7,"13 km E of Pāhala, Hawaii",2025-10-08 14:04:03
ak025cwzrnpx,-152.3695,61.6848,1.6,2.6,"61 km SW of Skwentna, Alaska",2025-10-08 16:38:26
hv74798307,-155.81083,20.02784,23.26,3.35,"6 km NNE of Puako, Hawaii",2025-10-08 17:23:53
ak025cx1zmrf,-138.8317,59.8012,0.0,3.1,"57 km ENE of Yakutat, Alaska",2025-10-08 20:11:39
ak025cx21kec,-151.9657,60.0203,84.1,2.5,"15 km WNW of Happy Valley, Alaska",2025-10-08 20:20:41
ak025cx2o1a8,-138.7833,59.7684,2.9,2.7,"58 km ENE of Yakutat, Alaska",2025-10-08 21:25:24
nn00905675,-116.4701,38.4653,7.7,3.3,"79 km ENE of Tonopah, Nevada",2025-10-08 22:53:47
uw62191312,-123.2985,47.56767,44.86,2.84,"21 km NW of Hoodsport, Washington",2025-10-09 00:56:58
uu80119046,-110.8565,44.79967,7.7,2.72,"23 km SSW of Mammoth, Wyoming",2025-10-09 04:06:47
ak025cyhup33,-157.5834,56.1495,69.7,2.6,"53 km ESE of Chignik, Alaska",2025-10-09 07:22:35
hv74799142,-156.0655,19.7805,40.52,2.71,"10 km WNW of Kalaoa, Hawaii",2025-10-09 08:28:32
ak025cyj1y8u,-149.8887,61.6103,38.1,3.7,"4 km WSW of Houston, Alaska",2025-10-09 09:24:17
ci41105703,-115.58683,32.97517,11.49,2.59,"5 km W of Brawley, CA",2025-10-09 11:30:08
ak025cyli9wj,-153.1809,59.8926,131.7,2.6,"53 km ENE of Pedro Bay, Alaska",2025-10-09 13:36:26
us6000rftv,-103.7145,32.1266,10.05,2.5,"35 km ESE of Malaga, New Mexico",2025-10-09 15:17:02
tx2025txehcl,-101.925,32.119,8.33,3.1,"12 km W of Stanton, Texas",2025-10-09 17:42:44
nn00905714,-119.0317,39.1606,11.6,2.5,"22 km NNE of Yerington, Nevada",2025-10-09 18:20:09
tx2025txgftp,-104.398,31.654,6.47,2.6,"57 km S of Whites City, New Mexico",2025-10-09 18:41:31
ak025cyp6w7a,-146.9448,64.756,9.1,2.9,"10 km ENE of Moose Creek, Alaska",2025-10-09 19:55:00
nn00905722,-116.7188,41.195,8.2,2.8,"56 km NE of Valmy, Nevada",2025-10-09 20:04:45
tx2025txotjc,-101.925,32.119,8.94,2.8,"12 km W of Stanton, Texas",2025-10-09 22:58:41
ci41106015,-117.7805,36.0355,2.79,2.83,"15 km E of Coso Junction, CA",2025-10-10 04:39:09
nn00905761,-116.7667,41.1432,6.5,2.6,"49 km NE of Valmy, Nevada",2025-10-10 13:06:31
ak025d094w8y,-145.6679,68.7489,0.0,3.1,"69 km N of Arctic Village, Alaska",2025-10-10 13:51:54
ak025d1ow0s5,-155.4637,68.053,0.0,2.5,"141 km NNE of Kobuk, Alaska",2025-10-11 00:44:13
us6000rgie,-141.0864,61.2511,13.27,2.7,"100 km ESE of McCarthy, Alaska",2025-10-11 07:10:11
nm60614726,-89.78283,36.093,9.73,2.92,"4 km ENE of Steele, Missouri",2025-10-11 08:28:45
ci41106615,-117.118,34.02583,4.96,2.58,"5 km SSE of Mentone, CA",2025-10-11 09:05:00
nc75247761,-119.53367,37.23517,35.07,2.51,"2 km WNW of North Fork, CA",2025-10-11 09:05:26
nn00905821,-114.9237,40.685,0.2,2.6,"47 km E of Lamoille, Nevada",2025-10-11 11:21:36
ak025d1vy0op,-151.3746,61.0335,57.1,3.1,"13 km WSW of Tyonek, Alaska",2025-10-11 12:29:18
ak025d1zgbl2,-147.3961,60.7086,13.8,3.5,"42 km WSW of Tatitlek, Alaska",2025-10-11 18:18:46
ak025d1zmj6e,-147.3988,60.6481,10.4,2.6,"46 km WSW of Tatitlek, Alaska",2025-10-11 18:47:44
ak025d20sjsu,-153.9702,58.4957,87.3,2.7,"78 km NW of Aleneva, Alaska",2025-10-11 20:43:47
tx2025ubhxkh,-101.922,32.119,8.91,2.7,"12 km W of Stanton, Texas",2025-10-11 23:50:05
ak025d3cga14,-148.9932,60.7343,17.4,2.6,"17 km WSW of Whittier, Alaska",2025-10-12 00:48:38
ak025d3dm7y7,-134.7828,58.8931,0.8,3.0,"45 km SE of Mud Bay, Alaska",2025-10-12 02:44:06
ak025d3e0lhr,-149.4292,60.5456,19.4,2.9,"7 km NNW of Moose Pass, Alaska",2025-10-12 03:11:13
nc75248111,-119.57233,38.66233,-1.34,2.83,"18 km NNW of Walker, CA",2025-10-12 06:08:24
tx2025ubulqx,-101.07,32.336,5.27,4.3,"5 km WSW of Westbrook, Texas",2025-10-12 06:08:59
ak025d3k2nt9,-153.1285,57.4338,33.3,3.0,"27 km NNE of Old Harbor, Alaska",2025-10-12 13:28:53
ak025d3n6jmz,-156.3064,58.0959,0.7,2.6,"64 km ESE of Egegik, Alaska",2025-10-12 18:50:55
ak025d3o5to6,-153.8897,59.9394,203.4,2.7,"20 km NE of Pedro Bay, Alaska",2025-10-12 20:15:14
tx2025udbzfd,-101.082,32.326,7.93,2.9,"7 km WSW of Westbrook, Texas",2025-10-12 23:00:06
ak025d517bzx,-150.7827,60.2202,45.9,4.2,"30 km ESE of Kasilof, Alaska",2025-10-13 02:52:30
nc75248456,-118.88,37.4345,6.42,2.57,"23 km SW of Toms Place, CA",2025-10-13 03:31:38
nc75248466,-118.875,37.43683,4.06,2.57,"22 km SW of Toms Place, CA",2025-10-13 03:35:14
nc75248546,-124.17683,40.242,12.8,2.61,"13 km SE of Petrolia, CA",2025-10-13 07:14:38
ok2025ubrq,-101.854,36.75367,5.0,2.66,"26 km NW of Goodwell, Oklahoma",2025-10-13 12:45:23
ak025d59j5t5,-153.7065,60.1979,188.4,4.1,"33 km E of Port Alsworth, Alaska",2025-10-13 16:51:16
us6000rgy8,-104.6442,32.3361,6.57,3.4,"30 km NW of Whites City, New Mexico",2025-10-13 20:12:13
us6000rgze,-73.4557,44.9252,9.99,2.7,"4 km NNW of Chazy, New York",2025-10-14 03:39:25
tx2025uflmnv,-104.4,31.66,6.1,3.2,"57 km S of Whites City, New Mexico",2025-10-14 05:56:04
ak025d6s2n93,-149.6381,62.763,53.8,2.7,"42 km NE of Chase, Alaska",2025-10-14 08:12:01
tx2025ufqfhl,-100.181,28.615,2.09,2.7,"17 km NE of El Indio, Texas",2025-10-14 08:18:28
nc75248996,-121.28083,37.42983,3.62,2.53,"14 km WSW of Patterson, CA",2025-10-14 08:44:43
ak025d6u24zh,-146.1451,61.6619,6.7,2.6,"47 km S of Tolsona, Alaska",2025-10-14 11:45:55
tx2025ugluqs,-104.394,31.651,4.97,2.8,"58 km S of Whites City, New Mexico",2025-10-14 19:09:56
tx2025ugmcqg,-104.4,31.653,5.84,3.9,"57 km S of Whites City, New Mexico",2025-10-14 19:19:12
tx2025ugnvek,-104.4,31.652,5.72,2.8,"58 km S of Whites City, New Mexico",2025-10-14 20:10:53
tx2025ugoblh,-104.398,31.65,4.31,2.9,"58 km S of Whites City, New Mexico",2025-10-14 20:18:09
ak025d6zhqxf,-154.7976,56.5079,12.3,2.5,"61 km SW of Akhiok, Alaska",2025-10-14 20:58:20
uu80119511,-113.0915,37.71217,10.35,2.52,"4 km NW of Cedar City, Utah",2025-10-14 20:58:26
ak025d8cqrw0,-147.4562,61.7294,27.0,4.0,"13 km SE of Glacier View, Alaska",2025-10-15 03:30:44
us6000rhcm,-178.6907,51.62529,79.5,2.6,"144 km WSW of Adak, Alaska",2025-10-15 09:08:06
ak025d8hhmqd,-145.4359,67.6027,35.3,2.5,"58 km S of Arctic Village, Alaska",2025-10-15 11:28:11
nc75249701,-121.96917,40.40283,10.24,2.83,"9 km WSW of Manton, CA",2025-10-15 16:35:19
ak025d8m8flu,-153.1455,59.7364,120.9,2.7,"54 km E of Pedro Bay, Alaska",2025-10-15 19:24:47
us6000rhdy,-157.1828,67.7302,5.0,2.6,"77 km NNE of Ambler, Alaska",2025-10-15 21:59:55
tx2025uirjux,-98.176,28.98,7.16,3.0,"13 km SW of Poth, Texas",2025-10-16 00:07:19
ak025d9yy55h,-152.4623,60.8848,123.0,2.5,"67 km WNW of Nikiski, Alaska",2025-10-16 01:07:00
nn00905980,-116.2368,36.896,11.09,2.78,"46 km E of Beatty, Nevada",2025-10-16 04:09:31
hv74805846,-155.50383,19.15684,33.17,3.44,"5 km SSW of Pāhala, Hawaii",2025-10-16 06:12:01
us6000rhhb,-111.2146,42.9157,10.0,2.9,"15 km WSW of Freedom, Idaho",2025-10-16 06:48:26
ak025da2onfa,-152.5296,57.6609,34.9,3.2,"8 km ESE of Womens Bay, Alaska",2025-10-16 07:34:15
nn00908723,-116.6843,41.2193,8.97,2.81,"60 km NE of Valmy, Nevada",2025-10-16 11:36:40
ci41108959,-116.039,33.08933,8.8,2.52,"10 km SE of Ocotillo Wells, CA",2025-10-16 11:50:45
ak025da62hc8,-152.9363,59.7311,102.5,2.5,"62 km W of Anchor Point, Alaska",2025-10-16 13:02:58
ak025da63z8p,-152.7557,60.0541,103.5,2.6,"58 km WNW of Happy Valley, Alaska",2025-10-16 13:09:55
nc75250206,-122.2535,37.8705,9.03,2.99,"2 km E of Berkeley, CA",2025-10-16 16:23:45
ak025da82ob0,-156.2883,58.1971,152.5,3.9,"58 km SSE of King Salmon, Alaska",2025-10-16 16:39:39
nc75250286,-123.25933,40.75683,29.21,3.09,"23 km NNW of Hayfork, CA",2025-10-16 17:58:11
us6000rhnh,-104.5673,32.3311,9.73,3.5,"24 km NW of Whites City, New Mexico",2025-10-16 22:02:36
nc75250441,-119.02283,37.44467,7.41,2.54,"22 km S of Mammoth Lakes, CA",2025-10-17 00:07:36
ak025dbueb0d,-156.9614,67.6048,0.0,2.5,"69 km NE of Ambler, Alaska",2025-10-17 14:35:42
ak025dbw94ui,-149.2027,60.9444,19.2,2.9,"1 km W of Girdwood, Alaska",2025-10-17 17:47:23
us6000rhxs,-104.6634,39.1097,7.23,3.0,"11 km NNE of Black Forest, Colorado",2025-10-17 18:51:19
ak025dbxwrhe,-150.3306,62.9765,104.6,3.4,"57 km NNE of Petersville, Alaska",2025-10-17 20:25:43
tx2025umnrqy,-98.175,28.987,7.85,3.0,"12 km SW of Poth, Texas",2025-10-18 02:33:37
nc75250956,-121.70834,37.34633,7.54,2.8,"11 km ESE of Alum Rock, CA",2025-10-18 09:16:41
ak025ddfg7vg,-159.0349,55.7836,61.9,2.5,"15 km SSE of Perryville, Alaska",2025-10-18 10:18:16
us6000ri0y,-115.8511,44.3923,11.71,2.8,"20 km SE of Cascade, Idaho",2025-10-18 12:20:06
ci41110951,-116.43133,33.263,5.83,2.69,"5 km W of Borrego Springs, CA",2025-10-18 20:15:05
us6000ri2j,-103.2754,32.2506,6.96,2.5,"17 km NNW of Jal, New Mexico",2025-10-18 20:24:04
ak025ddm722k,-149.8671,61.9511,12.0,2.8,"23 km S of Susitna North, Alaska",2025-10-18 21:51:14
tx2025uojrdi,-103.394,31.939,6.46,2.6,"27 km SW of Jal, New Mexico",2025-10-19 02:41:44
ak025deyyoux,-152.2581,60.4713,85.9,2.6,"53 km W of Kalifornsky, Alaska",2025-10-19 03:42:22
tx2025uoohbt,-104.361,31.666,6.41,3.3,"56 km S of Whites City, New Mexico",2025-10-19 05:00:35
tx2025uowrft,-104.37,31.67,6.15,3.0,"56 km S of Whites City, New Mexico",2025-10-19 09:13:42
tx2025uoznva,-104.369,31.661,6.84,3.4,"57 km S of Whites City, New Mexico",2025-10-19 10:40:14
tx2025upapmb,-104.364,31.672,6.1,2.5,"55 km S of Whites City, New Mexico",2025-10-19 11:12:19
tx2025upjtag,-104.376,31.66,7.05,2.5,"57 km S of Whites City, New Mexico",2025-10-19 15:47:59
ak025df655f7,-153.5309,57.2416,22.4,2.5,"14 km WNW of Old Harbor, Alaska",2025-10-19 15:48:15
ak025df66xa3,-151.1793,62.6709,77.6,2.8,"28 km NW of Petersville, Alaska",2025-10-19 15:56:38
nn00906120,-116.6014,38.1133,16.0,2.56,"55 km E of Tonopah, Nevada",2025-10-19 19:31:19
tx2025uptlin,-101.071,32.339,6.62,3.2,"5 km WSW of Westbrook, Texas",2025-10-19 20:40:47
tx2025upwexl,-101.077,32.341,8.52,2.5,"6 km WSW of Westbrook, Texas",2025-10-19 22:03:49
tx2025uqidam,-104.403,31.674,6.1,2.6,"55 km S of Whites City, New Mexico",2025-10-20 04:03:43
ak025dgo2oj4,-146.8311,61.2575,12.6,2.7,"29 km WNW of Valdez, Alaska",2025-10-20 06:06:50
ak025dgrly5z,-151.2552,62.097,81.9,2.5,"14 km NNE of Skwentna, Alaska",2025-10-20 12:00:28
tx2025uqyuvz,-101.074,32.34,8.69,2.5,"5 km WSW of Westbrook, Texas",2025-10-20 12:27:11
ak025dgsh14y,-146.9941,64.5491,3.7,3.1,"5 km WNW of Salcha, Alaska",2025-10-20 13:45:33
nc75252116,-122.769,38.8,1.29,2.54,"3 km NNW of The Geysers, CA",2025-10-21 00:24:37
ak025dicu4s3,-147.4872,61.7157,14.4,2.8,"13 km SE of Glacier View, Alaska",2025-10-21 08:12:27
nc75252306,-122.72217,38.7525,2.72,2.57,"4 km SW of Anderson Springs, CA",2025-10-21 12:19:25
ak025dig23a2,-146.5256,64.3996,3.6,2.6,"4 km NE of Harding-Birch Lakes, Alaska",2025-10-21 13:53:58
us6000rigg,-103.4328,32.5125,7.13,2.5,"20 km SW of Monument, New Mexico",2025-10-21 14:42:06
us6000rihk,-107.6037,39.7655,9.29,2.5,"22 km NNW of New Castle, Colorado",2025-10-21 14:57:10
ak025dijc8wy,-144.0249,69.5269,0.0,2.6,"69 km SSW of Kaktovik, Alaska",2025-10-21 19:04:56
us6000riiq,-154.8053,57.2793,54.71,2.6,"38 km SSW of Karluk, Alaska",2025-10-21 19:27:05
nc75252521,-122.73466,38.7835,1.52,2.78,"2 km ENE of The Geysers, CA",2025-10-21 19:44:30
ak025dijy1u7,-152.4078,60.4091,87.8,2.5,"57 km NW of Ninilchik, Alaska",2025-10-21 20:06:28
ak025dilyvw7,-155.3926,57.6479,0.0,3.5,"56 km W of Karluk, Alaska",2025-10-21 23:46:11
ak025djxl4b4,-151.5487,63.2667,6.8,2.8,"31 km SSE of Denali National Park, Alaska",2025-10-22 03:44:05
ci41112559,-117.79167,35.353,6.85,2.52,"14 km W of Johannesburg, CA",2025-10-22 05:36:52
nn00906219,-116.4964,38.4714,6.93,2.6,"78 km NE of Tonopah, Nevada",2025-10-22 05:44:34
ak025dk0waqx,-149.0568,62.8001,50.0,3.6,"66 km S of Cantwell, Alaska",2025-10-22 09:00:09
ci41112631,-119.07,34.40733,15.03,3.24,"6 km N of Santa Paula, CA",2025-10-22 10:21:43
ci41112879,-117.47583,34.1175,6.93,2.65,"3 km NW of Fontana, CA",2025-10-22 19:21:00
tx2025uvehhg,-101.08,32.341,7.74,2.7,"6 km WSW of Westbrook, Texas",2025-10-22 19:30:36
ak025dk7oxt3,-153.5296,60.0266,165.4,2.5,"41 km NE of Pedro Bay, Alaska",2025-10-22 20:41:43
ci41113047,-115.614,33.10083,11.64,3.08,"7 km N of Westmorland, CA",2025-10-23 00:04:29
us6000riud,-104.4818,37.2983,5.0,2.9,"8 km N of El Moro, Colorado",2025-10-23 08:05:42
us6000rizf,-110.9288,43.0153,5.0,2.6,"5 km NNE of Star Valley Ranch, Wyoming",2025-10-23 18:15:02
ak025dlv2xz5,-155.0264,64.6975,0.0,2.6,"22 km ESE of Ruby, Alaska",2025-10-23 20:16:53
hv74813236,-155.0205,19.33784,6.93,2.62,"18 km SW of Leilani Estates, Hawaii",2025-10-23 20:31:05
nc75253586,-122.15767,37.94567,14.14,2.77,"8 km NNW of Lafayette, CA",2025-10-23 22:36:29
nc75253656,-122.24483,37.42733,5.19,2.61,"1 km ESE of Woodside, CA",2025-10-23 23:45:00
ak025dn83h8g,-150.4333,60.7219,36.0,2.5,"26 km SSE of Point Possession, Alaska",2025-10-24 02:49:16
ci41113519,-116.9835,34.11083,13.42,3.08,"10 km NNE of Yucaipa, CA",2025-10-24 03:12:37
ak025dnbhhho,-149.7425,63.1438,78.2,3.0,"48 km SW of Cantwell, Alaska",2025-10-24 08:18:40
ak025dnbnxy5,-153.3412,60.0215,123.8,2.8,"50 km ENE of Pedro Bay, Alaska",2025-10-24 08:48:53
ak025dnijfwa,-151.2428,61.8836,66.5,4.6,"14 km SE of Skwentna, Alaska",2025-10-24 20:03:26
hv74814446,-155.45183,19.26667,1.19,2.54,"7 km NNE of Pāhala, Hawaii",2025-10-24 23:53:37
uw62206701,-121.99867,47.14933,17.66,2.5300000000000002,"2 km SE of Buckley, Washington",2025-10-24 23:59:16
ak025dov0siq,-152.6938,59.9252,94.4,2.7,"51 km WNW of Anchor Point, Alaska",2025-10-25 01:46:36
ci41319240,-117.789,35.35217,6.58,2.88,"14 km W of Johannesburg, CA",2025-10-25 04:21:16
ci41319248,-117.78817,35.35433,5.79,2.6,"14 km W of Johannesburg, CA",2025-10-25 04:25:46
us6000rjdx,-107.1039,36.4131,8.6,2.9,"28 km NNW of Regina, New Mexico",2025-10-25 05:05:11
nc75254276,-121.21817,36.57417,5.32,3.15,"8 km NW of Pinnacles, CA",2025-10-25 05:05:38
hv74814791,-155.5665,19.89017,23.16,2.75,"18 km SE of Waimea, Hawaii",2025-10-25 06:26:29
tx2025uzsgsk,-104.35,31.675,3.69,2.6,"55 km S of Whites City, New Mexico",2025-10-25 06:50:00
ak025doz1nl0,-150.4406,63.1531,116.2,3.2,"75 km NNE of Petersville, Alaska",2025-10-25 08:22:24
nn00907805,-116.7167,41.1574,10.92,2.63,"53 km NE of Valmy, Nevada",2025-10-25 08:41:05
nn00907804,-116.7382,41.1871,6.79,2.68,"54 km NE of Valmy, Nevada",2025-10-25 09:31:51
ak025dp10cg6,-144.6112,65.2406,0.0,2.7,"38 km SSE of Central, Alaska",2025-10-25 11:52:06
nc75254401,-122.78033,38.8085,2.24,3.09,"4 km NNW of The Geysers, CA",2025-10-25 12:03:35
nn00906336,-117.1548,37.9349,10.53,3.88,"16 km SSE of Tonopah, Nevada",2025-10-25 12:30:13
ak025dp1jwxj,-145.5482,65.2671,9.9,2.7,"48 km SW of Central, Alaska",2025-10-25 12:43:36
ak025dp5pi38,-149.5934,63.554,0.1,2.6,"36 km WNW of Cantwell, Alaska",2025-10-25 19:41:27
hv74815631,-155.80933,20.042,24.26,2.53,"8 km NNE of Puako, Hawaii",2025-10-25 22:35:44
ak025dqiktwg,-151.8408,63.3383,3.1,2.6,"23 km SSW of Denali National Park, Alaska",2025-10-26 01:49:59
nc75254601,-121.4285,35.83433,3.56,2.75,"24 km SSE of Lopez Point, CA",2025-10-26 02:21:34
ak025dqkpoem,-154.4039,57.65,35.5,2.5,"9 km NNE of Karluk, Alaska",2025-10-26 05:08:12
ak025dqntfrb,-148.95,65.3093,2.9,2.6,"25 km NE of Minto, Alaska",2025-10-26 10:29:55
nc75254811,-122.16483,37.94,14.82,2.92,"7 km N of Orinda, CA",2025-10-26 14:29:12
nc75254841,-120.09267,36.13533,9.93,2.73,"8 km S of Huron, CA",2025-10-26 14:46:04
tx2025vcggzv,-103.976,31.613,7.04,2.5,"37 km WSW of Mentone, Texas",2025-10-26 16:01:42
ci41320520,-117.79383,35.354,4.8,3.07,"15 km W of Johannesburg, CA",2025-10-26 18:15:22
nc75254956,-123.6535,40.023,7.22,3.42,"18 km SE of Redway, CA",2025-10-26 21:06:34
ci41320696,-119.07517,34.40917,14.69,2.65,"6 km NNW of Santa Paula, CA",2025-10-26 23:28:09
ak025ds5kvf8,-157.2307,66.2676,0.0,2.6,"69 km S of Shungnak, Alaska",2025-10-27 00:59:35
us6000rjnx,-111.3503,42.6813,5.0,2.5,"21 km E of Soda Springs, Idaho",2025-10-27 02:59:15
us6000rjpp,-97.0588,38.8568,5.49,2.7,"7 km SE of Enterprise, Kansas",2025-10-27 09:56:58
ci41320840,-117.999,33.635,14.78,2.56,"6 km S of Huntington Beach, CA",2025-10-27 10:56:15
us6000rjt7,-76.8331,39.1805,8.47,2.5,"4 km E of Riverside, Maryland",2025-10-27 21:17:00
ak025dsiynbx,-148.0195,61.7462,21.7,2.6,"20 km WSW of Glacier View, Alaska",2025-10-27 23:07:29
ak025dsj2k6b,-151.0904,62.494,82.7,2.9,"16 km W of Petersville, Alaska",2025-10-27 23:25:55
ak025dtvgsxe,-154.1805,59.1376,125.9,2.6,"47 km SE of Kokhanok, Alaska",2025-10-28 04:54:15
ak025dtzctu8,-151.298,63.3807,14.3,2.5,"27 km SE of Denali National Park, Alaska",2025-10-28 11:07:47
uu80120471,-110.8455,44.799,7.08,2.67,"22 km SSW of Mammoth, Wyoming",2025-10-28 13:00:43
nc75255701,-121.2015,36.58167,6.36,2.6,"8 km NW of Pinnacles, CA",2025-10-28 13:21:22
uu80120481,-110.84533,44.802,7.16,3.7,"22 km SSW of Mammoth, Wyoming",2025-10-28 13:22:28
uu80120511,-110.84617,44.79483,5.22,2.51,"23 km SSW of Mammoth, Wyoming",2025-10-28 15:11:06
ak025du2z1qg,-151.0773,63.2645,0.0,3.0,"44 km SE of Denali National Park, Alaska",2025-10-28 17:15:01
tx2025vgpskb,-104.405,31.656,5.74,2.8,"57 km S of Whites City, New Mexico",2025-10-29 01:04:22
tx2025vgtuzx,-104.119,31.736,7.88,2.5,"49 km W of Mentone, Texas",2025-10-29 03:08:05
us6000rk3m,-98.5357,38.8937,5.0,3.4,"7 km NE of Dorrance, Kansas",2025-10-29 03:46:34
us6000rk3q,-98.5095,38.8567,7.53,2.7,"4 km NW of Wilson, Kansas",2025-10-29 04:12:14
us6000rk46,-98.489,38.8692,8.34,3.2,"5 km NNW of Wilson, Kansas",2025-10-29 05:14:03
ak025dvjyhp9,-151.3926,60.3087,34.0,2.6,"7 km WSW of Kasilof, Alaska",2025-10-29 06:14:37
ak025dvmgvu8,-144.6632,65.2666,1.3,2.5,"34 km S of Central, Alaska",2025-10-29 10:36:11
nc75256241,-119.74633,37.16767,18.99,2.55,"3 km SE of Yosemite Lakes, CA",2025-10-29 17:28:11
ak025dvqp3z0,-148.0607,63.7807,4.9,3.3,"42 km E of Denali Park, Alaska",2025-10-29 17:46:34
ak025dvromz5,-153.6282,57.3254,28.9,3.6,"23 km NW of Old Harbor, Alaska",2025-10-29 19:12:09
us6000rkb0,-115.1705,44.3467,10.0,3.2,"23 km NW of Stanley, Idaho",2025-10-30 01:46:41
ci41322360,-116.37417,33.34833,13.91,2.72,"10 km N of Borrego Springs, CA",2025-10-30 03:05:13
nc75256546,-121.27866,35.75933,5.54,3.2,"15 km NNW of San Simeon, CA",2025-10-30 08:14:25
nc75256621,-122.03616,37.97683,16.22,2.61,"2 km WNW of Concord, CA",2025-10-30 10:50:25
nn00906575,-116.5107,38.4515,9.0,3.08,"76 km NE of Tonopah, Nevada",2025-10-30 12:47:13
nn00906582,-116.3563,36.6712,5.45,2.83,"44 km SE of Beatty, Nevada",2025-10-30 13:47:12
ak025dxe5mlz,-150.2328,59.6308,23.6,5.4,"48 km ESE of Fox River, Alaska",2025-10-30 17:33:14
us6000rkf0,-150.3284,59.6483,33.73,2.6,"42 km ESE of Fox River, Alaska",2025-10-30 17:38:56
nn00906616,-116.678,41.2003,10.17,2.93,"58 km NE of Valmy, Nevada",2025-10-30 21:36:08
us6000rkh4,-98.4583,38.8765,6.21,3.1,"5 km NNE of Wilson, Kansas",2025-10-30 22:16:55
ak025dys1mrl,-146.9474,60.8448,16.3,2.7,"14 km W of Tatitlek, Alaska",2025-10-31 01:12:57
us6000rkjf,-98.4625,38.8588,9.89,2.5,"3 km NNE of Wilson, Kansas",2025-10-31 09:06:09
ak025dywyd3o,-150.3871,59.659,20.6,3.1,"39 km SE of Fox River, Alaska",2025-10-31 09:37:12
ak025dyxytk4,-153.8773,57.8038,35.5,2.6,"29 km NNE of Larsen Bay, Alaska",2025-10-31 11:07:23
nc75257056,-122.76467,38.78583,3.41,3.13,"1 km NW of The Geysers, CA",2025-10-31 11:23:48
us6000rkk9,-108.0696,34.6965,5.56,2.7,"44 km N of Pie Town, New Mexico",2025-10-31 12:42:21
ak025dyz9j4o,-151.9478,63.4096,11.3,2.6,"18 km SW of Denali National Park, Alaska",2025-10-31 13:25:16
ak025dz28vou,-150.3206,59.6551,21.2,3.2,"42 km ESE of Fox River, Alaska",2025-10-31 18:26:01
nc75257251,-120.73817,36.4785,20.53,2.86,"9 km NW of New Idria, CA",2025-10-31 18:27:50
ak025dz4r04l,-152.0296,61.08,119.7,2.5,"48 km W of Tyonek, Alaska",2025-10-31 22:46:47
tx2025vmanbf,-104.241,31.614,7.43,2.5,"53 km NW of Toyah, Texas",2025-10-31 23:52:26
ak025e0f2nu0,-146.9883,64.5987,10.1,2.7,"7 km SSE of Eielson Air Force Base, Alaska",2025-11-01 00:27:11
ak025e0iilkb,-150.3491,59.6779,22.8,2.5,"39 km ESE of Fox River, Alaska",2025-11-01 06:05:35
ak025e0j40qw,-150.3491,59.6412,22.6,2.7,"41 km SE of Fox River, Alaska",2025-11-01 07:05:29
ak025e0livc2,-152.308,59.5592,64.8,2.8,"31 km NW of Nanwalek, Alaska",2025-11-01 11:10:51
nm60615276,-90.19217,36.911,3.78,2.6,"5 km SW of Puxico, Missouri",2025-11-01 16:23:05
us6000rky7,-111.9027,42.6622,7.46,2.8,"6 km SSW of Bancroft, Idaho",2025-11-01 18:01:45
nn00906674,-116.5119,38.4477,6.23,2.62,"75 km ENE of Tonopah, Nevada",2025-11-01 18:47:34
nn00906677,-116.5078,38.4519,2.29,3.67,"76 km NE of Tonopah, Nevada",2025-11-01 19:15:15
nn00906681,-116.5197,38.4407,6.73,2.64,"74 km ENE of Tonopah, Nevada",2025-11-01 19:18:16
ci41324008,-116.845,34.29033,6.92,2.79,"3 km N of Big Bear City, CA",2025-11-01 19:31:36
ak025e0rfa6i,-149.408,62.0793,3.1,2.7,"24 km ESE of Susitna North, Alaska",2025-11-01 21:01:54
ak025e268e7f,-139.6612,60.1412,3.7,3.0,"66 km N of Yakutat, Alaska",2025-11-02 06:35:44
ci41324344,-119.075,33.426,8.29,3.23,"5 km SSW of Santa Barbara Is., CA",2025-11-02 08:04:18
ak025e27hc9i,-151.442,63.1057,0.0,2.5,"50 km SSE of Denali National Park, Alaska",2025-11-02 08:45:13
hv74821641,-155.217,19.30817,0.16,2.59,"15 km S of Volcano, Hawaii",2025-11-02 11:53:58
us6000rl2g,-163.2969,55.175,189.1,3.8,"36 km NNE of False Pass, Alaska",2025-11-02 17:11:59
ak025e2dxqcg,-151.7575,59.9704,36.1,2.5,"2 km NNW of Happy Valley, Alaska",2025-11-02 19:29:39
ak025e2flyo0,-151.4594,63.0687,0.1,3.0,"54 km SSE of Denali National Park, Alaska",2025-11-02 22:10:39
nc75258206,-122.762,38.81967,2.35,2.73,"3 km W of Cobb, CA",2025-11-03 02:54:03
hv74822156,-155.60916,19.53817,8.08,3.64,"28 km ENE of Honaunau-Napoopoo, Hawaii",2025-11-03 04:07:37
ak025e3t2ko0,-149.59,63.3565,97.8,2.5,"32 km W of Cantwell, Alaska",2025-11-03 05:18:02
us6000rl5r,-106.8572,36.677,5.0,3.2,"26 km WSW of Los Ojos, New Mexico",2025-11-03 09:52:02
hv74822411,-155.49533,19.191,31.16,2.6,"2 km SW of Pāhala, Hawaii",2025-11-03 09:55:26
tx2025vrfgfy,-104.453,31.655,6.15,2.5,"58 km S of Whites City, New Mexico",2025-11-03 19:38:12
ak025e440sye,-148.8759,67.4774,0.1,2.6,"53 km E of Wiseman, Alaska",2025-11-03 23:57:33
ak025e5h93e7,-162.5975,66.5334,15.4,4.0,"40 km S of Kotzebue, Alaska",2025-11-04 06:26:14
ak025e5lm8nk,-148.8686,62.531,21.0,2.6,"64 km E of Chase, Alaska",2025-11-04 13:59:31
nn00906832,-116.4987,38.4615,6.96,2.74,"77 km NE of Tonopah, Nevada",2025-11-04 15:51:42
tx2025vsxnfa,-104.026,31.575,7.42,2.5,"36 km NW of Toyah, Texas",2025-11-04 17:53:27
nc75259076,-121.17767,36.55183,6.04,2.53,"4 km NW of Pinnacles, CA",2025-11-04 18:31:00
nc75259101,-123.54167,40.94167,26.82,2.81,"8 km E of Willow Creek, CA",2025-11-04 19:16:24
ak025e712pzu,-149.3155,63.1017,73.8,2.8,"37 km SSW of Cantwell, Alaska",2025-11-05 00:02:26
tx2025vtmbde,-101.915,32.106,8.3,3.2,"12 km WSW of Stanton, Texas",2025-11-05 01:12:45
hv74823511,-155.38583,19.28284,30.95,2.53,"13 km NE of Pāhala, Hawaii",2025-11-05 02:04:19
hv74823526,-154.97166,19.71434,41.44,2.9,"12 km NE of Kea‘au, Hawaii",2025-11-05 02:12:18
ci40481138,-119.07583,33.429,8.34,2.5,"5 km SSW of Santa Barbara Is., CA",2025-11-05 02:25:23
us6000rll9,-112.2242,44.5777,10.19,2.6,"24 km N of Spencer, Idaho",2025-11-05 04:38:29
nc75259496,-121.57117,36.83983,5.12,2.98,"3 km WSW of San Juan Bautista, CA",2025-11-05 15:12:25
tx2025vuqxtd,-104.327,31.666,6.1,2.6,"56 km S of Whites City, New Mexico",2025-11-05 16:43:27
ak025e7aw75n,-144.7112,69.1125,0.1,3.2,"114 km NNE of Arctic Village, Alaska",2025-11-05 16:51:43
ak025e7bi6nt,-143.225,60.3443,6.9,2.6,"122 km S of McCarthy, Alaska",2025-11-05 17:54:01
us6000rlrm,-154.8706,58.5226,119.57,2.6,"102 km S of Kokhanok, Alaska",2025-11-05 21:03:26
ak025e7f3w7d,-149.1706,62.3633,0.1,2.5,"41 km ENE of Susitna North, Alaska",2025-11-05 23:59:20
us6000rlt5,-99.3171,39.3493,10.68,2.8,"10 km SSW of Stockton, Kansas",2025-11-06 01:50:17
hv74824206,-155.49766,19.18017,32.65,2.56,"3 km SW of Pāhala, Hawaii",2025-11-06 05:53:07
ak025e8se0jt,-153.5585,59.8874,135.1,2.5,"32 km ENE of Pedro Bay, Alaska",2025-11-06 06:36:52
uw62202907,-120.449,42.22167,2.51,2.83,"9 km WNW of Lakeview, Oregon",2025-11-06 08:46:56
ak025e8tnv57,-153.6541,59.9167,169.4,2.7,"29 km ENE of Pedro Bay, Alaska",2025-11-06 08:50:43
ak025e8u5kmu,-146.8419,64.4908,10.0,3.2,"4 km SE of Salcha, Alaska",2025-11-06 09:33:26
ak025e8uwo34,-150.9481,61.0208,19.9,3.2,"11 km ESE of Tyonek, Alaska",2025-11-06 10:59:47
ak025e90t1q3,-157.4563,58.3024,201.9,2.9,"10 km NNW of Egegik, Alaska",2025-11-06 20:50:35
nn00907010,-116.4956,38.4509,5.8,2.62,"77 km ENE of Tonopah, Nevada",2025-11-06 22:13:26
nn00907279,-116.5041,38.454,8.74,2.6,"76 km NE of Tonopah, Nevada",2025-11-06 22:14:03
ak025eagxaqz,-139.2037,60.0008,5.4,2.6,"58 km NNE of Yakutat, Alaska",2025-11-07 08:04:18
ak025eai3d24,-153.4826,60.08,139.5,2.5,"47 km NE of Pedro Bay, Alaska",2025-11-07 10:00:44
ak025eako3cz,-153.417,60.3032,170.0,3.0,"51 km ENE of Port Alsworth, Alaska",2025-11-07 14:33:08
ak025eanse5n,-157.2234,66.3342,11.1,2.5,"61 km S of Shungnak, Alaska",2025-11-07 19:56:47
nc75260286,-122.78383,38.8115,2.72,2.55,"4 km NNW of The Geysers, CA",2025-11-07 21:03:39
tx2025vyriwc,-104.376,31.652,6.1,2.7,"58 km S of Whites City, New Mexico",2025-11-07 21:14:24
tx2025vztpoc,-102.044,32.409,7.3,3.1,"33 km WSW of Ackerly, Texas",2025-11-08 11:28:18
uu80121681,-110.848,44.79683,6.92,3.1,"23 km SSW of Mammoth, Wyoming",2025-11-08 15:04:19
tx2025wabiag,-104.456,31.652,6.2,3.2,"58 km S of Whites City, New Mexico",2025-11-08 15:19:26
us6000rmbw,-162.9043,67.6303,10.0,2.8,"7 km NNE of Noatak, Alaska",2025-11-09 03:01:21
nm60615441,-89.43733,36.21033,6.96,2.73,"7 km SE of Ridgely, Tennessee",2025-11-09 06:49:08
tx2025wbgvim,-102.001,31.938,8.52,2.8,"9 km SE of Midland, Texas",2025-11-09 07:11:22
ci40482882,-120.06817,34.42417,6.27,2.5,"19 km W of Isla Vista, CA",2025-11-09 07:16:26
tx2025wbhehz,-102.16,32.414,8.81,2.5,"36 km ENE of McKinney Acres, Texas",2025-11-09 07:22:02
ak025eds2uae,-147.5152,61.3901,12.4,2.6,"47 km S of Glacier View, Alaska",2025-11-09 08:17:48
ak025edx1q8z,-145.3738,69.7824,19.7,2.5,"77 km WSW of Kaktovik, Alaska",2025-11-09 16:52:09
nc75260871,-121.9525,37.7575,9.24,3.83,"3 km SE of San Ramon, CA",2025-11-09 17:38:45
nc75260861,-121.945,37.761,8.48,3.01,"4 km SE of San Ramon, CA",2025-11-09 17:39:35
nc75260886,-121.94283,37.75567,8.5,2.92,"4 km SE of San Ramon, CA",2025-11-09 17:41:20
nc75260866,-121.952,37.75367,5.71,2.95,"4 km SE of San Ramon, CA",2025-11-09 17:41:27
nc75261036,-121.95033,37.76033,9.05,2.98,"3 km SE of San Ramon, CA",2025-11-09 18:42:25
nc75261031,-121.95417,37.76217,8.15,2.89,"3 km SE of San Ramon, CA",2025-11-09 18:42:47
nc75261171,-121.95783,37.75733,9.18,2.91,"3 km SE of San Ramon, CA",2025-11-09 19:50:34
uu80121791,-110.84333,44.80283,7.63,3.21,"22 km SSW of Mammoth, Wyoming",2025-11-10 00:00:57
tx2025wcrbpd,-104.457,31.645,6.77,2.5,"59 km S of Whites City, New Mexico",2025-11-10 01:23:48
tx2025wcreul,-104.45,31.656,6.46,2.8,"58 km S of Whites City, New Mexico",2025-11-10 01:27:24
ak025efbztye,-152.7038,60.0729,105.2,3.7,"55 km WNW of Happy Valley, Alaska",2025-11-10 02:09:29
tx2025wctgcs,-104.427,31.658,5.79,2.6,"57 km S of Whites City, New Mexico",2025-11-10 02:29:16
ak025efd8vwy,-153.9439,60.2263,203.4,3.0,"20 km E of Port Alsworth, Alaska",2025-11-10 04:19:48
ak025eff223s,-149.6946,62.1712,39.9,3.8,"8 km E of Susitna North, Alaska",2025-11-10 07:23:57
ak025efj92mu,-148.2506,62.4833,35.2,2.6,"77 km N of Chickaloon, Alaska",2025-11-10 14:28:14
nc75261581,-121.94517,37.756,8.21,2.57,"4 km SE of San Ramon, CA",2025-11-10 18:03:24
ak025efomfff,-153.2027,58.8203,60.6,3.0,"86 km NNW of Aleneva, Alaska",2025-11-10 23:30:25
us6000rmpd,-98.4636,38.8647,9.54,2.8,"4 km NNE of Wilson, Kansas",2025-11-10 23:53:27
ci40483594,-115.7965,33.01783,7.3,2.94,"16 km W of Westmorland, CA",2025-11-11 00:37:48
uu80121916,-112.401,41.85817,9.4,2.67,"7 km NNE of Howell, Utah",2025-11-11 02:30:07
ak025eh0a55u,-156.4944,57.2178,14.2,2.5,"63 km ESE of Ugashik, Alaska",2025-11-11 03:35:09
ak025eh1libh,-146.6706,61.7498,13.5,2.5,"27 km S of Nelchina, Alaska",2025-11-11 05:56:08
nn00907312,-116.6752,41.2064,10.34,2.5,"59 km NE of Valmy, Nevada",2025-11-11 06:22:35
tx2025wfnrcj,-104.433,31.669,5.38,2.5,"56 km S of Whites City, New Mexico",2025-11-11 14:54:27
us7000regp,-177.8847,51.56439,86.67,3.6,"93 km WSW of Adak, Alaska",2025-11-11 17:15:52
ci40483962,-117.55983,35.74417,7.29,2.5,"14 km W of Searles Valley, CA",2025-11-11 23:29:06
ak025eioy9xw,-150.7153,61.0743,4.3,3.7,"16 km N of Point Possession, Alaska",2025-11-12 05:25:38
uu80122016,-112.43767,42.4425,9.93,2.9,"25 km WSW of Arimo, Idaho",2025-11-12 09:44:11
ak025eiwnrbj,-149.9898,62.8834,75.8,2.9,"48 km N of Chase, Alaska",2025-11-12 18:20:01
ak025eixaqmd,-155.0678,67.0657,0.0,2.9,"81 km ENE of Kobuk, Alaska",2025-11-12 19:27:22
ci40484482,-116.01733,33.6795,10.83,2.52,"12 km ENE of Thermal, CA",2025-11-12 20:21:34
ak2025wicbsp,-151.01306,59.76101,3.48,2.6370534993057224,"11 km SSW of Fox River, Alaska",2025-11-13 00:19:18
ak2025wicqrm,-153.19432,60.0487,127.73,2.5221953183928663,"58 km ENE of Pedro Bay, Alaska",2025-11-13 00:35:24
us6000rp0l,-176.6111,51.78209,67.44,3.0,"10 km S of Adak, Alaska",2025-11-13 02:55:25
us6000rp0q,-162.2233,54.9428,103.88,2.6,"14 km SSE of King Cove, Alaska",2025-11-13 03:56:42
ak2025winden,-146.89758,64.50863,4.14,3.139331906215923,"1 km S of Salcha, Alaska",2025-11-13 05:51:41
ak2025wirqgn,-150.79948,62.21508,55.88,3.1137493657502815,"31 km S of Petersville, Alaska",2025-11-13 08:07:35
ci40484674,-116.93217,33.7835,14.29,2.54,"2 km E of San Jacinto, CA",2025-11-13 09:34:28
ak2025wjbmpe,-153.08968,59.36913,72.28,2.8495155622867525,"66 km W of Nanwalek, Alaska",2025-11-13 13:04:36
ci40484722,-116.228,33.88783,8.19,2.62,"17 km ENE of Thousand Palms, CA",2025-11-13 13:32:12
ak2025wjgakv,-146.03471,67.83775,6.82,2.5451359145093293,"38 km SSW of Arctic Village, Alaska",2025-11-13 15:21:25
ak2025wjjcfy,-152.06548,62.15294,100.78,2.525222221739764,"39 km WNW of Skwentna, Alaska",2025-11-13 16:54:24
tx2025wjnfpt,-104.441,31.656,6.1,2.7,"57 km S of Whites City, New Mexico",2025-11-13 18:59:15
nc75262886,-122.24733,38.08167,8.95,3.48,"4 km SSW of Vallejo, CA",2025-11-13 20:41:15
ak2025wjrpcv,-143.36018,60.37026,14.6,2.6126489050495114,"120 km S of McCarthy, Alaska",2025-11-13 21:10:43
ak2025wjsyyg,-150.22218,63.2084,96.29,3.051765647446072,"66 km WSW of Cantwell, Alaska",2025-11-13 21:52:16
ak2025wjvytq,-151.33723,62.92884,106.29,2.5785684001491513,"56 km NNW of Petersville, Alaska",2025-11-13 23:22:57
nc75263096,-118.9445,37.457,13.52,2.6,"20 km S of Mammoth Lakes, CA",2025-11-14 08:46:48
ak025em34d91,-153.4529,65.566,0.0,2.5,"65 km SE of Hughes, Alaska",2025-11-14 10:45:12
ak025em5zzhq,-148.7462,61.883,29.3,2.8,"11 km N of Sutton-Alpine, Alaska",2025-11-14 15:28:56
nn00907323,-115.9067,38.6846,1.34,2.55,"77 km WSW of Preston, Nevada",2025-11-15 01:54:02
tx2025wlzejk,-98.935,28.679,6.61,3.5,"23 km E of Dilley, Texas",2025-11-15 03:08:31
tx2025wmfone,-101.686,31.718,8.76,2.5,"25 km SW of Garden City, Texas",2025-11-15 06:22:40
uw62204722,-119.52417,48.81467,15.35,2.77,"8 km E of Loomis, Washington",2025-11-15 09:36:41
tx2025wmouks,-104.392,31.654,6.1,3.1,"57 km S of Whites City, New Mexico",2025-11-15 10:59:44
tx2025wmqedn,-104.393,31.657,6.0,3.0,"57 km S of Whites City, New Mexico",2025-11-15 11:41:11
ak025entm2wf,-148.2299,60.1346,19.5,2.8,"14 km WNW of Chenega, Alaska",2025-11-15 15:41:38
ak025enwkzcz,-152.1862,60.2673,93.6,3.2,"37 km NW of Ninilchik, Alaska",2025-11-15 20:40:13
ok2025wkpv,-100.31733,36.93667,2.69,2.67,"13 km WNW of Knowles, Oklahoma",2025-11-15 21:08:49
tx2025wnjwqs,-101.92,32.125,6.32,2.6,"12 km W of Stanton, Texas",2025-11-15 21:37:12
tx2025wnnfqp,-104.392,31.656,5.95,3.1,"57 km S of Whites City, New Mexico",2025-11-15 23:16:56
ak025enyee6k,-152.4215,62.8179,4.3,3.0,"87 km SSW of Denali National Park, Alaska",2025-11-15 23:45:33
tx2025wnwcqb,-104.424,31.687,5.18,2.5,"54 km S of Whites City, New Mexico",2025-11-16 03:44:59
tx2025wnzmgx,-104.392,31.651,6.1,2.9,"58 km S of Whites City, New Mexico",2025-11-16 05:26:40
ci40485522,-116.45317,33.45733,2.87,2.52,"23 km ESE of Anza, CA",2025-11-16 08:22:23
tx2025woqogs,-101.073,32.341,8.03,2.5,"5 km WSW of Westbrook, Texas",2025-11-16 14:01:35
ci40485794,-116.45083,33.45617,3.42,2.98,"23 km NNW of Borrego Springs, CA",2025-11-17 00:10:12
nc75264541,-122.78933,38.80467,3.3,2.89,"4 km NW of The Geysers, CA",2025-11-17 03:54:40
ak025eqy6152,-149.1691,63.7118,0.0,2.9,"12 km W of Denali Park, Alaska",2025-11-17 04:46:17
hv74832512,-155.47633,19.16234,31.65,2.61,"4 km S of Pāhala, Hawaii",2025-11-17 05:14:07
nc75264606,-121.35367,36.68233,1.06,2.64,"12 km SSW of Tres Pinos, CA",2025-11-17 06:13:40
ak025eqzfb0v,-149.1845,63.7172,7.1,3.5,"13 km W of Denali Park, Alaska",2025-11-17 06:57:40
tx2025wqotkq,-104.419,31.683,5.64,2.5,"54 km S of Whites City, New Mexico",2025-11-17 15:19:56
tx2025wqpbxp,-104.404,31.645,6.76,2.7,"58 km S of Whites City, New Mexico",2025-11-17 15:26:39
nn00907391,-115.9429,38.0915,6.86,3.16,"52 km NNW of Rachel, Nevada",2025-11-17 18:19:37
tx2025wqzivk,-104.382,31.656,5.95,3.4,"57 km S of Whites City, New Mexico",2025-11-17 20:36:37
tx2025wqzkfj,-104.379,31.651,6.1,2.9,"58 km S of Whites City, New Mexico",2025-11-17 20:37:33
uu80122716,-109.89517,41.57733,-2.39,3.67,"4 km NW of Little America, Wyoming",2025-11-17 23:39:39
tx2025wrgqvv,-104.38,31.656,6.1,3.0,"57 km S of Whites City, New Mexico",2025-11-18 00:18:15
ak2025wrhzds,-149.64594,62.26132,50.12,2.6662450268385984,"15 km NE of Susitna North, Alaska",2025-11-18 00:56:27
us6000rp1w,-177.9215,51.59879,60.59,3.1,"94 km WSW of Adak, Alaska",2025-11-18 05:08:51
nc75264991,-121.95167,37.7555,9.34,3.29,"4 km SE of San Ramon, CA",2025-11-18 06:47:34
nc75265071,-121.94533,37.75733,9.0,2.58,"4 km SE of San Ramon, CA",2025-11-18 08:08:02
nc75265261,-120.78783,35.55283,4.92,4.11,"7 km W of Templeton, CA",2025-11-18 17:54:30
ak2025wsqtge,-142.26944,66.06386,4.72,2.754466970962197,"85 km ENE of Circle, Alaska",2025-11-18 18:25:34
ak2025wsxtqp,-152.82045,59.892,89.05,3.041154473918687,"56 km WNW of Anchor Point, Alaska",2025-11-18 21:57:18
ak2025wsyzrh,-147.49164,68.61201,5.51,3.085277853689987,"96 km WNW of Arctic Village, Alaska",2025-11-18 22:34:49
ak2025wtduxh,-151.02351,62.25641,80.79,3.583607036597627,"29 km SSW of Petersville, Alaska",2025-11-19 00:59:47
nc75265501,-121.65567,37.28617,6.76,2.95,"16 km E of Seven Trees, CA",2025-11-19 01:48:36
us6000rp35,-98.5177,38.9029,5.0,2.7,"8 km NE of Dorrance, Kansas",2025-11-19 05:44:44
nc75265691,-120.79117,35.55733,4.93,3.19,"8 km W of Templeton, CA",2025-11-19 09:00:12
ak2025wtzayp,-153.02957,60.35184,126.83,2.6128937917028567,"73 km ENE of Port Alsworth, Alaska",2025-11-19 11:40:27
uw62214141,-119.52283,48.81,15.91,2.85,"8 km E of Loomis, Washington",2025-11-19 12:56:50
ak2025wubziw,-152.09639,60.2863,88.33,2.564228854978742,"35 km NW of Ninilchik, Alaska",2025-11-19 13:09:13
ak2025wuhoiu,-145.41571,63.38782,5.01,3.804382257052208,"34 km NNE of Paxson, Alaska",2025-11-19 15:57:19
ak2025wuikyl,-147.38976,60.68749,12.47,2.907985976083444,"43 km WSW of Tatitlek, Alaska",2025-11-19 16:23:32
us6000rs4g,-176.8162,51.63599,69.3,3.0,"29 km SSW of Adak, Alaska",2025-11-19 17:38:15
ak2025wunhlm,-148.52586,63.86042,97.17,2.5043308555223027,"21 km E of Healy, Alaska",2025-11-19 18:50:21
ak2025wunpdx,-149.34277,63.83482,119.46,2.6596622110626837,"18 km W of Healy, Alaska",2025-11-19 18:59:16
tx2025wuohra,-104.414,31.661,5.74,3.4,"57 km S of Whites City, New Mexico",2025-11-19 19:22:22
us6000rp8p,-115.1759,44.2416,14.68,2.5,"19 km W of Stanley, Idaho",2025-11-19 22:06:17
ak2025wvanqn,-153.84796,59.16009,113.07,2.583670482912876,"57 km SE of Pope-Vannoy Landing, Alaska",2025-11-20 01:29:21
us6000rs5a,-162.8182,54.4381,56.42,2.7,"60 km SE of False Pass, Alaska",2025-11-20 03:24:14
ak2025wvhpun,-142.96756,60.42155,7.21,2.5675938683572945,"112 km S of McCarthy, Alaska",2025-11-20 05:03:29
ak2025wvuqmb,-152.22256,58.96944,61.9,2.842287777161985,"46 km SSW of Nanwalek, Alaska",2025-11-20 11:36:30
nc75266636,-121.94467,37.758,10.15,3.18,"4 km SE of San Ramon, CA",2025-11-20 15:27:55
ak2025wwdulf,-151.36847,63.27522,10.44,2.737993188615159,"34 km SSE of Denali National Park, Alaska",2025-11-20 16:12:38
ak2025wwhgcg,-149.47226,61.8628,23.29,2.5440518995315973,"18 km NW of Fishhook, Alaska",2025-11-20 17:56:43
ak2025wwhtqw,-154.25359,59.19083,144.25,3.0366156910627455,"40 km SE of Kokhanok, Alaska",2025-11-20 18:12:26
tx2025wwmsca,-101.076,32.338,7.08,3.1,"6 km WSW of Westbrook, Texas",2025-11-20 20:41:28
tx2025wwrbyw,-101.075,32.339,6.91,2.8,"6 km WSW of Westbrook, Texas",2025-11-20 22:53:51
us7000rf07,-162.2535,55.4854,162.89,2.7,"44 km NE of Cold Bay, Alaska",2025-11-20 23:26:29
ak2025wwsnrk,-149.65077,61.4791,53.01,2.827683699249704,"4 km SW of Knik-Fairview, Alaska",2025-11-20 23:37:24
us7000rff2,-163.8458,54.6696,111.97,2.7,"34 km SW of False Pass, Alaska",2025-11-20 23:39:46
nc75266816,-120.79383,35.55917,4.21,2.75,"8 km W of Templeton, CA",2025-11-20 23:54:57
ci41125207,-117.7935,35.353,7.0,2.77,"15 km W of Johannesburg, CA",2025-11-21 00:03:27
uw62214426,-119.505,48.79683,16.05,3.31,"9 km ESE of Loomis, Washington",2025-11-21 00:05:25
hv74834497,-155.66683,19.86217,30.04,3.24,"15 km ESE of Waikoloa, Hawaii",2025-11-21 01:43:45
ak2025wwzdej,-143.40479,60.30194,3.8,2.974592988134477,"128 km SSW of McCarthy, Alaska",2025-11-21 02:56:24
ak2025wxagjx,-153.7292,57.82851,47.47,2.690335205084849,"35 km NNE of Larsen Bay, Alaska",2025-11-21 03:30:19
nc75266956,-123.3365,41.038,37.96,2.61,"27 km ENE of Willow Creek, CA",2025-11-21 05:03:00
ok2025wujo,-97.5875,34.28383,9.1,2.61,"9 km ESE of Loco, Oklahoma",2025-11-21 05:20:34
nc75267071,-120.78633,35.554,4.36,2.77,"7 km W of Templeton, CA",2025-11-21 09:18:26
tx2025wxlxgv,-101.403,32.184,6.57,2.5,"8 km NNW of Forsan, Texas",2025-11-21 09:24:40
us7000rflz,-166.5782,53.6015,75.85,3.7,"30 km S of Unalaska, Alaska",2025-11-21 13:30:10
ci41125431,-118.508,35.48883,3.36,2.67,"11 km S of Bodfish, CA",2025-11-21 13:40:55
us7000rfmg,-167.3567,53.3996,10.0,2.7,"75 km SW of Unalaska, Alaska",2025-11-21 15:05:57
ak2025wymnmk,-140.73102,60.15248,1.45,2.5410324851922987,"87 km NW of Yakutat, Alaska",2025-11-21 22:45:21
ak2025wyouyd,-151.18457,59.99527,39.88,2.638628484648048,"19 km NW of Fox River, Alaska",2025-11-21 23:54:04
ak2025wypobm,-149.6273,62.3321,42.08,2.771745056999374,"22 km NNE of Susitna North, Alaska",2025-11-22 00:16:18
tx2025wyqale,-100.651,32.76,7.93,2.7,"17 km NE of Hermleigh, Texas",2025-11-22 00:30:26
ak2025wyrnsg,-150.67117,63.63392,4.44,3.0839928338686327,"53 km E of Denali National Park, Alaska",2025-11-22 01:16:14
tx2025wystcy,-100.653,32.76,7.06,2.5,"17 km NE of Hermleigh, Texas",2025-11-22 01:52:39
ak2025wyzcis,-152.783,60.068,113.1,2.5,"60 km WNW of Happy Valley, Alaska",2025-11-22 05:03:34
ak2025wzbwnb,-157.726,56.988,2.7,2.5,"61 km SSW of Ugashik, Alaska",2025-11-22 06:28:08
ak2025wzqhnd,-154.509,57.38,53.4,2.8,"21 km S of Karluk, Alaska",2025-11-22 13:43:19
ak2025wzudcl,-151.268,61.197,81.3,4.8,"11 km WNW of Beluga, Alaska",2025-11-22 15:38:53
nn00907637,-117.722,40.5636,6.67,2.6,"37 km ESE of Imlay, Nevada",2025-11-22 16:18:22
ak2025xbcjoq,-150.855,60.43,47.3,3.1,"9 km SSW of Funny River, Alaska",2025-11-23 08:52:16
ci41125855,-115.8475,32.77667,4.64,2.67,"14 km ENE of Ocotillo, CA",2025-11-23 09:40:43
ci41125863,-117.80817,35.35667,7.19,2.52,"16 km W of Johannesburg, CA",2025-11-23 09:46:44
ak2025xbliek,-149.565,63.223,75.9,2.7,"36 km WSW of Cantwell, Alaska",2025-11-23 13:22:09
ak2025xblmlg,-139.221,59.967,12.1,2.6,"54 km NNE of Yakutat, Alaska",2025-11-23 13:27:07
uw62214776,-123.1575,45.07533,15.1,3.18,"5 km SE of Amity, Oregon",2025-11-23 15:58:26
ak2025xbrnch,-153.16,59.688,100.9,3.0,"54 km ESE of Pedro Bay, Alaska",2025-11-23 16:28:57
ak2025xbznhg,-154.471,59.283,148.8,4.1,"24 km SE of Kokhanok, Alaska",2025-11-23 20:30:18
ak2025xccumh,-151.413,60.094,28.0,3.4,"15 km ENE of Ninilchik, Alaska",2025-11-23 22:09:25
ci41126079,-117.2155,34.0875,5.21,2.58,"5 km S of Highland, CA",2025-11-23 23:54:43
us6000s8ax,-166.4578,53.622,76.27,3.0,"28 km S of Unalaska, Alaska",2025-11-24 02:25:38
ak2025xcowvq,-151.275,61.19,64.9,3.3,"11 km WNW of Beluga, Alaska",2025-11-24 04:14:14
ak2025xcqhmb,-153.884,58.521,74.1,2.6,"76 km NW of Aleneva, Alaska",2025-11-24 04:56:53
ak2025xcslhz,-149.891,61.493,28.0,3.0,"4 km SE of Big Lake, Alaska",2025-11-24 06:01:31
nc75268381,-121.20183,36.59167,7.29,3.19,"8 km NW of Pinnacles, CA",2025-11-24 07:09:22
us6000s8cw,-175.9995,52.00749,132.41,2.7,"46 km ENE of Adak, Alaska",2025-11-24 09:33:06
ak2025xdbolp,-150.109,63.087,81.3,2.7,"67 km WSW of Cantwell, Alaska",2025-11-24 10:36:41
nc75268551,-122.7625,38.7855,1.98,3.93,"1 km NNW of The Geysers, CA",2025-11-24 15:08:58
nc75268531,-122.76467,38.78117,0.75,2.86,"1 km WNW of The Geysers, CA",2025-11-24 15:09:29
us6000s8d6,-168.7401,52.9336,70.14,3.4,"8 km E of Nikolski, Alaska",2025-11-24 16:29:38
ak2025xdnxcc,-151.448,59.239,33.4,2.5,"25 km ESE of Port Graham, Alaska",2025-11-24 16:48:42
ak2025xdowlu,-151.456,59.24,24.3,3.0,"24 km ESE of Port Graham, Alaska",2025-11-24 17:18:14
ak2025xdoyto,-156.718,67.902,18.6,2.6,"103 km NNE of Ambler, Alaska",2025-11-24 17:20:51
hv74836387,-155.49716,19.17484,32.72,2.94,"3 km SSW of Pāhala, Hawaii",2025-11-24 18:57:52
hv74836392,-155.498,19.17884,32.93,2.65,"3 km SW of Pāhala, Hawaii",2025-11-24 19:01:03
ak2025xdvgvl,-152.449,59.185,51.7,2.6,"35 km WSW of Nanwalek, Alaska",2025-11-24 20:31:18
ak2025xdzypl,-152.624,59.984,94.9,2.5,"49 km W of Happy Valley, Alaska",2025-11-24 22:52:36
nc75268901,-120.2345,36.18517,8.88,2.5,"12 km W of Huron, CA",2025-11-25 00:21:11
us7000rdli,-104.7994,36.8157,3.16,2.6,"33 km WSW of Raton, New Mexico",2025-11-25 03:38:56
ak2025xekqbt,-146.985,60.762,11.4,3.0,"20 km SW of Tatitlek, Alaska",2025-11-25 04:14:36
ak2025xeronq,-150.165,61.254,28.6,2.9,"14 km WNW of Anchorage, Alaska",2025-11-25 07:44:02
ak2025xewqbl,-153.112,59.893,118.0,3.0,"56 km ENE of Pedro Bay, Alaska",2025-11-25 10:16:41
ak2025xexyuf,-152.119,59.167,44.6,2.5,"23 km SSW of Nanwalek, Alaska",2025-11-25 10:56:59
ak2025xfabtk,-149.457,62.092,7.3,3.0,"21 km ESE of Susitna North, Alaska",2025-11-25 12:00:44
ak2025xfdrrh,-150.436,61.636,41.8,2.5,"11 km NNE of Susitna, Alaska",2025-11-25 13:49:45
ak2025xfikbu,-149.438,62.095,7.9,2.5,"22 km ESE of Susitna North, Alaska",2025-11-25 16:11:45
tx2025xfwhyo,-104.168,31.712,7.33,2.6,"53 km W of Mentone, Texas",2025-11-25 23:11:40
hv74837202,-155.84716,19.2795,-0.19,2.67,"19 km S of Honaunau-Napoopoo, Hawaii",2025-11-25 23:42:05
ak2025xfxqwo,-151.079,60.574,55.0,2.7,"4 km N of Ridgeway, Alaska",2025-11-25 23:52:16
ak2025xfzcek,-151.72124,60.76726,76.22,2.7300626051740533,"25 km WNW of Nikiski, Alaska",2025-11-26 00:35:31
tx2025xgbjxn,-104.3,31.688,7.33,2.5,"54 km S of Whites City, New Mexico",2025-11-26 01:45:09
ok2025xdio,-96.74417,35.55533,5.65,2.76,"9 km SE of Sparks, Oklahoma",2025-11-26 03:03:42
ak2025xgkxqc,-151.09079,62.56017,85.85,2.7787587245842804,"18 km WNW of Petersville, Alaska",2025-11-26 06:32:18
hv74837442,-155.07533,19.33617,5.84,4.4,"15 km SSE of Fern Forest, Hawaii",2025-11-26 09:49:45
nc75269596,-121.47567,36.99733,2.92,3.98,"8 km E of Gilroy, CA",2025-11-26 14:16:42
nc75269601,-121.47117,37.00167,3.6,2.69,"9 km E of Gilroy, CA",2025-11-26 14:18:35
nc75269606,-121.47033,36.99933,3.89,3.63,"9 km E of Gilroy, CA",2025-11-26 14:20:01
ak2025xhfkno,-155.79683,57.6024,6.26,2.655839859431391,"80 km W of Karluk, Alaska",2025-11-26 16:50:43
tx2025xhftkz,-101.714,31.706,8.42,3.1,"28 km SW of Garden City, Texas",2025-11-26 17:01:20
tx2025xhucqr,-101.796,32.33,6.57,3.3,"22 km N of Stanton, Texas",2025-11-27 00:14:10
nn00907807,-116.0248,40.4665,4.07,2.57,"28 km SSE of Carlin, Nevada",2025-11-27 01:30:15
ak2025ximnlb,-153.20062,62.17507,5.49,3.5275063749293376,"96 km WNW of Skwentna, Alaska",2025-11-27 09:29:49
nc75269961,-122.72767,38.7595,1.92,3.6,"3 km SE of The Geysers, CA",2025-11-27 12:21:06
nc75269971,-122.72467,38.76283,1.11,3.71,"3 km WSW of Anderson Springs, CA",2025-11-27 12:21:45
ak2025xiskoy,-155.362,57.672,9.7,2.5,"55 km WNW of Karluk, Alaska",2025-11-27 12:27:30
ak2025xizdvj,-156.48,56.707,42.5,2.9,"105 km SSE of Ugashik, Alaska",2025-11-27 15:51:00
ak2025xjayfu,-147.701,63.547,0.6,2.9,"63 km ESE of Denali Park, Alaska",2025-11-27 16:45:54
ak2025xjbvhj,-150.75079,61.56952,69.43,6.0,"12 km WNW of Susitna, Alaska",2025-11-27 17:11:29
nc75270286,-122.76767,38.784,1.17,3.76,"1 km NW of The Geysers, CA",2025-11-27 17:11:43
ak2025xjcbry,-150.82401,61.64763,77.08,2.8884267364351017,"20 km NW of Susitna, Alaska",2025-11-27 17:18:54
ak2025xjccsv,-150.68231,61.66476,65.99,2.6009329744578085,"16 km NW of Susitna, Alaska",2025-11-27 17:20:06
ak2025xjcuxc,-150.51662,61.61306,47.87,3.200454059864238,"7 km N of Susitna, Alaska",2025-11-27 17:41:13
nc75270496,-121.5365,36.794,8.4,2.69,"6 km S of San Juan Bautista, CA",2025-11-27 20:10:56
nc75270531,-121.53767,36.796,8.02,3.72,"6 km S of San Juan Bautista, CA",2025-11-27 20:48:48
ak2025xjjbxw,-149.741,63.728,3.0,2.8,"40 km WSW of Healy, Alaska",2025-11-27 20:50:23
nc75270551,-121.54367,36.799,8.2,4.04,"5 km S of San Juan Bautista, CA",2025-11-27 20:57:37
ak2025xjkxxa,-141.41743,65.06083,9.73,3.8690415126029345,"32 km NNW of Eagle, Alaska",2025-11-27 21:46:02
ak2025xjnmhj,-150.836,61.623,52.2,2.6,"19 km WNW of Susitna, Alaska",2025-11-27 23:03:06
ci41128295,-116.7965,33.675,17.5,3.49613296903951,"10 km SW of Idyllwild, CA",2025-11-28 01:36:44
ci41128303,-116.79317,33.67583,17.14,3.48,"10 km SW of Idyllwild, CA",2025-11-28 01:37:06
ak2025xjuqfp,-152.077,61.956,106.4,3.1,"35 km W of Skwentna, Alaska",2025-11-28 02:38:54
ak2025xjvxvd,-151.329,61.448,81.3,2.6,"36 km NNW of Beluga, Alaska",2025-11-28 03:17:53
ak2025xkaeja,-150.29,62.417,45.3,3.3,"10 km WSW of Chase, Alaska",2025-11-28 05:26:09
us7000reb6,-161.7158,55.5635,163.75,3.5,"58 km SSW of Nelson Lagoon, Alaska",2025-11-28 08:03:57
nc75270896,-118.56017,37.43183,11.88,2.89,"4 km ENE of Round Valley, CA",2025-11-28 12:25:39
ci41128719,-116.79717,33.6755,17.47,2.58,"10 km SW of Idyllwild, CA",2025-11-28 12:29:49
ak2025xkovky,-153.471,58.912,70.7,2.8,"92 km SE of Pope-Vannoy Landing, Alaska",2025-11-28 12:48:23
us7000redt,-141.0086,60.4202,5.0,2.7,"120 km NW of Yakutat, Alaska",2025-11-28 13:23:52
ci41128759,-117.79067,35.35867,6.21,2.55,"14 km W of Johannesburg, CA",2025-11-28 13:44:12
nc75270991,-121.595,36.846,6.58,3.21,"5 km W of San Juan Bautista, CA",2025-11-28 15:40:01
ak2025xkxakd,-152.757,59.818,88.8,2.6,"52 km W of Anchor Point, Alaska",2025-11-28 16:55:31
ak2025xkyghs,-150.717,61.595,64.1,3.2,"12 km WNW of Susitna, Alaska",2025-11-28 17:32:32
ak2025xlhdcw,-137.50446,58.68344,10.0,3.6354549054394645,"86 km NW of Elfin Cove, Alaska",2025-11-28 22:00:35
nc75271341,-122.476,37.65467,4.51,3.01,"3 km SSW of Colma, CA",2025-11-29 01:03:04
us7000rejg,-98.5425,38.8927,5.0,2.6,"6 km NE of Dorrance, Kansas",2025-11-29 02:08:16
ak2025xlunvm,-157.208,66.296,5.1,2.8,"66 km S of Shungnak, Alaska",2025-11-29 04:44:35
ak2025xlwmde,-152.832,59.67,78.3,2.7,"57 km WSW of Anchor Point, Alaska",2025-11-29 05:43:26
us7000rekc,-99.1741,39.6372,5.0,2.9,"5 km SW of Kirwin, Kansas",2025-11-29 06:48:27
nc75271471,-121.592,36.847,6.7,2.81,"5 km W of San Juan Bautista, CA",2025-11-29 07:47:52
ak2025xmcmwd,-153.228,59.65,107.7,2.6,"51 km ESE of Pedro Bay, Alaska",2025-11-29 08:45:20
ak2025xmmutb,-151.178,60.112,59.1,3.0,"17 km SE of Clam Gulch, Alaska",2025-11-29 13:56:09
hv74841807,-155.49516,19.175,33.3,2.76,"3 km SSW of Pāhala, Hawaii",2025-11-29 14:14:30
ak2025xmqqkp,-154.227,62.271,11.4,2.8,"83 km S of Nikolai, Alaska",2025-11-29 15:51:41
nc75271701,-122.30717,40.05417,62.15,2.94,"9 km ENE of Rancho Tehama Reserve, CA",2025-11-29 18:10:22
nn00907996,-119.5813,41.9326,0.73,2.91,"47 km E of Fort Bidwell, California",2025-11-29 22:26:01
us7000renk,-97.9533,37.2672,5.0,2.6,"5 km WSW of Danville, Kansas",2025-11-30 00:08:39
ci41129711,-118.44833,32.8435,5.75,2.89,"10 km WNW of San Clemente Is. (SE tip), CA",2025-11-30 02:00:18
hv74842362,-155.49283,19.20434,32.47,3.49,"1 km W of Pāhala, Hawaii",2025-11-30 04:39:33
ak2025xokhmh,-152.922,59.998,104.0,2.7,"65 km WNW of Anchor Point, Alaska",2025-11-30 14:49:25
nc75272211,-122.13567,39.42933,26.02,2.77,"12 km SSE of Willows, CA",2025-11-30 14:56:07
nn00907944,-116.6566,41.2074,9.55,2.79,"60 km NE of Valmy, Nevada",2025-11-30 14:58:58
uw62215926,-119.52333,48.80267,16.43,2.77,"8 km ESE of Loomis, Washington",2025-11-30 15:53:36
ak2025xoptrt,-150.284,61.003,45.1,2.6,"23 km ENE of Point Possession, Alaska",2025-11-30 17:34:25
ak2025xoupij,-151.771,60.641,73.6,2.5,"24 km W of Salamatof, Alaska",2025-11-30 20:00:14
us7000resg,-106.3501,40.6051,10.62,2.7,"15 km SSW of Walden, Colorado",2025-11-30 21:55:33
ak2025xoytuk,-150.837,60.653,42.0,2.8,"13 km NNW of Sterling, Alaska",2025-11-30 22:06:05
us7000resz,-113.2019,47.3283,30.16,3.1,"27 km NE of Seeley Lake, Montana",2025-12-01 01:25:46
nn00907956,-116.5133,41.0675,4.25,3.27,"52 km NW of Carlin, Nevada",2025-12-01 03:27:03
ak2025xpjomg,-154.02,57.612,7.1,2.8,"8 km NNW of Larsen Bay, Alaska",2025-12-01 03:31:48
ak2025xpjvur,-157.222,56.67,75.2,2.5,"83 km ENE of Chignik, Alaska",2025-12-01 03:40:21
nc75272501,-122.60633,38.38533,4.76,3.25,"6 km WSW of Kenwood, CA",2025-12-01 06:56:36
nc75272521,-122.60817,38.38733,4.77,2.9,"6 km WSW of Kenwood, CA",2025-12-01 07:38:10
nc75272546,-122.612,38.391,4.9,3.1,"6 km WSW of Kenwood, CA",2025-12-01 08:06:34
nc75272611,-122.61033,38.3855,1.84,2.93,"6 km WSW of Kenwood, CA",2025-12-01 10:14:24
ak2025xqavdp,-153.588,59.836,117.4,3.0,"29 km E of Pedro Bay, Alaska",2025-12-01 12:12:31
ak2025xqbkxm,-146.864,60.917,9.6,2.6,"11 km WNW of Tatitlek, Alaska",2025-12-01 12:30:46
ak2025xqcprb,-150.449,62.428,50.9,3.1,"16 km NW of Trapper Creek, Alaska",2025-12-01 13:06:29
tx2025xrdhlt,-100.644,32.762,7.93,3.3,"17 km NE of Hermleigh, Texas",2025-12-02 02:31:34
ak2025xrrayc,-152.436,59.765,68.7,3.3,"33 km W of Anchor Point, Alaska",2025-12-02 09:26:27
ak2025xrrymi,-152.967,59.545,86.3,2.5,"62 km WNW of Nanwalek, Alaska",2025-12-02 09:53:46
ak2025xsamci,-152.035,60.665,83.9,2.7,"39 km W of Salamatof, Alaska",2025-12-02 14:10:58
tx2025xsreii,-104.382,31.659,6.1,3.2,"57 km S of Whites City, New Mexico",2025-12-02 22:34:50
ak2025xswrat,-150.782,63.13,105.2,2.7,"65 km SE of Denali National Park, Alaska",2025-12-03 01:20:27
ak2025xszbir,-152.34,60.358,82.3,2.5,"50 km NW of Ninilchik, Alaska",2025-12-03 02:32:47
ci41131303,-119.297,34.429,9.46,2.85,"5 km WSW of Ojai, CA",2025-12-03 03:05:48
nc75273471,-122.61617,38.398,0.46,2.56,"6 km WSW of Kenwood, CA",2025-12-03 03:23:44
ak2025xtfgae,-141.138,61.576,5.0,2.6,"96 km E of McCarthy, Alaska",2025-12-03 05:39:10
ak2025xtgoua,-151.088,60.18,54.3,2.9,"17 km ESE of Clam Gulch, Alaska",2025-12-03 06:19:33
ak2025xtlzst,-150.709,61.637,57.2,2.9,"14 km NW of Susitna, Alaska",2025-12-03 09:03:08
nm60615971,-89.8175,36.0605,8.95,2.59,"1 km NNW of Cooter, Missouri",2025-12-03 12:50:02
ci41131543,-118.44,36.138,6.89,3.2,"42 km WSW of Olancha, CA",2025-12-03 13:18:02
nc75273686,-118.851,37.4285,6.56,2.79,"21 km SW of Toms Place, CA",2025-12-03 15:18:50
ok2025xrej,-97.5805,34.287,10.09,2.51,"10 km ESE of Loco, Oklahoma",2025-12-03 16:49:58
us6000s8nr,-164.8354,54.6067,153.69,2.9,"80 km NE of Akutan, Alaska",2025-12-03 16:57:05
ci41131975,-118.44017,36.13533,6.29,2.6,"42 km WSW of Olancha, CA",2025-12-03 22:35:45
ak2025xuqzrb,-157.365,56.279,32.3,3.3,"64 km E of Chignik, Alaska",2025-12-04 00:38:22
ak2025xvaear,-143.889,65.323,4.5,2.9,"50 km ESE of Central, Alaska",2025-12-04 05:14:52
nn00908096,-116.5087,38.448,0.0,2.59,"75 km ENE of Tonopah, Nevada",2025-12-04 06:22:24
nn00908129,-116.4849,38.4511,0.0,2.52,"77 km ENE of Tonopah, Nevada",2025-12-04 06:22:32
tx2025xvgwlm,-103.997,31.618,8.55,3.1,"38 km NNW of Toyah, Texas",2025-12-04 08:37:25
ak2025xvjxat,-152.783,63.663,1.7,2.8,"33 km SW of Lake Minchumina, Alaska",2025-12-04 10:08:37
nn00908105,-116.5091,38.4567,10.56,2.52,"76 km NE of Tonopah, Nevada",2025-12-04 11:43:57
nc75274276,-121.09283,35.819,5.58,2.65,"21 km NNE of San Simeon, CA",2025-12-04 13:38:47
ak2025xvyvon,-141.46,65.066,2.5,3.9,"33 km NNW of Eagle, Alaska",2025-12-04 17:39:29
ak2025xwaijt,-148.253,62.385,9.6,2.6,"66 km N of Chickaloon, Alaska",2025-12-04 18:24:31
ak2025xwbssk,-150.87,63.142,123.4,2.6,"61 km SE of Denali National Park, Alaska",2025-12-04 19:06:41
ak2025xwcufi,-150.07,61.255,34.3,3.1,"10 km WNW of Anchorage, Alaska",2025-12-04 19:38:36
us7000rfm4,-98.519,38.87,9.01,2.8,"6 km NW of Wilson, Kansas",2025-12-04 20:02:26
ak2025xwfxcb,-152.213,62.691,6.2,2.6,"77 km WNW of Petersville, Alaska",2025-12-04 21:12:26
us7000rfpr,-93.4687,32.0822,5.0,2.6,"13 km WNW of Edgefield, Louisiana",2025-12-05 04:08:25
tx2025xwveuz,-104.193,31.666,6.55,2.7,"54 km NW of Toyah, Texas",2025-12-05 04:53:59
tx2025xwvgdz,-104.191,31.67,7.27,2.5,"54 km NW of Toyah, Texas",2025-12-05 04:55:43
ak2025xwzhvf,-150.013,62.946,79.5,2.5,"55 km N of Chase, Alaska",2025-12-05 06:58:10
ak2025xxwzgo,-148.257,60.998,10.3,2.5,"34 km NE of Whittier, Alaska",2025-12-05 18:52:21
tx2025xxycnx,-102.104,32.356,7.84,2.6,"38 km NW of Stanton, Texas",2025-12-05 19:30:01
nc75275021,-124.1925,40.54933,12.48,2.99,"6 km SSW of Fortuna, CA",2025-12-06 00:34:20
ak2025xytjdo,-151.113,61.539,63.2,2.5,"31 km W of Susitna, Alaska",2025-12-06 06:07:37
ak2025xyvftf,-153.446,60.036,154.1,2.8,"46 km NE of Pedro Bay, Alaska",2025-12-06 07:04:02
ak2025xyzsiz,-150.262,61.086,36.3,2.8,"24 km SW of Anchorage, Alaska",2025-12-06 09:19:21
tx2025xzcqfo,-103.264,30.038,0.95,2.8,"18 km S of Marathon, Texas",2025-12-06 10:47:23
nc75275231,-121.68133,37.55017,3.59,2.59,"17 km SSE of Livermore, CA",2025-12-06 13:55:36
nc75275291,-124.13617,40.2045,11.94,2.51,"18 km SE of Petrolia, CA",2025-12-06 16:54:24
ak2025xzqdgp,-152.501,58.68,46.0,2.7,"73 km NNE of Aleneva, Alaska",2025-12-06 17:34:45
ak2025xzsahw,-153.308,59.587,102.8,2.6,"50 km ESE of Pedro Bay, Alaska",2025-12-06 18:31:41
ak2025xztfxd,-147.95,62.954,62.9,2.8,"70 km SE of Cantwell, Alaska",2025-12-06 19:08:23
us6000rsy1,-139.5412,60.3127,10.32,7.0,2025 Hubbard Glacier Earthquake,2025-12-06 20:41:49
us7000rpbv,-139.3857,60.2873,5.0,4.8,"84 km NNE of Yakutat, Alaska",2025-12-06 20:46:37
ak2025xzwrbu,-139.35724,60.31889,10.76,5.087666993181132,"88 km NNE of Yakutat, Alaska",2025-12-06 20:51:52
ak2025xzwzem,-147.676,64.683,13.8,2.7,"14 km SSW of Badger, Alaska",2025-12-06 21:01:16
ak2025xzxbnq,-150.97157,60.96248,51.39,3.751367683178588,"14 km SE of Tyonek, Alaska",2025-12-06 21:03:57
ak2025xzxxtq,-139.216,60.32,3.5,2.9,"90 km NNE of Yakutat, Alaska",2025-12-06 21:29:43
tx2025xzyoyn,-103.133,31.96,6.1,2.5,"11 km NNW of Kermit, Texas",2025-12-06 21:49:41
ak2025yajlxb,-152.964,59.826,102.8,3.6,"63 km W of Anchor Point, Alaska",2025-12-07 03:18:04
ak2025yartfc,-153.16435,59.31273,76.81,3.6451285668649254,"70 km W of Nanwalek, Alaska",2025-12-07 07:27:43
hv74846967,-155.37433,19.15167,29.61,2.83,"12 km ESE of Pāhala, Hawaii",2025-12-07 11:00:37
ak2025ybgwis,-151.872,59.232,51.8,2.5,"13 km S of Port Graham, Alaska",2025-12-07 15:04:07
us6000rt5w,-139.3077,60.3182,5.0,3.0,"89 km NNE of Yakutat, Alaska",2025-12-07 15:38:36
hv74847177,-155.461,20.06217,37.42,2.62,"1 km SSE of Honoka‘a, Hawaii",2025-12-07 16:59:47
nc75275916,-121.21233,36.56883,2.39,2.64,"7 km NW of Pinnacles, CA",2025-12-07 18:51:12
nc75275951,-120.57467,36.015,4.0,2.52,"18 km NW of Parkfield, CA",2025-12-07 19:10:29
ak2025ybpuln,-148.939,62.634,54.9,3.4,"63 km ENE of Chase, Alaska",2025-12-07 19:33:28
ak2025ybqlnr,-159.511,55.739,4.5,2.9,"18 km S of Ivanof Bay, Alaska",2025-12-07 19:53:18
ak2025ybqqdg,-156.114,58.318,141.0,2.5,"52 km SE of King Salmon, Alaska",2025-12-07 19:58:38
ci41134895,-117.61433,33.385,13.44,3.1,"5 km S of San Clemente, CA",2025-12-07 20:36:39
us6000rt9x,-106.7828,36.2867,8.62,2.9,"11 km NNE of Gallina, New Mexico",2025-12-08 01:07:52
ak2025ycawth,-152.196,61.103,125.6,2.9,"57 km W of Tyonek, Alaska",2025-12-08 01:08:04
ak2025ycektd,-154.026,57.061,1.8,2.5,"15 km NE of Akhiok, Alaska",2025-12-08 02:54:49
ak2025yclgkq,-151.28,62.569,91.0,2.5,"27 km WNW of Petersville, Alaska",2025-12-08 06:20:58
us6000rv4n,-168.9557,52.811,68.48,3.3,"15 km SSW of Nikolski, Alaska",2025-12-08 06:39:46
nc75276341,-121.9475,37.75267,8.98,2.98,"4 km SE of San Ramon, CA",2025-12-08 10:33:41
ak2025ycvkns,-157.552,57.094,6.3,2.6,"47 km S of Ugashik, Alaska",2025-12-08 11:27:24
ak2025ycydws,-157.618,68.087,19.5,3.0,"112 km N of Ambler, Alaska",2025-12-08 12:50:13
nc75276511,-119.851,36.06617,9.93,2.53,"12 km ENE of Kettleman City, CA",2025-12-08 13:08:08
nc75276526,-121.94583,37.75217,8.9,2.86,"4 km SE of San Ramon, CA",2025-12-08 13:21:23
nc75276561,-121.94267,37.7515,8.36,2.69,"4 km SE of San Ramon, CA",2025-12-08 13:37:52
ak2025ydbubo,-146.499,61.609,12.5,3.2,"44 km SSE of Nelchina, Alaska",2025-12-08 14:39:43
ak2025ydelkb,-159.492,55.256,5.7,2.7,"64 km E of Sand Point, Alaska",2025-12-08 16:00:01
nc75276656,-121.939,37.7585,8.23,2.55,"4 km SE of San Ramon, CA",2025-12-08 17:05:58
nc75276661,-121.94467,37.75767,9.62,3.6,"4 km SE of San Ramon, CA",2025-12-08 17:07:58
nc75276741,-121.93983,37.76183,8.25,2.88,"4 km ESE of San Ramon, CA",2025-12-08 18:06:44
ak2025ydkxie,-155.75313,57.54684,5.0,2.6943898242676965,"77 km W of Karluk, Alaska",2025-12-08 19:14:53
hv74848102,-155.2095,19.29984,7.2,3.04,"16 km S of Volcano, Hawaii",2025-12-08 19:26:56
ak2025ydomjc,-156.007,58.586,163.4,3.0,"39 km ESE of King Salmon, Alaska",2025-12-08 21:02:39
nc75276891,-121.9415,37.76233,9.04,2.89,"4 km ESE of San Ramon, CA",2025-12-08 21:50:43
ak2025ydqhqb,-150.583,61.805,53.1,2.5,"29 km N of Susitna, Alaska",2025-12-08 21:57:44
nc75276901,-121.94417,37.75433,8.08,2.56,"4 km SE of San Ramon, CA",2025-12-08 21:59:57
ak2025ydrczy,-150.585,61.809,54.4,2.5,"29 km WNW of Willow, Alaska",2025-12-08 22:22:32
nc75276931,-122.21217,37.82317,4.56,2.86,"2 km E of Piedmont, CA",2025-12-08 22:55:44
us6000rtk6,-97.5008,38.6332,11.36,3.7,"10 km SW of Gypsum, Kansas",2025-12-09 03:39:19
uu80124621,-109.88583,41.57583,-3.26,3.04,"4 km NNW of Little America, Wyoming",2025-12-09 05:00:53
tx2025yegsvx,-104.451,31.685,6.1,2.6,"54 km S of Whites City, New Mexico",2025-12-09 06:15:38
ak2025yejfde,-142.278,60.521,2.0,2.7,"107 km SSE of McCarthy, Alaska",2025-12-09 07:28:05
ci41135767,-116.407,33.23533,1.88,3.17,"4 km SW of Borrego Springs, CA",2025-12-09 08:01:17
ak2025yeryii,-139.302,60.309,10.1,2.5,"88 km NNE of Yakutat, Alaska",2025-12-09 11:51:45
ak2025yewkqj,-150.753,63.036,108.9,2.7,"60 km N of Petersville, Alaska",2025-12-09 14:06:43
us6000rtmg,-139.4812,60.3092,5.0,2.6,"86 km N of Yakutat, Alaska",2025-12-09 14:47:18
tx2025yeyubc,-103.613,31.002,3.13,2.9,"12 km E of Balmorhea, Texas",2025-12-09 15:21:03
us6000rtph,-112.6895,46.6877,12.12,3.2,"12 km NNW of Avon, Montana",2025-12-09 18:22:26
ak2025yfggtv,-153.51,57.829,9.4,2.7,"37 km W of Port Lions, Alaska",2025-12-09 19:03:58
uu80124696,-112.91333,38.50767,2.91,2.65,"14 km NE of Milford, Utah",2025-12-09 19:47:17
tx2025yfkmln,-101.132,35.576,12.82,2.5,"4 km E of Skellytown, Texas",2025-12-09 21:11:16
ak2025yfosgg,-152.33,59.752,66.8,2.6,"28 km W of Anchor Point, Alaska",2025-12-09 23:18:41
nc75277601,-119.8495,36.07683,17.01,2.61,"13 km NE of Kettleman City, CA",2025-12-10 03:09:15
ak2025yfxegt,-152.382,60.429,92.0,2.6,"57 km NW of Ninilchik, Alaska",2025-12-10 03:34:02
ak2025ygcqww,-150.027,61.766,4.0,2.9,"2 km NNE of Willow, Alaska",2025-12-10 06:19:28
ak2025ygijjv,-149.987,61.555,47.7,3.1,"4 km NNW of Big Lake, Alaska",2025-12-10 09:11:50
ak2025ygvdee,-152.945,59.894,97.5,2.6,"63 km WNW of Anchor Point, Alaska",2025-12-10 15:36:51
ak2025yhcthc,-137.84,59.11,5.1,2.6,"109 km WSW of Covenant Life, Alaska",2025-12-10 19:26:46
us6000s868,-161.4027,55.794,161.08,3.0,"26 km SSW of Nelson Lagoon, Alaska",2025-12-10 21:35:21
uu80124751,-112.53,37.97183,8.8,2.56,"18 km NNW of Panguitch, Utah",2025-12-10 21:55:07
ak2025yhikfe,-156.462,68.308,0.5,4.2,"148 km NNE of Ambler, Alaska",2025-12-10 22:17:11
ak2025yhlupr,-153.439,59.914,145.6,2.5,"39 km ENE of Pedro Bay, Alaska",2025-12-10 23:59:32
us6000ru24,-108.4044,42.6009,9.82,2.5,"29 km ENE of Atlantic City, Wyoming",2025-12-11 02:33:55
ak2025yhtxup,-152.587,59.96,94.3,2.8,"47 km WNW of Anchor Point, Alaska",2025-12-11 04:04:57
tx2025yhuyap,-103.998,31.612,8.21,2.8,"38 km NNW of Toyah, Texas",2025-12-11 04:35:35
ak2025yieolu,-153.181,59.294,81.1,2.5,"72 km W of Nanwalek, Alaska",2025-12-11 09:25:59
ak2025yilddj,-156.359,58.498,185.1,3.1,"27 km SE of King Salmon, Alaska",2025-12-11 12:44:02
nc75278246,-123.97233,40.9175,22.0,3.21,"4 km NNE of Blue Lake, CA",2025-12-11 13:35:23
us6000ru50,-93.3453,32.0329,5.0,2.7,"2 km N of Coushatta, Louisiana",2025-12-11 16:07:51
ak2025yitgom,-152.708,59.099,60.2,2.7,"53 km WSW of Nanwalek, Alaska",2025-12-11 16:49:32
ci41349576,-119.01483,34.48367,10.13,2.56,"13 km NW of Fillmore, CA",2025-12-11 18:21:02
ci41349592,-119.01783,34.48783,10.59,3.12,"13 km NW of Fillmore, CA",2025-12-11 18:27:32
ci41349608,-119.03117,34.48583,8.33,2.59,"14 km NW of Fillmore, CA",2025-12-11 18:29:05
ci41349632,-119.016,34.483,10.68,2.66,"13 km NW of Fillmore, CA",2025-12-11 18:31:12
ak2025yixnht,-147.77,60.355,13.7,2.8,"34 km NNE of Chenega, Alaska",2025-12-11 18:57:54
ak2025yjaqyt,-156.497,67.372,8.3,3.0,"54 km NNE of Kobuk, Alaska",2025-12-11 20:32:05
nc75278521,-121.4995,36.77183,6.76,3.11,"9 km SSE of San Juan Bautista, CA",2025-12-12 01:19:44
ak2025yjmxmr,-150.527,63.108,103.4,2.9,"69 km N of Petersville, Alaska",2025-12-12 02:42:18
nn00908448,-116.4924,38.4647,7.11,3.11,"78 km NE of Tonopah, Nevada",2025-12-12 04:31:09
us7000rljy,-163.3854,54.9089,176.89,2.5,"6 km NNE of False Pass, Alaska",2025-12-12 05:41:16
hv74850557,-155.51783,19.17917,31.76,2.69,"4 km WSW of Pāhala, Hawaii",2025-12-12 07:04:39
ak2025ykbajm,-141.391,60.137,5.6,2.7,"114 km NW of Yakutat, Alaska",2025-12-12 09:48:02
ak2025ykfrxm,-150.181,61.935,33.8,2.7,"22 km NNW of Willow, Alaska",2025-12-12 12:09:06
us7000rm64,-162.5487,54.2539,28.05,2.7,"87 km SE of False Pass, Alaska",2025-12-12 17:56:08
nc75278896,-120.79483,35.5545,5.13,3.46,"8 km W of Templeton, CA",2025-12-12 23:30:31
us6000rukk,-108.38,42.5391,10.47,3.8,"29 km E of Atlantic City, Wyoming",2025-12-13 00:38:36
us6000rul1,-97.1226,38.6364,5.0,2.6,"6 km NW of Ramona, Kansas",2025-12-13 02:49:01
tx2025ylqhyi,-104.382,31.656,6.1,2.6,"57 km S of Whites City, New Mexico",2025-12-13 06:33:57
ak2025ylrinl,-151.648,63.274,6.1,2.9,"29 km S of Denali National Park, Alaska",2025-12-13 07:04:48
tx2025ylrywo,-104.598,31.643,4.59,2.9,"62 km SSW of Whites City, New Mexico",2025-12-13 07:26:08
ak2025ylxvbi,-152.931,59.637,88.1,2.5,"63 km WSW of Anchor Point, Alaska",2025-12-13 10:20:20
ak2025ymakyi,-151.072,60.253,49.3,2.6,"14 km SE of Kasilof, Alaska",2025-12-13 11:39:16
ak2025ymcrqf,-153.961,59.855,156.6,3.5,"11 km NE of Pedro Bay, Alaska",2025-12-13 12:47:22
ak2025ymdjyz,-149.314,62.04,2.5,3.0,"31 km ESE of Susitna North, Alaska",2025-12-13 13:08:29
us7000rn7i,-160.1674,55.8041,11.96,3.6,"44 km WSW of Ivanof Bay, Alaska",2025-12-13 17:55:13
tx2025ymstvw,-104.349,31.665,6.43,2.5,"56 km S of Whites City, New Mexico",2025-12-13 20:55:44
ci41351120,-119.25817,34.3825,7.28,2.73,"7 km S of Ojai, CA",2025-12-13 21:38:29
nc75279301,-121.9415,37.76117,8.26,2.59,"4 km ESE of San Ramon, CA",2025-12-13 21:44:08
ci41351232,-119.01817,34.48633,11.12,3.63,"13 km NW of Fillmore, CA",2025-12-14 01:03:35
us6000rurf,-139.3363,60.3451,5.0,3.3,"91 km NNE of Yakutat, Alaska",2025-12-14 01:46:46
ak2025ynerrx,-152.506,59.885,72.8,2.7,"39 km WNW of Anchor Point, Alaska",2025-12-14 02:51:56
tx2025ynolbt,-104.525,31.715,4.25,2.5,"52 km SSW of Whites City, New Mexico",2025-12-14 07:46:07
ak2025ynqvsv,-151.057,61.171,51.0,3.0,"3 km NNE of Beluga, Alaska",2025-12-14 08:58:53
tx2025ynthef,-97.829,29.074,6.98,2.8,"20 km ENE of Falls City, Texas",2025-12-14 10:12:26
ak2025ynvmkq,-150.355,63.218,107.2,2.5,"73 km WSW of Cantwell, Alaska",2025-12-14 11:18:53
ak2025ynxajb,-151.877,60.361,76.5,2.6,"30 km WNW of Clam Gulch, Alaska",2025-12-14 12:05:15
tx2025yocgog,-103.388,31.936,5.84,2.8,"26 km SW of Jal, New Mexico",2025-12-14 14:43:17
ak2025yoglkf,-152.344,60.314,93.6,2.9,"47 km NW of Ninilchik, Alaska",2025-12-14 16:49:37
us6000s88z,-176.8815,51.88379,146.46,3.0,"17 km W of Adak, Alaska",2025-12-14 17:30:26
ak2025yokfhj,-151.207,62.489,78.8,2.7,"22 km W of Petersville, Alaska",2025-12-14 18:45:20
hv74853382,-155.37866,19.2015,29.24,2.68,"10 km E of Pāhala, Hawaii",2025-12-14 18:52:22
tx2025yonhvo,-101.459,31.945,8.37,2.8,"9 km NNE of Garden City, Texas",2025-12-14 20:19:42
tx2025yophae,-101.463,31.956,7.69,2.6,"10 km N of Garden City, Texas",2025-12-14 21:16:03
ak2025yoszov,-148.74,64.913,6.4,3.2,"35 km WNW of Ester, Alaska",2025-12-14 23:08:15
nc75279971,-122.604,38.373,3.13,4.03,"6 km W of Glen Ellen, CA",2025-12-14 23:30:43
nc75279976,-122.6045,38.3775,4.64,3.08,"6 km SW of Kenwood, CA",2025-12-14 23:38:38
ak2025younvr,-141.443,60.015,13.1,2.7,"109 km WNW of Yakutat, Alaska",2025-12-14 23:54:52
nc75280001,-122.605,38.37933,5.67,3.33,"6 km SW of Kenwood, CA",2025-12-15 00:04:20
ak2025ypeqwr,-150.691,60.211,46.8,2.5,"32 km S of Funny River, Alaska",2025-12-15 05:00:06
ak2025ypgvcg,-144.662,69.615,10.6,2.7,"70 km SW of Kaktovik, Alaska",2025-12-15 06:04:25
ak2025yphjgp,-154.333,58.618,7.6,2.5,"94 km SSE of Kokhanok, Alaska",2025-12-15 06:21:45
nc75280156,-121.939,37.758,7.64,2.55,"4 km SE of San Ramon, CA",2025-12-15 06:47:16
ak2025ypmbdw,-153.298,60.025,135.1,2.7,"52 km ENE of Pedro Bay, Alaska",2025-12-15 08:43:14
tx2025yppayw,-101.463,31.947,8.81,2.7,"9 km N of Garden City, Texas",2025-12-15 10:13:31
us6000ruyl,-139.4483,60.3281,10.0,3.2,"88 km N of Yakutat, Alaska",2025-12-15 10:29:22
ak2025yppzkv,-154.407,58.984,124.9,2.5,"54 km SSE of Kokhanok, Alaska",2025-12-15 10:41:55
uw62209737,-121.80067,48.52633,5.48,2.6,"4 km WSW of Concrete, Washington",2025-12-15 15:06:20
uw62209782,-121.79833,48.52733,5.67,2.94,"4 km WSW of Concrete, Washington",2025-12-15 16:29:38
us6000rv17,-106.8086,36.6555,5.83,3.6,"22 km WSW of Los Ojos, New Mexico",2025-12-15 18:02:44
ak2025yqewsr,-154.696,58.086,80.0,2.6,"59 km NNW of Karluk, Alaska",2025-12-15 18:11:22
ak2025yqhfga,-154.214,58.302,77.5,2.5,"81 km WNW of Aleneva, Alaska",2025-12-15 19:21:35
tx2025yqjsrx,-103.389,31.939,7.13,3.4,"26 km SW of Jal, New Mexico",2025-12-15 20:37:31
ak2025yqjzoe,-147.692,61.729,24.9,3.0,"9 km SSW of Glacier View, Alaska",2025-12-15 20:45:31
tx2025yqpctq,-103.392,31.935,6.68,2.5,"27 km SW of Jal, New Mexico",2025-12-15 23:20:05
us7000rpsy,-166.3976,53.5945,65.39,3.1,"32 km SSE of Unalaska, Alaska",2025-12-16 00:37:45
ak2025yqshgt,-148.804,62.346,26.9,2.9,"58 km ENE of Susitna North, Alaska",2025-12-16 00:55:50
ci41352648,-119.01733,34.48833,10.52,2.79,"13 km NW of Fillmore, CA",2025-12-16 01:29:47
ak2025yrhjqf,-152.026,60.618,76.5,2.8,"38 km W of Salamatof, Alaska",2025-12-16 08:31:12
ak2025yrhyna,-150.12,59.811,12.5,2.5,"47 km E of Fox River, Alaska",2025-12-16 08:48:25
ak2025yrntlw,-151.855,60.168,79.9,3.3,"16 km NW of Ninilchik, Alaska",2025-12-16 11:43:35
nc75280786,-121.9485,37.75017,8.89,2.99,"4 km SE of San Ramon, CA",2025-12-16 13:53:27
ci41352848,-119.25517,34.39317,4.31,3.3,"6 km S of Ojai, CA",2025-12-16 15:06:07
ak2025yrxyem,-150.688,62.033,63.9,2.6,"37 km E of Skwentna, Alaska",2025-12-16 16:50:48
ak2025yrzbiy,-178.243,51.44499,13.0,2.9,"121 km WSW of Adak, Alaska",2025-12-16 17:24:35
ak2025yrzrvc,-157.625,57.122,2.6,3.5,"45 km SSW of Ugashik, Alaska",2025-12-16 17:43:45
ak2025yrzxiu,-134.915,59.135,10.3,3.5,"26 km E of Mud Bay, Alaska",2025-12-16 17:50:08
ak2025ysbuxv,-154.292,65.201,4.4,2.6,"76 km NE of Ruby, Alaska",2025-12-16 18:47:41
ak2025ysgngo,-153.162,59.291,93.9,3.2,"71 km W of Nanwalek, Alaska",2025-12-16 21:09:40
ak2025ysifso,-150.353,61.251,38.2,2.6,"23 km WSW of Point MacKenzie, Alaska",2025-12-16 22:01:16
ak2025yslakk,-146.401,61.608,8.7,2.5,"46 km SSE of Nelchina, Alaska",2025-12-16 23:25:37
nn00908629,-116.6914,41.1716,11.63,2.73,"55 km NE of Valmy, Nevada",2025-12-17 03:45:19
ci41353256,-117.42783,34.15717,6.48,3.14,"7 km NNE of Fontana, CA",2025-12-17 04:04:07
nc75281256,-121.9485,37.75083,8.36,2.95,"4 km SE of San Ramon, CA",2025-12-17 06:11:34
ak2025ytblnl,-152.09,58.865,42.1,2.6,"55 km S of Nanwalek, Alaska",2025-12-17 07:41:16
ak2025ytcvdn,-147.384,61.09,14.3,2.9,"45 km WNW of Tatitlek, Alaska",2025-12-17 08:22:37
ci41353384,-117.67683,35.90033,1.98,3.07,"21 km E of Little Lake, CA",2025-12-17 10:01:15
ak2025ytgzes,-152.764,59.927,94.6,2.6,"54 km WNW of Anchor Point, Alaska",2025-12-17 10:28:00
ak2025ytihbp,-147.455,60.435,22.0,2.5,"51 km NE of Chenega, Alaska",2025-12-17 11:07:18
ak2025ytinaw,-157.625,57.145,1.2,2.5,"43 km SSW of Ugashik, Alaska",2025-12-17 11:14:09
ak2025ytuqez,-152.193,59.944,77.7,2.8,"25 km W of Happy Valley, Alaska",2025-12-17 17:19:57
nn00908672,-114.8325,37.3103,0.0,2.82,"30 km ESE of Alamo, Nevada",2025-12-17 23:56:32
tx2025yumbtv,-104.259,31.739,6.61,2.7,"49 km SSE of Whites City, New Mexico",2025-12-18 02:07:57
tx2025yunnks,-101.463,31.949,8.91,2.6,"9 km N of Garden City, Texas",2025-12-18 02:50:00
ak2025yussax,-157.156,56.406,43.4,2.7,"78 km E of Chignik, Alaska",2025-12-18 05:26:15
ak2025yvaopt,-154.242,65.182,6.6,2.5,"76 km NE of Ruby, Alaska",2025-12-18 09:24:30
nc75281976,-121.49267,36.76817,7.38,2.73,"9 km SSE of San Juan Bautista, CA",2025-12-18 09:52:39
nc75282061,-122.22733,40.51017,22.32,2.75,"6 km S of Palo Cedro, CA",2025-12-18 12:34:02
tx2025yvhlbq,-103.404,31.932,5.75,2.6,"28 km SW of Jal, New Mexico",2025-12-18 12:50:42
ak2025yvhvht,-151.058,61.662,65.2,2.7,"31 km WNW of Susitna, Alaska",2025-12-18 13:02:36
tx2025yvigsp,-98.83,28.743,6.52,2.6,"17 km SW of Charlotte, Texas",2025-12-18 13:15:48
ci41142103,-116.86767,35.8665,6.04,3.55738126614852,"48 km ENE of Trona, CA",2025-12-18 15:13:42
aka2025yvqzyr,-146.749,64.415,1.8,2.5,"8 km NW of Harding-Birch Lakes, Alaska",2025-12-18 17:39:32
ak2025yvrtyu,-149.083,64.893,2.9,3.4,"31 km SSE of Minto, Alaska",2025-12-18 18:02:44
ak2025yvxnjl,-150.764,60.771,53.7,2.6,"17 km SSW of Point Possession, Alaska",2025-12-18 20:56:08
ak2025ywfjok,-136.821,58.252,4.6,4.0,"28 km WNW of Elfin Cove, Alaska",2025-12-19 00:53:54
tx2025ywhkul,-104.365,31.671,6.1,2.5,"55 km S of Whites City, New Mexico",2025-12-19 01:54:52
nc75282426,-122.78083,38.816,1.71,2.76,"5 km NNW of The Geysers, CA",2025-12-19 02:13:20
tx2025ywiriy,-101.193,32.182,8.23,2.5,"16 km SE of Coahoma, Texas",2025-12-19 02:32:45
ak2025ywjfos,-136.784,58.288,8.9,2.9,"27 km WNW of Elfin Cove, Alaska",2025-12-19 02:49:09
ci41142815,-116.49017,33.47417,12.99,3.23,"19 km ESE of Anza, CA",2025-12-19 14:52:54
ci41142911,-116.76983,34.28,3.64,2.57,"7 km ENE of Big Bear City, CA",2025-12-19 16:38:42
ak2025yxnokp,-151.951,59.987,54.2,3.0,"12 km WNW of Happy Valley, Alaska",2025-12-19 18:04:36
tx2025yxtgjv,-104.116,31.734,7.78,2.6,"49 km W of Mentone, Texas",2025-12-19 20:56:49
ak2025yxwdiq,-150.948,63.081,120.9,3.2,"64 km SE of Denali National Park, Alaska",2025-12-19 22:23:16
nc75282936,-118.5715,37.39317,5.04,2.99,"3 km SE of Round Valley, CA",2025-12-19 22:35:50
us6000rw6i,-166.6306,53.8999,5.87,3.7,"5 km W of Dutch Harbor, Alaska",2025-12-19 23:15:06
us6000rw6j,-166.6108,53.8983,9.36,3.7,"4 km WNW of Dutch Harbor, Alaska",2025-12-19 23:16:41
uw62210922,-123.366,46.547,40.33,2.65,"5 km WSW of Pe Ell, Washington",2025-12-19 23:29:54
ak2025yyfhgm,-148.033,64.143,97.3,3.2,"54 km ENE of Ferry, Alaska",2025-12-20 02:59:23
nc75283016,-121.95383,37.74283,9.56,3.77,"5 km SSE of San Ramon, CA",2025-12-20 03:49:28
nc75283031,-121.95317,37.74367,9.63,3.95,"5 km SSE of San Ramon, CA",2025-12-20 03:56:09
nc75283036,-121.93267,37.7485,4.93,2.5,"5 km N of Dublin, CA",2025-12-20 03:57:56
nc75283081,-121.946,37.74983,8.73,2.93,"4 km SE of San Ramon, CA",2025-12-20 04:10:00
ak2025yyngci,-154.607,58.82,115.9,2.7,"69 km S of Kokhanok, Alaska",2025-12-20 06:59:26
nc75283226,-120.836,36.23733,7.01,3.29,"20 km NE of San Lucas, CA",2025-12-20 07:51:35
nc75283291,-123.05867,38.954,3.97,2.63,"16 km SW of Lakeport, CA",2025-12-20 10:56:13
ci41143703,-119.24817,34.37783,7.37,2.72,"8 km S of Ojai, CA",2025-12-20 12:47:12
ci41143767,-119.241,34.3685,9.16,2.8,"9 km S of Ojai, CA",2025-12-20 14:01:43
nc75283461,-121.94567,37.749,8.97,2.64,"4 km SE of San Ramon, CA",2025-12-20 16:10:32
ak2025yzpahz,-152.918,59.629,89.5,2.8,"63 km WSW of Anchor Point, Alaska",2025-12-20 20:57:33
ak2025yzwjcf,-152.979,59.401,78.0,2.8,"60 km W of Nanwalek, Alaska",2025-12-21 00:38:54
nc75283691,-121.9455,37.74717,10.03,3.9,"5 km SE of San Ramon, CA",2025-12-21 02:31:54
nc75283696,-121.945,37.74933,8.91,2.76,"4 km SE of San Ramon, CA",2025-12-21 02:36:34
nc75283726,-121.95083,37.74817,10.06,2.9,"4 km SE of San Ramon, CA",2025-12-21 02:53:47
ak2025zaeosi,-136.849,58.227,10.0,3.6,"29 km W of Elfin Cove, Alaska",2025-12-21 04:46:21
ak2025zahlfn,-152.372,60.383,102.2,2.5,"53 km NW of Ninilchik, Alaska",2025-12-21 06:13:16
ak2025zaqonj,-153.133,59.324,84.6,2.7,"69 km W of Nanwalek, Alaska",2025-12-21 10:48:25
tx2025zavhln,-104.392,31.653,6.1,2.9,"57 km S of Whites City, New Mexico",2025-12-21 13:11:36
us6000rwcj,-114.9764,44.3648,5.39,3.2,"16 km N of Stanley, Idaho",2025-12-21 17:01:01
nc75284286,-121.408,36.79033,7.05,3.29,"4 km WSW of Ridgemark, CA",2025-12-21 20:40:49
tx2025zbnhsj,-101.075,32.143,8.72,2.6,"24 km SSW of Westbrook, Texas",2025-12-21 22:14:30
nc75284381,-119.92567,36.15667,14.73,2.56,"10 km WSW of Stratford, CA",2025-12-21 22:26:54
nc75284421,-121.4085,36.78333,6.88,2.63,"5 km SW of Ridgemark, CA",2025-12-21 23:03:32
nc75284481,-124.25083,40.47633,5.05,2.89,"11 km S of Ferndale, CA",2025-12-22 01:06:04
ak2025zcfxfh,-152.789,60.665,129.9,2.6,"80 km W of Salamatof, Alaska",2025-12-22 07:35:49
tx2025zcgxfp,-101.075,32.141,8.86,2.8,"24 km SSW of Westbrook, Texas",2025-12-22 08:05:59
tx2025zcifgg,-101.069,32.143,8.57,3.4,"24 km SSW of Westbrook, Texas",2025-12-22 08:45:17
tx2025zckzen,-101.081,32.141,8.94,2.6,"24 km SSW of Westbrook, Texas",2025-12-22 10:08:56
ak2025zcmltn,-153.102,60.447,141.3,3.0,"72 km ENE of Port Alsworth, Alaska",2025-12-22 10:53:57
ak2025zcmxhc,-151.031,62.972,119.2,3.0,"54 km NNW of Petersville, Alaska",2025-12-22 11:07:05
ak2025zcshki,-150.925,63.092,125.0,2.5,"64 km SE of Denali National Park, Alaska",2025-12-22 13:49:41
tx2025zcsiej,-98.845,28.746,6.94,2.5,"18 km SW of Charlotte, Texas",2025-12-22 13:50:33
ak2025zctsru,-148.116,60.996,4.6,2.6,"39 km NE of Whittier, Alaska",2025-12-22 14:34:47
nc75284916,-118.36183,37.2575,14.32,2.61,"3 km SE of Wilkerson, CA",2025-12-22 20:38:18
ak2025zdjagg,-148.527,61.282,22.4,2.6,"28 km SE of Knik River, Alaska",2025-12-22 22:14:19
ak2025zdkavy,-150.611,60.898,53.7,3.2,"5 km ESE of Point Possession, Alaska",2025-12-22 22:45:12
ak2025zdlefq,-148.001,62.413,42.7,2.7,"68 km NW of Eureka Roadhouse, Alaska",2025-12-22 23:19:17
nc75284991,-121.29683,36.64983,5.36,3.28,"16 km S of Tres Pinos, CA",2025-12-22 23:32:28
ak2025zdlyff,-150.256,59.641,23.2,2.5,"46 km ESE of Fox River, Alaska",2025-12-22 23:42:35
ak2025zdovdt,-156.652,56.108,42.6,3.1,"110 km ESE of Chignik, Alaska",2025-12-23 01:08:57
ak2025zdphmj,-152.938,60.357,136.4,2.5,"78 km ENE of Port Alsworth, Alaska",2025-12-23 01:23:35
ak2025zdsxwn,-154.313,59.379,8.6,2.6,"22 km SSE of Pope-Vannoy Landing, Alaska",2025-12-23 03:13:16
ak2025zebqmi,-152.781,59.733,87.8,2.6,"53 km W of Anchor Point, Alaska",2025-12-23 07:36:48
nc75285161,-121.94583,37.75,9.18,2.6,"4 km SE of San Ramon, CA",2025-12-23 08:11:11
nc75004593,-120.5675,39.893,-1.7,2.68,"9 km WNW of Lake Davis, CA",2025-12-23 08:11:29
ci41146015,-116.946,34.17067,8.1,2.72,"9 km SSW of Big Bear Lake, CA",2025-12-23 08:32:53
hv74858577,-155.48433,19.17717,31.42,3.37,"2 km SSW of Pāhala, Hawaii",2025-12-23 09:56:58
ak2025zehbvr,-157.315,56.336,58.1,2.6,"67 km E of Chignik, Alaska",2025-12-23 10:20:21
ak2025zeossg,-151.938,60.638,84.9,2.7,"33 km W of Salamatof, Alaska",2025-12-23 14:11:42
ak2025zexlzo,-141.842,66.317,9.8,2.8,"91 km ESE of Chalkyitsik, Alaska",2025-12-23 18:34:14
tx2025zfcbvp,-104.511,31.717,6.1,2.7,"52 km SSW of Whites City, New Mexico",2025-12-23 20:53:53
ak2025zfhizl,-136.802,58.288,9.9,2.9,"28 km WNW of Elfin Cove, Alaska",2025-12-23 23:33:04
us7000rkih,-178.0581,51.65309,81.1,2.6,"101 km WSW of Adak, Alaska",2025-12-24 00:15:05
ak2025zfjxxc,-152.595,59.408,71.4,2.5,"38 km W of Nanwalek, Alaska",2025-12-24 00:50:45
ak2025zflbvh,-151.732,62.302,97.1,3.2,"38 km NNW of Skwentna, Alaska",2025-12-24 01:26:05
ak2025zfmbwx,-141.643,59.979,13.0,2.5,"117 km WNW of Yakutat, Alaska",2025-12-24 01:55:40
ak2025zfpdvj,-153.425,57.451,1.0,2.6,"28 km NNW of Old Harbor, Alaska",2025-12-24 03:28:19
nn00908879,-116.7046,41.2502,6.0,3.97,"61 km NE of Valmy, Nevada",2025-12-24 03:50:09
ak2025zfuriv,-149.903,63.596,124.2,2.5,"51 km WSW of Denali Park, Alaska",2025-12-24 06:15:00
ak2025zgdnma,-150.202,61.208,43.1,2.6,"16 km W of Anchorage, Alaska",2025-12-24 10:42:03
nc75285821,-121.95,37.74333,9.11,2.97,"5 km NNW of Dublin, CA",2025-12-24 19:36:54
ci41146799,-116.76617,34.003,15.6,2.86,"10 km NNE of Cabazon, CA",2025-12-24 20:03:25
tx2025zhcwyq,-104.357,31.667,6.56,2.6,"56 km S of Whites City, New Mexico",2025-12-24 23:27:21
hv74859777,-155.55316,18.95534,40.13,3.2,"12 km SSE of Naalehu, Hawaii",2025-12-25 00:04:50
ak2025zhnruf,-151.776,62.024,107.9,3.1,"20 km W of Skwentna, Alaska",2025-12-25 04:53:15
ak2025zhthxe,-140.773,60.078,1.8,2.6,"83 km NW of Yakutat, Alaska",2025-12-25 07:42:50
uw62211567,-122.77417,47.526,22.71,2.82,"5 km W of Gorst, Washington",2025-12-25 07:58:27
ak2025zidhzi,-150.178,60.8,42.4,2.9,"30 km ESE of Point Possession, Alaska",2025-12-25 12:44:46
tx2025zioqrt,-104.363,31.668,6.97,3.3,"56 km S of Whites City, New Mexico",2025-12-25 18:26:37
tx2025zipifa,-104.363,31.676,6.1,2.5,"55 km S of Whites City, New Mexico",2025-12-25 18:46:57
tx2025ziplbw,-104.362,31.674,6.1,3.5,"55 km S of Whites City, New Mexico",2025-12-25 18:50:26
tx2025zirfvs,-104.363,31.67,6.3,2.6,"56 km S of Whites City, New Mexico",2025-12-25 19:44:39
tx2025zirnot,-104.361,31.673,6.1,2.7,"55 km S of Whites City, New Mexico",2025-12-25 19:53:31
tx2025zivgja,-104.366,31.67,6.1,2.6,"56 km S of Whites City, New Mexico",2025-12-25 21:46:04
ci41147191,-118.62633,34.37633,10.91,2.52,"10 km SSW of Valencia, CA",2025-12-25 22:45:07
ak2025zixxhg,-151.528,65.439,2.6,2.6,"39 km NE of Tanana, Alaska",2025-12-25 23:05:48
ak2025ziyjaf,-155.924,58.234,13.4,2.6,"66 km SE of King Salmon, Alaska",2025-12-25 23:19:25
nc75286356,-120.78633,35.54817,4.79,2.82,"7 km W of Templeton, CA",2025-12-25 23:41:47
tx2025zjatjy,-104.355,31.666,7.41,2.7,"56 km S of Whites City, New Mexico",2025-12-26 00:31:49
tx2025zjatld,-104.353,31.652,7.89,2.7,"58 km S of Whites City, New Mexico",2025-12-26 00:32:14
tx2025zjavwq,-102.161,32.173,8.45,2.8,"20 km NNW of Midland, Texas",2025-12-26 00:34:58
nn00908900,-119.5905,40.5788,4.0,3.41,"21 km W of Empire, Nevada",2025-12-26 01:23:59
tx2025zjjzqs,-104.015,31.529,7.6,2.7,"31 km NW of Toyah, Texas",2025-12-26 05:10:50
us7000rkux,-96.1081,37.0433,5.0,2.5,"5 km SSW of Peru, Kansas",2025-12-26 06:06:30
ak2025zjnqlw,-145.54,68.809,1.4,2.9,"76 km N of Arctic Village, Alaska",2025-12-26 07:00:40
nn00908914,-119.5308,41.9193,3.29,2.66,"51 km E of Fort Bidwell, California",2025-12-26 13:07:45
nc75286811,-121.22767,36.57983,4.68,2.54,"9 km NW of Pinnacles, CA",2025-12-26 22:35:38
tx2025zkxkwi,-103.122,31.964,8.81,3.3,"12 km NNW of Kermit, Texas",2025-12-27 01:00:26
ak2025zlafiz,-149.034,64.783,0.8,2.8,"20 km NNE of Four Mile Road, Alaska",2025-12-27 02:24:29
nc75286946,-120.18583,36.081,7.41,2.52,"10 km NNW of Avenal, CA",2025-12-27 03:33:23
ak2025zllvgz,-155.95,58.202,157.4,2.8,"68 km SE of King Salmon, Alaska",2025-12-27 08:14:57
us7000rl22,-93.3861,31.8122,5.0,2.9,"12 km E of Pleasant Hill, Louisiana",2025-12-27 12:47:50
ci41147719,-118.62833,34.37667,12.53,2.62,"10 km SSW of Valencia, CA",2025-12-27 14:25:40
ak2025zlykny,-153.131,59.685,108.1,2.5,"56 km ESE of Pedro Bay, Alaska",2025-12-27 14:34:38
ci41147727,-118.6245,34.37667,11.95,2.5,"10 km SSW of Valencia, CA",2025-12-27 14:34:53
nn00908938,-119.0474,39.1606,5.0,3.65,"21 km NNE of Yerington, Nevada",2025-12-27 15:20:28
hv74861567,-155.5105,19.14534,35.71,3.26,"7 km SSW of Pāhala, Hawaii",2025-12-27 15:34:51
ak2025zmfzcw,-150.855,60.467,49.8,2.9,"6 km SW of Funny River, Alaska",2025-12-27 18:22:47
ak2025zmsrnh,-156.284,57.472,10.0,2.5,"66 km E of Ugashik, Alaska",2025-12-28 00:46:16
ak2025zmttjz,-149.21,64.77,2.1,2.7,"19 km NNW of Four Mile Road, Alaska",2025-12-28 01:18:30
ak2025zmudia,-147.774,60.375,17.7,2.5,"36 km NNE of Chenega, Alaska",2025-12-28 01:30:02
ak2025zmviuf,-150.458,61.625,48.1,2.5,"9 km NNE of Susitna, Alaska",2025-12-28 02:06:35
ak2025znhmow,-150.258,59.657,26.4,2.5,"45 km ESE of Fox River, Alaska",2025-12-28 08:13:00
ak2025znktyz,-153.585,59.615,123.2,2.6,"35 km ESE of Pedro Bay, Alaska",2025-12-28 09:52:22
ak2025znmoph,-152.196,60.069,94.4,2.7,"29 km WNW of Happy Valley, Alaska",2025-12-28 10:46:14
ak2025znolav,-151.641,59.362,47.2,2.5,"9 km SSE of Seldovia, Alaska",2025-12-28 11:42:27
nc75287496,-121.94183,37.76483,7.5,2.53,"4 km ESE of San Ramon, CA",2025-12-28 13:18:59
nn00908971,-117.2738,37.2569,6.23,2.5,"50 km S of Goldfield, Nevada",2025-12-28 14:24:57
ak2025znuoke,-150.026,63.208,94.9,2.7,"57 km WSW of Cantwell, Alaska",2025-12-28 14:47:23
nn00908973,-116.1433,38.439,3.82,2.57,"94 km NNW of Rachel, Nevada",2025-12-28 14:47:31
ci41148175,-117.09467,34.26967,6.83,2.64,"7 km N of Running Springs, CA",2025-12-28 15:44:30
us6000sgnb,-161.7903,55.5802,116.22,2.8,"59 km SW of Nelson Lagoon, Alaska",2025-12-28 17:21:15
se60616506,-84.4575,37.66333,6.85,3.09,"11 km ENE of Lancaster, Kentucky",2025-12-28 17:47:09
ak2025zocsyj,-152.793,59.883,100.8,2.5,"55 km WNW of Anchor Point, Alaska",2025-12-28 18:54:56
nc75287626,-118.67967,37.94383,14.01,3.29,"39 km E of Lee Vining, CA",2025-12-28 19:02:07
ak2025zodydf,-148.947,63.525,0.7,2.5,"14 km N of Cantwell, Alaska",2025-12-28 19:30:10
nc75287651,-121.93267,37.75267,5.56,2.53,"5 km SE of San Ramon, CA",2025-12-28 19:56:43
ak2025zoihti,-152.7,59.608,83.9,2.5,"52 km WNW of Nanwalek, Alaska",2025-12-28 21:42:59
nc75287861,-120.70083,40.547,6.78,4.7,"15 km NNW of Susanville, CA",2025-12-29 00:41:14
nc75287901,-120.69017,40.5465,6.6,2.5,"15 km NNW of Susanville, CA",2025-12-29 01:16:06
ak2025zopwva,-150.275,59.635,25.9,2.9,"45 km ESE of Fox River, Alaska",2025-12-29 01:30:45
ak2025zotlpj,-151.867,60.709,92.1,3.0,"31 km W of Nikiski, Alaska",2025-12-29 03:18:28
nn00908991,-116.5029,38.4623,7.25,2.79,"77 km NE of Tonopah, Nevada",2025-12-29 03:46:22
ak2025zoyaef,-153.841,56.975,37.0,2.5,"20 km E of Akhiok, Alaska",2025-12-29 05:36:30
ak2025zoyhyn,-150.576,62.155,3.1,2.7,"25 km SW of Trapper Creek, Alaska",2025-12-29 05:45:03
ak2025zphwzo,-147.299,68.066,1.0,3.0,"73 km W of Arctic Village, Alaska",2025-12-29 10:34:46
ak2025zphxqs,-147.302,68.163,4.6,2.9,"73 km W of Arctic Village, Alaska",2025-12-29 10:34:48
ci41148791,-117.09633,34.27017,7.47,2.57,"7 km N of Running Springs, CA",2025-12-29 13:26:12
aka2025zpxzlm,-160.051,64.365,9.0,2.8,"55 km E of Shaktoolik, Alaska",2025-12-29 18:39:40
ak2025zpztop,-152.674,59.736,90.4,2.5,"47 km W of Anchor Point, Alaska",2025-12-29 19:33:12
ak2025zqckfk,-152.971,59.175,79.5,2.5,"63 km WSW of Nanwalek, Alaska",2025-12-29 20:52:50
ak2025zqtili,-136.877,58.285,4.6,3.4,"32 km WNW of Elfin Cove, Alaska",2025-12-30 05:23:47
aka2025zqukee,-150.92,65.853,10.0,2.5,"51 km NW of Rampart, Alaska",2025-12-30 05:55:53
ak2025zquoeu,-136.825,58.278,3.2,3.5,"29 km WNW of Elfin Cove, Alaska",2025-12-30 06:00:33
tx2025zqwqjm,-101.462,31.946,8.84,2.5,"9 km NNE of Garden City, Texas",2025-12-30 07:03:26
tx2025zqwyhs,-101.465,31.953,8.72,2.9,"9 km N of Garden City, Texas",2025-12-30 07:12:40
tx2025zqyosk,-101.459,31.949,8.91,2.6,"9 km NNE of Garden City, Texas",2025-12-30 08:01:52
hv74864982,-155.624,19.4095,-0.82,2.52,"25 km ESE of Honaunau-Napoopoo, Hawaii",2025-12-30 11:49:53
ak2025zrgnen,-150.659,63.221,130.1,2.5,"64 km SE of Denali National Park, Alaska",2025-12-30 12:01:26
ak2025zrjrjk,-152.493,60.103,93.9,2.5,"45 km WNW of Happy Valley, Alaska",2025-12-30 13:36:43
ak2025zrqzpg,-150.868,63.122,124.2,2.7,"63 km SE of Denali National Park, Alaska",2025-12-30 17:17:34
ak2025zrrlgh,-149.872,62.23,52.2,2.9,"7 km N of Susitna North, Alaska",2025-12-30 17:31:07
ak2025zrrzdc,-152.73,60.127,106.3,2.5,"59 km WNW of Happy Valley, Alaska",2025-12-30 17:47:11
nc75288671,-120.69383,40.547,7.35,2.68,"15 km NNW of Susanville, CA",2025-12-30 18:03:27
nm60616541,-89.38133,36.17483,6.11,2.52,"12 km WNW of Newbern, Tennessee",2025-12-30 21:27:04
ak2025zsavau,-149.279,62.705,59.6,2.5,"51 km ENE of Chase, Alaska",2025-12-30 22:14:01
ak2025zshiul,-152.562,59.542,88.6,3.5,"41 km WNW of Nanwalek, Alaska",2025-12-31 01:31:00
ak2025zsiais,-154.177,61.761,0.0,2.6,"80 km ENE of Lime Village, Alaska",2025-12-31 01:51:42
nc75288851,-120.69233,40.54433,5.32,4.92,"15 km NNW of Susanville, CA",2025-12-31 05:49:32
nc75288856,-120.67683,40.533,6.43,2.5,"13 km NNW of Susanville, CA",2025-12-31 05:59:06
ak2025zsywjq,-141.233,61.568,0.0,3.1,"91 km E of McCarthy, Alaska",2025-12-31 10:19:43
ak2025ztalhq,-150.306,61.822,5.3,2.5,"16 km WNW of Willow, Alaska",2025-12-31 11:07:11
us7000rlqf,-139.3294,60.3252,5.0,2.8,"89 km NNE of Yakutat, Alaska",2025-12-31 14:54:13
ak2025ztiwnt,-152.452,59.838,80.8,2.8,"35 km W of Anchor Point, Alaska",2025-12-31 15:21:31
nc75289026,-122.812,38.8315,2.01,2.88,"8 km NW of The Geysers, CA",2025-12-31 15:28:39
ak2025ztkayv,-153.314,59.877,145.0,2.7,"45 km ENE of Pedro Bay, Alaska",2025-12-31 15:56:52
us7000rlr4,-104.4981,32.3074,5.5,2.7,"18 km NW of Whites City, New Mexico",2025-12-31 17:19:56
ak2025ztswkr,-178.162,51.71299,15.1,2.6,"106 km W of Adak, Alaska",2025-12-31 20:23:11
ak2025ztthsw,-152.796,60.039,117.3,4.0,"60 km W of Happy Valley, Alaska",2025-12-31 20:36:19
uu80126531,-110.67833,44.66417,7.4,2.71,"33 km E of West Yellowstone, Montana",2025-12-31 20:44:09
ak2025ztwikm,-155.66,57.702,87.4,3.3,"73 km W of Karluk, Alaska",2025-12-31 22:08:01
