id,mag,longitude,latitude
nn00891080,2.6,-119.215,38.7512
us6000pmej,3.2,-169.0457,52.7864
us6000pgsn,2.5,-74.4804,44.9207
nc75110711,2.87,-123.285499572754,39.4271659851074
uu80098981,2.54,-110.821833333333,39.7021666666667
ak0251u53fp,2.6,-152.7636,57.8947
tx2025aayr,2.7,-104.521,31.63
us6000pguv,2.7,-111.6075,46.7986
ak0251vd7a2,3.0,-151.9337,61.3348
ak0251vhl4b,3.0,-153.0602,59.226
us6000pgvl,2.9,-111.5907,46.7621
ci40831471,2.57,-115.4401667,32.7781667
ci40831535,2.84,-115.4391667,32.7806667
nn00891126,3.1,-119.0035,39.1075
tx2025abga,3.0,-102.064,32.403
nc75110861,2.59,-121.114166666667,40.1928333333333
tx2025abhh,2.7,-103.846,32.007
ci40831679,2.78,-115.4326667,32.7685
tx2025abht,2.8,-104.184,31.557
ci40831687,2.67,-115.8233333,33.4825
ci40831695,2.53,-115.4348333,32.7675
tx2025ablb,2.5,-104.51,31.616
hv74581922,3.1,-155.3805,19.2073333333333
us6000pgxv,3.0,-100.6257,42.2506
us6000pm8a,2.9,-167.6705,53.3451
nc75111126,4.65,-122.756333333333,38.8455
tx2025acbz,2.5,-104.524,31.621
uu80099071,3.1,-109.875,41.5598333333333
ak0253jmz6r,3.2,-152.2973,61.2825
us7000pa57,3.2,-162.429,55.3987
ci40832759,2.64,-116.8126667,33.9951667
tx2025aeeb,2.7,-101.474,32.097
us6000phec,2.6,-111.1099,42.6143
us6000phev,2.8,-106.3735,33.4145
nn00891318,2.5,-117.1332,37.3657
nm60596046,2.88,-91.7143333333333,35.4435
ak02559hiht,2.6,-154.351,57.6769
tx2025afgx,2.5,-97.833,29.061
tx2025afjc,3.1,-97.833,29.062
nn00891366,2.5,-117.1322,37.3721
nn00891374,2.9,-119.21,38.7499
ak0256om5yu,2.5,-149.4732,61.6701
ak0256pgul5,2.6,-152.623,65.0413
hv74583677,2.73,-154.978666666667,19.3785
us7000pa8y,2.6,-160.7963,55.126
ak0256x6toy,3.2,-153.351,60.1856
ak0256zk5qs,2.5,-154.2167,58.2851
nn00891410,3.6,-115.8268,38.3628
ak0258k3px0,3.0,-150.3098,63.0451
ak0259zsd3f,3.2,-152.1037,62.175
us6000pi49,3.0,-93.9148,32.6704
uu80099281,2.6,-111.66,40.8838333333333
ci40834559,3.1,-115.5435,32.7838333
nc75113596,2.8,-120.8155,36.2223333333333
ak025a6euyz,3.6,-150.948,61.6419
ak025bm8pez,2.7,-161.9649,66.4021
nc75113996,2.59,-122.812166666667,38.827
ak025bqxrd5,2.5,-152.9766,60.1964
us7000pafy,2.6,-161.3189,55.7267
nc75114141,2.73,-118.830166666667,37.4223333333333
hv74586587,3.04,-155.792166666667,19.8441666666667
ak025bwvwyu,2.5,-147.6245,63.8186
uu80099346,3.04,-109.883166666667,41.5581666666667
ak025d9jdmm,3.3,-148.3003,60.198
nc75114406,3.25,-121.160666666667,40.236
ak025dec01v,3.1,-150.9957,61.112
ak025dhbjsc,3.3,-157.9145,55.8004
ak025dkvpic,3.0,-156.288,58.6454
ci40836207,2.76,-115.4345,32.7738333
tx2025aoxt,4.2,-104.357,31.666
tx2025aoyu,2.5,-104.362,31.664
us6000pit4,2.7,-104.6305,32.533
nc75114761,2.91,-121.635666666667,36.8905
nn00891633,2.7,-116.8631,39.5899
tx2025apel,2.5,-104.339,31.673
tx2025apmr,2.5,-104.025,31.564
hv74588167,3.08,-155.125833333333,19.3366666666667
ci40836623,3.08,-119.0935,35.0808333
us7000pbc4,2.7,-179.0278,51.3675
ak025f9qgyn,2.9,-152.5272,59.3081
ak025gjh5x0,3.9,-157.0258,57.8962
ak025gjkl9m,2.7,-157.0664,57.9211
nc75115231,2.59,-122.121,40.824
ak025gq1ujj,2.5,-149.317,61.4656
tx2025arir,2.5,-104.175,31.746
nc75115421,3.49,-122.551833333333,37.755
nn00891724,2.6,-119.0451,39.1672
nc75115506,2.53,-122.556833333333,37.7566666666667
nc75115546,2.85,-122.555166666667,37.757
tx2025aryg,2.6,-104.307,31.689
tx2025asbi,2.9,-104.183,31.574
us7000paqc,2.6,-165.9298,54.1124
tx2025askf,2.5,-104.492,31.624
us7000paqg,3.0,-174.5389,51.9707
hv74589222,2.74,-155.381666666667,19.1975
ak025ie5zmx,2.7,-156.2456,57.8458
us6000pjfd,2.7,-108.7434,40.877
hv74589377,2.5,-155.642166666667,19.5418333333333
us7000pbpd,2.7,-166.6376,53.605
tx2025auew,2.9,-104.411,31.683
ak025jzuvw4,2.5,-149.2595,61.3124
us7000pbpi,3.7,-170.8033,52.4889
nc75116271,3.54,-122.0425,37.9601666666667
ak025k4pq8b,2.6,-151.3169,61.913
ak025k6z0jn,2.7,-149.4969,60.3823
hv74590412,3.13,-155.4005,19.2621666666667
ak025k7runv,3.0,-152.1723,60.8637
ak025liwubx,2.7,-156.2753,67.3271
ak025lk1ghc,2.9,-149.1956,64.9628
ak025lkhlqp,3.7,-158.5425,58.6575
ak025lkj33h,2.7,-158.7217,58.6527
ci40838607,3.1,-118.5233333,35.2435
us7000pbrb,3.4,-168.9984,52.9652
nc75116556,2.56,-121.294666666667,36.639
nc75116561,2.78,-121.293666666667,36.6343333333333
nc75116576,2.83,-121.300833333333,36.6365
hv74591262,2.88,-155.078833333333,19.3635
ak025lvtj2w,3.2,-145.4616,69.6386
ak025lvupch,2.7,-149.497,62.4845
ak025n8k8ce,3.0,-147.148,63.603
nn00891952,3.2,-119.0476,39.1546
nn00891975,2.6,-118.4706,38.4828
tx2025aytd,2.8,-103.846,32.004
ci40839295,2.77,-116.288,33.2441667
ak025ne5ai6,2.7,-151.1612,61.1262
nc75117161,2.97,-123.9225,41.3965
hv74592062,2.69,-155.495333333333,19.3191666666667
ak025nh5p9e,2.8,-152.7719,60.2486
ak025ni8pl9,2.6,-150.0947,61.6101
se60502898,2.77,-77.6058333333333,37.707
ci40839903,2.68,-116.9281667,34.3718333
us7000pcla,2.7,-162.4447,54.8213
ak025p0d0oe,2.6,-158.7809,58.692
ci40840007,2.55,-119.1606667,35.0813333
ci40840015,3.02,-116.0405,33.1655
ci40840071,2.74,-118.3805,35.5181667
ak025p537mm,2.9,-150.3884,61.3374
nc75117696,2.51,-123.908833333333,41.4003333333333
ak025qj37pb,2.9,-149.9848,63.0817
ak025qj8cjt,3.8,-144.1566,69.4888
ak025qja05s,2.5,-150.2576,60.4076
ak025qki2ha,2.5,-150.436,65.96
ci40840775,2.75,-117.1323333,34.045
nc75118106,2.53,-122.921333333333,39.7568333333333
nc75118136,2.92,-122.921,39.7585
ak025qufoy6,4.0,-146.9596,61.3327
hv74593562,2.86,-155.496,19.174
ak025s4sbq1,3.2,-150.0269,61.8325
us6000pkjs,3.2,-115.1838,44.3409
ak025s78g2d,2.9,-152.7253,60.1395
nc75118356,2.76,-121.715666666667,37.3623333333333
ak025sa7ddf,3.4,-150.9617,63.0372
us7000pd0p,3.1,-163.7929,54.7386
nc75118456,2.73,-119.9415,35.8393333333333
ak025sdqqhy,3.0,-152.3961,65.7947
us7000pdd9,2.7,-104.8497,36.8792
tx2025bfau,3.4,-104.5,31.632
ci40842287,3.16,-117.3941667,35.9566667
nn00892165,3.7,-118.4801,38.4888
tx2025bfwx,2.6,-104.505,31.624
nc75119236,2.51,-120.692833333333,36.1256666666667
ak025u3bxm8,2.7,-150.8435,60.2983
us6000pkzk,3.5,-93.9706,32.6855
nn00892485,2.8,-119.6099,41.9348
ak025u4yaxk,2.5,-152.61,59.918
ci40842895,2.55,-116.6766667,34.3613333
ak025vfk1wy,3.2,-144.0837,69.4475
nn00892213,2.5,-119.099,39.1375
nn00892215,2.6,-119.0992,39.1382
ak025vhokqm,3.1,-156.4135,57.9644
tx2025bhfk,2.5,-104.29,31.664
us7000pduc,2.7,-174.2745,52.4147
uu80099811,3.01,-109.867166666667,41.5633333333333
ak025vlvito,2.8,-152.2689,60.3155
tx2025biix,2.5,-104.295,31.671
nc75119866,2.5,-121.063,39.902
ak025x3jvsi,2.6,-152.8195,59.0165
ci40843719,2.54,-118.9645,34.0588333
tx2025bjok,2.6,-103.343,31.965
us6000pl7b,3.0,-112.7358,47.4294
ak025x9f3e9,3.5,-153.0159,59.9602
ak025x9f7lh,3.2,-148.7693,64.8656
us6000pl7e,3.4,-148.7177,64.8693
tx2025bjpe,2.8,-103.344,31.956
ak025x9z05q,2.7,-149.9457,63.2011
ak025xathi8,3.3,-147.0517,61.7781
ak025xatv5p,3.2,-151.6719,63.3035
us6000pl8p,2.6,-111.7234,44.8594
ci40843951,2.68,-116.8003333,34.0606667
ak025xeenbe,2.6,-150.3094,61.6996
tx2025bkil,2.7,-104.36,31.665
uw62071396,3.5100000000000002,-121.75383333333333,47.60033333333333
uw62071451,2.7800000000000002,-121.79333333333334,47.599333333333334
ci40844079,2.89,-117.1296667,34.0458333
tx2025bkvl,2.6,-102.043,32.406
tx2025blaz,2.6,-101.001,35.573
ak025yu6xx1,2.5,-143.123,60.4972
ci40844255,2.71,-116.8023333,33.6826667
uu80099906,3.46,-111.301666666667,37.6911666666667
us7000pedw,2.8,-162.4353,54.3851
nc75120701,2.65,-121.593166666667,36.9623333333333
nc75120741,2.73,-118.264333333333,37.1788333333333
ak025yzhy1p,2.9,-157.9618,56.1748
ak02510pfgit,2.6,-144.0629,69.4647
ci41033480,2.6,-117.7963333,35.3448333
tx2025bogr,2.5,-103.955,31.605
ak0251226mq3,2.6,-174.4876,52.1678
ci41033904,3.46,-117.353,35.1581667
nc75121616,2.54,-124.134833333333,40.234
us6000plt0,2.6,-99.4996,39.2528
nc75121701,2.66,-122.101333333333,40.1975
nc75121716,3.05,-121.320166666667,36.6791666666667
ak02512adk2h,3.4,-149.5169,62.783
hv74599372,2.65,-155.992333333333,19.492
hv74599412,2.75,-155.386,19.1858333333333
ak02512bquhy,2.7,-164.628,62.2754
us6000plyl,2.6,-99.5528,39.243
ci41034816,2.7,-119.3641667,35.2493333
nc75121956,2.56,-121.280666666667,36.6555
ci41034888,2.82,-116.0628333,33.7858333
ak02513vsjbr,2.6,-156.7096,56.1525
us6000pm8l,3.1,-174.218,52.3741
ak025141hqzj,2.5,-151.0097,63.0125
us7000pf6d,3.2,-174.4205,52.3584
ak02515hwwv1,3.0,-150.7653,63.6238
ak02515hxt77,2.5,-150.7618,63.6564
ak02515js07z,2.7,-156.2459,67.3259
tx2025bsxu,2.5,-101.727,32.01
ci40850991,2.81,-116.3786667,33.9515
tx2025btbf,3.0,-104.305,31.675
hv74600872,2.91,-155.437666666667,19.367
tx2025btnt,2.6,-103.815,32.002
ak02515pvh46,2.7,-156.0316,57.6788
ci40851383,2.68,-118.8105,34.3483333
tx2025buae,2.8,-104.305,31.675
tx2025buaf,2.5,-103.361,31.315
nc75123366,3.02,-121.268166666667,36.644
ci40851823,2.74,-119.07,34.5171667
hv74601837,2.61,-155.849833333333,19.265
tx2025buzn,3.0,-103.365,31.265
us7000pf2r,3.6,-167.3966,53.2628
ak02517dew5g,2.5,-168.0573,53.9724
uu80100101,2.98,-109.8665,41.5621666666667
ak02518opauc,2.9,-154.5057,58.8718
ci40852279,2.91,-116.2105,33.9118333
ak02518saxob,2.5,-150.8966,61.6121
ak02518sb55q,2.9,-154.4551,58.9564
us6000pmj9,2.6,-104.4115,32.6923
ak02518u4ru0,2.8,-150.325,61.5874
us7000pf39,3.2,-174.4664,52.206
ak02518vjzpa,2.5,-151.0414,60.2998
ci40852607,2.57,-116.9235,33.4163333
us6000pmkg,4.2,-114.6681,44.4068
us7000pf3g,3.7,-177.3843,51.7556
ak02518znaue,2.5,-150.6749,61.4692
ak0251ab5vi0,3.0,-135.5408,59.2149
nc75124261,2.55,-118.56,37.4798333333333
us7000pfdm,2.8,-177.3453,51.7702
tx2025bxut,3.0,-104.161,31.535
ak0251afgg3g,3.2,-153.3504,59.4132
nn00892640,2.7,-117.9674,38.1483
us6000pmsf,3.0,-115.068,44.3131
us7000pftm,3.1,-167.3961,53.313
ak0251aj3r6q,2.8,-153.7708,59.7268
tx2025bynd,2.6,-103.385,31.278
nc75124666,2.68,-122.813833333333,38.8333333333333
hv74603512,3.19,-155.49,19.187
ak0251am1flx,2.7,-149.3694,64.6218
ci40170314,2.68,-118.2665,35.4523333
uu80100206,3.74,-110.771,44.7656666666667
ak0251c0khzr,3.0,-153.338,59.3124
us7000p9ru,2.5,-114.831,44.3397
tx2025bzwr,2.6,-104.528,31.613
nn00892685,2.9,-119.5758,41.9176
tx2025bzyi,3.1,-100.912,32.931
ak0251c4vu76,2.9,-152.1766,63.5968
hv74604277,2.79,-155.493333333333,19.1855
ak0251c5rl1c,2.9,-154.8775,56.4421
us7000p9vy,2.8,-114.7439,44.4185
ak0251c9nitv,3.0,-152.5329,57.4323
ak0251ca5qol,3.9,-147.6681,63.8366
us7000paii,2.6,-169.0067,52.8033
tx2025cbgl,4.6,-97.846,29.058
ak0251doqqfp,5.2,-156.323,62.9564
ak0251doshq0,2.5,-156.3179,62.9449
tx2025cbke,2.5,-104.351,31.653
ak0251dpflzx,2.7,-150.6037,62.201
tx2025cbmd,2.7,-97.835,29.066
ak0251dqaikx,3.2,-156.2141,62.954
ak0251dqkiv2,3.1,-156.3128,62.9465
ak0251dr4ja6,2.8,-152.6495,63.4369
ak0251du4ijf,3.2,-157.1066,57.9015
tx2025ccsy,2.6,-103.396,31.292
tx2025cdcz,3.5,-97.838,29.065
us7000pahx,2.8,-178.4111,51.4614
ci40176402,2.85,-119.7438333,34.4275
nc75126201,2.6,-118.807833333333,37.4766666666667
us6000pv9z,2.6,-167.477,53.371
nc75126421,2.65,-122.757833333333,38.7941666666667
ak0251fnn3pu,3.5,-156.6191,58.4903
nc75126571,2.66,-121.144333333333,40.208
us7000paks,2.7,-111.1004,42.9319
nc75126586,2.67,-118.847833333333,37.4481666666667
us7000pfnu,2.8,-176.0957,51.8383
us7000pamb,4.4,-167.4282,53.3352
ak0251h4il2i,2.5,-150.3295,63.1408
tx2025cfqg,2.5,-104.227,31.596
tx2025cftp,2.6,-104.39,31.664
ak0251h7g3os,2.5,-151.071,61.3792
ak0251h7jaqr,3.3,-158.4965,55.8105
ak0251h838gw,2.7,-154.7916,59.2694
nn00892864,3.2,-119.0433,39.1656
us6000pvhi,2.7,-175.4603,52.2072
us6000pvhn,2.6,-176.0419,52.1154
ak0251itsr3m,2.5,-153.7521,57.2754
us7000pfs4,2.9,-164.7507,54.7071
us7000pawf,2.5,-99.3164,39.5959
ci40178666,2.77,-116.7906667,33.2373333
ak0251kaoe6d,3.7,-153.8111,62.176
us7000pay1,3.0,-111.0903,42.9251
hv74607387,2.57,-155.5005,19.1758333333333
tx2025cjim,2.8,-104.281,31.659
tx2025cjwi,2.9,-100.674,32.771
tx2025cjwx,2.5,-100.666,32.766
se60597816,3.1,-82.5813333333333,38.92
us7000pb4c,2.8,-81.3893,39.3773
ak0251lw1kgc,2.5,-145.9948,67.8401
uu80100726,3.12,-109.886666666667,41.56
ak0251m37kzr,2.7,-144.7816,69.5287
hv74608252,2.74,-155.480166666667,19.391
ak0251m4sv4j,3.0,-152.2511,60.1843
nc75127906,2.89,-121.525333333333,37.1255
nc75127931,2.65,-118.815166666667,37.4631666666667
ak0251nk2ffy,2.6,-155.889,58.4358
us6000px2w,3.2,-167.5483,53.3102
us6000px2y,3.1,-168.696,53.0374
ak0251nn8atn,2.5,-149.7556,60.8433
ak0251nnp833,3.2,-159.3863,60.0636
ak0251no5hd4,4.1,-150.7224,61.3407
ak0251no5y53,3.8,-148.1917,65.4441
ci40179938,2.75,-117.6311667,33.8065
tx2025cmxe,2.8,-97.987,28.99
hv74609087,2.63,-155.325666666667,19.3436666666667
us7000pbkt,2.7,-97.8051,41.9778
us7000pbpx,3.2,-150.3848,61.02
ak0251p6zii9,3.0,-150.3893,61.0041
ak0251pd2ctt,2.5,-151.5347,60.2015
ak0251pifh2o,2.5,-148.2705,60.8413
ak0251pij6tf,3.4,-150.4155,60.6082
ak0251pknm69,2.5,-150.8825,61.651
us7000pbz4,2.6,-166.6123,53.6811
ak0251qyb1og,3.0,-148.759,60.7037
nc75129462,3.34,-121.525,37.1248333333333
ak0251r728fd,3.6,-152.4346,59.9338
nn00893033,2.5,-119.0138,39.1712
nn00893037,3.5,-119.0138,39.1654
ak0251sjrbwj,3.0,-149.6539,60.5347
nc75129787,2.5,-118.8775,37.5233333333333
us7000pcdc,4.4,-173.2142,52.0618
nc75129992,2.58,-122.812166666667,38.8071666666667
nc75130102,2.52,-122.735833333333,38.7588333333333
ak0251svtmpt,2.8,-149.8629,61.5035
tx2025ctfv,2.9,-103.786,31.975
ak0251u7iuwd,3.1,-152.6818,59.4499
ak0251u8hrgr,2.7,-156.2347,57.8406
us6000pwx8,3.2,-165.5539,53.973
uu80101906,3.0,-109.8645,41.564
ak0251ufowpc,2.7,-150.8022,63.1638
ak0251ufvzgh,2.7,-149.3507,62.4941
nn00893194,3.0,-119.5949,41.924
uw62066747,2.57,-117.5405,44.855333333333334
nn00893160,2.7,-116.2742,36.6432
ak0251w07i8x,2.6,-153.1291,57.4492
ak0251w3csd6,2.5,-149.6276,60.7036
ci40183482,3.59,-117.264,34.1686667
ci40183490,2.96,-117.2633333,34.1688333
tx2025cwps,2.7,-104.304,31.666
ci40183738,2.67,-116.085,33.2211667
ci40183770,3.27,-117.7786667,36.0266667
nc75131407,2.96,-118.558666666667,37.9255
ak0251xhsskc,2.7,-150.803,61.3742
ci40184058,3.39,-117.2633333,34.1708333
us7000pcu1,3.3,-115.8078,47.4888
ak0251xkag0f,2.5,-148.2351,61.5824
uu80102001,2.56,-110.415,44.2431666666667
nc75131707,2.57,-120.915666666667,36.8058333333333
nn00893310,2.6,-119.5819,41.92
nc75131872,2.56,-122.16,40.171
ci40184482,2.57,-118.0566667,36.1686667
us7000pd19,2.6,-97.6062,38.6768
nc75131997,2.94,-121.113333333333,40.1265
us6000pxiz,2.5,-169.9442,52.7618
ak0251z9i4qf,2.5,-151.0138,61.3685
us6000pxim,2.6,-161.6252,55.3101
us7000pd3f,3.9,-159.5355,55.2098
ak0251zbftvs,2.7,-151.4654,63.1298
tx2025danx,2.8,-103.805,32.007
tx2025daop,2.7,-103.805,32.007
us6000pxnq,2.8,-167.2378,53.4697
ak02520sd25j,2.7,-152.5134,60.3112
ak02520sgv9z,2.5,-145.4542,68.8171
nn00893425,3.2,-119.6213,41.9459
nn00893448,3.1,-119.589,41.9312
us7000pdbv,2.6,-116.2778,48.1414
us7000pdbz,2.5,-116.3412,48.1523
ak02520wm0z9,2.5,-153.2122,59.1402
nc75132817,2.58,-122.051,37.6481666666667
us6000pxw9,2.9,-174.8476,52.1488
hv74614702,3.1,-155.794833333333,20.1581666666667
ak025211hfho,2.6,-150.7703,60.7363
nn00893449,2.5,-118.0034,38.1415
tx2025dbzi,2.9,-103.255,30.034
nc75132932,3.32,-122.053833333333,37.6478333333333
nc75132937,3.09,-122.0495,37.6488333333333
ak025213v4b7,3.5,-152.0451,60.415
nc75132987,3.57,-122.052166666667,37.6471666666667
nc75133062,4.25,-120.183833333333,36.0826666666667
nc75133072,2.52,-122.116165161133,37.9404983520508
tx2025ddje,2.5,-98.196,28.895
tx2025ddkw,2.7,-98.848,28.733
us7000pdpb,3.1,-160.6519,55.2865
nc75133377,2.93,-122.849666666667,38.8205
tx2025dell,2.6,-102.036,32.462
tx2025deqh,5.0,-104.18,31.661
tx2025deqk,3.8,-104.19,31.672
tx2025deql,2.7,-104.188,31.67
tx2025deqm,2.6,-104.187,31.67
ci40186202,3.7,-118.91,34.0415
ci40186282,3.73,-118.9136667,34.0488333
ak02524ca8mz,2.5,-149.6136,62.0482
ak02524fk6q5,2.5,-150.3813,59.3868
ci40186482,3.14,-116.7413333,33.6446667
tx2025dgex,3.1,-98.189,28.897
ci40186658,2.69,-117.2645,34.1696667
ak02525wtrnx,2.9,-165.975,68.652
ak02525xg2pa,3.1,-165.8188,68.6896
hv74616987,2.87,-155.506666666667,19.1916666666667
ak02525zgbbm,2.9,-166.1514,68.7303
tx2025dhpe,3.0,-98.194,28.897
ak02526493t2,2.7,-150.8167,61.9548
us7000pe69,2.5,-69.0799,45.8481
ak02527flxxg,3.0,-155.5896,55.8739
ci40187458,2.61,-117.2688333,34.1705
us7000pe7v,2.7,-97.6516,38.6619
hv74617707,2.62,-155.502833333333,19.1523333333333
ak02527lt9qc,2.8,-147.5237,66.8213
ak02527n0hrt,2.8,-151.7786,62.173
us7000pebl,3.4,-161.8973,55.3834
tx2025djrf,2.5,-104.098,31.678
tx2025djwf,2.9,-104.164,31.697
ci40188018,3.15,-116.984,35.0363333
ak02529686y1,3.3,-152.8835,59.8318
tx2025dkjx,3.4,-104.296,31.656
tx2025dkli,2.5,-104.503,31.633
us6000pvgs,2.5,-163.5965,54.7247
tx2025dkql,4.7,-104.502,31.711
ak02529bl4dp,2.6,-157.5623,57.1644
uw62076406,3.04,-121.49366666666667,47.175333333333334
nn00893657,2.9,-114.5909,37.459
ci40188442,2.83,-117.8001667,35.3403333
ak02529djawn,2.9,-149.3418,60.7914
nc75135942,2.68,-122.622666666667,38.3963333333333
ak0252at3f6f,4.7,-159.4164,55.8018
ak0252atnst5,2.6,-156.47,56.6758
us7000peps,3.0,-111.0201,34.3126
ak0252auwki5,2.7,-144.4173,69.5514
ak0252axaxek,3.6,-149.6459,64.6769
ak0252axd1wu,3.3,-144.4193,69.5656
us7000per6,2.8,-115.1021,44.2085
uw62076486,2.9,-124.283,42.275
uu80102376,2.5,-112.891,37.1846666666667
ak0252b0ui5s,3.0,-156.3415,58.1767
tx2025dnmk,2.5,-104.512,31.629
ak0252cdrdv8,2.7,-148.2121,65.4177
us6000pzbg,3.0,-162.5575,54.2467
ak0252cetkis,3.0,-148.211,65.432
nn00893734,3.2,-118.4834,38.492
uu80102416,3.25,-109.863,41.5626666666667
uw62076616,2.62,-121.127,46.73866666666667
nn00893750,3.0,-119.6129,38.7742
hv74619697,2.68,-155.716333333333,19.1768333333333
ak0252cox95z,2.8,-152.5613,59.4043
ak0252e2ev3e,3.2,-153.0968,59.9138
ak0252e32frr,2.7,-150.9489,63.0687
ok2025dpvi,2.93,-98.0935,36.02733333
us6000pzga,2.9,-167.3011,53.3081
ak0252e7bqcs,2.6,-150.0708,61.3882
ak0252e8xybj,2.9,-154.5573,57.0123
us6000pzu3,2.6,-166.3968,53.7228
ak0252eato3n,2.5,-152.0538,61.7594
ak0252ecmnf5,2.6,-154.0415,58.6771
nc75137021,3.13,-121.3315,36.7003333333333
ak0252fr46mi,2.7,-165.9861,68.6482
tx2025drmq,2.8,-98.205,28.916
nc75137061,3.21,-121.3285,36.698
nc75137066,2.79,-121.324666666667,36.6965
uw62076921,2.79,-124.31833333333333,42.275333333333336
ak0252fsldr0,3.3,-150.5647,60.1028
nc75137126,2.69,-121.339833333333,36.68
nc75137131,3.01,-121.330333333333,36.6941666666667
nc75137161,3.88,-121.325333333333,36.6953333333333
nc75137171,2.6,-121.334166666667,36.6986666666667
uw62076946,3.41,-122.14166666666667,47.276
nc75137201,2.62,-121.326,36.6926666666667
tx2025dsfl,2.6,-98.207,28.912
nc75137306,2.69,-121.3345,36.694
nc75137301,2.95,-121.335166666667,36.6961666666667
nc75137321,2.84,-121.330166666667,36.6955
tx2025dsns,2.7,-104.303,31.662
ci40191930,3.3,-116.7825,34.0803333
ci40191938,2.62,-118.443,35.4836667
nc75137847,2.93,-122.963,39.5295
nc75137957,2.68,-121.999,39.8023333333333
ak0252hfa37n,3.3,-151.676,63.3416
ak0252hjldse,2.5,-146.2725,61.5697
us7000pm76,3.0,-174.179,52.4694
ak0252hmfqnh,2.7,-155.764,58.4805
ak0252ho4y9u,2.6,-152.1028,60.593
nn00893957,2.8,-119.6577,41.7942
us7000pfqj,2.8,-98.3666,40.1987
ak0252j3js1b,2.5,-148.4682,68.1217
ak0252j5eny0,3.0,-152.7733,58.3255
tx2025dvsk,2.5,-104.01,31.511
ak0252j6lvnr,2.6,-154.3427,57.3071
ci40193018,2.51,-120.3916667,34.8223333
us7000plwf,2.8,-174.322,52.4354
ak0252j8rjty,2.8,-149.4105,65.1178
ak0252j9e6h3,2.6,-155.5958,55.892
tx2025dwhl,2.7,-102.109,32.442
ci40193754,3.25,-119.555,35.3335
ci40193762,2.5,-117.5478333,35.7251667
hv74622897,2.59,-155.913,19.8056666666667
ak0252ks7g3p,2.5,-148.9665,62.7521
ak0252ksopkj,3.6,-150.8142,62.8433
nn00893995,2.8,-118.1909,38.1523
se60599936,2.58,-85.4685,34.5636666666667
ak0252kv49ao,2.5,-155.2279,65.7262
ak0252kwh3hq,3.5,-148.7634,63.9971
ak0252kwudlg,2.6,-148.7884,63.9813
tx2025dydk,2.6,-98.215,28.907
ak0252mc5wv7,2.9,-148.0487,61.6475
us6000pvis,3.2,-166.6036,54.0151
nc75139226,3.32,-121.313333333333,36.6836666666667
nc75139331,2.86,-121.305833333333,36.6798333333333
nc75139451,3.16,-120.177,36.0828333333333
ak0252mlquhv,2.7,-154.6343,57.5593
ci40195354,2.55,-117.53,35.6728333
nc75139761,2.94,-118.785166666667,38.0438333333333
tx2025eamf,2.9,-103.971,31.607
tx2025eaoq,3.4,-102.059,32.409
uw62078356,2.97,-124.32033333333334,42.27183333333333
uw62078371,2.81,-122.64816666666667,47.61183333333334
hv74624297,3.16,-155.2095,19.3038333333333
us7000pnhq,2.5,-163.4375,54.7716
uw62078461,3.25,-121.769,47.599333333333334
ak0252ob0pfm,3.4,-151.8793,60.7599
ci41068296,2.55,-117.6958333,35.8636667
us7000pp41,2.5,-162.7757,54.3756
ak0252pojki1,2.7,-150.8689,60.6074
ci41068424,2.69,-115.5841667,33.0846667
nc75140381,2.95,-119.020166666667,37.4303333333333
tx2025edml,4.8,-101.926,32.37
ak0252pwcic4,2.9,-149.2208,62.3826
nc75140621,2.73,-120.1965,36.0711666666667
tx2025edqv,2.6,-101.635,32.387
tx2025edrp,2.6,-98.813,28.721
ak0252r9gt13,2.7,-147.2371,61.4029
ak0252rckq6o,2.5,-149.107,63.0419
us6000pw9n,3.4,-111.1779,36.0603
ak0252rf0b5v,2.9,-152.2636,61.285
ak0252rf4uvr,3.5,-148.499,68.1385
nc75140981,2.63,-122.8015,38.826
nc75141026,2.85,-120.0955,40.2643333333333
ci41069504,2.81,-120.0555,34.4336667
us7000ppbp,2.6,-163.5508,55.0092
us7000ppbh,2.8,-164.2678,54.4587
hv74626252,3.02,-155.085833333333,19.3603333333333
ak0252t078bk,3.0,-152.1543,58.9302
nc75141606,3.07,-124.192666666667,40.5456666666667
hv74626432,2.96,-155.409666666667,20.0935
us6000q3ii,2.6,-162.5953,54.4488
ak0252t50wvq,2.5,-148.4018,60.1732
ci41069888,2.71,-115.6543333,33.1553333
us6000pwh3,2.7,-115.1786,44.3334
us6000q3ip,2.7,-161.8619,54.9509
ak0252t8e1cs,2.5,-156.2824,62.9374
ak0252t8yejt,2.5,-161.3255,67.9936
tx2025ehit,4.2,-104.273,31.718
nc75141851,2.8,-119.019833333333,37.4293333333333
tx2025ehod,2.5,-104.267,31.716
tx2025ehub,2.5,-104.368,31.669
ci41070112,3.8,-118.3533333,34.1615
ak0252uooou0,2.8,-150.765,63.141
ak0252upa4zk,3.6,-139.0452,59.7714
ak0252upbmi5,3.0,-151.1463,61.8938
uu80103051,2.77,-112.9085,38.5055
nc75142061,2.67,-124.408833333333,40.5155
ak0252upwlce,2.7,-152.5449,60.3129
uw62078906,4.5,-122.80516666666666,48.61116666666667
ak0252utmrev,2.5,-153.1053,60.3806
ci41070344,2.66,-117.234,34.0306667
nc75142351,2.57,-123.5345,40.4635
us6000q3s1,2.7,-176.8674,51.7661
nc75142516,2.83,-121.586666666667,36.8445
nc75142546,2.72,-121.583666666667,36.8426666666667
nc75142601,2.65,-121.5825,36.8398333333333
ak0252we7799,2.5,-154.4547,57.376
us6000pwzu,2.5,-163.583,54.5601
ak0252wey7hs,3.3,-158.6267,56.2473
nc75142781,2.51,-120.600333333333,36.1171666666667
ak0252whsun4,2.5,-161.2654,67.9906
ak0252wk7v1d,2.5,-149.5528,62.9315
hv74627547,3.22,-155.760333333333,20.1398333333333
ak0252xwa9tk,2.9,-152.529,59.9111
us6000q44t,3.2,-167.4921,53.325
uu80103281,3.2,-109.8925,41.5635
ak0252xy1w8g,3.5,-149.962,61.3913
ak0252xzhyoc,2.5,-150.7495,61.6939
ci41071720,3.29,-119.3325,35.2843333
uw62079456,3.89,-123.14083333333333,47.924
ak0252zjxov1,2.5,-152.7504,59.3764
nc75143741,2.7,-124.164,41.6381666666667
hv74628022,2.57,-155.373166666667,19.2006666666667
us6000q4tf,2.9,-176.7176,51.5921
us6000q4tq,3.7,-176.0334,52.0211
ak0252zva6il,4.5,-152.9544,59.8163
tx2025eosp,3.1,-104.012,31.641
us6000q4tx,2.9,-160.308,54.8558
ak02531bkmyq,2.7,-153.2469,60.1939
us6000q4nj,2.6,-176.0176,52.0653
ak02531fs6oj,2.6,-152.271,60.4964
ci41073984,2.57,-115.6323333,32.6731667
ak02531h0meh,3.3,-149.5827,61.8633
us6000pxid,2.9,-104.3594,32.3847
nn00894527,2.6,-116.532,38.4539
us6000q5pg,2.7,-161.6899,55.4716
tx2025erkd,2.6,-104.413,31.682
ak0253306kum,3.2,-151.499,63.0292
ak025330u733,2.5,-158.1411,55.9622
us6000pxna,2.6,-107.9792,43.6643
us6000q58e,2.9,-176.1184,51.7992
ak02534gpo2g,2.6,-152.9547,59.6822
ak02534gsmhw,3.2,-146.4672,61.4063
ak02534h6bsi,2.6,-152.0823,62.1626
nc75145201,2.56,-123.439666666667,41.1465
hv74629957,2.99,-155.856833333333,19.2673333333333
ak02534id9yu,2.6,-149.6866,61.381
us6000pxqz,3.6,-103.3,43.6761
ak02534iilwm,3.1,-147.1007,60.7048
ci41075168,2.69,-115.9081667,33.7716667
ak02534lbrx6,2.7,-152.91,60.3677
hv74630317,3.01,-155.348,19.1835
ak02534pktn6,2.6,-144.835,63.3585
us6000py6j,2.9,-174.576,52.132
us6000q4yn,2.7,-162.3821,54.6772
ci41075584,4.06,-118.8945,34.0681667
ci41075600,2.89,-118.8925,34.0551667
ci41075608,2.7,-118.9103333,34.0701667
us6000pxuq,2.7,-111.9945,46.604
tx2025eukw,2.5,-103.719,32.081
ak025365hjdz,2.7,-156.2458,57.8064
ci41076096,3.2,-118.9001667,34.0648333
ak02536a9866,2.8,-151.8416,60.2255
ci41076168,2.62,-116.4615,33.5015
ci41076224,2.64,-117.0135,35.8705
tx2025evjo,3.0,-98.2,28.895
ci41076568,2.57,-118.8905,34.0596667
us6000py0u,2.7,-97.6182,38.6658
hv74631527,3.4,-155.900833333333,19.9626666666667
ak02537tp6cb,2.7,-153.3982,60.3488
nn00894551,3.4,-119.0173,39.1702
nc75146861,2.62,-122.740166666667,38.7746666666667
us6000py4e,2.7,-113.5059,36.4959
ak025380uj0e,2.5,-159.3125,64.3127
nn00894582,3.1,-119.5642,41.8902
nc75147146,2.57,-122.791833333333,38.8283333333333
ak0253835hi7,3.3,-153.1794,60.0373
nc75147311,2.67,-122.525333333333,38.9406666666667
nn00894615,3.2,-119.568,41.9012
ak02539nofyi,2.7,-146.5502,61.5994
hv74632352,2.95,-155.504333333333,19.1581666666667
nc75147691,2.69,-122.851333333333,38.825
ak0253b4olsq,2.5,-147.7364,64.4147
us6000pyii,3.2,-98.305,39.4958
us6000pyiq,2.7,-98.3188,39.4947
tx2025fajy,2.5,-102.088,32.419
ak0253b7r8l5,2.9,-149.7468,61.6049
ak0253b89ez8,4.0,-165.199,65.1808
us6000pyjy,2.7,-98.3111,39.5136
us6000q54x,2.8,-161.11,55.738
ak0253bfth7a,4.8,-157.0397,67.8223
ak0253bgegsn,2.7,-150.5169,62.9077
tx2025fbvc,2.5,-101.721,31.872
nc75148496,2.59,-121.1215,40.2075
us6000q597,2.6,-176.6753,51.6432
hv74633762,2.52,-155.206666666667,19.2833333333333
us6000q59g,3.0,-166.1286,53.815
us6000pywn,2.7,-111.1142,42.7025
ak0253efss56,2.5,-148.7602,62.9861
nc75149016,2.52,-121.582166666667,36.8378333333333
us6000pz0j,2.8,-98.3167,39.5033
ci41080024,2.79,-116.1308333,33.2748333
nn00894703,2.6,-117.1179,37.2216
us6000pz19,2.6,-88.5009,41.0864
tx2025femj,2.6,-102.091,32.361
ak0253empibp,2.8,-153.0431,60.0716
us6000pz2i,3.0,-89.7006,31.9185
us6000pz39,2.9,-98.2904,39.5151
nc75149391,2.71,-121.1555,36.5671666666667
us6000pz3w,2.8,-98.3003,39.5232
nc75149401,3.08,-121.161333333333,36.5683333333333
uu80103796,3.09,-109.879,41.5626666666667
ak0253gdzv4u,2.5,-150.4841,61.8231
ak0253gekh37,2.8,-148.7279,60.4804
nc75149826,4.18,-122.948333333333,39.4915
nc75149821,2.76,-122.949,39.4923333333333
ci41081408,3.87,-118.8958333,34.0635
ak0253hqt0kf,2.8,-144.5956,69.501
ak0253hrz0l8,3.7,-144.5742,69.5063
ak0253hrz0ug,4.0,-144.6354,69.5169
ak0253hrzsbg,2.7,-144.5902,69.5112
ak0253hsoidg,2.8,-149.4266,60.6744
ak0253ht2g4b,2.8,-152.7351,59.7142
ak0253htarz0,2.8,-149.4216,60.7151
ci41081624,2.58,-116.448,33.4966667
us6000pzai,3.0,-98.7412,39.0701
ak0253hvic05,3.2,-156.5619,58.611
ak0253i27m1x,3.6,-151.47,63.087
ak0253i27m1s,3.9,-151.3737,63.0954
ak0253i28104,2.9,-151.4758,63.0733
ak0253i283pz,2.9,-149.3787,64.4704
ak0253i2v14a,2.8,-151.4728,63.1108
ak0253jcpqaq,3.5,-149.2733,63.0603
us6000q5va,3.0,-166.0679,53.971
nc75150752,3.86,-121.994166666667,37.7071666666667
nc75150832,2.88,-121.9885,37.7083333333333
ak0253jflao2,2.6,-153.3059,59.7269
ak0253jfo5v8,3.2,-146.7239,60.193
uw62074482,3.23,-122.47033333333333,47.3795
tx2025fjpn,2.6,-101.74,32.434
us6000q5vh,3.4,-173.9736,52.0493
ak0253jl1dmh,2.6,-152.8811,59.7762
ak0253jlfj4h,2.6,-157.7605,57.0243
ak0253jlzs7c,2.9,-156.3177,58.1378
ak0253jn8s9f,2.8,-152.2845,61.3219
us6000pzms,3.2,-110.2511,34.477
ak0253jodxq7,2.5,-151.6853,63.3128
nc75151222,2.73,-121.211,36.6051666666667
nc75151272,2.59,-121.269666666667,36.6478333333333
nc75151492,2.76,-123.904666666667,41.3965
ak0253l5ehqw,2.9,-154.5654,58.0795
ak0253l9ql5m,2.5,-156.0375,58.2007
tx2025fmor,3.0,-104.57,31.726
ak0253mo7yuv,2.5,-158.2777,56.1209
nn00894836,2.6,-118.9806,40.7466
ak0253moqsd5,2.9,-153.7884,59.6779
us6000pzw4,2.8,-104.6348,32.5195
us6000pzw7,2.8,-104.6408,32.5199
us6000pzw8,3.5,-104.6231,32.4801
us6000pzws,3.3,-104.6148,32.5048
tx2025fmyy,2.9,-104.409,31.67
us6000pzxn,2.7,-104.6476,32.5171
ci40904495,3.71944208463526,-116.267,33.3011667
us6000pzyj,2.5,-98.3009,39.5138
ak0253mt4bjk,3.0,-152.5188,59.7976
ci40904647,2.96,-116.2671667,33.3041667
ak0253muntox,3.0,-151.4638,63.1154
uu80104156,2.54,-110.835833333333,37.8691666666667
us6000q00s,2.5,-98.3118,39.5084
us7000plas,2.5,-111.7977,46.8935
us7000plds,2.6,-103.3609,32.1734
nm60601281,2.77,-89.4743333333333,36.0623333333333
ci40905655,2.53,-116.2803333,33.2946667
ak0253ob088y,2.7,-151.2394,61.9511
us7000plhg,4.0,-162.5651,54.2443
ak0253ocss4m,3.3,-144.1881,69.4895
us7000plit,2.7,-98.2784,39.4694
us7000plkx,2.5,-113.9756,36.5145
ak0253oj2emy,2.9,-141.9215,67.0818
nn00894904,2.9,-119.5496,41.8729
nn00894923,2.5,-119.5563,41.8719
tx2025fpqi,2.6,-103.832,31.998
ak0253olddwh,2.7,-146.9727,64.7461
us7000pmbh,2.6,-177.0166,51.5936
tx2025fpxp,2.5,-103.802,32.005
ak0253pzcbnc,3.6,-150.8448,62.112
ak0253pzd7rj,3.4,-148.7992,61.6614
ak0253pzf5qi,2.6,-152.0645,59.9399
ak0253q0khmf,2.8,-136.526,59.1626
ak0253q0npo5,2.5,-151.1354,61.6951
ak0253q29aq4,2.8,-153.0544,59.9143
uw62075997,2.74,-121.7625,48.35333333333333
ak0253q2wwbj,3.0,-144.1716,69.4689
ak0253q2x5t2,2.8,-152.572,60.2221
ak0253q3zhzo,3.6,-151.1371,62.2212
ci40907031,2.98,-116.069,33.7611667
ak0253q5r7mr,2.5,-150.349,61.6286
tx2025frgq,2.6,-104.336,31.621
ak0253q8u8ci,2.7,-153.4702,59.8334
nc75153497,2.66,-121.9905,37.7018333333333
us6000q6qw,2.6,-104.8377,36.9641
nc75153512,2.52,-121.9895,37.7023333333333
tx2025fsnm,2.5,-104.406,31.679
ak0253rqhksi,2.8,-150.0451,61.9055
tx2025fsvu,2.6,-104.4,31.678
tx2025fsxt,3.0,-104.403,31.681
tx2025fszz,2.5,-103.755,31.237
ci40907823,2.55,-117.5293333,35.7045
tx2025ftck,2.7,-104.168,31.704
hv74639587,2.67,-155.455333333333,19.1048333333333
us6000q6aq,3.1,-173.0169,52.0428
ci40907951,2.54,-117.3223333,34.1141667
nc75153957,2.75,-118.875,37.514
us6000q6at,2.8,-166.5953,53.7309
ak0253rwu7i5,3.0,-159.0257,56.2101
nn00894992,2.5,-119.0158,39.0623
nn00895003,2.5,-119.0101,39.0822
us6000q6ng,2.6,-177.2511,51.7242
ci40908471,2.71,-117.801,35.347
tx2025fufo,2.8,-104.015,31.524
ak0253tgvarl,3.3,-152.0615,62.1569
us7000pm8l,2.9,-113.9869,36.5209
ak0253tju38c,2.5,-152.1387,59.7275
ak0253tmx5mi,3.0,-153.4355,59.8
us7000pmeb,2.9,-98.6305,39.2248
us7000pmew,2.6,-113.9933,36.5251
us7000pmfi,2.6,-97.7787,37.3857
ak0253v0tmnn,2.8,-149.7568,61.0432
us7000pmh4,2.6,-115.0628,44.2275
us7000pmib,3.7,-167.3105,53.32
tx2025fwqt,2.5,-104.009,31.535
ak0253v83n8h,3.6,-146.4117,61.6451
ak0253v98jlf,4.0,-152.139,62.69
us7000pmm0,3.4,-113.9921,36.5031
us7000pmmf,2.6,-113.9955,36.5197
us7000pmn5,2.9,-115.1167,44.1887
ak0253wmm91e,2.5,-153.2189,59.9108
us6000q71q,2.7,-174.8609,52.0412
us7000pmq7,2.6,-98.0532,39.7623
us6000q74g,2.8,-178.3615,51.4984
hv74641822,2.99,-155.389333333333,19.2716666666667
nn00895165,2.8,-118.9666,40.7115
us6000q74j,2.8,-161.3256,55.856
us7000pmtd,3.3,-113.9931,36.5038
us6000q74p,3.2,-179.0714,51.2142
ak0253ycm37c,2.6,-150.5582,63.112
us6000q7ad,2.5,-167.4161,53.445
hv74642762,2.6,-155.638,19.4651666666667
ak0253ygr026,2.5,-152.6697,59.501
nc75156227,2.55,-121.715833333333,37.3566666666667
us6000q7gz,2.7,-161.9011,54.7397
nn00895228,3.6,-119.5801,41.8784
nn00897020,2.8,-119.5627,41.8761
ak0253zxuc4y,3.1,-141.1192,61.6144
ak0253zz1y4i,2.8,-134.4167,58.823
hv74643312,2.86,-155.493666666667,19.1781666666667
us7000pncx,4.9,-174.3538,52.3792
tx2025gcjx,2.6,-103.25,31.086
ak025405ml5p,2.7,-166.9788,65.5527
ci40912255,2.95,-117.8115,35.3488333
uw62078437,2.5,-123.805,47.5895
us7000pue6,2.9,-173.9714,52.2532
ak025408l742,2.5,-144.7149,69.1
ak025408v6z2,3.1,-141.0455,60.1768
uu80104716,2.66,-111.586666666667,42.4591666666667
tx2025gdcn,2.6,-104.281,31.619
ak02541kokmv,2.5,-150.3997,60.8586
nn00895271,3.7,-119.0134,39.0542
tx2025gdex,3.5,-94.868,31.591
us7000pniy,3.6,-113.9931,36.5046
ak02541o7h4u,2.5,-153.2797,59.853
hv74644282,2.97,-155.0405,19.297
ci40912687,2.58,-117.8096667,35.352
tx2025gekr,2.6,-104.012,31.527
ci40912751,2.72,-115.712,33.3218333
us7000pud2,3.6,-167.015,53.8225
nn00895348,2.6,-117.9836,38.1532
ak02543813cl,4.1,-150.2754,63.4165
us7000pud3,3.2,-169.0928,52.8139
nn00895358,2.5,-119.0164,39.0572
nc75157662,2.53,-121.346333333333,36.6965
tx2025gfqh,2.7,-104.013,31.526
us7000pntk,2.7,-113.9862,36.4965
nn00895366,2.6,-119.0528,39.1626
ak02543ennae,2.5,-167.6768,65.8138
hv74645217,3.31,-155.818833333333,19.2801666666667
us7000pnwc,2.5,-113.9802,36.5098
nn00895411,2.7,-119.0453,39.1563
nn00896958,2.5,-119.0567,39.153
ak02543jd2i5,3.2,-147.5802,64.9433
ak02544ulw8v,2.6,-152.6637,60.0149
ak02544vl6a7,3.6,-151.4515,63.1299
ak02544vvyxq,3.8,-142.5005,67.21
ak02544w9vms,2.7,-150.7876,63.0834
tx2025ggzf,2.6,-104.328,31.664
nc75157992,2.6,-124.155166666667,40.2031666666667
tx2025ghez,2.8,-104.301,31.673
nn00895449,2.6,-119.5608,41.8904
nn00895430,3.4,-116.697,41.159
nc75158092,2.72,-124.193,40.544
us6000q7ap,2.6,-159.6399,55.1299
nn00895446,2.6,-116.7095,41.2296
nn00895440,3.64,-116.7251,41.2156
nc75158162,2.75,-121.143166666667,36.6668333333333
nn00895452,2.9,-116.7083,41.2289
nn00895459,2.5,-116.6926,41.1551
ak025457svha,3.1,-150.862,63.1092
nn00895464,2.6,-116.6977,41.1735
ak02546kb91j,5.1,-156.3782,58.1204
ak02546kc2wc,3.9,-156.3853,58.1346
ak02546kcckg,3.4,-156.3631,58.1204
ak02546p8xbk,2.6,-152.9865,59.7938
ci40914271,2.98,-116.3205,36.1155
us7000pp8x,2.5,-104.6222,32.5125
ak02546r3kto,3.6,-150.3546,63.0654
us6000q4l0,2.9,-166.9508,53.4378
tx2025gjte,2.5,-104.286,31.658
us7000ppa3,3.0,-104.2282,34.8678
ci40914391,2.57,-117.803,35.3435
nn00895505,3.5,-116.7153,41.2079
nc75158742,2.94,-121.993666666667,37.7048333333333
nn00895512,3.3,-116.7069,41.1889
us7000puki,2.8,-160.3751,55.3352
ak025487us5r,2.5,-152.0663,61.796
tx2025gkrk,3.0,-98.038,28.996
nc75158787,2.73,-122.2175,37.8716666666667
nn00895552,2.6,-116.7103,41.1773
ak02548c5z99,3.1,-154.4938,58.957
ak02548f5qwz,2.5,-159.5567,56.2813
us7000pupe,2.9,-175.5662,51.9169
us7000pupg,3.6,-178.7627,51.5082
ak02548jabb4,2.9,-146.6486,61.393
nn00895571,2.8,-119.9096,39.7247
ak02549xaq33,2.5,-145.1494,61.1191
us6000q3mr,3.2,-108.4626,38.7028
nn00895594,2.6,-116.716,41.2433
tx2025gnbz,3.4,-101.723,31.713
ak0254a3qlb9,2.5,-151.561,63.0244
us6000q3ty,3.3,-104.6508,32.4985
ak0254bgp4h8,2.6,-152.7568,60.0325
hv74647562,2.6,-155.8445,20.144
nn00895636,2.6,-114.3253,37.4076
nc75159727,3.0,-121.352666666667,36.7895
tx2025gokk,2.5,-104.201,31.662
nc75159797,3.93,-122.8405,38.821
tx2025golb,2.5,-104.018,31.519
nm60602436,2.69,-89.4258333333333,36.1836666666667
ok2025gopt,2.93,-97.3895,35.67616667
ok2025gopy,2.76,-97.389,35.676
tx2025goqq,2.6,-104.007,31.525
tx2025gouf,2.8,-104.365,31.667
tx2025govm,2.5,-103.979,31.603
ak0254bp2hh5,3.2,-136.9291,58.337
nc75160067,2.92,-121.847166666667,38.1385
ak0254bs5fs1,2.7,-152.5225,60.2416
ak0254bsnplf,2.6,-151.1595,62.8969
tx2025gpwc,2.7,-104.288,31.66
tx2025gpwd,3.1,-104.28,31.655
tx2025gqbm,2.8,-101.789,32.165
us7000purg,3.2,-175.4725,52.0102
ak0254dei5wu,2.6,-150.7172,61.2613
ak0254esuref,2.9,-156.7243,56.771
tx2025grvf,3.2,-104.429,31.675
nc75160987,2.54,-122.763666666667,38.8246666666667
nc75161057,3.17,-120.56,35.995
us7000puwp,3.1,-177.5918,51.7359
nn00895746,3.3,-119.4639,39.4736
uw62080827,3.69,-121.48633333333333,47.17166666666667
ak0254f2cn51,2.6,-151.4747,63.074
tx2025gtjx,2.6,-101.48,32.096
ak0254gh1wjh,2.7,-149.9531,63.1781
nn00895820,3.1,-119.0105,39.0494
tx2025gtve,2.6,-104.351,31.664
ak0254gk61nu,2.5,-152.9315,60.1354
us7000pvlz,2.9,-162.2757,55.4127
us6000q4hy,3.5,-114.0261,36.5291
ak0254gmjbqj,3.3,-153.6733,59.7014
hv74649337,2.59,-155.572833333333,18.964
us7000pvm9,3.0,-173.3813,52.0151
ci40919063,2.71,-116.0688333,33.7616667
hv74649742,2.95,-155.085833333333,19.829
tx2025gwjf,2.5,-104.269,31.715
ak0254id1e9n,2.6,-151.9524,59.8922
ci40919591,2.54,-117.5146667,35.9673333
ak0254ieqond,2.9,-151.4507,61.3618
ak0254ifhdju,2.6,-134.4506,58.8095
tx2025gwyp,2.5,-98.965,28.906
nn00895937,2.8,-117.9554,38.1811
ak0254jr48t6,3.0,-150.5725,63.2772
ak0254jwtxvu,2.5,-156.859,56.7361
tx2025gydb,2.5,-104.015,31.52
ak0254jyw5sn,2.6,-156.5321,57.8918
nc75163197,2.82,-119.401,38.3328333333333
ak0254k0mwvk,2.8,-150.3668,65.9556
ak0254k0xegh,3.1,-149.7408,62.5491
us6000q4yh,3.2,-149.803,62.5535
ak0254k12jrz,2.6,-153.0378,57.504
ak0254k2xili,2.6,-151.5032,61.707
ci40920551,3.47,-117.713,35.9598333
us6000q58u,3.8,-178.133,51.6676
ak0254li43ot,2.5,-152.3526,59.8993
ak0254lir9h0,2.7,-150.3278,65.9528
ci40920743,2.86,-115.6053333,33.184
ci40920887,2.51,-115.5991667,33.1818333
ci40920959,3.14,-115.6096667,33.1783333
ci40921055,3.24,-116.2186667,33.9003333
ak0254lpw12i,3.3,-151.4576,59.9719
ci40922055,3.25,-115.611,33.1721667
ci40922063,2.73,-115.6048333,33.1783333
nc75163841,2.65,-120.392666666667,40.3311666666667
tx2025hcjl,2.7,-102.106,32.442
ak0254ot3cgs,3.0,-152.6453,59.7123
us6000q5m9,3.5,-104.4484,32.3384
us6000q5me,2.5,-104.4544,32.3266
tx2025hdpd,2.5,-104.12,31.743
ak0254owv714,2.9,-150.5292,61.8263
tx2025hdpj,2.7,-103.801,32.005
us7000pvzc,2.6,-176.0763,51.9891
hv74651857,3.34,-155.402333333333,19.2553333333333
us7000pvzb,2.9,-175.4237,52.182
tx2025heju,3.1,-102.211,32.13
uu80105741,2.63,-111.438833333333,39.0048333333333
uw62082792,3.13,-119.49533333333333,48.754666666666665
uw62082852,2.86,-119.50116666666666,48.741166666666665
uw62082902,2.5,-119.51033333333334,48.74366666666667
uw62082907,2.67,-119.4975,48.74183333333333
ak0254qgm8vs,2.7,-153.201,60.1649
us7000pw01,3.2,-173.9626,52.2846
uw62082962,3.2,-119.504,48.755833333333335
tx2025hfjy,2.7,-104.117,31.741
us7000pvyx,2.9,-177.2511,51.6702
ak0254qo03r2,3.0,-152.0298,59.4186
uw62083087,2.54,-119.49883333333334,48.74333333333333
nc75164816,2.88,-121.282833333333,36.658
ci40925311,3.31,-116.5958333,33.0346667
ak0254qpszpf,4.2,-152.6279,58.432
us6000q60k,2.8,-174.2662,52.2921
ak0254s2abd8,2.5,-153.0803,59.9486
ci40925623,2.99,-117.8156667,35.3358333
uw62083282,2.66,-119.50666666666666,48.74633333333333
ci40925991,5.21,-116.5948333,33.0358333
ci40926015,2.83,-116.6088333,33.0535
ci40926023,2.77,-116.6095,33.0736667
ci37715556,2.5,-116.587,33.0395
ci40926055,2.57,-116.6033333,33.0491667
ci40926063,3.54,-116.3,33.23
ci40926079,2.97,-116.5961667,33.0395
ci40926087,2.55,-116.6025,33.0483333
ci40926623,3.95,-116.5921667,33.0405
ci40927015,2.58,-116.5926667,33.0383333
ak0254sbv0v8,2.8,-142.4313,67.229
ci40927095,2.88,-116.5941667,33.0391667
ak0254sd7564,2.9,-150.0188,60.7437
ak0254tnixrf,2.5,-150.0597,60.7651
ak0254tnj525,2.6,-150.0361,60.7692
tx2025hidh,2.6,-104.372,31.665
uw62091541,2.83,-119.514,48.76833333333333
us6000q63c,2.5,-112.0345,34.9046
tx2025hill,2.6,-101.065,32.143
us6000q6ej,3.2,-176.5471,51.8876
hv74653567,2.69,-155.397833333333,19.257
ak0254tx6jr4,2.9,-149.831,62.834
ci40928999,2.59,-118.5058333,35.3171667
ci40929031,2.5,-118.5065,35.3171667
us7000pw80,2.7,-176.1231,51.9334
tx2025hjvz,2.5,-104.298,31.653
tx2025hjxt,2.5,-102.038,31.94
ak0254vbnh0y,2.9,-156.515,57.9039
ak0254vfbk5u,2.8,-143.0508,69.5637
ak0254vfhcnb,2.6,-153.7001,60.2711
nc75166226,2.79,-119.831666666667,38.6793333333333
us6000q6lh,2.8,-174.3483,52.0878
uw62091951,3.0500000000000003,-119.52716666666667,48.76166666666667
ak0254vkl8zz,2.9,-152.4288,59.1369
tx2025hlkx,2.7,-103.097,32.235
nn00896331,2.8,-116.6816,41.1946
us6000q6n9,2.5,-113.0112,47.3923
us6000q6va,3.9,-174.3998,52.2632
ak0254x23hv3,2.5,-153.2581,59.7786
us6000q6vc,2.8,-163.2152,54.8173
nc75166906,2.67,-118.201666666667,37.1748333333333
us7000pw7g,2.8,-179.1825,51.2668
us7000pw7i,2.7,-166.8143,53.8681
ak0254x9e1c4,3.5,-154.0004,59.7349
nn00896367,2.6,-119.0174,39.0616
ak0254xbci3y,2.9,-142.2361,66.2314
ci40931567,2.61,-116.6123333,33.0543333
us6000q6yt,3.9,-110.5667,43.4729
hv74655702,2.72,-154.901666666667,19.4396666666667
ci40931879,2.54,-116.618,33.0608333
tx2025homq,3.3,-104.332,31.668
us6000q70q,2.9,-110.5861,43.4801
us7000pwcn,2.9,-175.1878,52.2412
ak02550calws,2.5,-148.4018,65.9687
us6000q797,2.6,-163.3773,54.6997
ak02550duu6u,4.5,-151.4744,61.159
ci40932807,3.37,-117.8055,35.3386667
ci37543245,2.71,-117.7758333,35.3123333
ak02550ekw1y,3.1,-152.1352,62.6732
ak02550fmaed,2.5,-149.2703,61.834
ak02550hbqgs,3.9,-151.9271,60.2191
ak02550i4hy4,2.8,-151.0696,63.5364
nn00896466,2.6,-119.0218,39.0595
us6000q79m,3.1,-163.4131,54.7233
us6000q7bq,2.9,-163.3947,54.7214
nc75168451,2.65,-121.572,36.8288333333333
nc75168506,2.96,-121.568832397461,36.8263320922852
nc75168511,2.75,-121.566666666667,36.8243333333333
ci40934007,2.7,-117.3371667,34.5281667
uw62094846,3.23,-119.51433333333334,48.767833333333336
us6000q7d3,2.6,-112.4993,44.5833
tx2025hskf,3.1,-104.305,31.673
us7000pxcu,2.9,-162.5096,54.3149
ak025528k105,2.6,-147.9974,62.2329
us6000q7fp,2.9,-110.5776,43.4766
us7000pxcy,3.1,-162.4862,54.3361
us7000pxcz,2.6,-164.5251,54.3902
nn00896603,2.9,-118.992,39.0677
ak02553rfoms,2.6,-146.7083,61.5988
ak02553towzf,2.9,-151.0804,62.2655
us7000pu3t,3.4,-162.076,55.0607
us7000pua4,2.6,-162.0638,55.0538
ak02553v2eyv,2.6,-158.2892,68.024
tx2025huqf,2.5,-102.209,32.136
us7000pu35,2.6,-96.9365,38.3185
ak02555alsqc,2.5,-146.4651,61.7459
us7000pwy8,2.5,-175.9308,52.0058
us7000pu5h,3.1,-81.4839,39.8978
ci40936807,2.84,-115.607,33.181
us7000px4x,3.1,-174.2595,52.1953
ak02556vvgv8,4.5,-150.1102,61.7972
ak02556xv01j,3.2,-151.7014,65.7184
nm60604296,2.56,-92.467,37.2555
us7000puja,3.8,-176.559,51.749
tx2025hxts,2.5,-103.233,32.003
us7000puj9,2.5,-150.0694,61.8173
uu80106201,3.46,-109.8655,41.5615
us7000puvr,2.5,-177.4371,51.7182
ci40939399,2.8,-117.8063333,35.351
nc75170471,2.78,-122.669166666667,38.4375
us7000pxc8,3.1,-161.5223,55.6418
nc75170626,2.81,-119.396666666667,38.34
us7000pxc9,2.9,-168.6252,52.991
tx2025hzbp,2.5,-103.236,32.003
hv74659342,2.88,-155.644666666667,19.9258333333333
ak02558rb8jj,3.2,-176.0654,51.9821
us7000puuq,3.1,-81.5461,39.8757
ak02558uu4ow,2.8,-150.5705,62.8947
tx2025iawk,2.7,-103.244,32.008
tx2025iaxu,3.1,-103.777,31.781
ak0255adfhxq,3.2,-154.0715,57.4101
tx2025ibgp,3.3,-103.245,32.004
tx2025ibkz,2.7,-103.245,31.997
ak0255afxxm8,2.5,-153.2785,60.0756
ak0255ai7sp2,4.6,-153.1875,58.1209
nn00896803,2.6,-117.6077,38.4819
nn00896808,2.9,-117.6105,38.4822
ak0255bzeyrt,2.5,-154.9219,58.7498
se60503513,2.57,-80.723,34.1593333333333
nc75171866,2.53,-120.4745,36.4688333333333
ak0255c3gp2z,2.6,-161.6492,65.3013
hv74660617,3.07,-155.496666666667,19.191
us7000pv9b,3.3,-113.0566,44.201
ak0255c5z643,4.2,-151.7327,60.0437
nc75172376,3.03,-122.776166666667,38.7898333333333
hv74661077,2.75,-155.492666666667,19.1858333333333
ak0255dmainj,2.6,-154.0612,57.4013
ak0255dmsj6d,2.6,-151.8118,61.7202
ak0255dpoee1,2.8,-152.8106,60.1429
us7000pvew,2.5,-99.2241,43.2469
ak0255dqci3u,2.5,-153.5432,59.8436
us7000pvhp,2.8,-115.0996,44.3106
us7000pvtn,2.6,-175.9989,52.0668
ci41137800,3.34,-117.7985,35.342
ci41137808,2.53,-117.798,35.3426667
ak0255fa6j30,2.5,-153.4225,59.6414
ak0255faj5ow,2.9,-141.1388,60.2538
ak0255fbmcbc,2.5,-152.0306,62.0464
nn00896883,2.9,-119.0455,39.1535
ak0255fdckgj,3.2,-156.794,57.9241
us7000pvjb,2.6,-111.5338,42.7145
us7000pvjd,2.5,-111.4886,42.6902
us7000pwvq,2.8,-174.9685,51.9828
tx2025ihru,2.6,-103.504,31.266
ak0255gufrih,2.9,-148.0099,60.6639
nc75173536,2.96,-121.325,36.674
ak0255gxqhup,4.5,-150.0416,60.7376
ak0255gymsdv,2.5,-153.1985,59.9059
nc75173631,2.64,-122.432166666667,38.4053333333333
us7000pvt3,3.1,-106.8198,34.5378
us7000pvth,2.8,-81.5278,39.8926
tx2025iitz,2.7,-102.13,32.429
ak0255h4if6i,2.6,-150.0242,60.7291
ak0255h5ht11,3.0,-153.5178,60.0111
ak0255ihrlkl,4.0,-152.6745,60.2384
hv74662892,2.54,-155.547333333333,19.22
ak0255iimhly,4.1,-152.7522,59.7093
us7000pwg7,2.5,-160.7312,55.8731
ak0255im0dig,2.6,-150.0732,60.752
ak0255im6zil,2.8,-150.0276,60.7219
us7000pw33,2.7,-114.0045,36.501
us7000pw37,2.9,-113.9749,36.5212
us7000pw8r,3.7,-178.4287,51.5975
nn00897003,2.9,-117.8987,38.1577
ak0255it8k8h,2.5,-153.0925,59.6238
ak0255ittf9n,2.6,-153.0996,60.2112
ak0255iuh5nm,2.9,-153.0059,60.1426
nc75174361,2.61,-122.781666666667,38.7891666666667
us7000pwas,3.5,-107.0127,34.354
nm60605006,2.78,-89.6258333333333,36.5321666666667
uu80106731,3.94,-111.304166666667,40.3173333333333
ak0255ka08xp,3.7,-150.984,61.8979
nc75174446,3.26,-121.014166666667,36.4365
ci41141664,3.4,-117.8035,35.3526667
ci41141680,2.62,-117.8055,35.3505
ak0255kd0vnx,2.7,-152.722,60.3584
nc75174811,3.6,-123.362833333333,39.4161666666667
nc75174816,2.74,-123.362666666667,39.4155
tx2025imzv,2.9,-104.375,31.731
nn00897091,2.6,-119.0192,39.0662
tx2025intt,3.6,-102.127,32.437
nm60503553,2.71,-89.6033333333333,36.5775
hv74664712,3.58,-155.298833333333,19.9691666666667
nc75175581,3.7,-122.7585,38.7903333333333
ak0255nfdlse,3.3,-156.3517,58.1152
ak0255nffr53,3.1,-153.7419,59.5843
tx2025ipeo,3.4,-104.025,31.634
tx2025iqwk,5.4,-104.458,31.647
tx2025iqww,2.8,-104.432,31.65
tx2025irao,2.9,-104.451,31.661
ci41144424,2.65,-117.81,35.3538333
us7000py22,3.0,-169.9058,52.8717
ci41144576,2.69,-116.4681667,33.1005
tx2025isbs,2.5,-104.447,31.657
tx2025isco,2.6,-104.46,31.655
ak0255peshv7,2.5,-152.7852,60.1713
us7000px9a,3.4,-174.9344,52.0432
ak0255qs0ip6,2.7,-147.2965,61.0069
us7000px9c,2.7,-176.2351,51.8685
tx2025ithp,3.6,-104.458,31.653
tx2025ithu,2.9,-103.809,32.006
ak0255qvttm6,3.4,-149.3615,63.0433
tx2025itko,2.7,-103.814,32.004
hv74666162,2.61,-155.488166666667,19.1941666666667
nc75176791,2.79,-122.779,38.7935
us7000pxz8,2.6,-176.5184,51.7358
ak0255r3183c,2.7,-152.536,59.4296
ak0255r45nzf,2.6,-151.3785,60.1608
ak0255r46l46,3.4,-150.9069,63.0756
ak0255sdtfwd,3.7,-149.2355,64.6076
ak0255segqga,3.0,-153.4436,60.0716
tx2025iunk,2.5,-104.422,31.683
ak0255sfiq7l,2.8,-151.7217,61.9464
tx2025iurl,2.6,-103.983,31.616
nn00897274,2.6,-119.5847,41.9428
ak0255sj6qpr,2.5,-138.5472,59.6234
ak0255sj6zb2,2.5,-138.5489,59.6712
se60605626,2.96,-78.4691666666667,37.4638333333333
us7000pxjj,2.7,-105.7766,33.5634
ak0255sp6zre,2.6,-147.3594,60.9244
us7000py3p,2.8,-163.1772,54.6158
ak0255srkp81,3.8,-150.0428,60.7547
ak0255u48kqw,2.7,-144.0656,59.9547
tx2025iwpw,3.3,-104.337,31.663
nc75177716,2.54,-122.079833333333,40.2626666666667
ak0255u68apk,3.4,-144.4312,69.5301
ak0255u7h63g,3.7,-151.025,63.5294
ak0255u94b0l,2.8,-148.3743,62.9747
nn00897328,3.0,-114.7173,37.2969
ci41146800,3.01,-118.6955,33.9931667
us7000py0p,2.8,-163.3811,54.7256
us7000pzpy,2.6,-161.9089,55.7572
ak0255vowqf2,2.9,-150.6635,63.1058
tx2025iyci,3.0,-101.137,32.282
us7000pxvb,2.7,-108.339,42.5206
us7000py4t,2.8,-168.5624,53.262
ak0255vsf9vy,3.2,-152.8954,60.2262
nc75178291,2.57,-120.380833333333,39.2653333333333
us7000pxx2,2.6,-108.026,34.7261
ci41147856,2.61,-117.6663333,33.899
nc75178506,2.78,-122.004833333333,37.5951666666667
us7000py15,3.3,-103.2874,32.2727
us7000py1a,2.8,-103.256,32.3337
ak0255vzszsb,2.5,-150.6712,63.1234
tx2025iznv,3.4,-104.35,31.665
ak0255w09w2p,2.9,-150.3735,60.7257
tx2025izoc,3.2,-101.054,32.114
ak0255w1iobc,2.8,-153.6657,60.3884
ak0255w1mkbn,3.2,-149.6547,62.8244
ak0255w2029c,2.5,-148.7062,62.054
tx2025izxa,3.4,-104.345,31.67
us7000py4k,2.6,-108.1792,33.588
us7000py4l,2.8,-103.2966,32.2674
ak0255xdn0oc,2.9,-152.5917,57.6211
us7000py59,2.9,-81.5433,39.8687
tx2025jauw,2.5,-104.492,31.685
ak0255xkxdqd,3.4,-150.1673,63.2171
tx2025jbbe,2.5,-101.056,32.114
ak0255xlxbcy,2.9,-153.3938,57.5499
nc75179031,2.64,-118.868666666667,37.5076666666667
nn00897441,2.5,-119.5769,41.9053
ok2025jbye,3.1,-96.74816667,35.54616667
se60605931,4.1,-83.9868333333333,35.545
nn00897470,2.8,-118.5099,38.2291
tx2025jdml,2.6,-104.579,31.71
nc75179661,2.71,-122.027833333333,39.5463333333333
tx2025jece,2.9,-104.47,31.652
se60503568,2.75,-84.6118333333333,37.7596666666667
ak02560ru7ie,3.8,-154.9691,58.2717
us7000pylz,4.3,-166.8016,53.4664
ak02560va389,2.9,-152.0674,61.8969
ak02560xtmzn,3.0,-148.8156,62.6411
us7000pyrd,2.5,-81.005,41.7562
ok2025jfpj,2.79,-96.72833333,35.55483333
nc75180066,2.79,-123.1055,39.4741666666667
nc75180091,2.54,-123.106,39.4746666666667
us7000pz6f,2.8,-161.4414,55.1501
ak02562ggsg0,3.1,-149.3623,61.4744
us7000pzrg,2.8,-161.1069,55.5815
nc75180351,2.64,-122.729666666667,38.7641666666667
ak02562l9qtr,3.3,-147.4619,60.9445
us7000q0ej,2.5,-165.9839,54.1473
us7000pyxj,4.1,-175.091,52.072
nc75181332,2.52,-120.8635,36.2791666666667
nm60606081,3.26,-88.3266666666667,39.3593333333333
nn00897526,2.7,-117.1202,37.2174
uw62098432,2.84,-123.43983333333334,47.5175
ak025646yp7y,2.7,-152.2586,61.1217
ak02564b1q4s,2.8,-152.1172,62.1644
tx2025jjed,2.6,-104.002,31.618
ak02565nehf1,2.5,-154.2379,58.9948
nc75181772,2.52,-123.733166666667,40.9771666666667
us7000pz84,2.8,-165.9565,54.0758
ak02565r1hid,2.5,-152.9423,59.3844
ak02565r2ivr,2.9,-152.5876,60.2548
nn00897583,3.0,-116.7457,41.1797
nn00897599,3.0,-116.6817,41.217
nn00897585,3.9,-116.7261,41.2074
nn00897604,2.8,-116.7412,41.153
ok2025jkfq,2.74,-97.9305,36.01016667
ak02565zajkq,3.6,-151.2706,61.4673
ak02565zxxlq,2.5,-140.0559,60.0625
hv74673252,2.56,-155.148666666667,19.3348333333333
nc75182137,2.7,-120.245333333333,36.1378333333333
us7000pzav,3.0,-114.2873,44.5603
us7000q0er,3.0,-173.8105,52.1617
uw62100887,3.14,-119.50833333333334,48.77333333333333
hv74673467,2.63,-155.187166666667,19.3243333333333
nn00897636,3.55,-116.7282,41.2382
nn00897639,3.2,-116.7329,41.1864
ak02567ey4ht,2.5,-149.7541,64.8938
hv74673562,2.98,-155.602,19.821
tx2025jlti,2.5,-104.368,31.666
nn00897646,3.1,-116.7283,41.2158
ak02567johep,3.2,-157.6765,57.1726
ci41153760,2.66,-117.8015,35.344
us7000pzh7,3.5,-96.9709,38.7164
nc75182637,2.9,-122.065333333333,37.8055
us7000pzid,3.1,-115.1484,44.4057
us7000pzj3,2.5,-113.9884,36.5185
tx2025jnxf,2.7,-104.394,31.677
uu80108526,2.76,-112.4835,41.8848333333333
ak025698nrkl,3.5,-152.4419,57.6888
tx2025jofx,2.6,-104.397,31.677
ak02569a9qik,3.7,-151.4544,63.071
ak02569b082v,3.0,-146.5525,61.3883
tx2025jovq,3.2,-104.396,31.674
ak0256anstma,2.6,-153.2368,60.144
us7000pzss,3.8,-113.9981,36.5072
hv74674657,2.64,-155.491666666667,19.1741666666667
ak0256aquus7,3.9,-150.5227,59.6299
nc75183462,2.91,-122.764166666667,38.7908333333333
ak0256atna8v,2.5,-151.2212,61.4555
nn00897724,2.7,-115.7357,36.6354
ak0256chbsmr,2.7,-148.8741,62.7081
nc75184147,2.62,-118.8265,37.5201666666667
ak0256dvx21c,2.5,-152.2472,61.3177
ak0256dypzp1,2.6,-152.9037,59.9015
ak0256dytgar,2.7,-149.635,61.7922
ci41156568,3.76,-119.0391667,35.048
us7000q10x,2.9,-174.4318,52.3506
ak0256e9nisx,3.5,-156.7187,57.3268
ak0256fjzmdm,3.3,-153.3183,59.8693
ak0256fl8a6x,2.5,-149.917,61.3154
tx2025juiq,2.8,-104.363,31.665
ak0256fnit68,2.5,-152.0714,60.6227
nn00897812,2.7,-119.579,41.9115
ci41157088,2.59,-117.066,36.5675
ak0256fr5fxe,3.4,-151.4704,63.0822
us7000q0hc,2.9,-174.3529,52.0616
ak0256fsh2di,3.0,-150.0589,61.7911
ak0256ftgulp,2.9,-156.2821,67.351
ak0256fu3ljl,2.5,-154.1795,58.9759
tx2025jwoi,2.5,-104.394,31.681
tx2025jwty,2.5,-104.399,31.671
ak0256heqd5a,2.6,-152.6944,60.6345
ak0256hfcksu,3.3,-157.4129,66.2243
tx2025jwzh,2.7,-101.704,31.707
ak0256hhhswe,2.5,-150.1355,61.6203
tx2025jxmx,2.6,-101.749,35.327
us7000q0pd,2.5,-115.153,44.3026
ak0256ivuth2,2.6,-152.9262,59.6034
nc75184731,2.51,-122.781333333333,38.8365
nn00899410,3.0,-119.5621,41.8871
ci40972735,2.52,-120.4143333,34.67
ak0256j72g05,3.2,-155.9337,58.325
ak0256km5acc,3.5,-152.483,59.3704
nc75185241,2.64,-122.795666666667,38.8323333333333
tx2025kajr,2.6,-103.362,31.955
us7000q128,3.8,-111.2061,42.6413
tx2025kasb,2.8,-103.363,31.955
ak0256ksuyux,2.6,-156.9384,56.5074
ak0256ksvun8,3.1,-151.5413,61.621
ok2025kbac,3.18,-96.8875,36.42133333
nc75185631,2.89,-122.0745,38.9263333333333
nc75185666,2.67,-119.518166666667,36.5171666666667
ci40974239,2.64,-117.5056667,35.7013333
tx2025kbon,3.2,-104.492,31.7
ak0256m7y18r,2.5,-155.964,58.3344
ak0256m7zfw8,3.7,-144.0822,69.4547
ak0256m98awp,2.5,-155.3881,58.4116
ak0256m9t4zm,2.9,-154.5446,58.8656
uu80108946,3.05,-112.0665,39.3208333333333
ci40974791,2.6,-117.5256667,34.2925
us6000qgrd,3.0,-174.4363,52.284
ak0256nzteex,2.6,-150.6634,63.5715
ci40975983,2.57,-116.8026667,33.6796667
us6000qgxf,2.8,-176.4753,51.7202
ak0256o3wft6,3.0,-153.8536,59.0761
tx2025keue,3.3,-102.044,32.416
us7000q1h2,2.6,-115.0121,44.3516
us6000qgyy,2.7,-163.0846,55.1608
nn00897997,3.0,-117.822,38.1697
ak0256pof2rc,2.6,-153.0173,60.0377
nn00898008,2.7,-118.8321,38.7971
ak0256pqwh5a,2.5,-153.3173,59.8521
ak0256pt491m,3.1,-152.488,59.1862
ak0256pu7vvo,2.8,-152.487,60.1425
uu80109071,2.67,-110.425,44.6561666666667
ak0256r5vbqz,3.7,-153.5115,60.2887
us7000q1q8,2.7,-115.0279,44.3549
us7000q1qj,3.0,-115.0352,44.3746
ak0256ra5fuo,2.8,-150.6897,60.9105
us7000q1rz,3.4,-113.9819,36.5099
ak0256rdsxce,3.2,-152.8639,59.3511
ak0256ref44c,3.3,-157.9334,56.3713
us6000qg8w,2.6,-108.0336,42.8097
ak0256rhfodl,2.6,-150.7956,59.7846
us6000qhkg,2.7,-161.3821,55.8627
nc75187451,2.89,-118.456666666667,37.3695
ak0256su8sd0,2.6,-148.1547,62.3211
us6000qgdr,2.6,-104.9212,42.5359
tx2025kjiq,2.8,-101.051,32.148
ak0256t04ien,2.8,-152.4258,57.4387
ci40978623,3.25,-116.398,33.1616667
tx2025kjzu,2.9,-104.429,31.679
ak0256t4yqno,2.5,-150.9474,62.5741
ak0256ufe3bv,2.6,-150.6983,59.8125
ci40979279,2.66,-117.145,34.0156667
ci40979319,2.72,-116.8501667,33.9668333
uu80109231,2.92,-112.638666666667,38.2548333333333
ci40979399,2.56,-117.0908333,33.9325
nc75188136,2.57,-120.613166666667,36.0498333333333
tx2025klpu,2.7,-103.371,31.938
hv74683547,2.71,-155.491166666667,19.1935
us6000qi25,2.8,-177.5789,51.6626
us6000qi26,3.0,-176.3083,51.7522
us6000qhyr,3.6,-173.655,52.1194
us6000qhyx,3.4,-173.6592,52.1926
us6000qhz1,3.4,-159.4767,55.1088
hv74684337,2.78,-155.282,19.4025
ak0256wai489,2.5,-150.2641,61.7821
hv74684452,2.7,-155.4985,19.1375
nc75188731,3.06,-122.030833333333,37.9493333333333
tx2025knxl,2.6,-103.968,31.489
uw62118611,2.7600000000000002,-122.042,47.82116666666667
tx2025kogj,2.6,-104.414,31.663
us6000qh0x,3.0,-104.7936,36.7893
us6000qh10,2.9,-99.8192,39.3354
tx2025kowx,3.3,-104.379,31.682
ak0256xwrc48,2.6,-152.6799,59.9742
tx2025kpiv,2.6,-104.426,31.661
nc75189231,3.4,-122.7635,38.7818333333333
tx2025kpmc,3.2,-104.371,31.683
ak0256y155uu,2.5,-158.4834,56.1206
ak0256y15tne,3.6,-153.0376,59.9497
us6000qigy,3.0,-173.6857,52.053
tx2025kprb,2.6,-104.386,31.682
tx2025kprd,3.0,-104.381,31.677
tx2025kpsj,2.8,-104.389,31.685
tx2025kpsy,3.2,-104.39,31.685
tx2025kptg,2.6,-104.389,31.679
tx2025kqah,2.9,-104.492,31.643
tx2025kqaq,2.8,-104.386,31.682
ak0256zgzdld,2.7,-151.2298,63.5213
ok2025kqiu,2.73,-97.92516667,36.01533333
ak0256ziiubg,3.6,-136.7572,58.8509
tx2025kqqd,3.3,-104.369,31.678
tx2025kqqg,3.6,-104.374,31.674
us6000qh8d,3.5,-99.8333,39.2789
tx2025kqte,2.6,-104.369,31.672
ak0256zkgkq0,2.5,-151.4681,59.6446
hv74685727,2.6,-155.501833333333,19.1668333333333
tx2025krar,2.9,-104.378,31.682
hv74685827,2.78,-155.493833333333,19.188
ak0256znvhh3,2.8,-159.2912,56.0483
hv74685882,2.84,-155.378666666667,19.8558333333333
us6000qhav,3.4,-115.0522,44.3403
us6000qhaw,3.0,-115.028,44.3453
us6000qhb1,2.9,-115.0603,44.3337
us6000qhb7,3.1,-115.0204,44.3503
us6000qhgk,2.6,-115.0254,44.3373
us6000qhbc,2.6,-115.0435,44.3093
ak0256zrnvow,2.9,-150.0477,61.3842
us6000qhbn,2.6,-115.0109,44.3488
us6000qhbs,3.1,-115.0282,44.3534
nc75189871,2.51,-122.239,37.8488333333333
us6000qhck,2.6,-115.0231,44.3452
ak0257151l0c,2.6,-153.4344,59.7855
tx2025ksjf,2.6,-103.382,31.958
us6000qhdw,2.6,-115.0117,44.3104
ak025716rwod,2.8,-146.364,61.5885
us6000qhe2,2.5,-115.0256,44.3516
us6000qjz5,2.7,-175.0331,51.9617
us6000qhed,3.2,-114.989,44.3425
us6000qhef,3.2,-114.9891,44.3472
tx2025ksrt,3.1,-104.393,31.683
ak025718yyb1,2.6,-150.8205,62.1422
ak02571agmoc,2.8,-150.6325,61.6109
tx2025ktbo,2.5,-103.382,31.942
us6000qhgt,2.6,-115.009,44.3236
us6000qhgu,2.6,-114.988,44.3375
us6000qhh0,2.5,-114.9755,44.3285
tx2025ktgp,2.5,-104.374,31.68
us6000qhhr,3.0,-115.0572,44.3266
us6000qhip,2.6,-115.0119,44.3263
nc75190256,2.98,-120.7375,35.4536666666667
us6000qij8,2.5,-177.6239,51.7953
us6000qhjk,3.6,-115.0069,44.3426
us6000qhjl,3.6,-115.0089,44.343
ak02572qvcga,2.7,-146.7936,61.3909
us6000qhjz,2.6,-115.0132,44.333
us6000qhk1,3.1,-115.0153,44.3376
us6000qhk3,2.7,-115.0014,44.3465
us6000qhk7,3.7,-115.0026,44.3419
us6000qhk9,2.6,-115.0097,44.3427
us6000qhka,3.0,-115.0129,44.3494
us7000q9mx,2.6,-114.9912,44.3336
us6000qhkk,3.4,-115.0033,44.3316
us6000qhkm,3.3,-115.0074,44.3361
us6000qhkq,2.5,-115.0229,44.3244
us6000qhl8,4.0,-115.0345,44.3608
uw62121826,2.88,-122.38683333333333,48.4145
us6000qhmf,3.5,-115.0215,44.3416
us6000qhmg,4.0,-115.012,44.3432
us6000qhmk,2.9,-115.0102,44.3459
us6000qhng,2.9,-115.0263,44.3468
us6000qhnl,3.9,-115.0195,44.3551
us6000qhpb,2.8,-115.0398,44.3413
us6000qhr5,3.1,-177.2411,51.9207
us6000qhqn,4.9,-177.2941,51.8463
us6000qhrd,2.7,-177.2828,51.9007
us6000qhrf,2.7,-177.258,51.9177
us6000qhqt,2.5,-115.0266,44.3393
us6000qhqx,3.5,-115.0121,44.3488
us6000qhr2,2.5,-114.9937,44.3116
ak02572z1pei,3.0,-150.5962,63.1355
us6000qhrx,2.8,-115.0388,44.3553
us6000qhsy,2.7,-115.0327,44.3424
hv74687627,2.63,-155.411333333333,19.2666666666667
ak02574grlgv,2.5,-148.1707,64.6404
ak02574hns2f,2.7,-149.825,62.9256
us6000qhxj,3.2,-115.0098,44.3566
ak02574m39kn,2.5,-144.7635,60.7904
us6000qhxu,3.4,-115.0179,44.3481
ak02574n5s0h,3.2,-151.5954,60.5713
ci41173792,3.19,-116.7641667,33.6768333
us6000qi1l,3.0,-166.4547,53.8336
uu80109746,2.72,-111.143833333333,44.779
us6000qi0n,3.9,-115.0039,44.3598
us6000qi0q,2.5,-115.0187,44.3477
us6000qi0z,2.7,-115.0315,44.3365
us6000qi1p,2.5,-115.0198,44.3653
tx2025kxsl,2.7,-104.192,31.669
us6000qi3t,2.5,-115.0067,44.3452
us6000qi3w,3.1,-115.0477,44.3244
us6000qi49,2.8,-115.0377,44.3386
us6000qi4d,2.5,-115.0405,44.3524
nn00898542,3.3,-114.8039,36.3173
us6000qibv,3.6,-177.4199,51.6819
us6000qi4z,2.5,-115.0413,44.3382
ak0257690j7l,2.6,-148.7387,61.8462
ak02576a3rcn,2.6,-153.3152,60.0432
tx2025kytn,2.7,-103.372,31.94
us6000qicj,3.2,-177.4236,51.7038
us6000qial,2.8,-115.0649,44.3465
us6000qibz,3.3,-114.9948,44.3221
us6000qic0,3.6,-115.0129,44.316
us6000qife,2.5,-114.9919,44.3305
us6000qic3,2.6,-114.9953,44.3278
tx2025kzhi,2.7,-103.301,31.953
nn00898573,4.0,-114.6424,37.266
ak02577rq22r,2.5,-159.6454,55.6178
hv74689482,2.65,-155.915333333333,19.8658333333333
us6000qidz,2.6,-115.0098,44.3395
us6000qies,3.0,-115.0078,44.36
ak02577xqw4k,2.7,-149.0951,60.3733
ak02577y8r62,2.7,-150.6719,59.5676
us6000qiip,3.0,-115.0386,44.3621
us6000qiix,3.9,-115.0927,44.3351
tx2025laqp,3.0,-104.189,31.67
us6000qik2,3.2,-115.0033,44.341
tx2025lasd,2.5,-104.188,31.671
us6000qikl,3.0,-115.1,44.3572
tx2025lasy,2.6,-104.195,31.666
uw62124506,2.62,-120.331,47.725833333333334
tx2025laxc,2.5,-104.197,31.671
tx2025lbax,2.5,-98.913,28.869
ak02579cbn18,2.8,-149.5367,62.5579
tx2025lbia,3.3,-104.432,31.652
tx2025lbir,2.7,-104.196,31.67
us6000qin3,2.6,-115.0234,44.3562
ak02579f5cc3,3.0,-146.3539,61.6089
us6000qinf,2.6,-115.0133,44.3463
us6000qinj,2.6,-115.039,44.3616
us6000qipf,2.9,-115.0425,44.3298
us6000qk63,2.8,-162.3493,54.4098
tx2025lbso,3.3,-104.388,31.675
ak02579kjfn4,3.0,-153.2405,60.0766
tx2025lcdx,2.9,-104.391,31.677
tx2025lcdy,2.5,-104.398,31.679
ci41178440,2.68,-117.5585,35.5478333
nn00898642,2.8,-114.6462,37.3158
ak02579lu1s8,2.5,-150.6044,60.9291
hv74691362,2.53,-155.388333333333,19.228
ak02579myy99,2.9,-152.3121,59.65
us6000qisi,2.5,-115.0388,44.3395
tx2025lcts,3.1,-104.471,31.641
us6000qivx,2.6,-102.6011,44.1979
tx2025ldeb,2.7,-104.373,31.697
ak0257b2odrw,2.5,-158.9922,56.082
nn00898668,2.5,-115.8301,38.3733
tx2025ldzc,2.9,-104.309,31.663
us6000qiz0,4.3,-114.0999,44.2664
us6000qiz8,3.2,-114.092,44.3003
ak0257b9cj72,2.7,-155.5157,55.8487
hv74692432,2.84,-155.380333333333,19.2078333333333
hv74692567,2.6,-155.72,19.8691666666667
us6000qj2w,2.5,-114.9863,44.329
nc75193041,3.24,-122.313833333333,38.0113333333333
tx2025lewj,2.5,-104.338,31.67
ak0257cp2cq5,2.7,-150.2944,61.5587
ak0257cqhd27,2.9,-149.3197,62.5753
nn00898714,3.4,-116.0884,37.8367
ak0257crihyu,2.8,-147.5351,63.6451
ak0257cyjcgj,2.5,-166.7415,65.335
us6000qj9b,2.7,-104.766,36.8241
ak0257eavf86,4.0,-145.5238,66.6664
tx2025lgul,3.7,-104.297,31.658
tx2025lgvw,3.1,-103.682,31.042
tx2025lgyd,2.5,-104.354,31.663
ak0257eg64wu,3.0,-149.7623,62.0587
tx2025lhht,2.5,-104.291,31.661
ak0257egu4bq,3.9,-150.9481,61.902
us6000qjct,2.8,-115.0224,44.3079
ak0257ei2hg0,2.8,-150.9634,61.8879
ak0257ej6rvd,3.3,-151.1421,61.0496
tx2025lhrl,3.5,-104.291,31.665
tx2025lhrp,3.4,-104.292,31.658
us6000qjgk,3.3,-166.469,53.8359
tx2025lhsd,2.8,-104.298,31.662
us6000qjgt,2.6,-166.4454,53.8322
tx2025lhum,2.7,-104.311,31.667
us6000qjgy,2.5,-166.451,53.8168
us6000qjf5,2.8,-76.6709,41.5628
ci41182144,2.56,-115.7663333,32.996
ak0257fxz91w,2.8,-152.5028,58.6177
tx2025lilc,2.9,-104.521,31.613
ak0257g2r5pf,2.5,-150.9302,61.8924
us6000qkqa,3.2,-174.17,52.1114
us6000qjjf,2.8,-161.4361,55.8816
ci41182560,2.9,-116.8723333,33.8361667
nc75194286,2.85,-118.829833333333,37.5193333333333
tx2025ljjy,2.7,-104.175,31.708
tx2025lkky,2.8,-104.171,31.705
tx2025lklb,2.8,-104.172,31.71
us6000qjrw,2.9,-115.0224,44.363
ak0257hp27kc,2.5,-148.4577,61.9552
uw62127176,2.65,-122.27566666666667,46.473
tx2025lkxh,2.5,-104.177,31.709
ci40992071,2.54,-117.7786667,36.0241667
us6000qldd,2.7,-167.443,53.3821
us6000qjuk,2.6,-115.0049,44.3187
tx2025lmsmdc,2.9,-104.294,31.663
ci40992391,2.72,-115.6548333,32.6925
ci40992455,2.82,-117.8075,35.3295
us6000qjzv,2.7,-163.3597,54.6534
us6000qjxk,2.5,-115.0233,44.3437
tx2025lmzctl,3.7,-103.811,32.004
hv74696217,3.39,-155.272666666667,19.3543333333333
ak0257hxg7sg,3.3,-143.1948,60.4365
ak0257j8aacg,3.0,-150.37,63.2277
ci40992775,2.72,-117.8063333,35.3308333
tx2025lnpkep,2.6,-103.361,31.958
us6000ql37,3.0,-173.7836,52.0181
us6000ql3d,2.7,-168.6539,53.2356
nc75195076,2.63,-119.383,38.3361666666667
us6000qk2g,2.7,-104.9794,40.0059
ak0257jfewgl,2.8,-150.8962,62.2836
ak0257jg1upi,2.6,-147.5826,68.6909
ak0257jgpgk2,2.5,-148.9297,61.9572
ak0257jhaf48,2.5,-156.473,57.8378
ak0257jibn6h,3.0,-150.7724,63.0574
ak0257jjjt29,4.3,-153.4275,60.1273
hv74697462,2.92,-155.195,19.3386666666667
tx2025lpiqop,3.0,-104.191,31.671
tx2025lpjvig,3.3,-104.194,31.673
tx2025lpkgmj,3.5,-104.192,31.675
tx2025lpkjpj,3.5,-104.191,31.673
tx2025lpmzde,2.6,-104.184,31.669
ak0257kzzq1z,2.6,-153.1088,59.9145
tx2025lpsmkm,2.6,-99.057,28.654
tx2025lptjzp,2.5,-103.377,31.939
tx2025lpxamn,2.7,-103.37,31.953
ak0257l2hbbp,2.6,-147.7079,60.9612
tx2025lqaomz,2.6,-104.192,31.679
ak0257l477bi,4.2,-145.6491,65.7752
us6000qkii,2.5,-166.437,53.8255
tx2025lqwjsl,2.8,-103.376,31.938
ak0257mmdaq6,3.0,-166.2481,64.6232
ak0257mmzyl2,3.0,-146.5739,61.4985
nc75195946,2.71,-121.867166666667,37.94
uu80110366,3.09,-111.7795,36.94
us6000qlcm,2.7,-166.7159,53.4951
ci40995367,3.21,-116.6661667,35.134
tx2025lsjuje,3.2,-104.38,31.675
tx2025lsjych,2.8,-104.378,31.674
ak0257o7f0w6,2.9,-152.8599,60.3615
tx2025ltgjmt,2.6,-103.383,31.941
tx2025ltiqdg,2.6,-103.385,31.94
ak0257oc51cz,3.0,-144.7855,69.5342
tx2025ltlfjp,3.0,-103.808,32.005
ak0257oct0fi,3.1,-153.3053,59.9064
us7000q9nx,2.5,-163.6293,54.7081
ak0257ofdc28,3.4,-151.7624,64.6899
tx2025ludazi,2.8,-104.38,31.673
tx2025luezlf,2.9,-103.986,31.61
tx2025lufdyx,2.8,-103.362,31.955
tx2025lugbgh,2.5,-103.99,31.616
uw62129471,2.66,-122.3925,46.50833333333333
ak0257pxm5d9,3.0,-161.735,67.4919
tx2025lvbvoe,2.5,-104.366,31.675
nc75196741,2.93,-118.785333333333,38.0463333333333
nn00899041,3.2,-116.2924,41.1143
nn00899047,2.7,-116.2584,41.1234
tx2025lvzuln,3.1,-104.302,31.658
ak0257q5oehh,3.4,-148.0075,61.4181
us6000qkvw,2.8,-115.0688,44.2086
us6000qkw1,2.6,-98.85,39.9715
tx2025lwcita,2.5,-104.133,31.701
ci40997455,2.66,-117.5048333,33.7255
tx2025lwrxdx,3.0,-104.163,31.543
ak0257rkwpqb,3.7,-149.6391,63.0862
us6000ql55,2.6,-177.439,51.6874
ak0257rnsa6p,3.1,-148.9618,66.088
us6000ql01,3.4,-103.2947,32.2779
tx2025lxrnwr,3.0,-104.295,31.656
ak0257rs2dyd,2.5,-151.1334,60.146
us6000ql6p,2.5,-166.4632,53.8319
us7000qaaw,2.6,-161.7285,55.5466
nc75197401,3.35,-120.491666666667,35.9418333333333
us6000ql51,3.3,-166.8122,53.8387
us7000q8pn,2.8,-159.4822,54.7456
ak0257t78mrv,2.8,-152.9149,59.743
tx2025lyomsc,2.5,-104.19,31.672
uw62122872,2.57,-122.39733333333334,48.42016666666667
uw62122887,2.7600000000000002,-122.40066666666667,48.42
ak0257tdrasy,2.6,-151.8281,61.3671
ak0257temiuz,2.5,-151.3922,62.0468
nn00899157,2.9,-115.7154,37.3035
us6000qle4,2.5,-177.4428,51.6908
ak0257ut38dt,2.8,-151.2943,62.5188
ak0257uu76om,2.5,-148.3528,61.9563
ak0257uwthi8,3.1,-151.154,62.5296
nc75197951,2.6,-121.559,36.9393333333333
ak0257v0q3hx,3.0,-149.1319,62.3571
nn00899202,2.7,-116.4928,38.4724
hv74703392,2.8,-155.5045,19.1456666666667
ak0257v5eodm,3.0,-153.004,60.157
us7000q86n,2.9,-174.9259,51.9942
us6000qlk2,2.7,-104.8283,36.8756
ak0257whs8ys,3.3,-151.022,62.2003
us7000q8iu,3.0,-175.977,52.0844
tx2025mcrsyx,3.1,-104.368,31.659
nn00899220,2.7,-116.8199,38.1737
nn00899228,3.2,-117.9801,38.3966
us7000q8aw,3.2,-163.6368,54.5749
us7000q8ay,2.8,-163.613,54.56
hv74704262,2.73,-155.503333333333,19.1593333333333
us7000q8th,2.7,-169.8499,52.8377
tx2025mduhbh,3.0,-103.367,31.954
nc75198786,2.5,-121.577833333333,37.1816666666667
nc75198796,2.96,-118.673,37.9663333333333
tx2025meqety,2.6,-103.721,31.043
tx2025meuysl,2.6,-103.725,31.052
nc75198991,3.15,-124.125833333333,40.846
nn00899365,2.8,-119.5589,41.8886
ak0257yh436m,3.6,-151.7804,61.6946
nc75199086,3.35,-122.770666666667,38.8056666666667
ak0257yhr169,2.6,-149.1466,62.3523
nn00899307,3.4,-117.7287,37.5936
nn00899319,2.5,-117.9795,38.396
nn00899355,2.6,-117.9779,38.3958
us7000q8zz,2.8,-168.4006,53.0132
ak025805ddn1,4.1,-151.8458,63.2548
tx2025mhkuba,3.0,-104.159,31.551
ak02581fx177,2.9,-152.6139,59.898
ak02581lpusq,3.0,-140.8551,60.1081
tx2025mikvtn,2.5,-104.417,31.681
us7000q8g4,2.5,-111.4605,42.7223
ci41002943,2.67,-118.4366667,34.1615
tx2025mjeuok,3.0,-104.297,31.63
tx2025mjpoua,2.7,-104.361,31.621
ak0258372xj2,2.6,-153.0559,60.1273
tx2025mjvxyh,2.8,-103.721,31.05
us7000q8mx,2.6,-97.4921,38.6645
tx2025mkgjap,2.5,-104.168,31.71
tx2025mkjpjq,2.6,-104.166,31.709
ci41003855,2.75,-115.7638333,33.3358333
ak02583dwvap,3.2,-153.1086,59.7435
ci41004319,2.7,-117.566,35.7433333
us7000q8tn,3.4,-99.1903,39.5084
ak02584qtl85,2.7,-153.1183,59.7783
ak02584qyac3,2.9,-153.8103,59.2043
ok2025mjux,3.36,-97.29133333,36.8945
us7000q914,2.6,-163.383,54.7073
us7000q915,2.7,-163.4072,54.6964
ak02584tppjl,2.7,-152.4783,59.2243
nn00899511,3.0,-119.6136,41.9022
nn00899512,2.8,-119.6126,41.8973
nn00899513,2.7,-119.6181,41.8951
ak02584zalf5,2.8,-149.7453,61.7504
ak025850xw2u,2.6,-157.8541,56.2848
ak0258539hjl,2.5,-152.9793,60.0625
nn00899540,2.6,-119.5629,41.9038
nn00899551,3.4,-119.6214,41.9157
ak02586fke6w,2.6,-149.8104,63.4003
nm60609011,2.94,-90.9418333333333,36.7663333333333
nc75201261,3.6,-122.418833333333,40.6091666666667
nc75201286,2.62,-120.5895,39.7595
us7000qbd9,3.5,-175.4017,51.9546
tx2025modnbn,2.9,-104.37,31.674
tx2025modxft,2.7,-104.373,31.666
tx2025moelck,2.5,-104.376,31.684
tx2025moikzg,2.5,-104.365,31.677
ak02586p3iyo,2.5,-150.8824,63.1082
nc75201501,2.66,-122.423166666667,40.615
us7000q994,3.2,-163.3823,54.6794
nn00899627,2.8,-119.6261,41.9172
tx2025mowgok,2.7,-104.484,31.725
ci41006999,2.73,-118.5516667,35.3076667
us7000q9gz,2.7,-163.382,54.7306
hv74710742,2.92,-155.499833333333,19.1546666666667
nn00899661,2.5,-119.6181,41.9163
us7000q9dk,3.4,-104.8339,36.9878
us7000qchv,3.4,-166.8007,53.4402
us7000q9hm,3.6,-173.8318,52.0465
ak02588eek99,3.0,-152.5893,60.3004
ak02589py2at,3.3,-152.2976,60.3089
nc75201996,2.92,-121.570833333333,36.829
nc75202001,4.54,-117.920666666667,37.316
nc75202036,2.86,-121.460666666667,36.7443333333333
nc75202046,3.87,-117.919166666667,37.3265
ak02589t1bfl,3.2,-151.4084,61.739
us7000qa0f,2.6,-163.3833,54.7
ak02589tty0t,3.3,-144.1622,69.4936
us7000qa0p,2.5,-163.3823,54.7037
us7000qb5k,2.8,-173.3868,52.0219
us7000qa1t,2.6,-163.381,54.6951
us7000qa21,2.6,-178.7524,51.616
ak02589wlm9k,3.1,-150.9195,61.8908
ak02589x843b,2.6,-150.9989,61.5007
us7000qa38,2.8,-166.449,53.8305
us7000qb5r,2.5,-168.8412,52.9376
tx2025msvlnn,2.5,-101.204,32.314
nc75202441,2.87,-120.3095,39.564
hv74712102,2.77,-155.46,19.1961666666667
nc75202466,2.93,-120.304666666667,39.5643333333333
us7000qb5z,2.7,-161.5516,55.6749
nc75202571,2.67,-123.361166666667,41.0811666666667
ak0258blubhm,3.0,-150.5746,61.1318
tx2025mtvmai,3.2,-104.425,31.673
nc75202886,3.34,-121.132,37.0421666666667
nc75202946,2.9,-121.9965,37.7035
nc75202951,2.65,-118.5715,37.4015
nc75203171,2.56,-121.643666666667,37.2776666666667
nn00899934,3.2,-119.6201,41.9146
tx2025mvslyu,2.6,-102.072,32.401
ak0258dbqqtd,2.8,-148.4198,62.4653
nc75203271,2.52,-121.489166666667,37.0608333333333
us7000qa5u,3.8,-166.9268,53.6152
ak0258enojpl,2.5,-152.4977,59.6
us7000qbga,2.5,-176.6982,51.6553
nc75203616,2.72,-118.789666666667,37.475
ak0258eybcie,2.9,-154.1594,59.0061
nc75203741,2.87,-118.790166666667,37.4693333333333
us7000qacj,2.5,-163.3755,54.6866
us7000qbp9,2.8,-172.4547,52.4076
ak0258gcviq9,2.6,-149.8488,62.0268
uu80111481,2.92,-109.672,41.4755
ak0258gl4e9k,3.9,-151.5708,59.1356
ak0258gly60z,2.5,-153.0373,60.0119
ak0258gngf8v,2.9,-149.7794,62.7153
ak0258go3xys,2.6,-150.4788,60.9937
ak0258go7zsl,4.4,-151.7713,61.8432
tx2025mzuywi,2.6,-101.729,31.715
nn00900086,2.9,-117.8381,38.1793
us7000qcpv,2.5,-169.8038,52.7492
nc75205397,2.52,-122.085666666667,37.9216666666667
ak0258iazio7,2.6,-157.3918,66.2711
us7000qcpm,2.5,-166.6613,53.4833
ak0258icbhru,2.7,-151.0003,60.2254
tx2025nbtlmq,2.8,-104.306,31.659
ak0258jne35b,2.6,-149.9677,61.5035
ci41014479,2.51,-115.7263333,32.6925
nc75205697,2.5,-121.223,36.5981666666667
tx2025nckmhs,2.6,-104.189,31.675
se60609486,2.7,-82.1046666666667,33.8206666666667
us7000qcw8,3.6,-173.3447,52.0008
ak0258jwrkyq,4.5,-152.4675,60.0244
ak0258jwrlz3,2.8,-149.651,63.049
us7000qav8,2.6,-99.7593,39.3207
us7000qavn,2.5,-99.8298,39.302
us7000qavs,2.7,-100.0515,39.1852
nc75205887,2.68,-117.9105,37.3286666666667
ak0258l9seh7,2.6,-150.3532,61.2763
us7000qcfx,2.9,-162.0577,55.373
ak0258lf4a7t,2.5,-156.7161,57.0692
nc75206227,2.53,-122.137,37.3201666666667
hv74717657,2.88,-155.217166666667,19.3496666666667
tx2025netyxn,2.5,-104.465,31.598
ak0258mzq4ol,2.5,-152.1802,62.022
nc75206527,2.71,-123.109666666667,39.4828333333333
us7000qcqk,2.5,-179.1984,51.2874
ak0258n34qy5,4.0,-150.8563,63.1143
tx2025nggfjq,2.7,-104.276,31.717
tx2025nglhuo,2.5,-100.524,32.843
ak0258n9s115,2.8,-157.1978,56.371
hv74718837,2.51,-155.1465,19.3385
tx2025nhsvrr,2.6,-104.335,31.677
ak0258otrms4,3.2,-149.6744,61.6825
nc75207132,2.83,-124.253,40.2548333333333
nc75207227,2.96,-122.139166666667,37.321
nc75207257,2.61,-122.14,37.3201666666667
nc75207262,2.83,-120.477833333333,35.9266666666667
ak0258qa7usu,2.6,-154.2405,58.5649
ci41017615,2.56,-116.8751667,33.367
ak0258qbwjzq,2.8,-151.7514,61.6839
ak0258qh9ff1,2.8,-156.2924,62.9286
ak0258qm2ca4,2.5,-144.7172,69.0837
nn00900346,2.9,-115.5882,37.3337
nn00900352,3.2,-116.9992,41.1011
uu80111696,2.64,-111.1505,38.054
se60609881,2.57,-84.1498333333333,35.6631666666667
tx2025nkyxnl,3.3,-103.729,32.066
us7000qbsw,2.7,-99.3582,39.5129
tx2025nlxbop,3.7,-102.064,32.44
tx2025nmjyqh,3.0,-103.875,31.448
ci41019143,3.7,-116.4271667,33.2601667
ci41019151,3.01,-116.082,33.7853333
ak0258tk4qvr,2.6,-153.2591,59.882
nc75208107,3.15,-120.4895,35.939
uu80111736,2.66,-110.760833333333,44.2203333333333
nc75208187,2.91,-122.8045,38.836
us7000qdgf,3.2,-173.4873,52.0807
ci41019463,3.06,-115.6405,33.1601667
ci41019495,3.35,-115.6365,33.1586667
ci41019687,4.34,-115.6366667,33.1608333
us7000qc03,2.6,-99.7915,39.3237
us7000qc0b,2.7,-99.8084,39.3605
us7000qc0e,4.5,-176.7088,51.6749
us6000qv7r,2.6,-162.184,55.602
ak0258tsyn8i,2.5,-151.2207,60.0
uu80111796,2.55,-113.364,37.5793333333333
us7000qc7t,2.8,-110.9047,42.9992
nc75208682,2.65,-124.3675,40.665
ak0258vb1v8v,2.5,-153.6422,60.2935
nc75208732,3.46,-121.075833333333,36.5481666666667
ak0258vced8n,2.7,-148.8763,62.3228
ak0258ve2yvm,4.4,-149.2123,62.0798
tx2025npltjp,2.9,-103.962,31.609
us6000quij,3.2,-176.9975,51.549
ak0258viotq8,2.6,-153.2259,59.9872
ci41021463,2.62,-115.8293333,32.7918333
ak0258wwdplx,2.7,-161.3701,67.5022
ak0258wxxl4x,2.8,-149.9846,61.3823
ok2025npcu,2.62,-97.34333333,35.89716667
ci41021687,3.98,-118.0321667,36.1743333
ci41021807,2.66,-118.0305,36.1745
nc75209462,2.99,-118.811833333333,37.4615
us6000qug6,3.3,-174.2675,52.3211
ak0258ym1xoh,2.7,-147.4155,61.0358
ci41022223,2.57,-116.4336667,34.807
ak0258yp1qg3,4.3,-153.5037,59.9005
nc75209742,2.51,-122.760666666667,38.8196666666667
tx2025ntfduu,3.2,-103.728,32.069
ak0258yqfh20,2.8,-148.9783,62.8566
ak0258ytq07p,2.7,-149.954,63.6226
hv74725637,2.85,-155.607,19.194
nn00900607,2.6,-115.9791,38.235
tx2025ntyezs,2.8,-98.835,28.751
us6000qv68,3.6,-166.9808,53.6598
tx2025nuqmkn,3.5,-103.726,32.069
hv74726172,2.77,-155.5055,19.1593333333333
ak02590bhhgr,3.0,-149.4391,63.1067
us7000qcs3,3.0,-99.4601,39.2201
hv74726252,2.94,-155.502333333333,19.1623333333333
ak02590d4xb2,2.7,-150.6132,61.5786
ak02590f657n,3.4,-153.3005,60.2283
ci41023415,2.64,-118.464,35.2821667
nm60504043,2.53,-93.3861666666667,39.5986666666667
tx2025nvmzqe,2.7,-104.426,31.65
ak02591toj2y,2.6,-148.9729,63.8264
ak02591uq8w5,2.7,-148.9642,63.8169
ci41023759,2.66,-118.9365,34.518
hv74726682,3.04,-155.500166666667,19.1601666666667
nn00900692,3.1,-116.7252,41.1963
nn00900727,2.5,-116.7265,41.2072
us7000qdlr,2.5,-177.0465,51.6082
hv74726997,2.53,-155.3775,19.2555
hv74727152,2.53,-155.377,19.2533333333333
tx2025nxjoro,2.5,-102.143,32.412
us7000qdp6,3.2,-159.4826,54.7297
us7000qd32,2.6,-112.2952,36.4676
us7000qs94,2.7,-159.6207,54.72
ak02593jhfgo,2.8,-152.9858,59.8324
nn00900754,3.5,-119.0613,39.1529
nc75211097,2.53,-121.191166666667,37.1708333333333
us7000qd7m,2.7,-115.0293,44.3205
us7000qd7p,2.6,-114.9825,44.328
ak02593pk7ru,2.6,-165.0905,62.1658
tx2025nzdrir,2.5,-101.851,32.312
ci41025207,3.11,-117.8145,35.3198333
ak025955t6cm,2.7,-151.9679,59.5123
ak02595e40gl,2.5,-161.4297,67.492
nn00900829,3.2,-119.607,41.8991
ak02595g6dcg,2.8,-152.3892,59.92
us6000r0ki,2.6,-176.6728,51.7927
nn00902816,2.7,-116.7124,41.2164
us7000qdl8,2.7,-149.5468,61.684
ak02596stxip,2.5,-149.5429,61.6829
nc75212052,2.76,-122.797833333333,38.8185
us6000r23r,2.9,-168.9161,52.9111
ok2025obad,2.74,-97.348,35.89516667
ak02597300y3,4.0,-146.9087,60.9347
nc75212222,2.51,-121.998166666667,39.538
nc75212292,2.67,-120.3715,36.418
ak02598i7c3j,2.5,-152.8277,58.3823
ci41026799,2.94,-117.8088333,35.3231667
us7000qe09,2.6,-115.001,44.3166
tx2025odzuij,3.7,-100.664,32.74
ak02598o0qgd,2.5,-151.1023,62.8557
ak02598onl2z,2.7,-152.1048,61.1997
us6000qu1c,3.1,-178.7546,51.6191
ak0259a7cfxe,2.6,-159.9092,55.7962
us7000qe96,2.5,-107.0098,42.6921
us6000qu2w,3.1,-103.2667,32.2638
hv74731762,3.07,-155.922833333333,19.5108333333333
tx2025ohudam,2.5,-97.749,29.106
ak0259by3t5n,3.4,-150.4737,60.6119
ci41028511,2.53,-117.8051667,35.3241667
ak0259bz9uv1,3.5,-150.7171,59.8388
ak0259bzbiex,2.9,-137.6846,58.7674
ak0259c0zxl8,3.1,-153.0958,59.0788
ci41029335,2.91,-118.9758333,34.4295
tx2025oitzqk,2.9,-104.281,31.717
ak0259djbjfk,3.3,-156.4871,67.3085
ak0259djm1lw,3.0,-142.9306,69.3911
ak0259djna3s,2.5,-143.1936,60.4564
us7000qw3k,2.7,-175.1017,52.06
tx2025olckff,3.6,-100.121,28.522
ak0259f91rea,3.2,-149.6511,61.6618
ak0259fark6t,3.7,-140.7727,60.0224
us6000qunb,3.0,-104.1333,32.3622
ak0259fbyr2e,2.8,-149.5859,61.1493
ok2025okdo,2.94,-97.34483333,35.8985
ak0259fdvmah,2.8,-153.0989,59.0906
us6000quz0,3.4,-161.6009,54.7859
us6000quze,2.8,-104.1305,32.3654
us6000qv9e,3.1,-174.3961,52.1189
nn00901165,3.1,-117.7186,40.1638
ak0259gvb2cb,3.6,-151.6329,59.6676
nn00901180,2.5,-116.4884,38.4652
ak0259gxn2zb,2.5,-151.5183,63.1206
ak0259gxykxj,2.5,-153.5182,59.881
ci41032191,2.89,-116.9116667,33.9221667
ci41032551,2.91,-116.9106667,33.9226667
hv74735142,2.99,-155.3825,19.2621666666667
ci41032743,2.87,-119.0433333,35.0886667
tx2025ooxvbu,2.5,-98.237,28.66
nc75215272,2.52,-120.586666666667,36.3415
ak0259ijead9,2.7,-147.6927,63.1705
us6000qvb7,2.7,-112.3373,45.865
ak0259ipnmk2,2.6,-151.0392,60.2109
us6000qvfa,3.0,-98.8802,39.085
us6000qvfx,4.0,-177.8295,51.7505
tx2025oqogvv,2.9,-104.177,31.71
ak0259k7ksrg,4.0,-153.2633,59.5922
hv74736817,2.61,-155.205333333333,19.2848333333333
ak0259kcetxc,2.6,-146.2021,60.822
us7000qvwu,3.1,-166.2418,53.7555
us7000qsm9,2.5,-166.9213,53.476
ak0259ls7ror,2.5,-152.4255,60.0527
tx2025osmnhe,3.9,-104.172,31.703
tx2025osnpzc,3.8,-104.171,31.708
tx2025oswqqk,2.7,-101.924,32.119
ci41034687,3.04,-116.7888333,33.9623333
ci41034695,3.12,-116.7871667,33.9618333
ak0259lzwbf3,2.7,-150.9545,60.1712
us6000qvsb,3.0,-111.2444,42.5225
ak0259m0laqm,2.6,-149.4375,63.6467
us6000r38w,2.5,-179.1039,51.5398
tx2025otthnz,2.6,-102.314,31.971
us6000qvwv,2.8,-99.821,39.2158
us7000qxfs,2.8,-166.3806,53.9026
ak0259nlm1y3,2.6,-150.8601,62.9027
tx2025ovcwvs,3.3,-104.379,31.663
ak0259nngyvg,3.0,-152.4146,59.9085
ok2025otsk,2.6,-97.96,35.0235
tx2025ovnkze,2.7,-98.938,28.891
tx2025ovrscz,2.5,-98.922,28.809
uu80112846,2.78,-110.9395,44.7535
tx2025owmsok,2.5,-101.92,32.119
us7000qwl6,3.3,-161.9257,54.7888
tx2025owsrpr,2.5,-104.19,31.666
tx2025oxafiu,3.0,-101.939,32.119
ak0259pacnmy,2.5,-151.5019,65.8429
tx2025oxbigd,2.5,-101.105,32.125
tx2025oxfnle,2.5,-101.082,32.134
ak0259qnpwcw,3.1,-150.1552,61.2439
us6000rcep,3.1,-166.3393,53.725
uw62154557,2.75,-121.85366666666667,47.58883333333333
ci41249424,2.85,-117.4175,34.1423333
ci41249432,2.72,-117.4166667,34.1445
ci41249496,4.37238430493943,-117.4143333,34.148
ci41249512,3.09,-117.4101667,34.1423333
us6000rd0s,2.7,-159.3791,55.0555
ak0259qxztn7,3.1,-150.4834,63.1768
hv74740842,2.79,-155.495166666667,19.2053333333333
ak0259saf1wg,2.9,-152.6347,60.2187
nm60612096,2.56,-89.9495,35.9045
tx2025ozykow,2.5,-102.027,32.411
us6000qz12,2.5,-163.5942,54.9106
tx2025paajiq,2.7,-102.128,32.101
nc75217862,2.89,-123.997666666667,40.6805
us6000qztj,2.7,-159.4972,54.9981
nm60612136,3.06,-89.9511666666667,35.9053333333333
ak0259skav1v,3.2,-150.8225,61.9816
hv74741442,2.77,-155.136,19.7015
ak0259snb53u,3.7,-147.3737,65.9433
ak0259snikg9,2.9,-147.4051,65.9131
uw62164416,2.93,-122.62666666666667,47.7055
hv74741857,2.7,-155.519833333333,19.2458333333333
ci41251592,3.0,-116.8828333,34.2435
nn00901985,2.8,-116.4781,38.4543
us6000qxqz,3.4,-97.5441,38.7075
nn00901990,2.6,-116.4863,38.4415
us6000qxrc,2.7,-97.5596,38.6855
ak0259vkjmff,2.5,-144.222,65.4835
us6000qxs8,2.5,-113.4083,34.2627
us6000qxsb,3.0,-74.0507,40.8535
ak0259voyxht,2.5,-150.8701,60.7576
ak0259vpj3bn,2.5,-156.272,67.3322
ak0259vploan,2.9,-150.1851,60.9762
ak0259vqrmke,3.2,-151.7427,61.7049
ak0259vszg3c,2.5,-153.4607,63.3911
ak0259vuuhqi,3.4,-152.6626,60.2001
us6000qxyj,3.3,-97.5252,38.6961
us6000re8s,2.8,-166.1872,53.6856
nc75218867,2.6,-124.322833333333,40.643
ak0259xb90qh,2.6,-152.9588,59.2766
ak0259xbysmc,2.6,-151.5304,61.5529
ak0259xcxbuq,2.8,-146.4474,61.5687
hv74742852,2.56,-155.487833333333,19.1738333333333
tx2025pftilp,2.5,-104.015,31.629
ak0259xgqgpx,3.2,-154.2672,56.7834
nc75219122,2.53,-122.819,38.8296666666667
us6000qy4b,3.3,-97.538,38.6742
ci41253136,2.67,-118.4825,35.3825
ci41253160,3.11,-115.5678333,33.2131667
hv74743437,2.74,-155.380166666667,19.2033333333333
ci41253328,2.72,-115.528,32.9115
ci41253336,3.87489612092827,-115.5358333,32.9125
ci41253472,3.11,-115.531,32.9133333
us6000qy8a,4.8,-177.4302,51.8748
hv74743617,2.96,-155.482333333333,19.1738333333333
tx2025phoijq,2.8,-101.05,32.151
ak0259z471wy,2.7,-155.9777,57.985
us6000qycu,2.5,-99.6548,39.3866
us6000qycw,2.8,-74.0383,41.0145
ak0259z92ju9,2.6,-151.127,61.1503
ci41254152,3.48,-117.4141667,34.1455
ak025a0jv8hy,3.0,-150.9949,61.8916
hv74744192,3.09,-155.485,19.1793333333333
tx2025pipayj,2.9,-104.398,31.662
ak025a0mgw04,2.5,-152.7237,60.1861
ci41254384,3.46,-117.5901667,34.0198333
ci41254392,3.18,-117.5911667,34.0196667
ci41254424,3.43,-117.5931667,34.021
ak025a0o0ub1,3.5,-141.2073,61.5261
ci41254448,3.66,-117.492,34.3106667
nn00902194,2.6,-116.5103,38.4542
hv74744557,3.21,-155.483166666667,19.1726666666667
nc75220147,2.5,-119.817,38.6323333333333
hv74744642,3.16,-155.484333333333,19.1726666666667
ak025a0u3q2q,4.6,-151.2161,62.4381
tx2025pjvdyf,2.6,-102.214,32.132
ak025a0x12u3,3.4,-152.8852,59.8831
tx2025plfrfo,2.7,-101.922,32.412
nc75220377,2.7,-118.784,38.0431666666667
ak025a2h2u0u,2.6,-158.7903,55.9908
us6000rfr7,2.9,-159.2953,54.9891
hv74745807,2.61,-155.840166666667,19.4315
ak025a2kizqs,2.8,-147.542,61.4356
ak025a2kno5b,4.0,-151.4344,60.0238
ak025a3vlisk,2.6,-147.6203,63.5106
ak025a3vlxlx,2.7,-147.2077,63.4585
ak025a3wp4nc,2.8,-147.6271,61.7061
ak025a40z908,3.2,-147.038,61.8582
ak025a47o3rv,3.2,-152.327,60.0461
nm60612746,2.58,-87.6838333333333,38.178
us6000rfgw,3.3,-166.2254,53.7415
nn00902315,3.5,-119.0839,39.1345
us6000qzfy,2.6,-110.5513,32.432
ak025a5s1v00,2.8,-147.2253,61.4265
ci41257504,3.05,-116.6435,33.992
nc75221232,2.54,-121.061666666667,36.4626666666667
uu80113576,3.45,-109.876833333333,41.5696666666667
ak025a7c752b,3.0,-144.9487,63.4082
us6000r0f2,2.6,-174.3185,52.2781
uw62168906,2.82,-123.2025,47.93266666666667
us6000r1t9,3.0,-179.0719,51.3715
nn00902450,2.5,-116.6885,41.163
nn00902440,2.9,-116.7149,41.2421
ak025aagka93,2.6,-145.3948,62.0559
ok2025pror,2.6,-97.91833333,35.32516667
ak025aai7cm4,2.5,-156.3167,57.8179
us6000r017,3.4,-166.5311,53.5277
nc75222147,2.64,-121.143833333333,40.236
tx2025ptwvfe,3.5,-104.368,31.671
tx2025pufpvr,2.6,-104.323,31.68
us7000qqra,2.5,-162.4039,54.3521
ak025aaqnrfu,2.7,-151.5423,60.1978
ak025aaraq9f,2.5,-148.0421,61.6452
ak025aau5jom,2.6,-150.7077,61.2696
hv74751262,2.79,-154.848166666667,19.452
ak025ac4tj8i,2.6,-152.3096,57.7804
ak025ac9bxld,2.6,-162.9205,67.4536
us6000rgfk,3.3,-166.1618,53.7217
ak025achn778,3.5,-153.1424,59.9211
us6000r0gc,3.1,-111.5311,44.8098
ak025ads86o8,4.0,-147.7208,63.1847
ak025adu25vy,2.9,-149.7686,62.2899
nc75222987,2.55,-123.611,39.7378333333333
nc75223077,4.05,-122.8165,38.8005
nc75223397,3.62,-121.320333333333,35.8161666666667
nc75223457,2.6,-122.807833333333,38.8173333333333
se60612941,2.73,-82.2041666666667,35.3181666666667
tx2025pyksht,2.7,-101.639,32.134
us6000r1jd,2.7,-176.5467,51.7335
tx2025pyumjw,3.0,-104.425,31.68
us6000r0vd,2.6,-99.1773,39.1399
tx2025pzasju,3.2,-102.094,32.407
ak025afgb6eg,2.7,-147.0313,60.9351
ak025afghvtu,2.6,-151.329,63.2505
ak025afgi0x4,2.8,-151.2579,62.5311
ak025afhihz7,3.3,-140.7895,59.9584
ci41261216,2.62,-117.1173333,34.0045
ci41261232,2.83,-119.0863333,35.0895
us6000r0yz,2.9,-113.3781,46.9113
ak025afo8iai,2.5,-154.4635,58.8364
ci41261504,2.74,-117.417,34.145
ci41261536,3.33,-116.7995,33.6763333
ak025afpxjki,2.6,-162.5932,55.4806
ak025afr6biz,2.9,-161.9874,54.8806
tx2025qasaxv,2.6,-101.74,31.881
us6000r1ks,3.7,-176.4406,51.7887
hv74753897,2.95,-155.616166666667,19.1961666666667
ak025ahdxsn6,2.9,-153.4326,62.2826
us6000rhn8,3.4,-168.1752,53.4046
ak025aitxtgp,3.5,-150.6005,61.4391
us6000r26w,2.6,-178.9843,51.3297
nn00902709,2.5,-117.7341,37.5949
ci40401226,2.54,-116.966,33.8225
ci40401466,2.56,-117.9181667,36.1203333
ci40401474,2.86,-117.9178333,36.1203333
ak025akex727,2.8,-152.0851,61.7659
hv74754977,2.71,-155.073333333333,19.8388333333333
us6000ridg,2.8,-168.7565,52.985
us6000ridl,2.6,-166.9333,53.6706
tx2025qgcefs,3.2,-104.131,31.646
us6000ridm,2.8,-174.0719,52.0763
ci40402354,2.76,-118.026,36.1775
ak025am31v9u,2.6,-152.3026,58.9413
ak025am6qnzu,2.5,-153.2675,60.0839
tx2025qgyisk,2.9,-104.407,31.686
hv74755707,2.89,-155.773333333333,19.4815
hv74755747,2.59,-155.505,19.1871666666667
uu80114071,3.71,-110.859666666667,44.8078333333333
uu80114101,2.6,-110.8505,44.8035
se60613086,2.5,-83.6828333333333,35.8471666666667
nn00902844,2.5,-114.5362,37.2142
ak025anrr6ry,2.8,-157.3435,66.2548
tx2025qilywb,2.6,-102.066,32.401
nc75226262,2.54,-118.393833333333,37.4551666666667
ak025anxxoou,3.0,-146.9158,64.4868
ak025ao0p1rq,2.9,-153.3478,59.825
ak025ao0swgd,4.2,-149.0809,64.7437
uu80114241,2.57,-113.582833333333,37.4788333333333
tx2025qjykvo,2.5,-104.178,31.571
tx2025qkeche,3.1,-104.377,31.666
tx2025qkelbt,3.5,-104.374,31.668
tx2025qkfczp,2.8,-104.37,31.648
nc75226627,2.68,-122.389,38.3463333333333
uw62174381,2.89,-122.3065,48.41433333333333
hv74757017,3.34,-155.489666666667,19.1748333333333
nc75226677,2.63,-120.272,36.2235
nc75226697,2.69,-121.234666666667,36.607
tx2025qlmqeq,3.0,-93.968,31.76
tx2025qlwgec,3.2,-93.935,31.75
us6000r395,2.8,-177.4165,51.6768
us6000r313,2.5,-99.1974,39.5245
us6000r390,2.5,-98.1233,37.396
se60613221,2.88,-82.1105,34.2896666666667
se60613226,3.04,-82.0951666666667,34.2875
se60503958,2.54,-82.1133333333333,34.299
ak025asr2hlj,2.9,-149.6701,63.1469
ak025asrq3fr,2.5,-150.5051,60.4748
ak025ass24e5,3.4,-144.9895,69.5897
ak025asv1p8k,2.7,-150.5707,62.8447
ak025asv4bg8,2.8,-153.1354,59.7022
ak025aswbxpg,2.8,-149.8776,61.4046
ak025aswfl1z,2.7,-153.2623,59.8371
ak025aswyglx,3.7,-153.154,60.3211
ak025asy4ii0,2.5,-148.3083,63.3218
ak025asyv9u5,2.9,-157.6059,55.9829
us6000rkf1,2.5,-161.7145,55.542
ak025audtkew,2.5,-143.6337,60.4756
us6000rkvz,2.7,-179.0256,51.3975
nc75227967,2.58,-121.307166666667,36.6563333333333
uu80114526,2.65,-114.084833333333,38.1916666666667
ak025aw1fvjl,2.5,-150.3857,61.6203
ak025aw1if9v,3.4,-147.7101,63.5805
us6000rl96,2.6,-166.239,53.7405
us6000rl9a,2.7,-162.1147,54.6442
us6000rl9g,2.9,-170.7301,52.6786
us6000r3ly,2.5,-99.4232,39.246
tx2025qsiclb,2.5,-104.266,31.665
ak025aw83xwe,2.6,-156.5057,57.5273
tx2025qspcwz,2.6,-101.928,32.108
ak025awaf5jy,3.6,-161.0886,65.1529
ak025axmmujg,2.8,-153.0,57.6369
us7000qqzg,2.5,-68.8689,44.0121
ak025axtnzab,3.4,-141.0124,59.9632
ak025axtq2p3,3.2,-141.0189,59.9706
ak025axxgn85,2.9,-146.4266,68.636
ak025az9g15q,2.6,-154.7235,57.3786
tx2025qvborr,2.7,-104.442,31.654
us6000rlsm,3.4,-173.5063,51.9959
us6000rlsn,2.9,-176.6094,51.8168
nc75229517,2.66,-122.708,38.7578333333333
us6000rlsv,2.5,-178.7128,51.7593
nn00903318,2.5,-116.6947,41.1788
nn00903306,3.6,-116.6986,41.1938
ci41277768,2.81,-117.1036667,34.0271667
nn00903323,3.6,-116.7295,41.1993
ok2025qwtk,2.69,-98.02983333,35.63066667
nn00903335,3.5,-116.7046,41.1781
tx2025qzbdup,2.6,-104.432,31.656
tx2025qzbkay,2.7,-104.444,31.657
nn00903349,3.5,-116.7005,41.1931
nn00903355,3.3,-116.7056,41.2068
nn00903363,3.2,-116.7185,41.206
nn00903367,3.5,-116.6947,41.2376
ak025b2x7h3w,2.9,-149.6291,63.4296
ak025b48x37z,3.3,-146.4437,61.6785
nn00903424,3.8,-116.6811,41.1607
nn00904458,2.5,-116.6924,41.1877
nn00903430,3.3,-116.6969,41.1853
nn00903435,2.7,-116.7082,41.2378
nn00903437,3.3,-116.6989,41.1947
ak025b4enals,2.5,-151.2729,59.9865
nn00904247,2.8,-116.6921,41.18
nn00903448,3.1,-116.6648,41.1258
nn00903460,3.0,-116.6683,41.1269
nn00903469,2.7,-116.7175,41.3234
nn00903464,3.1,-116.6876,41.1401
us7000qska,2.6,-104.692,32.2802
nn00903470,4.8,-116.7192,41.1396
nn00903475,4.0,-116.7306,41.2573
nn00908074,3.04,-116.6835,41.1384
nn00903483,3.1,-116.4593,41.1369
nn00903477,3.1,-116.6879,41.1818
nn00905007,2.5,-116.6816,41.1599
nn00905011,2.5,-116.717,41.2148
nn00903484,2.8,-116.6917,41.2446
nn00907550,2.58,-116.6835,41.1731
nn00903492,3.1,-116.7389,41.1554
nn00903497,2.7,-116.7267,41.156
nn00903506,3.1,-116.6901,41.1938
us6000rmcr,2.5,-167.8117,53.5177
nn00903513,3.86,-116.7483,41.156
nn00903516,3.84,-116.7169,41.151
nn00903529,2.8,-116.7456,41.1583
nn00903523,2.7,-116.6986,41.179
nn00907552,2.65,-116.7128,41.215
nn00907558,2.98,-116.7291,41.1532
ak025b60lewj,2.6,-153.3976,59.9907
nn00903530,3.7,-116.7093,41.2236
nn00903538,2.8,-116.7153,41.1564
nn00907559,2.52,-116.7091,41.1515
ak025b61a525,2.5,-152.1031,60.375
nn00903544,3.0,-116.7589,41.1486
tx2025rddnxj,2.8,-103.326,31.967
nc75231202,2.57,-122.245,37.8628333333333
tx2025rdeqmr,2.8,-104.178,31.704
tx2025rdgslh,3.0,-103.336,31.962
tx2025rdiywy,2.6,-103.329,31.969
ok2025rbja,2.5,-95.52933333,35.11816667
ak025b655dj4,3.0,-153.3019,57.4692
ak025b656xj1,2.8,-150.71,61.459
ak025b683gt8,2.8,-151.0222,62.983
ak025b68r8zj,2.5,-151.3724,60.3215
ak025b69e78p,2.9,-136.7011,58.8598
ak025b69gc33,3.1,-150.6324,63.2359
nn00903589,3.2,-116.7116,41.1654
ci41280400,2.54,-117.4086667,35.6051667
nn00903598,3.0,-116.7004,41.1742
nn00903606,2.8,-116.7117,41.184
ak025b7nbh2n,3.0,-153.7046,66.4673
ak025b7oql5a,2.8,-153.5951,60.0642
ak025b7otvc4,2.6,-141.3856,61.5392
ci41280792,2.58,-116.2495,33.9096667
ci41280928,2.5,-117.1355,34.0591667
nc75231747,3.71,-121.330833333333,36.6903333333333
tx2025rfrary,2.5,-104.207,31.76
ak025b7wew2y,3.2,-149.5257,61.7512
ak025b7x0rjx,3.2,-150.9362,63.0596
us6000rlm2,2.6,-163.683,55.0836
nn00903646,2.8,-116.7142,41.216
nn00903652,2.7,-116.7476,41.1888
ak025b9a9b3u,2.5,-152.0226,62.1794
ak025b9e2s0l,2.8,-145.4568,63.3544
nn00903669,3.67,-116.7288,41.1659
nn00903673,3.8,-116.6803,41.0661
nn00903676,3.2,-116.7553,41.1517
tx2025rhahkp,2.6,-101.189,32.182
us6000rmd5,2.6,-166.358,53.7691
us6000rmd6,2.7,-167.1063,53.5036
us6000rmd7,2.7,-177.1206,51.6697
nn00908070,2.5,-116.7225,41.185
ak025bavidah,2.9,-141.6078,60.1098
ci41281984,2.87,-115.8993333,32.6533333
ak025baxzx3b,2.5,-149.6871,61.3979
nn00903702,3.1,-116.742,41.1963
ak025bb0ftku,2.6,-150.0924,64.9103
us7000qtgi,3.0,-115.1787,44.3273
ak025bb0iewx,2.5,-156.6851,57.9097
hv74766926,2.67,-155.369166666667,19.9945
ak025bb244qe,2.5,-151.9299,60.8058
ak2025ritssr,2.8,-151.927,60.795
ak025bb2s3vm,2.5,-150.738,64.7673
ak2025riwcoi,2.7,-150.708,64.756
ak025bb4xuyo,2.9,-146.9783,61.2821
nn00903749,2.9,-116.7361,41.1294
ak025bb5rfsl,2.5,-151.227,60.6773
hv74766647,2.55,-155.657666666667,19.4521666666667
us6000rd6w,3.8,-169.6989,52.7896
ak025bckbroq,2.6,-150.3408,62.0343
nn00903803,2.7,-116.7087,41.1857
us7000qtqr,2.6,-156.679,67.3294
tx2025rkgfxz,2.5,-104.378,31.668
us7000qtre,2.5,-104.4846,32.2398
nn00903786,3.5,-117.8502,38.1672
us7000qtrk,3.0,-150.8137,60.1079
ak025bcpjtuk,2.8,-153.3909,59.7932
nn00903798,3.4,-116.7101,41.1626
nn00903811,3.0,-116.6824,41.1876
nn00907629,2.69,-116.6936,41.1835
nn00903857,2.7,-116.7212,41.1528
nn00903865,3.2,-116.7329,41.1496
nn00903876,2.7,-116.7126,41.1372
ok2025rkdz,2.62,-98.0475,35.609
us7000qu2e,2.5,-115.1914,44.3605
nn00903892,2.7,-116.7023,41.2047
ci41284440,2.66,-117.4466667,34.1548333
ak025bftp7h0,2.6,-152.3026,59.4222
nc75233692,2.63,-122.225997924805,41.6573333740234
nm60613606,3.07,-90.1661666666667,36.9058333333333
tx2025rnopod,3.4,-101.054,32.114
ci41284496,2.53,-117.104,34.0273333
ak025bfzj2gx,2.8,-150.9474,61.5844
ak025bg0tlnq,2.6,-150.5956,63.2332
us7000quec,2.6,-111.234,42.5165
tx2025roiczs,2.9,-104.161,31.529
ak025bg1rt7z,3.4,-155.3288,58.2739
av93049674,2.57,-155.196,58.2398333333333
ak025bg1rw5a,2.5,-149.6766,61.6618
ci41285224,3.41,-117.7555,34.1883333
ak025bhhn2gu,2.6,-150.9339,63.0847
ak025bhieqm8,2.5,-148.949,62.8043
us7000quif,2.8,-150.8649,63.1122
tx2025rprihz,2.7,-104.147,31.54
tx2025rptrts,2.6,-104.154,31.539
us7000qujh,2.5,-155.0757,66.8999
ak025bhmhrzg,2.9,-150.2125,61.6818
ak025bhoxyfj,2.7,-150.9123,61.5531
us7000qukj,2.8,-104.6508,32.471
nc75234557,3.13,-121.880666666667,37.6988333333333
ak025bhro8mk,2.8,-150.1794,62.5166
tx2025rqouio,2.6,-104.372,31.736
ci41285792,2.53,-117.2611667,34.0473333
us7000qumu,2.6,-148.4351,63.0771
us7000qumz,3.4,-112.2328,44.5813
tx2025rrbjiq,2.6,-104.313,31.673
us7000qun6,2.6,-112.2145,44.5741
us7000qun8,3.3,-99.3026,39.4985
nc75234792,3.09,-121.1175,36.529
us7000qup5,3.6,-112.227,44.5629
us7000qup7,3.9,-112.2187,44.5566
nc75234827,2.55,-122.026833333333,39.5616666666667
ok2025rpkk,3.15,-98.04433333,35.61183333
us7000qupu,3.7,-112.2138,44.5684
us7000qupy,2.6,-160.8558,68.2959
nn00903971,2.8,-118.7339,38.8756
ak025bjajc8r,2.5,-148.7583,62.5456
us7000quvn,2.8,-153.0364,59.5738
us7000quvz,2.5,-112.2159,44.5792
ak025bks9ws1,2.7,-143.6929,60.0346
nn00904007,3.2,-116.757,41.1875
ci41286768,3.25,-117.9123333,34.4511667
us7000quya,2.5,-112.2264,44.5642
nc75235462,2.63,-121.609333333333,36.8678333333333
ci41287112,2.64,-116.344,34.6911667
nn00907632,2.54,-116.6922,41.2194
tx2025rtxyum,2.5,-104.36,31.661
ak025bl0om6s,3.0,-152.7153,60.1181
hv74771322,3.63,-154.894833333333,19.4156666666667
nn00904045,2.8,-116.6894,41.1815
nc75235587,3.43,-123.5225,40.9195
nc75235612,2.75,-121.186333333333,36.5853333333333
tx2025runsnd,3.7,-104.015,31.635
ok2025rsle,2.79,-98.049,35.61133333
uw62178057,2.52,-120.10883333333334,47.67516666666667
us6000reib,3.8,-168.5916,53.2398
ci41287832,3.06,-116.4101667,34.8416667
nc75235822,2.59,-122.769166666667,38.7905
nc75235847,2.65,-120.190833333333,36.0711666666667
ak025bmjv3m4,2.8,-146.9565,69.2314
tx2025rvhxtv,2.8,-102.024,32.086
us7000qvaf,3.2,-111.2295,42.6645
us7000qvag,2.8,-111.2614,42.6647
nc75236072,2.72,-121.1595,36.5368333333333
uu80117176,4.13,-109.704833333333,40.4801666666667
ci41288688,3.69,-119.2336667,35.1761667
hv74772982,2.99,-155.132666666667,19.3311666666667
us7000qve0,2.9,-107.6849,42.8166
ak025bo9dyz4,2.8,-157.5142,66.3707
ak025bo9ymhh,2.7,-149.9069,61.4254
tx2025rxwniy,2.7,-102.154,32.106
nc75236562,2.7,-120.262333333333,35.728
ci41289440,2.57,-117.8516667,36.0495
nc75236617,2.88,-118.537666666667,37.9446666666667
tx2025rydzll,2.6,-102.144,32.108
ci41289544,2.56,-118.8218333,34.7575
ak025bpramtk,3.0,-153.228,59.8065
ak025bpttm9e,2.6,-148.0281,61.7092
ak025bpveqp5,2.5,-156.3099,57.645
hv74774327,2.86,-155.489666666667,19.1938333333333
us7000qvsv,2.9,-150.951,63.152
ak025bq24wxj,2.9,-138.6187,59.4519
ak025bq2lfn2,3.8,-145.4335,63.3893
ak025bq2ot75,2.7,-145.4652,63.3362
ak025bre9zlg,3.0,-154.4452,57.0515
ak025bri1n3j,2.9,-145.4692,63.337
ci41290552,2.83,-118.0228333,36.1773333
ci37743076,2.85,-118.0238333,36.1746667
ci41290592,2.56,-118.0265,36.1765
ak025brjomdt,2.5,-152.5349,60.0331
hv74775017,3.1,-155.040166666667,19.3671666666667
hv74000179,3.05,-155.379166666667,19.2488333333333
uw62180242,2.84,-122.15,46.7325
ci41291096,3.58,-116.4726667,32.9476667
nc75237607,3.48,-120.7225,35.4375
ak025bt62sjz,3.1,-151.9244,59.6033
ak025bt6nmwv,2.8,-151.3158,60.2886
ak025bt7rph6,2.6,-149.8128,63.3722
ak025bt8bjuy,2.6,-153.3242,60.007
tx2025sddbjv,2.5,-102.07,32.438
nc75237772,2.63,-120.008833333333,39.6993333333333
nn00904363,2.5,-114.529,37.1875
tx2025sdntjx,2.5,-102.156,32.123
ak025btec3ge,2.9,-136.8904,58.3062
ak025bupb75o,2.5,-149.969,61.4029
ci41291600,2.83,-116.7293333,33.639
ci41291752,2.61,-117.6775,35.8403333
hv74776597,2.88,-155.994666666667,19.547
nc75238127,3.27,-121.850166666667,37.9411666666667
ak025bwcuyis,3.1,-156.661,67.353
uw62189991,2.94,-122.59666666666666,48.072
ak025bwh6pyr,3.1,-151.8047,59.2621
ak025bwleigy,3.7,-153.4569,60.0169
nn00904422,2.5,-116.2595,36.7676
nn00907444,3.02,-116.6934,41.1673
ak025bwpdr3y,2.6,-157.9219,67.2138
nn00904465,2.6,-116.7112,41.235
ci41292744,2.78,-116.0345,33.1266667
ak025by2z2td,2.9,-150.5814,61.9076
hv74777942,2.5,-155.484,19.2005
nn00904479,3.3,-116.7868,41.1981
nn00904484,3.7,-116.7507,41.1729
nn00904495,2.9,-116.7681,41.1799
ak025byampky,2.7,-142.976,60.4851
ak025byb7rci,2.7,-152.062,62.1631
hv74778277,2.76,-155.777333333333,20.1408333333333
tx2025sjcsqp,3.6,-104.108,31.733
ak025bzpv2i9,2.5,-150.6729,62.1963
ak025bzql2g1,2.7,-145.4699,63.3345
us7000qwvu,3.0,-104.7877,36.8822
ak025bzsoxvy,2.8,-150.8523,62.2448
nn00904568,2.7,-115.9516,38.6236
nn00904581,2.6,-115.9458,38.6009
us7000qx1r,3.2,-163.5349,64.5834
ok2025simm,2.77,-97.93416667,35.3375
ak025c1dx4eb,2.8,-158.4583,55.8298
hv74779207,4.06,-155.504333333333,19.1813333333333
hv74779227,2.74,-155.505,19.1808333333333
hv74779237,2.62,-155.5165,19.1811666666667
ak025c1fpuqd,2.6,-154.0868,58.3195
ak025c1gbini,2.5,-158.2432,60.1514
nn00904681,3.2,-116.6822,41.1947
nn00904652,3.2,-116.6661,41.2074
nn00904659,3.4,-116.6577,41.1828
hv74779922,2.53,-155.4975,19.1808333333333
nc75239722,2.6,-123.353666666667,41.213
us7000qxht,2.5,-111.0886,43.3877
nn00904824,2.8,-116.6805,41.1453
us7000qxhx,3.5,-152.9325,60.175
nn00904700,3.4,-116.7456,41.1613
us7000qxj2,2.6,-104.8142,36.8961
us7000qxjc,2.5,-151.1729,60.1369
ak025c33d844,2.6,-152.8988,59.8752
us7000qxke,3.3,-146.1054,67.457
tx2025sojbdj,3.3,-97.812,29.073
nc75239972,2.75,-120.007166666667,37.408
ci40447258,2.85,-117.903,36.1045
nc75240117,2.54,-121.485166666667,35.8785
ak025c4q1zt8,2.5,-156.7449,67.3617
ak025c4vq963,3.1,-143.478,60.4236
ak025c6aahqo,2.9,-141.3222,60.0645
us7000qxru,2.5,-151.5295,62.6588
hv74781842,3.09,-155.5025,19.1721666666667
tx2025srdqzv,2.9,-103.68,31.33
nc75240492,4.29,-122.254,37.863
nc75240537,2.56,-122.246166666667,37.856
nn00904812,3.7,-116.6995,41.2448
us6000rc6k,2.8,-157.5522,66.1686
nc75240717,2.9,-122.2495,37.855
us6000rc7j,2.9,-97.5029,38.6709
tx2025stupyb,3.0,-102.044,32.403
ak025c9mfuil,2.5,-152.1446,62.5257
ak025c9nsmts,2.8,-147.9761,63.4949
hv74784107,2.55,-155.495666666667,19.1878333333333
hv74784242,3.06,-155.730166666667,20.1613333333333
us6000rcix,2.5,-98.1391,39.7082
ak025c9tpihx,2.7,-149.2292,61.5763
ak025c9u9lsp,3.1,-151.5592,63.2136
tx2025svxbpd,2.5,-104.017,31.532
tx2025svycok,2.9,-104.019,31.53
ak025c9xc880,3.0,-146.9035,64.509
nc75241612,2.65,-121.205333333333,36.6003333333333
ci41096983,2.72,-116.41,34.84
nm60614361,2.54,-89.7663333333333,36.0958333333333
ak025cbdppi7,3.0,-154.8182,58.743
nc75241837,2.78,-122.243333333333,37.8561666666667
ci41097487,2.63,-116.538,33.4548333
tx2025sxmiwc,2.6,-103.842,31.444
ak025cbiwf34,3.4,-146.918,64.5264
ak025cbk62vn,2.9,-148.0019,63.5856
hv74785512,3.63,-155.216833333333,19.311
tx2025sxxubj,3.4,-101.918,32.103
tx2025syccgu,2.7,-104.017,31.529
tx2025sycipp,3.1,-104.026,31.506
ak025ccxd7g2,2.8,-150.1109,61.3816
nn00905033,3.8,-118.5615,38.7154
tx2025syltpk,2.6,-103.834,31.466
nn00905046,2.9,-116.7118,41.2161
nn00905049,3.5,-116.7132,41.2025
us6000rf86,3.4,-173.4568,52.1301
ak025cemt54t,2.5,-148.6949,68.4165
ak025cemwkp2,3.7,-159.0413,60.2362
us6000rf88,2.9,-166.2302,54.0091
us6000rdc8,2.9,-108.1683,33.1436
ak2025tblbhl,2.7,-146.896,64.495
uu80118176,3.29,-110.853,44.8013333333333
uu80118201,3.11,-110.855,44.8018333333333
ok2025szyg,3.59,-96.75533333,35.53683333
ok2025szyh,3.71,-96.7545,35.53483333
us6000rdf4,2.9,-109.1073,42.8423
ak025cgcnyki,2.6,-157.9582,57.136
hv74787212,2.55,-155.502833333333,19.1821666666667
ak025cgf8nrs,2.6,-145.0682,63.2657
us6000rdg8,3.0,-112.2422,44.6005
us6000rdga,2.5,-112.2173,44.563
nn00905131,3.1,-116.7183,41.1305
nn00905917,2.7,-116.7362,41.1825
ak025cgi2vuu,3.5,-153.5449,59.8447
ak025cgik8x1,3.0,-150.465,63.0767
us6000rdhy,2.8,-143.7454,66.9129
tx2025tdrawq,2.8,-104.019,31.525
nn00905145,2.9,-116.7413,41.1565
nn00905147,3.0,-116.7524,41.1674
nn00905151,2.9,-116.7252,41.1905
nn00905183,2.5,-116.7389,41.2009
nn00905185,2.5,-116.7247,41.1775
ak025ci2409y,3.6,-150.5614,63.1738
ci41100695,3.1,-117.7906667,35.3505
us6000rdmj,2.7,-108.0944,33.1919
tx2025tfcvse,2.7,-104.342,31.669
hv74788262,2.67,-155.5105,19.259
nn00905194,3.1,-116.7302,41.1648
nn00905237,2.5,-116.7552,41.1724
ak025cjpp0fn,3.3,-147.6971,61.2318
ak025cjprbfj,2.8,-149.9725,61.479
tx2025tgjgrr,2.5,-100.664,32.764
us6000rdsb,2.6,-97.4973,38.6408
tx2025tgllhx,2.5,-104.522,31.622
tx2025tgpuec,3.1,-103.718,32.077
ak025cjvl7s0,2.6,-150.4837,61.4623
ak025cl5amet,2.5,-157.4708,57.1111
nn00905268,2.8,-116.7348,41.1499
ak025cl8uf2c,2.6,-143.1626,60.3878
nn00905254,3.0,-116.734,41.1781
ak025clabaw8,2.9,-152.3037,61.2669
tx2025tiapcq,2.6,-101.189,32.184
us6000re0f,2.5,-142.2837,69.5244
ak025clhajal,3.5,-150.8455,59.823
us6000re4e,3.4,-113.6037,45.6417
hv74789822,3.43,-155.326,19.2458333333333
ak025cmutjfa,2.6,-155.3731,57.6269
hv74789912,2.76,-155.489333333333,19.181
nc75243786,2.77,-123.342666625977,40.9601669311523
ak025cmx0uor,2.8,-150.8149,63.1661
ak025cmx1d48,4.6,-155.4025,57.63
ak025cmyzkr8,2.6,-153.1934,57.9294
ak025cn1w7rp,3.1,-155.3449,57.6457
ak025cn3n6gh,2.5,-151.0348,60.4811
nn00905344,2.7,-116.6757,41.1997
nn00905354,2.6,-116.4784,38.4938
us6000reed,3.8,-112.2439,44.5631
us6000reei,2.5,-112.2037,44.5733
ak025coj0kow,2.5,-149.2593,63.7398
hv74791302,3.86,-155.485,19.1805
ci41102063,3.18,-116.6125,33.2655
tx2025tltgyk,2.5,-104.531,31.718
tx2025tltqom,2.9,-104.535,31.721
nc75244306,3.36,-121.973831176758,40.4095001220703
nc75244451,2.85,-121.969665527344,40.3940010070801
us6000rerj,2.7,-112.2196,44.5689
ok2025tldq,2.66,-97.5015,36.275
us6000res9,2.6,-112.2195,44.5954
ak025cqb6una,3.0,-148.3308,60.758
ak025cqcxo6s,2.6,-148.0742,62.1368
ci41102767,3.27,-116.8563333,34.321
us6000rex7,2.9,-112.2197,44.5674
ci41102847,3.29,-116.856,34.321
ci41102895,3.47,-116.857,34.3211667
ci41102919,2.58,-116.302,33.027
ci41102999,2.5,-116.854,34.32
ci41103031,2.6,-116.8558333,34.3203333
us6000rezf,2.5,-104.6176,32.2359
us6000rezn,2.8,-99.3104,39.5044
nc75245446,2.55,-123.294502258301,40.7355003356934
nc75245686,2.52,-119.848503112793,36.0386657714844
tx2025trwldr,2.5,-98.462,28.76
ak025ctr6j5e,2.6,-155.3649,57.6258
ci41104159,2.64,-118.6901667,34.488
hv74795497,2.57,-155.3735,19.274
nn00905524,2.5,-114.529,37.2705
us6000rf9p,2.7,-162.7566,65.4001
nn00905534,3.0,-116.4927,38.461
nn00905541,3.0,-116.4899,38.4442
nn00905548,3.47,-116.5163,38.4461
nn00905568,3.4,-116.7095,41.1961
nc75246051,2.68,-121.763336181641,37.4145011901855
nn00905574,2.6,-116.4966,38.4647
nn00905583,2.9,-116.5062,38.4512
ak025cven569,3.4,-156.2981,62.9445
ci41104895,2.64,-115.5331667,35.474
tx2025ttxsrs,2.6,-104.351,31.669
tx2025ttymkj,2.5,-104.453,31.656
ak025cwshdd8,2.5,-147.5723,60.5867
ak025cwsztec,2.6,-153.5541,60.3265
ak025cwtc4ra,2.5,-156.7829,57.1138
ak025cwudqus,4.0,-152.8125,59.4909
uu80118976,2.75,-111.319,40.3288333333333
nc75246446,3.19,-121.198669433594,36.574333190918
nc75246451,2.69,-119.745498657227,38.6426658630371
nc75246471,2.65,-118.877166748047,37.436164855957
ci41105143,2.59,-116.4056667,34.0091667
hv74798122,2.7,-155.3535,19.2245
ak025cwzrnpx,2.6,-152.3695,61.6848
hv74798307,3.35,-155.810833333333,20.0278333333333
ak025cx1zmrf,3.1,-138.8317,59.8012
ak025cx21kec,2.5,-151.9657,60.0203
ak025cx2o1a8,2.7,-138.7833,59.7684
nn00905675,3.3,-116.4701,38.4653
uw62191312,2.84,-123.2985,47.56766666666667
uu80119046,2.72,-110.8565,44.7996666666667
ak025cyhup33,2.6,-157.5834,56.1495
hv74799142,2.71,-156.0655,19.7805
ak025cyj1y8u,3.7,-149.8887,61.6103
ci41105703,2.59,-115.5868333,32.9751667
ak025cyli9wj,2.6,-153.1809,59.8926
us6000rftv,2.5,-103.7145,32.1266
tx2025txehcl,3.1,-101.925,32.119
nn00905714,2.5,-119.0317,39.1606
tx2025txgftp,2.6,-104.398,31.654
ak025cyp6w7a,2.9,-146.9448,64.756
nn00905722,2.8,-116.7188,41.195
tx2025txotjc,2.8,-101.925,32.119
ci41106015,2.83,-117.7805,36.0355
nn00905761,2.6,-116.7667,41.1432
ak025d094w8y,3.1,-145.6679,68.7489
ak025d1ow0s5,2.5,-155.4637,68.053
us6000rgie,2.7,-141.0864,61.2511
nm60614726,2.92,-89.7828333333333,36.093
ci41106615,2.58,-117.118,34.0258333
nc75247761,2.51,-119.533668518066,37.2351684570312
nn00905821,2.6,-114.9237,40.685
ak025d1vy0op,3.1,-151.3746,61.0335
ak025d1zgbl2,3.5,-147.3961,60.7086
ak025d1zmj6e,2.6,-147.3988,60.6481
ak025d20sjsu,2.7,-153.9702,58.4957
tx2025ubhxkh,2.7,-101.922,32.119
ak025d3cga14,2.6,-148.9932,60.7343
ak025d3dm7y7,3.0,-134.7828,58.8931
ak025d3e0lhr,2.9,-149.4292,60.5456
nc75248111,2.83,-119.572334289551,38.6623344421387
tx2025ubulqx,4.3,-101.07,32.336
ak025d3k2nt9,3.0,-153.1285,57.4338
ak025d3n6jmz,2.6,-156.3064,58.0959
ak025d3o5to6,2.7,-153.8897,59.9394
tx2025udbzfd,2.9,-101.082,32.326
ak025d517bzx,4.2,-150.7827,60.2202
nc75248456,2.57,-118.879997253418,37.4345016479492
nc75248466,2.57,-118.875,37.4368324279785
nc75248546,2.61,-124.176834106445,40.242000579834
ok2025ubrq,2.66,-101.854,36.75366667
ak025d59j5t5,4.1,-153.7065,60.1979
us6000rgy8,3.4,-104.6442,32.3361
us6000rgze,2.7,-73.4557,44.9252
tx2025uflmnv,3.2,-104.4,31.66
ak025d6s2n93,2.7,-149.6381,62.763
tx2025ufqfhl,2.7,-100.181,28.615
nc75248996,2.53,-121.280830383301,37.4298324584961
ak025d6u24zh,2.6,-146.1451,61.6619
tx2025ugluqs,2.8,-104.394,31.651
tx2025ugmcqg,3.9,-104.4,31.653
tx2025ugnvek,2.8,-104.4,31.652
tx2025ugoblh,2.9,-104.398,31.65
ak025d6zhqxf,2.5,-154.7976,56.5079
uu80119511,2.52,-113.0915,37.7121666666667
ak025d8cqrw0,4.0,-147.4562,61.7294
us6000rhcm,2.6,-178.6907,51.6253
ak025d8hhmqd,2.5,-145.4359,67.6027
nc75249701,2.83,-121.969169616699,40.40283203125
ak025d8m8flu,2.7,-153.1455,59.7364
us6000rhdy,2.6,-157.1828,67.7302
tx2025uirjux,3.0,-98.176,28.98
ak025d9yy55h,2.5,-152.4623,60.8848
nn00905980,2.78,-116.2368,36.896
hv74805846,3.44,-155.503833333333,19.1568333333333
us6000rhhb,2.9,-111.2146,42.9157
ak025da2onfa,3.2,-152.5296,57.6609
nn00908723,2.81,-116.6843,41.2193
ci41108959,2.52,-116.039,33.0893333
ak025da62hc8,2.5,-152.9363,59.7311
ak025da63z8p,2.6,-152.7557,60.0541
nc75250206,2.99,-122.2535,37.8705
ak025da82ob0,3.9,-156.2883,58.1971
nc75250286,3.09,-123.259330749512,40.7568321228027
us6000rhnh,3.5,-104.5673,32.3311
nc75250441,2.54,-119.022834777832,37.4446678161621
ak025dbueb0d,2.5,-156.9614,67.6048
ak025dbw94ui,2.9,-149.2027,60.9444
us6000rhxs,3.0,-104.6634,39.1097
ak025dbxwrhe,3.4,-150.3306,62.9765
tx2025umnrqy,3.0,-98.175,28.987
nc75250956,2.8,-121.708335876465,37.3463325500488
ak025ddfg7vg,2.5,-159.0349,55.7836
us6000ri0y,2.8,-115.8511,44.3923
ci41110951,2.69,-116.4313333,33.263
us6000ri2j,2.5,-103.2754,32.2506
ak025ddm722k,2.8,-149.8671,61.9511
tx2025uojrdi,2.6,-103.394,31.939
ak025deyyoux,2.6,-152.2581,60.4713
tx2025uoohbt,3.3,-104.361,31.666
tx2025uowrft,3.0,-104.37,31.67
tx2025uoznva,3.4,-104.369,31.661
tx2025upapmb,2.5,-104.364,31.672
tx2025upjtag,2.5,-104.376,31.66
ak025df655f7,2.5,-153.5309,57.2416
ak025df66xa3,2.8,-151.1793,62.6709
nn00906120,2.56,-116.6014,38.1133
tx2025uptlin,3.2,-101.071,32.339
tx2025upwexl,2.5,-101.077,32.341
tx2025uqidam,2.6,-104.403,31.674
ak025dgo2oj4,2.7,-146.8311,61.2575
ak025dgrly5z,2.5,-151.2552,62.097
tx2025uqyuvz,2.5,-101.074,32.34
ak025dgsh14y,3.1,-146.9941,64.5491
nc75252116,2.54,-122.768997192383,38.7999992370605
ak025dicu4s3,2.8,-147.4872,61.7157
nc75252306,2.57,-122.72216796875,38.752498626709
ak025dig23a2,2.6,-146.5256,64.3996
us6000rigg,2.5,-103.4328,32.5125
us6000rihk,2.5,-107.6037,39.7655
ak025dijc8wy,2.6,-144.0249,69.5269
us6000riiq,2.6,-154.8053,57.2793
nc75252521,2.78,-122.734664916992,38.7835006713867
ak025dijy1u7,2.5,-152.4078,60.4091
ak025dilyvw7,3.5,-155.3926,57.6479
ak025djxl4b4,2.8,-151.5487,63.2667
ci41112559,2.52,-117.7916667,35.353
nn00906219,2.6,-116.4964,38.4714
ak025dk0waqx,3.6,-149.0568,62.8001
ci41112631,3.24,-119.07,34.4073333
ci41112879,2.65,-117.4758333,34.1175
tx2025uvehhg,2.7,-101.08,32.341
ak025dk7oxt3,2.5,-153.5296,60.0266
ci41113047,3.08,-115.614,33.1008333
us6000riud,2.9,-104.4818,37.2983
us6000rizf,2.6,-110.9288,43.0153
ak025dlv2xz5,2.6,-155.0264,64.6975
hv74813236,2.62,-155.0205,19.3378333333333
nc75253586,2.77,-122.157669067383,37.9456672668457
nc75253656,2.61,-122.244834899902,37.4273338317871
ak025dn83h8g,2.5,-150.4333,60.7219
ci41113519,3.08,-116.9835,34.1108333
ak025dnbhhho,3.0,-149.7425,63.1438
ak025dnbnxy5,2.8,-153.3412,60.0215
ak025dnijfwa,4.6,-151.2428,61.8836
hv74814446,2.54,-155.451833333333,19.2666666666667
uw62206701,2.5300000000000002,-121.99866666666667,47.14933333333333
ak025dov0siq,2.7,-152.6938,59.9252
ci41319240,2.88,-117.789,35.3521667
ci41319248,2.6,-117.7881667,35.3543333
us6000rjdx,2.9,-107.1039,36.4131
nc75254276,3.15,-121.218170166016,36.5741653442383
hv74814791,2.75,-155.5665,19.8901666666667
tx2025uzsgsk,2.6,-104.35,31.675
ak025doz1nl0,3.2,-150.4406,63.1531
nn00907805,2.63,-116.7167,41.1574
nn00907804,2.68,-116.7382,41.1871
ak025dp10cg6,2.7,-144.6112,65.2406
nc75254401,3.09,-122.780334472656,38.8084983825684
nn00906336,3.88,-117.1548,37.9349
ak025dp1jwxj,2.7,-145.5482,65.2671
ak025dp5pi38,2.6,-149.5934,63.554
hv74815631,2.53,-155.809333333333,20.042
ak025dqiktwg,2.6,-151.8408,63.3383
nc75254601,2.75,-121.428497314453,35.8343315124512
ak025dqkpoem,2.5,-154.4039,57.65
ak025dqntfrb,2.6,-148.95,65.3093
nc75254811,2.92,-122.164833333333,37.94
nc75254841,2.73,-120.092666625977,36.1353340148926
tx2025vcggzv,2.5,-103.976,31.613
ci41320520,3.07,-117.7938333,35.354
nc75254956,3.42,-123.6535,40.023
ci41320696,2.65,-119.0751667,34.4091667
ak025ds5kvf8,2.6,-157.2307,66.2676
us6000rjnx,2.5,-111.3503,42.6813
us6000rjpp,2.7,-97.0588,38.8568
ci41320840,2.56,-117.999,33.635
us6000rjt7,2.5,-76.8331,39.1805
ak025dsiynbx,2.6,-148.0195,61.7462
ak025dsj2k6b,2.9,-151.0904,62.494
ak025dtvgsxe,2.6,-154.1805,59.1376
ak025dtzctu8,2.5,-151.298,63.3807
uu80120471,2.67,-110.8455,44.799
nc75255701,2.6,-121.201499938965,36.5816650390625
uu80120481,3.7,-110.845333333333,44.802
uu80120511,2.51,-110.846166666667,44.7948333333333
ak025du2z1qg,3.0,-151.0773,63.2645
tx2025vgpskb,2.8,-104.405,31.656
tx2025vgtuzx,2.5,-104.119,31.736
us6000rk3m,3.4,-98.5357,38.8937
us6000rk3q,2.7,-98.5095,38.8567
us6000rk46,3.2,-98.489,38.8692
ak025dvjyhp9,2.6,-151.3926,60.3087
ak025dvmgvu8,2.5,-144.6632,65.2666
nc75256241,2.55,-119.74633026123,37.167667388916
ak025dvqp3z0,3.3,-148.0607,63.7807
ak025dvromz5,3.6,-153.6282,57.3254
us6000rkb0,3.2,-115.1705,44.3467
ci41322360,2.72,-116.3741667,33.3483333
nc75256546,3.2,-121.278663635254,35.759334564209
nc75256621,2.61,-122.036163330078,37.9768333435059
nn00906575,3.08,-116.5107,38.4515
nn00906582,2.83,-116.3563,36.6712
ak025dxe5mlz,5.4,-150.2328,59.6308
us6000rkf0,2.6,-150.3284,59.6483
nn00906616,2.93,-116.678,41.2003
us6000rkh4,3.1,-98.4583,38.8765
ak025dys1mrl,2.7,-146.9474,60.8448
us6000rkjf,2.5,-98.4625,38.8588
ak025dywyd3o,3.1,-150.3871,59.659
ak025dyxytk4,2.6,-153.8773,57.8038
nc75257056,3.13,-122.764666666667,38.7858333333333
us6000rkk9,2.7,-108.0696,34.6965
ak025dyz9j4o,2.6,-151.9478,63.4096
ak025dz28vou,3.2,-150.3206,59.6551
nc75257251,2.86,-120.738166809082,36.4785003662109
ak025dz4r04l,2.5,-152.0296,61.08
tx2025vmanbf,2.5,-104.241,31.614
ak025e0f2nu0,2.7,-146.9883,64.5987
ak025e0iilkb,2.5,-150.3491,59.6779
ak025e0j40qw,2.7,-150.3491,59.6412
ak025e0livc2,2.8,-152.308,59.5592
nm60615276,2.6,-90.1921666666667,36.911
us6000rky7,2.8,-111.9027,42.6622
nn00906674,2.62,-116.5119,38.4477
nn00906677,3.67,-116.5078,38.4519
nn00906681,2.64,-116.5197,38.4407
ci41324008,2.79,-116.845,34.2903333
ak025e0rfa6i,2.7,-149.408,62.0793
ak025e268e7f,3.0,-139.6612,60.1412
ci41324344,3.23,-119.075,33.426
ak025e27hc9i,2.5,-151.442,63.1057
hv74821641,2.59,-155.217,19.3081666666667
us6000rl2g,3.8,-163.2969,55.175
ak025e2dxqcg,2.5,-151.7575,59.9704
ak025e2flyo0,3.0,-151.4594,63.0687
nc75258206,2.73,-122.762,38.8196666666667
hv74822156,3.64,-155.609166666667,19.5381666666667
ak025e3t2ko0,2.5,-149.59,63.3565
us6000rl5r,3.2,-106.8572,36.677
hv74822411,2.6,-155.495333333333,19.191
tx2025vrfgfy,2.5,-104.453,31.655
ak025e440sye,2.6,-148.8759,67.4774
ak025e5h93e7,4.0,-162.5975,66.5334
ak025e5lm8nk,2.6,-148.8686,62.531
nn00906832,2.74,-116.4987,38.4615
tx2025vsxnfa,2.5,-104.026,31.575
nc75259076,2.53,-121.177666666667,36.5518333333333
nc75259101,2.81,-123.541666666667,40.9416666666667
ak025e712pzu,2.8,-149.3155,63.1017
tx2025vtmbde,3.2,-101.915,32.106
hv74823511,2.53,-155.385833333333,19.2828333333333
hv74823526,2.9,-154.971666666667,19.7143333333333
ci40481138,2.5,-119.0758333,33.429
us6000rll9,2.6,-112.2242,44.5777
nc75259496,2.98,-121.571166666667,36.8398333333333
tx2025vuqxtd,2.6,-104.327,31.666
ak025e7aw75n,3.2,-144.7112,69.1125
ak025e7bi6nt,2.6,-143.225,60.3443
us6000rlrm,2.6,-154.8706,58.5226
ak025e7f3w7d,2.5,-149.1706,62.3633
us6000rlt5,2.8,-99.3171,39.3493
hv74824206,2.56,-155.497666666667,19.1801666666667
ak025e8se0jt,2.5,-153.5585,59.8874
uw62202907,2.83,-120.449,42.221666666666664
ak025e8tnv57,2.7,-153.6541,59.9167
ak025e8u5kmu,3.2,-146.8419,64.4908
ak025e8uwo34,3.2,-150.9481,61.0208
ak025e90t1q3,2.9,-157.4563,58.3024
nn00907010,2.62,-116.4956,38.4509
nn00907279,2.6,-116.5041,38.454
ak025eagxaqz,2.6,-139.2037,60.0008
ak025eai3d24,2.5,-153.4826,60.08
ak025eako3cz,3.0,-153.417,60.3032
ak025eanse5n,2.5,-157.2234,66.3342
nc75260286,2.55,-122.783833333333,38.8115
tx2025vyriwc,2.7,-104.376,31.652
tx2025vztpoc,3.1,-102.044,32.409
uu80121681,3.1,-110.848,44.7968333333333
tx2025wabiag,3.2,-104.456,31.652
us6000rmbw,2.8,-162.9043,67.6303
nm60615441,2.73,-89.4373333333333,36.2103333333333
tx2025wbgvim,2.8,-102.001,31.938
ci40482882,2.5,-120.0681667,34.4241667
tx2025wbhehz,2.5,-102.16,32.414
ak025eds2uae,2.6,-147.5152,61.3901
ak025edx1q8z,2.5,-145.3738,69.7824
nc75260871,3.83,-121.9525,37.7575
nc75260861,3.01,-121.945,37.761
nc75260886,2.92,-121.942833333333,37.7556666666667
nc75260866,2.95,-121.952,37.7536666666667
nc75261036,2.98,-121.950333333333,37.7603333333333
nc75261031,2.89,-121.954166666667,37.7621666666667
nc75261171,2.91,-121.957833333333,37.7573333333333
uu80121791,3.21,-110.843333333333,44.8028333333333
tx2025wcrbpd,2.5,-104.457,31.645
tx2025wcreul,2.8,-104.45,31.656
ak025efbztye,3.7,-152.7038,60.0729
tx2025wctgcs,2.6,-104.427,31.658
ak025efd8vwy,3.0,-153.9439,60.2263
ak025eff223s,3.8,-149.6946,62.1712
ak025efj92mu,2.6,-148.2506,62.4833
nc75261581,2.57,-121.945166666667,37.756
ak025efomfff,3.0,-153.2027,58.8203
us6000rmpd,2.8,-98.4636,38.8647
ci40483594,2.94,-115.7965,33.0178333
uu80121916,2.67,-112.401,41.8581666666667
ak025eh0a55u,2.5,-156.4944,57.2178
ak025eh1libh,2.5,-146.6706,61.7498
nn00907312,2.5,-116.6752,41.2064
tx2025wfnrcj,2.5,-104.433,31.669
us7000regp,3.6,-177.8847,51.5644
ci40483962,2.5,-117.5598333,35.7441667
ak025eioy9xw,3.7,-150.7153,61.0743
uu80122016,2.9,-112.437666666667,42.4425
ak025eiwnrbj,2.9,-149.9898,62.8834
ak025eixaqmd,2.9,-155.0678,67.0657
ci40484482,2.52,-116.0173333,33.6795
ak2025wicbsp,2.6370534993057224,-151.0130615234375,59.76100540161133
ak2025wicqrm,2.5221953183928663,-153.19432067871094,60.04870223999023
us6000rp0l,3.0,-176.6111,51.7821
us6000rp0q,2.6,-162.2233,54.9428
ak2025winden,3.139331906215923,-146.8975830078125,64.50862884521484
ak2025wirqgn,3.1137493657502815,-150.7994842529297,62.21508026123047
ci40484674,2.54,-116.9321667,33.7835
ak2025wjbmpe,2.8495155622867525,-153.0896759033203,59.3691291809082
ci40484722,2.62,-116.228,33.8878333
ak2025wjgakv,2.5451359145093293,-146.0347137451172,67.83775329589844
ak2025wjjcfy,2.525222221739764,-152.0654754638672,62.15293502807617
tx2025wjnfpt,2.7,-104.441,31.656
nc75262886,3.48,-122.247333333333,38.0816666666667
ak2025wjrpcv,2.6126489050495114,-143.3601837158203,60.37025833129883
ak2025wjsyyg,3.051765647446072,-150.22218322753906,63.20840072631836
ak2025wjvytq,2.5785684001491513,-151.3372344970703,62.9288444519043
nc75263096,2.6,-118.9445,37.457
ak025em34d91,2.5,-153.4529,65.566
ak025em5zzhq,2.8,-148.7462,61.883
nn00907323,2.55,-115.9067,38.6846
tx2025wlzejk,3.5,-98.935,28.679
tx2025wmfone,2.5,-101.686,31.718
uw62204722,2.77,-119.52416666666667,48.81466666666667
tx2025wmouks,3.1,-104.392,31.654
tx2025wmqedn,3.0,-104.393,31.657
ak025entm2wf,2.8,-148.2299,60.1346
ak025enwkzcz,3.2,-152.1862,60.2673
ok2025wkpv,2.67,-100.3173333,36.93666667
tx2025wnjwqs,2.6,-101.92,32.125
tx2025wnnfqp,3.1,-104.392,31.656
ak025enyee6k,3.0,-152.4215,62.8179
tx2025wnwcqb,2.5,-104.424,31.687
tx2025wnzmgx,2.9,-104.392,31.651
ci40485522,2.52,-116.4531667,33.4573333
tx2025woqogs,2.5,-101.073,32.341
ci40485794,2.98,-116.4508333,33.4561667
nc75264541,2.89,-122.789333333333,38.8046666666667
ak025eqy6152,2.9,-149.1691,63.7118
hv74832512,2.61,-155.476333333333,19.1623333333333
nc75264606,2.64,-121.353666666667,36.6823333333333
ak025eqzfb0v,3.5,-149.1845,63.7172
tx2025wqotkq,2.5,-104.419,31.683
tx2025wqpbxp,2.7,-104.404,31.645
nn00907391,3.16,-115.9429,38.0915
tx2025wqzivk,3.4,-104.382,31.656
tx2025wqzkfj,2.9,-104.379,31.651
uu80122716,3.67,-109.895166666667,41.5773333333333
tx2025wrgqvv,3.0,-104.38,31.656
ak2025wrhzds,2.6662450268385984,-149.64593505859375,62.26131820678711
us6000rp1w,3.1,-177.9215,51.5988
nc75264991,3.29,-121.951666666667,37.7555
nc75265071,2.58,-121.945333333333,37.7573333333333
nc75265261,4.11,-120.787833333333,35.5528333333333
ak2025wsqtge,2.754466970962197,-142.26943969726562,66.06385803222656
ak2025wsxtqp,3.041154473918687,-152.82044982910156,59.89200210571289
ak2025wsyzrh,3.085277853689987,-147.49163818359375,68.61201477050781
ak2025wtduxh,3.583607036597627,-151.0235137939453,62.25641250610352
nc75265501,2.95,-121.655666666667,37.2861666666667
us6000rp35,2.7,-98.5177,38.9029
nc75265691,3.19,-120.791166666667,35.5573333333333
ak2025wtzayp,2.6128937917028567,-153.02957153320312,60.35183715820312
uw62214141,2.85,-119.52283333333334,48.81
ak2025wubziw,2.564228854978742,-152.0963897705078,60.28630447387695
ak2025wuhoiu,3.804382257052208,-145.41571044921875,63.3878173828125
ak2025wuikyl,2.907985976083444,-147.38975524902344,60.6874885559082
us6000rs4g,3.0,-176.8162,51.636
ak2025wunhlm,2.5043308555223027,-148.52586364746094,63.86041641235352
ak2025wunpdx,2.6596622110626837,-149.3427734375,63.83481979370117
tx2025wuohra,3.4,-104.414,31.661
us6000rp8p,2.5,-115.1759,44.2416
ak2025wvanqn,2.583670482912876,-153.84796142578125,59.16008758544922
us6000rs5a,2.7,-162.8182,54.4381
ak2025wvhpun,2.5675938683572945,-142.96755981445312,60.42154693603516
ak2025wvuqmb,2.842287777161985,-152.22256469726562,58.96944046020508
nc75266636,3.18,-121.944666666667,37.758
ak2025wwdulf,2.737993188615159,-151.36846923828125,63.27522277832031
ak2025wwhgcg,2.5440518995315973,-149.47225952148438,61.86279678344727
ak2025wwhtqw,3.0366156910627455,-154.2535858154297,59.19083404541016
tx2025wwmsca,3.1,-101.076,32.338
tx2025wwrbyw,2.8,-101.075,32.339
us7000rf07,2.7,-162.2535,55.4854
ak2025wwsnrk,2.827683699249704,-149.65077209472656,61.47909927368164
us7000rff2,2.7,-163.8458,54.6696
nc75266816,2.75,-120.793833333333,35.5591666666667
ci41125207,2.77,-117.7935,35.353
uw62214426,3.31,-119.505,48.79683333333333
hv74834497,3.24,-155.666833333333,19.8621666666667
ak2025wwzdej,2.974592988134477,-143.40478515625,60.30194473266602
ak2025wxagjx,2.690335205084849,-153.7292022705078,57.82850646972656
nc75266956,2.61,-123.3365,41.038
ok2025wujo,2.61,-97.5875,34.28383333
nc75267071,2.77,-120.786333333333,35.554
tx2025wxlxgv,2.5,-101.403,32.184
us7000rflz,3.7,-166.5782,53.6015
ci41125431,2.67,-118.508,35.4888333333333
us7000rfmg,2.7,-167.3567,53.3996
ak2025wymnmk,2.5410324851922987,-140.73101806640625,60.1524772644043
ak2025wyouyd,2.638628484648048,-151.1845703125,59.99526596069336
ak2025wypobm,2.771745056999374,-149.62730407714844,62.33209991455078
tx2025wyqale,2.7,-100.651,32.76
ak2025wyrnsg,3.0839928338686327,-150.67117309570312,63.63391876220703
tx2025wystcy,2.5,-100.653,32.76
ak2025wyzcis,2.5,-152.783,60.068
ak2025wzbwnb,2.5,-157.726,56.988
ak2025wzqhnd,2.8,-154.509,57.38
ak2025wzudcl,4.8,-151.268,61.197
nn00907637,2.6,-117.722,40.5636
ak2025xbcjoq,3.1,-150.855,60.43
ci41125855,2.67,-115.8475,32.7766666666667
ci41125863,2.52,-117.808166666667,35.3566666666667
ak2025xbliek,2.7,-149.565,63.223
ak2025xblmlg,2.6,-139.221,59.967
uw62214776,3.18,-123.1575,45.07533333333333
ak2025xbrnch,3.0,-153.16,59.688
ak2025xbznhg,4.1,-154.471,59.283
ak2025xccumh,3.4,-151.413,60.094
ci41126079,2.58,-117.2155,34.0875
us6000s8ax,3.0,-166.4578,53.622
ak2025xcowvq,3.3,-151.275,61.19
ak2025xcqhmb,2.6,-153.884,58.521
ak2025xcslhz,3.0,-149.891,61.493
nc75268381,3.19,-121.201833333333,36.5916666666667
us6000s8cw,2.7,-175.9995,52.0075
ak2025xdbolp,2.7,-150.109,63.087
nc75268551,3.93,-122.7625,38.7855
nc75268531,2.86,-122.764666666667,38.7811666666667
us6000s8d6,3.4,-168.7401,52.9336
ak2025xdnxcc,2.5,-151.448,59.239
ak2025xdowlu,3.0,-151.456,59.24
ak2025xdoyto,2.6,-156.718,67.902
hv74836387,2.94,-155.497166666667,19.1748333333333
hv74836392,2.65,-155.498,19.1788333333333
ak2025xdvgvl,2.6,-152.449,59.185
ak2025xdzypl,2.5,-152.624,59.984
nc75268901,2.5,-120.2345,36.1851666666667
us7000rdli,2.6,-104.7994,36.8157
ak2025xekqbt,3.0,-146.985,60.762
ak2025xeronq,2.9,-150.165,61.254
ak2025xewqbl,3.0,-153.112,59.893
ak2025xexyuf,2.5,-152.119,59.167
ak2025xfabtk,3.0,-149.457,62.092
ak2025xfdrrh,2.5,-150.436,61.636
ak2025xfikbu,2.5,-149.438,62.095
tx2025xfwhyo,2.6,-104.168,31.712
hv74837202,2.67,-155.847166666667,19.2795
ak2025xfxqwo,2.7,-151.079,60.574
ak2025xfzcek,2.7300626051740533,-151.7212371826172,60.76726150512695
tx2025xgbjxn,2.5,-104.3,31.688
ok2025xdio,2.76,-96.74416667,35.55533333
ak2025xgkxqc,2.7787587245842804,-151.09078979492188,62.56017303466797
hv74837442,4.4,-155.075333333333,19.3361666666667
nc75269596,3.98,-121.475666666667,36.9973333333333
nc75269601,2.69,-121.471166666667,37.0016666666667
nc75269606,3.63,-121.470333333333,36.9993333333333
ak2025xhfkno,2.655839859431391,-155.7968292236328,57.60240173339844
tx2025xhftkz,3.1,-101.714,31.706
tx2025xhucqr,3.3,-101.796,32.33
nn00907807,2.57,-116.0248,40.4665
ak2025ximnlb,3.5275063749293376,-153.20062255859375,62.17506790161133
nc75269961,3.6,-122.727666666667,38.7595
nc75269971,3.71,-122.724666666667,38.7628333333333
ak2025xiskoy,2.5,-155.362,57.672
ak2025xizdvj,2.9,-156.48,56.707
ak2025xjayfu,2.9,-147.701,63.547
ak2025xjbvhj,6.0,-150.75079345703125,61.56951904296875
nc75270286,3.76,-122.767666666667,38.784
ak2025xjcbry,2.8884267364351017,-150.82400512695312,61.64762878417969
ak2025xjccsv,2.6009329744578085,-150.68231201171875,61.66476440429688
ak2025xjcuxc,3.200454059864238,-150.51661682128906,61.61306381225586
nc75270496,2.69,-121.5365,36.794
nc75270531,3.72,-121.537666666667,36.796
ak2025xjjbxw,2.8,-149.741,63.728
nc75270551,4.04,-121.543666666667,36.799
ak2025xjkxxa,3.8690415126029345,-141.4174346923828,65.06082916259766
ak2025xjnmhj,2.6,-150.836,61.623
ci41128295,3.49613296903951,-116.7965,33.675
ci41128303,3.48,-116.793166666667,33.6758333333333
ak2025xjuqfp,3.1,-152.077,61.956
ak2025xjvxvd,2.6,-151.329,61.448
ak2025xkaeja,3.3,-150.29,62.417
us7000reb6,3.5,-161.7158,55.5635
nc75270896,2.89,-118.560166666667,37.4318333333333
ci41128719,2.58,-116.797166666667,33.6755
ak2025xkovky,2.8,-153.471,58.912
us7000redt,2.7,-141.0086,60.4202
ci41128759,2.55,-117.790666666667,35.3586666666667
nc75270991,3.21,-121.595,36.846
ak2025xkxakd,2.6,-152.757,59.818
ak2025xkyghs,3.2,-150.717,61.595
ak2025xlhdcw,3.6354549054394645,-137.50445556640625,58.68343734741211
nc75271341,3.01,-122.476,37.6546666666667
us7000rejg,2.6,-98.5425,38.8927
ak2025xlunvm,2.8,-157.208,66.296
ak2025xlwmde,2.7,-152.832,59.67
us7000rekc,2.9,-99.1741,39.6372
nc75271471,2.81,-121.592,36.847
ak2025xmcmwd,2.6,-153.228,59.65
ak2025xmmutb,3.0,-151.178,60.112
hv74841807,2.76,-155.495166666667,19.175
ak2025xmqqkp,2.8,-154.227,62.271
nc75271701,2.94,-122.307166666667,40.0541666666667
nn00907996,2.91,-119.5813,41.9326
us7000renk,2.6,-97.9533,37.2672
ci41129711,2.89,-118.448333333333,32.8435
hv74842362,3.49,-155.492833333333,19.2043333333333
ak2025xokhmh,2.7,-152.922,59.998
nc75272211,2.77,-122.135666666667,39.4293333333333
nn00907944,2.79,-116.6566,41.2074
uw62215926,2.77,-119.52333333333333,48.80266666666667
ak2025xoptrt,2.6,-150.284,61.003
ak2025xoupij,2.5,-151.771,60.641
us7000resg,2.7,-106.3501,40.6051
ak2025xoytuk,2.8,-150.837,60.653
us7000resz,3.1,-113.2019,47.3283
nn00907956,3.27,-116.5133,41.0675
ak2025xpjomg,2.8,-154.02,57.612
ak2025xpjvur,2.5,-157.222,56.67
nc75272501,3.25,-122.606333333333,38.3853333333333
nc75272521,2.9,-122.608166666667,38.3873333333333
nc75272546,3.1,-122.612,38.391
nc75272611,2.93,-122.610333333333,38.3855
ak2025xqavdp,3.0,-153.588,59.836
ak2025xqbkxm,2.6,-146.864,60.917
ak2025xqcprb,3.1,-150.449,62.428
tx2025xrdhlt,3.3,-100.644,32.762
ak2025xrrayc,3.3,-152.436,59.765
ak2025xrrymi,2.5,-152.967,59.545
ak2025xsamci,2.7,-152.035,60.665
tx2025xsreii,3.2,-104.382,31.659
ak2025xswrat,2.7,-150.782,63.13
ak2025xszbir,2.5,-152.34,60.358
ci41131303,2.85,-119.297,34.429
nc75273471,2.56,-122.616166666667,38.398
ak2025xtfgae,2.6,-141.138,61.576
ak2025xtgoua,2.9,-151.088,60.18
ak2025xtlzst,2.9,-150.709,61.637
nm60615971,2.59,-89.8175,36.0605
ci41131543,3.2,-118.44,36.138
nc75273686,2.79,-118.851,37.4285
ok2025xrej,2.51,-97.5805,34.287
us6000s8nr,2.9,-164.8354,54.6067
ci41131975,2.6,-118.440166666667,36.1353333333333
ak2025xuqzrb,3.3,-157.365,56.279
ak2025xvaear,2.9,-143.889,65.323
nn00908096,2.59,-116.5087,38.448
nn00908129,2.52,-116.4849,38.4511
tx2025xvgwlm,3.1,-103.997,31.618
ak2025xvjxat,2.8,-152.783,63.663
nn00908105,2.52,-116.5091,38.4567
nc75274276,2.65,-121.092833333333,35.819
ak2025xvyvon,3.9,-141.46,65.066
ak2025xwaijt,2.6,-148.253,62.385
ak2025xwbssk,2.6,-150.87,63.142
ak2025xwcufi,3.1,-150.07,61.255
us7000rfm4,2.8,-98.519,38.87
ak2025xwfxcb,2.6,-152.213,62.691
us7000rfpr,2.6,-93.4687,32.0822
tx2025xwveuz,2.7,-104.193,31.666
tx2025xwvgdz,2.5,-104.191,31.67
ak2025xwzhvf,2.5,-150.013,62.946
ak2025xxwzgo,2.5,-148.257,60.998
tx2025xxycnx,2.6,-102.104,32.356
nc75275021,2.99,-124.1925,40.5493333333333
ak2025xytjdo,2.5,-151.113,61.539
ak2025xyvftf,2.8,-153.446,60.036
ak2025xyzsiz,2.8,-150.262,61.086
tx2025xzcqfo,2.8,-103.264,30.038
nc75275231,2.59,-121.681333333333,37.5501666666667
nc75275291,2.51,-124.136166666667,40.2045
ak2025xzqdgp,2.7,-152.501,58.68
ak2025xzsahw,2.6,-153.308,59.587
ak2025xztfxd,2.8,-147.95,62.954
us6000rsy1,7.0,-139.5412,60.3127
us7000rpbv,4.8,-139.3857,60.2873
ak2025xzwrbu,5.087666993181132,-139.35723876953125,60.31888580322266
ak2025xzwzem,2.7,-147.676,64.683
ak2025xzxbnq,3.751367683178588,-150.97157287597656,60.96248245239258
ak2025xzxxtq,2.9,-139.216,60.32
tx2025xzyoyn,2.5,-103.133,31.96
ak2025yajlxb,3.6,-152.964,59.826
ak2025yartfc,3.6451285668649254,-153.1643524169922,59.3127326965332
hv74846967,2.83,-155.374333333333,19.1516666666667
ak2025ybgwis,2.5,-151.872,59.232
us6000rt5w,3.0,-139.3077,60.3182
hv74847177,2.62,-155.461,20.0621666666667
nc75275916,2.64,-121.212333333333,36.5688333333333
nc75275951,2.52,-120.574666666667,36.015
ak2025ybpuln,3.4,-148.939,62.634
ak2025ybqlnr,2.9,-159.511,55.739
ak2025ybqqdg,2.5,-156.114,58.318
ci41134895,3.1,-117.614333333333,33.385
us6000rt9x,2.9,-106.7828,36.2867
ak2025ycawth,2.9,-152.196,61.103
ak2025ycektd,2.5,-154.026,57.061
ak2025yclgkq,2.5,-151.28,62.569
us6000rv4n,3.3,-168.9557,52.811
nc75276341,2.98,-121.9475,37.7526666666667
ak2025ycvkns,2.6,-157.552,57.094
ak2025ycydws,3.0,-157.618,68.087
nc75276511,2.53,-119.851,36.0661666666667
nc75276526,2.86,-121.945833333333,37.7521666666667
nc75276561,2.69,-121.942665100098,37.7514991760254
ak2025ydbubo,3.2,-146.499,61.609
ak2025ydelkb,2.7,-159.492,55.256
nc75276656,2.55,-121.939002990723,37.7584991455078
nc75276661,3.6,-121.944666666667,37.7576666666667
nc75276741,2.88,-121.939834594727,37.761833190918
ak2025ydkxie,2.6943898242676965,-155.7531280517578,57.54684448242188
hv74848102,3.04,-155.2095,19.2998333333333
ak2025ydomjc,3.0,-156.007,58.586
nc75276891,2.89,-121.941497802734,37.7623329162598
ak2025ydqhqb,2.5,-150.583,61.805
nc75276901,2.56,-121.94416809082,37.7543334960938
ak2025ydrczy,2.5,-150.585,61.809
nc75276931,2.86,-122.21216583252,37.8231658935547
us6000rtk6,3.7,-97.5008,38.6332
uu80124621,3.04,-109.885833333333,41.5758333333333
tx2025yegsvx,2.6,-104.451,31.685
ak2025yejfde,2.7,-142.278,60.521
ci41135767,3.17,-116.407,33.2353333333333
ak2025yeryii,2.5,-139.302,60.309
ak2025yewkqj,2.7,-150.753,63.036
us6000rtmg,2.6,-139.4812,60.3092
tx2025yeyubc,2.9,-103.613,31.002
us6000rtph,3.2,-112.6895,46.6877
ak2025yfggtv,2.7,-153.51,57.829
uu80124696,2.65,-112.913333333333,38.5076666666667
tx2025yfkmln,2.5,-101.132,35.576
ak2025yfosgg,2.6,-152.33,59.752
nc75277601,2.61,-119.849502563477,36.076831817627
ak2025yfxegt,2.6,-152.382,60.429
ak2025ygcqww,2.9,-150.027,61.766
ak2025ygijjv,3.1,-149.987,61.555
ak2025ygvdee,2.6,-152.945,59.894
ak2025yhcthc,2.6,-137.84,59.11
us6000s868,3.0,-161.4027,55.794
uu80124751,2.56,-112.53,37.9718333333333
ak2025yhikfe,4.2,-156.462,68.308
ak2025yhlupr,2.5,-153.439,59.914
us6000ru24,2.5,-108.4044,42.6009
ak2025yhtxup,2.8,-152.587,59.96
tx2025yhuyap,2.8,-103.998,31.612
ak2025yieolu,2.5,-153.181,59.294
ak2025yilddj,3.1,-156.359,58.498
nc75278246,3.21,-123.972333333333,40.9175
us6000ru50,2.7,-93.3453,32.0329
ak2025yitgom,2.7,-152.708,59.099
ci41349576,2.56,-119.014833333333,34.4836666666667
ci41349592,3.12,-119.017833333333,34.4878333333333
ci41349608,2.59,-119.031166666667,34.4858333333333
ci41349632,2.66,-119.016,34.483
ak2025yixnht,2.8,-147.77,60.355
ak2025yjaqyt,3.0,-156.497,67.372
nc75278521,3.11,-121.4995,36.7718333333333
ak2025yjmxmr,2.9,-150.527,63.108
nn00908448,3.11,-116.4924,38.4647
us7000rljy,2.5,-163.3854,54.9089
hv74850557,2.69,-155.517833333333,19.1791666666667
ak2025ykbajm,2.7,-141.391,60.137
ak2025ykfrxm,2.7,-150.181,61.935
us7000rm64,2.7,-162.5487,54.2539
nc75278896,3.46,-120.794833333333,35.5545
us6000rukk,3.8,-108.38,42.5391
us6000rul1,2.6,-97.1226,38.6364
tx2025ylqhyi,2.6,-104.382,31.656
ak2025ylrinl,2.9,-151.648,63.274
tx2025ylrywo,2.9,-104.598,31.643
ak2025ylxvbi,2.5,-152.931,59.637
ak2025ymakyi,2.6,-151.072,60.253
ak2025ymcrqf,3.5,-153.961,59.855
ak2025ymdjyz,3.0,-149.314,62.04
us7000rn7i,3.6,-160.1674,55.8041
tx2025ymstvw,2.5,-104.349,31.665
ci41351120,2.73,-119.258166666667,34.3825
nc75279301,2.59,-121.9415,37.7611666666667
ci41351232,3.63,-119.018166666667,34.4863333333333
us6000rurf,3.3,-139.3363,60.3451
ak2025ynerrx,2.7,-152.506,59.885
tx2025ynolbt,2.5,-104.525,31.715
ak2025ynqvsv,3.0,-151.057,61.171
tx2025ynthef,2.8,-97.829,29.074
ak2025ynvmkq,2.5,-150.355,63.218
ak2025ynxajb,2.6,-151.877,60.361
tx2025yocgog,2.8,-103.388,31.936
ak2025yoglkf,2.9,-152.344,60.314
us6000s88z,3.0,-176.8815,51.8838
ak2025yokfhj,2.7,-151.207,62.489
hv74853382,2.68,-155.378666666667,19.2015
tx2025yonhvo,2.8,-101.459,31.945
tx2025yophae,2.6,-101.463,31.956
ak2025yoszov,3.2,-148.74,64.913
nc75279971,4.03,-122.604,38.373
nc75279976,3.08,-122.6045,38.3775
ak2025younvr,2.7,-141.443,60.015
nc75280001,3.33,-122.605,38.3793333333333
ak2025ypeqwr,2.5,-150.691,60.211
ak2025ypgvcg,2.7,-144.662,69.615
ak2025yphjgp,2.5,-154.333,58.618
nc75280156,2.55,-121.939,37.758
ak2025ypmbdw,2.7,-153.298,60.025
tx2025yppayw,2.7,-101.463,31.947
us6000ruyl,3.2,-139.4483,60.3281
ak2025yppzkv,2.5,-154.407,58.984
uw62209737,2.6,-121.80066666666667,48.52633333333333
uw62209782,2.94,-121.79833333333333,48.52733333333333
us6000rv17,3.6,-106.8086,36.6555
ak2025yqewsr,2.6,-154.696,58.086
ak2025yqhfga,2.5,-154.214,58.302
tx2025yqjsrx,3.4,-103.389,31.939
ak2025yqjzoe,3.0,-147.692,61.729
tx2025yqpctq,2.5,-103.392,31.935
us7000rpsy,3.1,-166.3976,53.5945
ak2025yqshgt,2.9,-148.804,62.346
ci41352648,2.79,-119.017333333333,34.4883333333333
ak2025yrhjqf,2.8,-152.026,60.618
ak2025yrhyna,2.5,-150.12,59.811
ak2025yrntlw,3.3,-151.855,60.168
nc75280786,2.99,-121.9485,37.7501666666667
ci41352848,3.3,-119.255166666667,34.3931666666667
ak2025yrxyem,2.6,-150.688,62.033
ak2025yrzbiy,2.9,-178.243,51.445
ak2025yrzrvc,3.5,-157.625,57.122
ak2025yrzxiu,3.5,-134.915,59.135
ak2025ysbuxv,2.6,-154.292,65.201
ak2025ysgngo,3.2,-153.162,59.291
ak2025ysifso,2.6,-150.353,61.251
ak2025yslakk,2.5,-146.401,61.608
nn00908629,2.73,-116.6914,41.1716
ci41353256,3.14,-117.427833333333,34.1571666666667
nc75281256,2.95,-121.9485,37.7508333333333
ak2025ytblnl,2.6,-152.09,58.865
ak2025ytcvdn,2.9,-147.384,61.09
ci41353384,3.07,-117.676833333333,35.9003333333333
ak2025ytgzes,2.6,-152.764,59.927
ak2025ytihbp,2.5,-147.455,60.435
ak2025ytinaw,2.5,-157.625,57.145
ak2025ytuqez,2.8,-152.193,59.944
nn00908672,2.82,-114.8325,37.3103
tx2025yumbtv,2.7,-104.259,31.739
tx2025yunnks,2.6,-101.463,31.949
ak2025yussax,2.7,-157.156,56.406
ak2025yvaopt,2.5,-154.242,65.182
nc75281976,2.73,-121.492666666667,36.7681666666667
nc75282061,2.75,-122.227333333333,40.5101666666667
tx2025yvhlbq,2.6,-103.404,31.932
ak2025yvhvht,2.7,-151.058,61.662
tx2025yvigsp,2.6,-98.83,28.743
ci41142103,3.55738126614852,-116.867666666667,35.8665
aka2025yvqzyr,2.5,-146.749,64.415
ak2025yvrtyu,3.4,-149.083,64.893
ak2025yvxnjl,2.6,-150.764,60.771
ak2025ywfjok,4.0,-136.821,58.252
tx2025ywhkul,2.5,-104.365,31.671
nc75282426,2.76,-122.780833333333,38.816
tx2025ywiriy,2.5,-101.193,32.182
ak2025ywjfos,2.9,-136.784,58.288
ci41142815,3.23,-116.490166666667,33.4741666666667
ci41142911,2.57,-116.769833333333,34.28
ak2025yxnokp,3.0,-151.951,59.987
tx2025yxtgjv,2.6,-104.116,31.734
ak2025yxwdiq,3.2,-150.948,63.081
nc75282936,2.99,-118.5715,37.3931666666667
us6000rw6i,3.7,-166.6306,53.8999
us6000rw6j,3.7,-166.6108,53.8983
uw62210922,2.65,-123.366,46.547
ak2025yyfhgm,3.2,-148.033,64.143
nc75283016,3.77,-121.953833333333,37.7428333333333
nc75283031,3.95,-121.953166666667,37.7436666666667
nc75283036,2.5,-121.932666666667,37.7485
nc75283081,2.93,-121.946,37.7498333333333
ak2025yyngci,2.7,-154.607,58.82
nc75283226,3.29,-120.836,36.2373333333333
nc75283291,2.63,-123.058666666667,38.954
ci41143703,2.72,-119.248166666667,34.3778333333333
ci41143767,2.8,-119.241,34.3685
nc75283461,2.64,-121.945666666667,37.749
ak2025yzpahz,2.8,-152.918,59.629
ak2025yzwjcf,2.8,-152.979,59.401
nc75283691,3.9,-121.9455,37.7471666666667
nc75283696,2.76,-121.945,37.7493333333333
nc75283726,2.9,-121.950833333333,37.7481666666667
ak2025zaeosi,3.6,-136.849,58.227
ak2025zahlfn,2.5,-152.372,60.383
ak2025zaqonj,2.7,-153.133,59.324
tx2025zavhln,2.9,-104.392,31.653
us6000rwcj,3.2,-114.9764,44.3648
nc75284286,3.29,-121.408,36.7903333333333
tx2025zbnhsj,2.6,-101.075,32.143
nc75284381,2.56,-119.925666809082,36.156665802002
nc75284421,2.63,-121.408500671387,36.783332824707
nc75284481,2.89,-124.250831604004,40.4763336181641
ak2025zcfxfh,2.6,-152.789,60.665
tx2025zcgxfp,2.8,-101.075,32.141
tx2025zcifgg,3.4,-101.069,32.143
tx2025zckzen,2.6,-101.081,32.141
ak2025zcmltn,3.0,-153.102,60.447
ak2025zcmxhc,3.0,-151.031,62.972
ak2025zcshki,2.5,-150.925,63.092
tx2025zcsiej,2.5,-98.845,28.746
ak2025zctsru,2.6,-148.116,60.996
nc75284916,2.61,-118.361831665039,37.2574996948242
ak2025zdjagg,2.6,-148.527,61.282
ak2025zdkavy,3.2,-150.611,60.898
ak2025zdlefq,2.7,-148.001,62.413
nc75284991,3.28,-121.296833333333,36.6498333333333
ak2025zdlyff,2.5,-150.256,59.641
ak2025zdovdt,3.1,-156.652,56.108
ak2025zdphmj,2.5,-152.938,60.357
ak2025zdsxwn,2.6,-154.313,59.379
ak2025zebqmi,2.6,-152.781,59.733
nc75285161,2.6,-121.945833333333,37.75
nc75004593,2.68,-120.5675,39.893
ci41146015,2.72,-116.946,34.1706666666667
hv74858577,3.37,-155.484333333333,19.1771666666667
ak2025zehbvr,2.6,-157.315,56.336
ak2025zeossg,2.7,-151.938,60.638
ak2025zexlzo,2.8,-141.842,66.317
tx2025zfcbvp,2.7,-104.511,31.717
ak2025zfhizl,2.9,-136.802,58.288
us7000rkih,2.6,-178.0581,51.6531
ak2025zfjxxc,2.5,-152.595,59.408
ak2025zflbvh,3.2,-151.732,62.302
ak2025zfmbwx,2.5,-141.643,59.979
ak2025zfpdvj,2.6,-153.425,57.451
nn00908879,3.97,-116.7046,41.2502
ak2025zfuriv,2.5,-149.903,63.596
ak2025zgdnma,2.6,-150.202,61.208
nc75285821,2.97,-121.95,37.7433333333333
ci41146799,2.86,-116.766166666667,34.003
tx2025zhcwyq,2.6,-104.357,31.667
hv74859777,3.2,-155.553166666667,18.9553333333333
ak2025zhnruf,3.1,-151.776,62.024
ak2025zhthxe,2.6,-140.773,60.078
uw62211567,2.82,-122.77416666666667,47.526
ak2025zidhzi,2.9,-150.178,60.8
tx2025zioqrt,3.3,-104.363,31.668
tx2025zipifa,2.5,-104.363,31.676
tx2025ziplbw,3.5,-104.362,31.674
tx2025zirfvs,2.6,-104.363,31.67
tx2025zirnot,2.7,-104.361,31.673
tx2025zivgja,2.6,-104.366,31.67
ci41147191,2.52,-118.626333333333,34.3763333333333
ak2025zixxhg,2.6,-151.528,65.439
ak2025ziyjaf,2.6,-155.924,58.234
nc75286356,2.82,-120.786333333333,35.5481666666667
tx2025zjatjy,2.7,-104.355,31.666
tx2025zjatld,2.7,-104.353,31.652
tx2025zjavwq,2.8,-102.161,32.173
nn00908900,3.41,-119.5905,40.5788
tx2025zjjzqs,2.7,-104.015,31.529
us7000rkux,2.5,-96.1081,37.0433
ak2025zjnqlw,2.9,-145.54,68.809
nn00908914,2.66,-119.5308,41.9193
nc75286811,2.54,-121.227666666667,36.5798333333333
tx2025zkxkwi,3.3,-103.122,31.964
ak2025zlafiz,2.8,-149.034,64.783
nc75286946,2.52,-120.185833333333,36.081
ak2025zllvgz,2.8,-155.95,58.202
us7000rl22,2.9,-93.3861,31.8122
ci41147719,2.62,-118.628333333333,34.3766666666667
ak2025zlykny,2.5,-153.131,59.685
ci41147727,2.5,-118.6245,34.3766666666667
nn00908938,3.65,-119.0474,39.1606
hv74861567,3.26,-155.5105,19.1453333333333
ak2025zmfzcw,2.9,-150.855,60.467
ak2025zmsrnh,2.5,-156.284,57.472
ak2025zmttjz,2.7,-149.21,64.77
ak2025zmudia,2.5,-147.774,60.375
ak2025zmviuf,2.5,-150.458,61.625
ak2025znhmow,2.5,-150.258,59.657
ak2025znktyz,2.6,-153.585,59.615
ak2025znmoph,2.7,-152.196,60.069
ak2025znolav,2.5,-151.641,59.362
nc75287496,2.53,-121.941833333333,37.7648333333333
nn00908971,2.5,-117.2738,37.2569
ak2025znuoke,2.7,-150.026,63.208
nn00908973,2.57,-116.1433,38.439
ci41148175,2.64,-117.094666666667,34.2696666666667
us6000sgnb,2.8,-161.7903,55.5802
se60616506,3.09,-84.4575,37.6633333333333
ak2025zocsyj,2.5,-152.793,59.883
nc75287626,3.29,-118.679666666667,37.9438333333333
ak2025zodydf,2.5,-148.947,63.525
nc75287651,2.53,-121.932666666667,37.7526666666667
ak2025zoihti,2.5,-152.7,59.608
nc75287861,4.7,-120.700833333333,40.547
nc75287901,2.5,-120.690166666667,40.5465
ak2025zopwva,2.9,-150.275,59.635
ak2025zotlpj,3.0,-151.867,60.709
nn00908991,2.79,-116.5029,38.4623
ak2025zoyaef,2.5,-153.841,56.975
ak2025zoyhyn,2.7,-150.576,62.155
ak2025zphwzo,3.0,-147.299,68.066
ak2025zphxqs,2.9,-147.302,68.163
ci41148791,2.57,-117.096333333333,34.2701666666667
aka2025zpxzlm,2.8,-160.051,64.365
ak2025zpztop,2.5,-152.674,59.736
ak2025zqckfk,2.5,-152.971,59.175
ak2025zqtili,3.4,-136.877,58.285
aka2025zqukee,2.5,-150.92,65.853
ak2025zquoeu,3.5,-136.825,58.278
tx2025zqwqjm,2.5,-101.462,31.946
tx2025zqwyhs,2.9,-101.465,31.953
tx2025zqyosk,2.6,-101.459,31.949
hv74864982,2.52,-155.624,19.4095
ak2025zrgnen,2.5,-150.659,63.221
ak2025zrjrjk,2.5,-152.493,60.103
ak2025zrqzpg,2.7,-150.868,63.122
ak2025zrrlgh,2.9,-149.872,62.23
ak2025zrrzdc,2.5,-152.73,60.127
nc75288671,2.68,-120.693833333333,40.547
nm60616541,2.52,-89.3813333333333,36.1748333333333
ak2025zsavau,2.5,-149.279,62.705
ak2025zshiul,3.5,-152.562,59.542
ak2025zsiais,2.6,-154.177,61.761
nc75288851,4.92,-120.692333333333,40.5443333333333
nc75288856,2.5,-120.676833333333,40.533
ak2025zsywjq,3.1,-141.233,61.568
ak2025ztalhq,2.5,-150.306,61.822
us7000rlqf,2.8,-139.3294,60.3252
ak2025ztiwnt,2.8,-152.452,59.838
nc75289026,2.88,-122.812,38.8315
ak2025ztkayv,2.7,-153.314,59.877
us7000rlr4,2.7,-104.4981,32.3074
ak2025ztswkr,2.6,-178.162,51.713
ak2025ztthsw,4.0,-152.796,60.039
uu80126531,2.71,-110.678333333333,44.6641666666667
ak2025ztwikm,3.3,-155.66,57.702
