<?xml version="1.0" encoding="UTF-8"?>
<kml xmlns="http://www.opengis.net/kml/2.2">
  <Document id="root_doc">
    <Schema id="il_counties" name="il_counties">
      <SimpleField name="county_label" type="string"/>
      <SimpleField name="population" type="float"/>
    </Schema>
    <Schema id="il_counties.schema">
      <SimpleField name="county_label" type="string"/>
      <SimpleField name="population" type="float"/>
    </Schema>
    <Schema id="il_counties.schema">
      <SimpleField name="county_label" type="string"/>
      <SimpleField name="population" type="float"/>
    </Schema>
    <Schema id="il_counties.schema">
      <SimpleField name="county_label" type="string"/>
      <SimpleField name="population" type="float"/>
    </Schema>
    <Schema id="il_counties.schema">
      <SimpleField name="county_label" type="string"/>
      <SimpleField name="population" type="float"/>
    </Schema>
    <Schema id="il_counties.schema">
      <SimpleField name="county_label" type="string"/>
      <SimpleField name="population" type="float"/>
    </Schema>
    <Document id="il_counties">
      <name>il_counties</name>
      <Placemark id="il_counties.1">
        <ExtendedData>
          <SchemaData schemaUrl="#il_counties.schema">
            <SimpleData name="county_label">Kendall County</SimpleData>
            <SimpleData name="population">132795</SimpleData>
          </SchemaData>
        </ExtendedData>
        <Polygon>
          <outerBoundaryIs>
            <LinearRing>
              <coordinates>
                -88.603488,41.713584,0
                -88.601933,41.719563,0
                -88.54782,41.72018,0
                -88.489673,41.721121,0
                -88.489188,41.721128,0
                -88.443812,41.721786,0
                -88.42403,41.72202,0
                -88.376361,41.722574,0
                -88.37532,41.72261,0
                -88.37131,41.7227,0
                -88.343216,41.723197,0
                -88.319495,41.723605,0
                -88.278603,41.724403,0
                -88.261952,41.724652,0
                -88.261275,41.724656,0
                -88.261154,41.717185,0
                -88.260812,41.696061,0
                -88.26081,41.695843,0
                -88.25912,41.6362,0
                -88.257274,41.593469,0
                -88.256568,41.578743,0
                -88.255995,41.564534,0
                -88.255348,41.550089,0
                -88.254941,41.540138,0
                -88.254059,41.514043,0
                -88.25377,41.506249,0
                -88.252231,41.463066,0
                -88.365289,41.460494,0
                -88.595961,41.457129,0
                -88.599007,41.544263,0
                -88.599919,41.566864,0
                -88.600621,41.570473,0
                -88.600578,41.587818,0
                -88.60224,41.631389,0
                -88.602341,41.647525,0
                -88.602592,41.665912,0
                -88.603488,41.713584,0
              </coordinates>
            </LinearRing>
          </outerBoundaryIs>
        </Polygon>
      </Placemark>
      <Placemark id="il_counties.2">
        <ExtendedData>
          <SchemaData schemaUrl="#il_counties.schema">
            <SimpleData name="county_label">Cook County</SimpleData>
            <SimpleData name="population">5225367</SimpleData>
          </SchemaData>
        </ExtendedData>
        <Polygon>
          <outerBoundaryIs>
            <LinearRing>
              <coordinates>
                -88.263641,42.066873,0
                -88.238186,42.066985,0
                -88.238276,42.085121,0
                -88.238257,42.092348,0
                -88.238334,42.106616,0
                -88.238316,42.114009,0
                -88.238346,42.132288,0
                -88.238449,42.154249,0
                -88.199584,42.15426,0
                -88.150745,42.154215,0
                -88.136089,42.154213,0
                -88.121545,42.154193,0
                -88.09222,42.153994,0
                -88.062827,42.153855,0
                -88.02375,42.153735,0
                -88.016982,42.153693,0
                -88.004466,42.153645,0
                -87.984994,42.153626,0
                -87.981571,42.153621,0
                -87.968951,42.153589,0
                -87.962095,42.153548,0
                -87.961974,42.153546,0
                -87.955339,42.153484,0
                -87.934405,42.153106,0
                -87.91486,42.153164,0
                -87.887268,42.152953,0
                -87.8674,42.152939,0
                -87.848183,42.152811,0
                -87.841709,42.152784,0
                -87.828446,42.152715,0
                -87.809145,42.152527,0
                -87.793855,42.15255,0
                -87.789522,42.152473,0
                -87.772315,42.152362,0
                -87.7592491186898,42.1522561642711,0
                -87.7543577925119,42.1455731775746,0
                -87.7503962137154,42.1401604985933,0
                -87.741662,42.128227,0
                -87.7413176682225,42.1278118008095,0
                -87.7389949284653,42.1250110146779,0
                -87.7339293407406,42.118902871136,0
                -87.724661,42.107727,0
                -87.71096,42.095328,0
                -87.7109451793023,42.0953178440315,0
                -87.7023701809056,42.0894417769857,0
                -87.6977889013932,42.0863024288103,0
                -87.6915811140132,42.0820485067496,0
                -87.682359,42.075729,0
                -87.6821785814901,42.0754409959641,0
                -87.6807493988709,42.0731595761548,0
                -87.679843229159,42.0717130475563,0
                -87.6734735203161,42.0615450118289,0
                -87.671462,42.058334,0
                -87.670512,42.05298,0
                -87.6706981790512,42.0523053366945,0
                -87.6710900236041,42.0508853963751,0
                -87.6711832084818,42.0505477191918,0
                -87.671894,42.047972,0
                -87.6710944310462,42.0428017103708,0
                -87.6708274104216,42.0410750625817,0
                -87.6697048615022,42.0338162726947,0
                -87.668982,42.029142,0
                -87.6665974088512,42.023121736617,0
                -87.6650693453165,42.0192639075925,0
                -87.6625274064686,42.0128463959887,0
                -87.656737783091,41.9982296103648,0
                -87.6560204521006,41.9964185990739,0
                -87.6551288379532,41.9941675834201,0
                -87.6547899911631,41.9933121131127,0
                -87.6545768579935,41.992774025979,0
                -87.654418413878,41.992374009688,0
                -87.654224790638,41.9918851783416,0
                -87.6536699624133,41.9904844300217,0
                -87.6536387482164,41.9904056250295,0
                -87.6535565321053,41.9901980579407,0
                -87.6527805566726,41.9882389898271,0
                -87.6527157323709,41.9880753310086,0
                -87.6523965399422,41.9872694811289,0
                -87.6511144351671,41.9840326124377,0
                -87.6507127618402,41.9830185269734,0
                -87.6489749461931,41.9786311468089,0
                -87.6484396113352,41.9772796124613,0
                -87.6454394898439,41.9697053490207,0
                -87.6415737543747,41.9599457113127,0
                -87.6397604929662,41.9553678568377,0
                -87.6396641942544,41.9551247360794,0
                -87.6395817556188,41.9549166071936,0
                -87.6393737178545,41.9543913841862,0
                -87.6392807952871,41.9541567870183,0
                -87.6371017709578,41.9486555083662,0
                -87.6370303782961,41.9484752667229,0
                -87.6355825499074,41.9448200035397,0
                -87.6345721136217,41.9422690033085,0
                -87.6339863092933,41.9407900510992,0
                -87.6327214130988,41.9375966280894,0
                -87.6324217479065,41.9368400776909,0
                -87.630953,41.933132,0
                -87.6309247335441,41.9330136257679,0
                -87.6293807230397,41.9265476203227,0
                -87.6275253481619,41.9187776835064,0
                -87.6274958084083,41.9186539769597,0
                -87.6272017704333,41.9174226050606,0
                -87.6270382696467,41.9167378966513,0
                -87.6267790334229,41.9156522674861,0
                -87.6257043444929,41.9111516863999,0
                -87.6247627757383,41.9072085858334,0
                -87.6241335473986,41.9045735041036,0
                -87.624052,41.904232,0
                -87.622944,41.90202,0
                -87.619852,41.901392,0
                -87.6189305946935,41.9001121646012,0
                -87.617433,41.898032,0
                -87.616549677578,41.8967856239587,0
                -87.6159029865478,41.8958731369821,0
                -87.614279324517,41.8935821349607,0
                -87.614163,41.893418,0
                -87.613920082771,41.8934072296314,0
                -87.612291,41.893335,0
                -87.6122656951875,41.8932901960677,0
                -87.611659,41.892216,0
                -87.611659,41.890708,0
                -87.6117629987361,41.8905592848632,0
                -87.61268,41.889248,0
                -87.614188,41.888421,0
                -87.6141841884039,41.8883972318036,0
                -87.613556,41.88448,0
                -87.616537,41.882396,0
                -87.6165055073929,41.8809135350739,0
                -87.6163432588477,41.8732759400953,0
                -87.6163137789071,41.8718882182731,0
                -87.616251,41.868933,0
                -87.6162380499727,41.8688878719825,0
                -87.6160358283245,41.8681831736937,0
                -87.6116217450787,41.8528010573982,0
                -87.6107391453488,41.8497253900553,0
                -87.6106191739781,41.8493073160241,0
                -87.6105285394045,41.8489914743252,0
                -87.6101624993553,41.8477159046786,0
                -87.6094538595001,41.8452464495149,0
                -87.60945,41.845233,0
                -87.6091047759773,41.8445193586094,0
                -87.6063696950494,41.8388654445467,0
                -87.6062115074077,41.8385384416698,0
                -87.6027326375136,41.8313469793563,0
                -87.600549,41.826833,0
                -87.5993678702867,41.8254772407316,0
                -87.5919342175045,41.8169445253626,0
                -87.5871226084357,41.81142152182,0
                -87.5870542679338,41.8113430772023,0
                -87.580948,41.804334,0
                -87.5809204808498,41.8042245454359,0
                -87.5805054471668,41.8025737920347,0
                -87.5800652216739,41.800822840824,0
                -87.5800168248087,41.8006303473155,0
                -87.579314315325,41.7978361887517,0
                -87.5791744706108,41.7972799709144,0
                -87.5786515288335,41.7952000242672,0
                -87.578491272375,41.794562620835,0
                -87.5774001590391,41.7902228307794,0
                -87.577110311186,41.7890699910246,0
                -87.5769820617704,41.7885598922838,0
                -87.5763780754524,41.7861575993869,0
                -87.576347,41.786034,0
                -87.5733580427758,41.7822266536855,0
                -87.5722290169068,41.7807884957733,0
                -87.5720469048017,41.780556520606,0
                -87.5690666461056,41.7767602545132,0
                -87.5665635109715,41.7735717504255,0
                -87.5608553402988,41.7663006585552,0
                -87.560646,41.766034,0
                -87.5606227413628,41.7660158396832,0
                -87.5592618046291,41.7649532218718,0
                -87.5589852948751,41.764737323379,0
                -87.5552153463942,41.7617937520102,0
                -87.5527240611267,41.7598485593843,0
                -87.5486067282028,41.7566337506483,0
                -87.5456685736292,41.7543396429904,0
                -87.542845,41.752135,0
                -87.530745,41.748235,0
                -87.5268451019725,41.7339174609819,0
                -87.5246146643851,41.7257289450361,0
                -87.524141,41.72399,0
                -87.524044,41.708335,0
                -87.5249366015732,41.7026818567031,0
                -87.524944,41.702635,0
                -87.5249113079338,41.6990388727177,0
                -87.5248455254204,41.6918027962464,0
                -87.524844,41.691635,0
                -87.5247346759573,41.6609484988969,0
                -87.5246765649489,41.6446371415852,0
                -87.524642,41.634935,0
                -87.5247299561901,41.632736095247,0
                -87.524742,41.632435,0
                -87.5247195391757,41.6302113783922,0
                -87.5246757251635,41.6258737911846,0
                -87.524642,41.622535,0
                -87.5246418530238,41.613834008364,0
                -87.5246416319845,41.6007484806675,0
                -87.5246415236488,41.5943350098053,0
                -87.5246413044934,41.5813610111604,0
                -87.5246412484477,41.5780431026655,0
                -87.5246412326353,41.5771070108069,0
                -87.5246411172637,41.5702770111973,0
                -87.524641,41.563335,0
                -87.525041,41.559235,0
                -87.5250352115261,41.5575443071402,0
                -87.5250326648706,41.5568004820207,0
                -87.5250019331198,41.547824376568,0
                -87.52494,41.529735,0
                -87.5249579926147,41.5282675312077,0
                -87.525026866689,41.5226501956302,0
                -87.5252034178576,41.5082507692629,0
                -87.525257615765,41.503830414628,0
                -87.5253183970429,41.4988731235364,0
                -87.5253704474113,41.494627921118,0
                -87.5253705524243,41.4946193563081,0
                -87.525557769526,41.4793500216961,0
                -87.5256485050426,41.4719496776448,0
                -87.5256689455744,41.4702825579372,0
                -87.577103,41.469993,0
                -87.577339,41.469992,0
                -87.620212,41.469833,0
                -87.620411,41.469833,0
                -87.644979,41.469768,0
                -87.648476,41.469758,0
                -87.671212,41.469768,0
                -87.674167,41.469773,0
                -87.70314,41.469784,0
                -87.709839,41.469762,0
                -87.718203,41.469734,0
                -87.732189,41.46971,0
                -87.748271,41.469731,0
                -87.787302,41.469839,0
                -87.790303,41.469846,0
                -87.79031,41.491782,0
                -87.790317,41.499036,0
                -87.790416,41.51351,0
                -87.790408,41.528041,0
                -87.790402,41.53547,0
                -87.792132,41.538309,0
                -87.792793,41.55854,0
                -87.812262,41.558291,0
                -87.825563,41.558124,0
                -87.841951,41.557862,0
                -87.853491,41.557654,0
                -87.853957,41.557645,0
                -87.870786,41.55734,0
                -87.890201,41.557126,0
                -87.909378,41.556881,0
                -87.910461,41.600302,0
                -87.910999,41.614899,0
                -87.91154,41.629409,0
                -87.91193,41.643933,0
                -87.931454,41.643535,0
                -87.950778,41.643099,0
                -87.979817,41.642548,0
                -87.999231,41.642019,0
                -88.027688,41.641506,0
                -88.028354,41.663534,0
                -88.028557,41.669915,0
                -88.028973,41.685242,0
                -88.004455,41.685666,0
                -87.966674,41.686742,0
                -87.941056,41.703447,0
                -87.921071,41.716401,0
                -87.914264,41.716598,0
                -87.91461,41.723888,0
                -87.915119,41.738444,0
                -87.915411,41.745716,0
                -87.915811,41.756835,0
                -87.916322,41.771515,0
                -87.916658,41.780224,0
                -87.91672,41.781733,0
                -87.917016,41.789428,0
                -87.917795,41.808073,0
                -87.918245,41.817872,0
                -87.918282,41.81872,0
                -87.918952,41.833149,0
                -87.919238,41.847681,0
                -87.920462,41.867465,0
                -87.920459,41.873114,0
                -87.920496,41.87641,0
                -87.920606,41.882701,0
                -87.920607,41.883078,0
                -87.920423,41.906843,0
                -87.920342,41.921566,0
                -87.920288,41.9313,0
                -87.920244,41.943126,0
                -87.920243,41.94636,0
                -87.920197,41.953259,0
                -87.920171,41.958165,0
                -87.920229,41.97184,0
                -87.920476,41.993886,0
                -87.938967,41.993515,0
                -87.959231,41.99317,0
                -87.970353,41.993001,0
                -87.976594,41.992915,0
                -87.995425,41.992715,0
                -88.003158,41.992621,0
                -88.03131,41.992526,0
                -88.031449,41.992527,0
                -88.046281,41.991964,0
                -88.080223,41.990752,0
                -88.109855,41.989585,0
                -88.144836,41.988254,0
                -88.145101,41.988242,0
                -88.149353,41.988168,0
                -88.168754,41.987739,0
                -88.183565,41.987612,0
                -88.184215,41.987599,0
                -88.18879,41.987593,0
                -88.207396,41.987326,0
                -88.262875,41.986378,0
                -88.262922,41.993616,0
                -88.263255,42.015492,0
                -88.263427,42.036549,0
                -88.263427,42.03658,0
                -88.263401,42.044882,0
                -88.263408,42.04641,0
                -88.263546,42.05898,0
                -88.263641,42.066873,0
              </coordinates>
            </LinearRing>
          </outerBoundaryIs>
        </Polygon>
      </Placemark>
      <Placemark id="il_counties.3">
        <ExtendedData>
          <SchemaData schemaUrl="#il_counties.schema">
            <SimpleData name="county_label">Iroquois County</SimpleData>
            <SimpleData name="population">27043</SimpleData>
          </SchemaData>
        </ExtendedData>
        <Polygon>
          <outerBoundaryIs>
            <LinearRing>
              <coordinates>
                -88.131935,40.997777,0
                -87.813167,41.00486,0
                -87.771442,41.005684,0
                -87.751472,41.005903,0
                -87.674767,41.007546,0
                -87.526305,41.010346,0
                -87.526084,40.911914,0
                -87.5260605451405,40.9064416462062,0
                -87.526014,40.895582,0
                -87.526437,40.894209,0
                -87.525962,40.880618,0
                -87.526113,40.879703,0
                -87.525783,40.854357,0
                -87.5257905590584,40.8517920104886,0
                -87.5259640650158,40.7929168256982,0
                -87.526129,40.73695,0
                -87.5261290525058,40.7368850793018,0
                -87.5261669102544,40.6900759473575,0
                -87.526292,40.535409,0
                -87.526352,40.535111,0
                -87.526376,40.491574,0
                -87.5263789480033,40.4912367109821,0
                -87.633318,40.48863,0
                -87.689335,40.487957,0
                -87.763518,40.488197,0
                -87.935309,40.485923,0
                -87.9926,40.485568,0
                -88.002858,40.488649,0
                -88.1179,40.487856,0
                -88.120279,40.633884,0
                -88.124997,40.748942,0
                -88.12631,40.792614,0
                -88.129414,40.895063,0
                -88.131935,40.997777,0
              </coordinates>
            </LinearRing>
          </outerBoundaryIs>
        </Polygon>
      </Placemark>
      <Placemark id="il_counties.4">
        <ExtendedData>
          <SchemaData schemaUrl="#il_counties.schema">
            <SimpleData name="county_label">Washington County</SimpleData>
            <SimpleData name="population">13781</SimpleData>
          </SchemaData>
        </ExtendedData>
        <Polygon>
          <outerBoundaryIs>
            <LinearRing>
              <coordinates>
                -89.704245,38.415779,0
                -89.696755,38.425041,0
                -89.667257,38.43223,0
                -89.664018,38.445368,0
                -89.627677,38.450743,0
                -89.615495,38.471849,0
                -89.588923,38.475565,0
                -89.577122,38.483432,0
                -89.568055,38.475745,0
                -89.540047,38.474197,0
                -89.53863,38.481025,0
                -89.490107,38.47174,0
                -89.48942,38.476972,0
                -89.479832,38.469692,0
                -89.455145,38.479769,0
                -89.448521,38.489214,0
                -89.428491,38.499078,0
                -89.410917,38.487404,0
                -89.405914,38.495642,0
                -89.36737,38.497923,0
                -89.36123,38.514501,0
                -89.351483,38.518861,0
                -89.343869,38.510737,0
                -89.310847,38.512375,0
                -89.298971,38.50588,0
                -89.273065,38.504519,0
                -89.254885,38.508556,0
                -89.143866,38.503089,0
                -89.144388,38.473878,0
                -89.145472,38.387436,0
                -89.145647,38.336744,0
                -89.147597,38.212895,0
                -89.592797,38.219271,0
                -89.666073,38.219382,0
                -89.703256,38.219404,0
                -89.703716,38.305495,0
                -89.704245,38.415779,0
              </coordinates>
            </LinearRing>
          </outerBoundaryIs>
        </Polygon>
      </Placemark>
      <Placemark id="il_counties.5">
        <ExtendedData>
          <SchemaData schemaUrl="#il_counties.schema">
            <SimpleData name="county_label">Brown County</SimpleData>
            <SimpleData name="population">6334</SimpleData>
          </SchemaData>
        </ExtendedData>
        <Polygon>
          <outerBoundaryIs>
            <LinearRing>
              <coordinates>
                -90.914687,40.018039,0
                -90.913469,40.104455,0
                -90.696007,40.103967,0
                -90.705793,40.084888,0
                -90.694506,40.079378,0
                -90.673275,40.080885,0
                -90.678015,40.05275,0
                -90.662004,40.046778,0
                -90.653351,40.033143,0
                -90.632327,40.026385,0
                -90.605679,40.025114,0
                -90.619029,40.015159,0
                -90.601947,40.003317,0
                -90.607134,39.981658,0
                -90.543596,39.980359,0
                -90.513747,39.987891,0
                -90.511115,39.967605,0
                -90.532113,39.946012,0
                -90.536721,39.923027,0
                -90.55428,39.901364,0
                -90.57179,39.89427,0
                -90.583534,39.87675,0
                -90.586091,39.871413,0
                -90.571424,39.838961,0
                -90.894252,39.841058,0
                -90.916669,39.844927,0
                -90.914687,40.018039,0
              </coordinates>
            </LinearRing>
          </outerBoundaryIs>
        </Polygon>
      </Placemark>
      <Placemark id="il_counties.6">
        <ExtendedData>
          <SchemaData schemaUrl="#il_counties.schema">
            <SimpleData name="county_label">Bond County</SimpleData>
            <SimpleData name="population">16750</SimpleData>
          </SchemaData>
        </ExtendedData>
        <Polygon>
          <outerBoundaryIs>
            <LinearRing>
              <coordinates>
                -89.639265,38.999129,0
                -89.586092,38.999456,0
                -89.580278,39.028366,0
                -89.473348,39.02777,0
                -89.250309,39.028185,0
                -89.25736,38.99917,0
                -89.256706,38.916253,0
                -89.254185,38.742018,0
                -89.372068,38.741176,0
                -89.48204,38.740509,0
                -89.597321,38.743236,0
                -89.598581,38.801888,0
                -89.599123,38.830529,0
                -89.599593,38.87453,0
                -89.636874,38.874278,0
                -89.639265,38.999129,0
              </coordinates>
            </LinearRing>
          </outerBoundaryIs>
        </Polygon>
      </Placemark>
      <Placemark id="il_counties.7">
        <ExtendedData>
          <SchemaData schemaUrl="#il_counties.schema">
            <SimpleData name="county_label">Kankakee County</SimpleData>
            <SimpleData name="population">107421</SimpleData>
          </SchemaData>
        </ExtendedData>
        <Polygon>
          <outerBoundaryIs>
            <LinearRing>
              <coordinates>
                -88.251501,41.114218,0
                -88.240889,41.114383,0
                -88.244144,41.201566,0
                -88.186532,41.202645,0
                -88.01181,41.205508,0
                -88.011891,41.208191,0
                -88.012009,41.212808,0
                -88.013919,41.292447,0
                -87.900349,41.294295,0
                -87.842535,41.295101,0
                -87.830848,41.295234,0
                -87.78468,41.295818,0
                -87.781662,41.295863,0
                -87.66938,41.296778,0
                -87.623798,41.297163,0
                -87.5267678123418,41.2980516032755,0
                -87.5265703397201,41.166096664112,0
                -87.526567,41.163865,0
                -87.52666,41.16009,0
                -87.526719,41.159448,0
                -87.526693,41.153958,0
                -87.526696,41.149222,0
                -87.5267,41.139658,0
                -87.526711,41.121485,0
                -87.5267109348302,41.1214520234213,0
                -87.5266431807291,41.0871677387787,0
                -87.52652,41.024837,0
                -87.526346,41.010583,0
                -87.526305,41.010346,0
                -87.674767,41.007546,0
                -87.751472,41.005903,0
                -87.771442,41.005684,0
                -87.813167,41.00486,0
                -88.131935,40.997777,0
                -88.2473,40.99456,0
                -88.251501,41.114218,0
              </coordinates>
            </LinearRing>
          </outerBoundaryIs>
        </Polygon>
      </Placemark>
      <Placemark id="il_counties.8">
        <ExtendedData>
          <SchemaData schemaUrl="#il_counties.schema">
            <SimpleData name="county_label">Putnam County</SimpleData>
            <SimpleData name="population">5628</SimpleData>
          </SchemaData>
        </ExtendedData>
        <Polygon>
          <outerBoundaryIs>
            <LinearRing>
              <coordinates>
                -89.466389,41.233872,0
                -89.399657,41.233539,0
                -89.356729,41.233039,0
                -89.350253,41.252554,0
                -89.348198,41.259284,0
                -89.337083,41.281667,0
                -89.33888,41.299134,0
                -89.28071,41.31385,0
                -89.271188,41.320816,0
                -89.263543,41.322457,0
                -89.224854,41.3131,0
                -89.163705,41.310187,0
                -89.163022,41.258576,0
                -89.162782,41.221379,0
                -89.16262,41.192312,0
                -89.162237,41.104008,0
                -89.358437,41.103849,0
                -89.333484,41.123673,0
                -89.32927,41.147931,0
                -89.35016,41.1479,0
                -89.466101,41.148524,0
                -89.466389,41.233872,0
              </coordinates>
            </LinearRing>
          </outerBoundaryIs>
        </Polygon>
      </Placemark>
      <Placemark id="il_counties.9">
        <ExtendedData>
          <SchemaData schemaUrl="#il_counties.schema">
            <SimpleData name="county_label">Saline County</SimpleData>
            <SimpleData name="population">23662</SimpleData>
          </SchemaData>
        </ExtendedData>
        <Polygon>
          <outerBoundaryIs>
            <LinearRing>
              <coordinates>
                -88.708546,37.599277,0
                -88.707562,37.687119,0
                -88.707071,37.804115,0
                -88.706759,37.863457,0
                -88.706622,37.906797,0
                -88.602468,37.907177,0
                -88.595979,37.9067,0
                -88.37453,37.907678,0
                -88.373714,37.761093,0
                -88.373688,37.746872,0
                -88.375434,37.599595,0
                -88.380306,37.5991,0
                -88.412697,37.599625,0
                -88.708546,37.599059,0
                -88.708546,37.599277,0
              </coordinates>
            </LinearRing>
          </outerBoundaryIs>
        </Polygon>
      </Placemark>
      <Placemark id="il_counties.10">
        <ExtendedData>
          <SchemaData schemaUrl="#il_counties.schema">
            <SimpleData name="county_label">Piatt County</SimpleData>
            <SimpleData name="population">16698</SimpleData>
          </SchemaData>
        </ExtendedData>
        <Polygon>
          <outerBoundaryIs>
            <LinearRing>
              <coordinates>
                -88.745957,39.858136,0
                -88.745169,39.963385,0
                -88.745435,39.967568,0
                -88.745164,40.055191,0
                -88.745344,40.098813,0
                -88.688095,40.098695,0
                -88.687993,40.142269,0
                -88.574885,40.281501,0
                -88.4809,40.281216,0
                -88.460418,40.281935,0
                -88.46072,40.223322,0
                -88.463634,40.218257,0
                -88.463273,40.148307,0
                -88.463174,40.142196,0
                -88.46302,40.05503,0
                -88.462207,39.879092,0
                -88.462328,39.79182,0
                -88.473182,39.791837,0
                -88.587523,39.792134,0
                -88.604028,39.792176,0
                -88.745671,39.792146,0
                -88.745967,39.850887,0
                -88.745957,39.858136,0
              </coordinates>
            </LinearRing>
          </outerBoundaryIs>
        </Polygon>
      </Placemark>
      <Placemark id="il_counties.11">
        <ExtendedData>
          <SchemaData schemaUrl="#il_counties.schema">
            <SimpleData name="county_label">Schuyler County</SimpleData>
            <SimpleData name="population">6879</SimpleData>
          </SchemaData>
        </ExtendedData>
        <Polygon>
          <outerBoundaryIs>
            <LinearRing>
              <coordinates>
                -90.911969,40.193088,0
                -90.909756,40.284394,0
                -90.67794,40.278562,0
                -90.450227,40.276335,0
                -90.451916,40.188803,0
                -90.42312,40.188539,0
                -90.199635,40.183812,0
                -90.206144,40.155789,0
                -90.216138,40.150459,0
                -90.268144,40.154563,0
                -90.310386,40.139296,0
                -90.337548,40.136092,0
                -90.354524,40.124217,0
                -90.372836,40.122363,0
                -90.393431,40.091866,0
                -90.393432,40.078759,0
                -90.428638,40.060345,0
                -90.433451,40.024406,0
                -90.440048,40.018163,0
                -90.446611,40.015012,0
                -90.510887,39.993822,0
                -90.513747,39.987891,0
                -90.543596,39.980359,0
                -90.607134,39.981658,0
                -90.601947,40.003317,0
                -90.619029,40.015159,0
                -90.605679,40.025114,0
                -90.632327,40.026385,0
                -90.653351,40.033143,0
                -90.662004,40.046778,0
                -90.678015,40.05275,0
                -90.673275,40.080885,0
                -90.694506,40.079378,0
                -90.705793,40.084888,0
                -90.696007,40.103967,0
                -90.913469,40.104455,0
                -90.911969,40.193088,0
              </coordinates>
            </LinearRing>
          </outerBoundaryIs>
        </Polygon>
      </Placemark>
      <Placemark id="il_counties.12">
        <ExtendedData>
          <SchemaData schemaUrl="#il_counties.schema">
            <SimpleData name="county_label">Christian County</SimpleData>
            <SimpleData name="population">33893</SimpleData>
          </SchemaData>
        </ExtendedData>
        <Polygon>
          <outerBoundaryIs>
            <LinearRing>
              <coordinates>
                -89.535028,39.641138,0
                -89.478473,39.640842,0
                -89.478923,39.683964,0
                -89.443616,39.68395,0
                -89.425033,39.686073,0
                -89.425171,39.762022,0
                -89.409592,39.743641,0
                -89.392858,39.74385,0
                -89.373718,39.758707,0
                -89.362605,39.755799,0
                -89.353958,39.772107,0
                -89.327389,39.764133,0
                -89.303122,39.775813,0
                -89.296367,39.789879,0
                -89.260966,39.805093,0
                -89.246532,39.826085,0
                -89.233523,39.813159,0
                -89.217473,39.813666,0
                -89.18819,39.817524,0
                -89.141967,39.801273,0
                -89.139945,39.699118,0
                -89.138951,39.655136,0
                -89.025691,39.654637,0
                -89.02568,39.654183,0
                -89.023991,39.523072,0
                -89.025382,39.34592,0
                -89.139807,39.348888,0
                -89.251376,39.348707,0
                -89.363591,39.348792,0
                -89.474318,39.348782,0
                -89.530836,39.348864,0
                -89.533526,39.524592,0
                -89.535028,39.641138,0
              </coordinates>
            </LinearRing>
          </outerBoundaryIs>
        </Polygon>
      </Placemark>
      <Placemark id="il_counties.13">
        <ExtendedData>
          <SchemaData schemaUrl="#il_counties.schema">
            <SimpleData name="county_label">Marshall County</SimpleData>
            <SimpleData name="population">11740</SimpleData>
          </SchemaData>
        </ExtendedData>
        <Polygon>
          <outerBoundaryIs>
            <LinearRing>
              <coordinates>
                -89.638528,41.141321,0
                -89.638536,41.148545,0
                -89.466101,41.148524,0
                -89.35016,41.1479,0
                -89.32927,41.147931,0
                -89.333484,41.123673,0
                -89.358437,41.103849,0
                -89.162237,41.104008,0
                -89.047394,41.104786,0
                -89.047254,41.027874,0
                -89.047718,40.925749,0
                -89.160448,40.92709,0
                -89.346053,40.922862,0
                -89.472522,40.921205,0
                -89.462565,40.928217,0
                -89.455306,40.935507,0
                -89.447693,40.973246,0
                -89.638727,40.973707,0
                -89.638528,41.141321,0
              </coordinates>
            </LinearRing>
          </outerBoundaryIs>
        </Polygon>
      </Placemark>
      <Placemark id="il_counties.14">
        <ExtendedData>
          <SchemaData schemaUrl="#il_counties.schema">
            <SimpleData name="county_label">Clay County</SimpleData>
            <SimpleData name="population">13248</SimpleData>
          </SchemaData>
        </ExtendedData>
        <Polygon>
          <outerBoundaryIs>
            <LinearRing>
              <coordinates>
                -88.69837,38.629821,0
                -88.697518,38.693366,0
                -88.695165,38.826299,0
                -88.695025,38.833719,0
                -88.693531,38.914617,0
                -88.579581,38.915382,0
                -88.540136,38.914507,0
                -88.361745,38.910847,0
                -88.361758,38.852124,0
                -88.258583,38.847529,0
                -88.258051,38.767217,0
                -88.257783,38.731139,0
                -88.287079,38.727936,0
                -88.284043,38.687037,0
                -88.278253,38.675713,0
                -88.279811,38.672345,0
                -88.273135,38.657919,0
                -88.293356,38.642009,0
                -88.292421,38.626487,0
                -88.253978,38.599502,0
                -88.364181,38.602237,0
                -88.584531,38.607309,0
                -88.698459,38.606062,0
                -88.69837,38.629821,0
              </coordinates>
            </LinearRing>
          </outerBoundaryIs>
        </Polygon>
      </Placemark>
      <Placemark id="il_counties.15">
        <ExtendedData>
          <SchemaData schemaUrl="#il_counties.schema">
            <SimpleData name="county_label">Coles County</SimpleData>
            <SimpleData name="population">47076</SimpleData>
          </SchemaData>
        </ExtendedData>
        <Polygon>
          <outerBoundaryIs>
            <LinearRing>
              <coordinates>
                -88.472073,39.651588,0
                -88.352238,39.651794,0
                -88.314033,39.651805,0
                -88.24699,39.65233,0
                -88.139551,39.652057,0
                -88.063518,39.652657,0
                -88.063013,39.681311,0
                -87.966347,39.685973,0
                -87.964567,39.598181,0
                -87.963634,39.568914,0
                -87.960179,39.481309,0
                -88.013944,39.48079,0
                -88.012121,39.378968,0
                -88.026521,39.377545,0
                -88.102332,39.376462,0
                -88.267089,39.374491,0
                -88.323051,39.374273,0
                -88.47083,39.374515,0
                -88.470351,39.432629,0
                -88.470505,39.447041,0
                -88.472073,39.651588,0
              </coordinates>
            </LinearRing>
          </outerBoundaryIs>
        </Polygon>
      </Placemark>
      <Placemark id="il_counties.16">
        <ExtendedData>
          <SchemaData schemaUrl="#il_counties.schema">
            <SimpleData name="county_label">Effingham County</SimpleData>
            <SimpleData name="population">34594</SimpleData>
          </SchemaData>
        </ExtendedData>
        <Polygon>
          <outerBoundaryIs>
            <LinearRing>
              <coordinates>
                -88.805945,39.026361,0
                -88.805688,39.086336,0
                -88.805325,39.216263,0
                -88.554759,39.215222,0
                -88.470906,39.215029,0
                -88.470865,39.171463,0
                -88.360654,39.171118,0
                -88.360504,39.089872,0
                -88.361745,38.910847,0
                -88.540136,38.914507,0
                -88.579581,38.915382,0
                -88.693531,38.914617,0
                -88.806795,38.911585,0
                -88.805945,39.026361,0
              </coordinates>
            </LinearRing>
          </outerBoundaryIs>
        </Polygon>
      </Placemark>
      <Placemark id="il_counties.17">
        <ExtendedData>
          <SchemaData schemaUrl="#il_counties.schema">
            <SimpleData name="county_label">Cumberland County</SimpleData>
            <SimpleData name="population">10447</SimpleData>
          </SchemaData>
        </ExtendedData>
        <Polygon>
          <outerBoundaryIs>
            <LinearRing>
              <coordinates>
                -88.471157,39.356224,0
                -88.47083,39.374515,0
                -88.323051,39.374273,0
                -88.267089,39.374491,0
                -88.102332,39.376462,0
                -88.026521,39.377545,0
                -88.012121,39.378968,0
                -88.011728,39.349837,0
                -88.009743,39.261775,0
                -88.007766,39.173925,0
                -88.24875,39.171372,0
                -88.303028,39.171217,0
                -88.360654,39.171118,0
                -88.470865,39.171463,0
                -88.470906,39.215029,0
                -88.471157,39.356224,0
              </coordinates>
            </LinearRing>
          </outerBoundaryIs>
        </Polygon>
      </Placemark>
      <Placemark id="il_counties.18">
        <ExtendedData>
          <SchemaData schemaUrl="#il_counties.schema">
            <SimpleData name="county_label">Warren County</SimpleData>
            <SimpleData name="population">16760</SimpleData>
          </SchemaData>
        </ExtendedData>
        <Polygon>
          <outerBoundaryIs>
            <LinearRing>
              <coordinates>
                -90.788392,40.799231,0
                -90.788354,40.806501,0
                -90.787039,40.915964,0
                -90.785194,41.068749,0
                -90.745355,41.06833,0
                -90.667715,41.067595,0
                -90.625791,41.066655,0
                -90.550218,41.064065,0
                -90.439423,41.063995,0
                -90.440096,41.020093,0
                -90.440524,40.97649,0
                -90.441216,40.922683,0
                -90.441277,40.918262,0
                -90.44176,40.88906,0
                -90.442604,40.829453,0
                -90.442891,40.801565,0
                -90.444339,40.714868,0
                -90.445627,40.627638,0
                -90.559983,40.630448,0
                -90.673198,40.631498,0
                -90.789652,40.63575,0
                -90.788392,40.799231,0
              </coordinates>
            </LinearRing>
          </outerBoundaryIs>
        </Polygon>
      </Placemark>
      <Placemark id="il_counties.19">
        <ExtendedData>
          <SchemaData schemaUrl="#il_counties.schema">
            <SimpleData name="county_label">Boone County</SimpleData>
            <SimpleData name="population">53459</SimpleData>
          </SchemaData>
        </ExtendedData>
        <Polygon>
          <outerBoundaryIs>
            <LinearRing>
              <coordinates>
                -88.94093,42.249769,0
                -88.940918,42.274223,0
                -88.940806,42.290438,0
                -88.940602,42.319624,0
                -88.940218,42.32666,0
                -88.940441,42.370233,0
                -88.940753,42.41387,0
                -88.940391,42.495046,0
                -88.8945838330663,42.4941331943769,0
                -88.786681,42.491983,0
                -88.7765901212019,42.4920232291027,0
                -88.76536,42.492068,0
                -88.7074208085447,42.4935859308696,0
                -88.705941,42.414989,0
                -88.70561,42.327882,0
                -88.705474,42.256428,0
                -88.70541,42.252438,0
                -88.705585,42.153537,0
                -88.822419,42.153391,0
                -88.861515,42.153046,0
                -88.939732,42.15232,0
                -88.94097,42.238385,0
                -88.94093,42.249769,0
              </coordinates>
            </LinearRing>
          </outerBoundaryIs>
        </Polygon>
      </Placemark>
      <Placemark id="il_counties.20">
        <ExtendedData>
          <SchemaData schemaUrl="#il_counties.schema">
            <SimpleData name="county_label">Bureau County</SimpleData>
            <SimpleData name="population">33203</SimpleData>
          </SchemaData>
        </ExtendedData>
        <Polygon>
          <outerBoundaryIs>
            <LinearRing>
              <coordinates>
                -89.862351,41.584005,0
                -89.631494,41.584949,0
                -89.531719,41.585056,0
                -89.400868,41.584926,0
                -89.276918,41.585121,0
                -89.166561,41.585289,0
                -89.166487,41.497816,0
                -89.166542,41.495832,0
                -89.165304,41.408427,0
                -89.16462,41.364568,0
                -89.163999,41.328053,0
                -89.163705,41.310187,0
                -89.224854,41.3131,0
                -89.263543,41.322457,0
                -89.271188,41.320816,0
                -89.28071,41.31385,0
                -89.33888,41.299134,0
                -89.337083,41.281667,0
                -89.348198,41.259284,0
                -89.350253,41.252554,0
                -89.356729,41.233039,0
                -89.399657,41.233539,0
                -89.466389,41.233872,0
                -89.466101,41.148524,0
                -89.638536,41.148545,0
                -89.638647,41.221231,0
                -89.644789,41.233853,0
                -89.857616,41.234479,0
                -89.857194,41.272871,0
                -89.85703,41.278261,0
                -89.856619,41.320967,0
                -89.856886,41.39347,0
                -89.8569,41.40151,0
                -89.857369,41.51837,0
                -89.862351,41.584005,0
              </coordinates>
            </LinearRing>
          </outerBoundaryIs>
        </Polygon>
      </Placemark>
      <Placemark id="il_counties.21">
        <ExtendedData>
          <SchemaData schemaUrl="#il_counties.schema">
            <SimpleData name="county_label">Stark County</SimpleData>
            <SimpleData name="population">5395</SimpleData>
          </SchemaData>
        </ExtendedData>
        <Polygon>
          <outerBoundaryIs>
            <LinearRing>
              <coordinates>
                -89.984901,41.084105,0
                -89.984559,41.149394,0
                -89.868152,41.149493,0
                -89.867847,41.214925,0
                -89.867793,41.23443,0
                -89.857616,41.234479,0
                -89.644789,41.233853,0
                -89.638647,41.221231,0
                -89.638536,41.148545,0
                -89.638528,41.141321,0
                -89.638727,40.973707,0
                -89.650719,40.973754,0
                -89.985479,40.974495,0
                -89.984901,41.084105,0
              </coordinates>
            </LinearRing>
          </outerBoundaryIs>
        </Polygon>
      </Placemark>
      <Placemark id="il_counties.22">
        <ExtendedData>
          <SchemaData schemaUrl="#il_counties.schema">
            <SimpleData name="county_label">Shelby County</SimpleData>
            <SimpleData name="population">21042</SimpleData>
          </SchemaData>
        </ExtendedData>
        <Polygon>
          <outerBoundaryIs>
            <LinearRing>
              <coordinates>
                -89.139807,39.348888,0
                -89.025382,39.34592,0
                -89.023991,39.523072,0
                -89.02568,39.654183,0
                -88.921087,39.652682,0
                -88.810575,39.653222,0
                -88.81058,39.652771,0
                -88.809051,39.580241,0
                -88.717438,39.579334,0
                -88.707334,39.521063,0
                -88.641468,39.520958,0
                -88.608129,39.491678,0
                -88.603185,39.477031,0
                -88.584543,39.476988,0
                -88.584273,39.447582,0
                -88.470505,39.447041,0
                -88.470351,39.432629,0
                -88.47083,39.374515,0
                -88.471157,39.356224,0
                -88.470906,39.215029,0
                -88.554759,39.215222,0
                -88.805325,39.216263,0
                -88.898881,39.216489,0
                -89.035187,39.215608,0
                -89.13553,39.217192,0
                -89.139464,39.217773,0
                -89.139807,39.348888,0
              </coordinates>
            </LinearRing>
          </outerBoundaryIs>
        </Polygon>
      </Placemark>
      <Placemark id="il_counties.23">
        <ExtendedData>
          <SchemaData schemaUrl="#il_counties.schema">
            <SimpleData name="county_label">Jasper County</SimpleData>
            <SimpleData name="population">9295</SimpleData>
          </SchemaData>
        </ExtendedData>
        <Polygon>
          <outerBoundaryIs>
            <LinearRing>
              <coordinates>
                -88.361745,38.910847,0
                -88.360504,39.089872,0
                -88.360654,39.171118,0
                -88.303028,39.171217,0
                -88.24875,39.171372,0
                -88.007766,39.173925,0
                -87.950385,39.174882,0
                -87.946706,39.068348,0
                -87.946239,39.010211,0
                -87.945485,38.960605,0
                -87.945919,38.850148,0
                -88.258583,38.847529,0
                -88.361758,38.852124,0
                -88.361745,38.910847,0
              </coordinates>
            </LinearRing>
          </outerBoundaryIs>
        </Polygon>
      </Placemark>
      <Placemark id="il_counties.24">
        <ExtendedData>
          <SchemaData schemaUrl="#il_counties.schema">
            <SimpleData name="county_label">Hamilton County</SimpleData>
            <SimpleData name="population">8008</SimpleData>
          </SchemaData>
        </ExtendedData>
        <Polygon>
          <outerBoundaryIs>
            <LinearRing>
              <coordinates>
                -88.705481,38.070825,0
                -88.704606,38.125195,0
                -88.702391,38.256661,0
                -88.370367,38.255481,0
                -88.370375,38.255319,0
                -88.370816,38.248662,0
                -88.372973,38.082355,0
                -88.373602,38.053515,0
                -88.374521,37.908391,0
                -88.37453,37.907678,0
                -88.595979,37.9067,0
                -88.602468,37.907177,0
                -88.706622,37.906797,0
                -88.705481,38.070825,0
              </coordinates>
            </LinearRing>
          </outerBoundaryIs>
        </Polygon>
      </Placemark>
      <Placemark id="il_counties.25">
        <ExtendedData>
          <SchemaData schemaUrl="#il_counties.schema">
            <SimpleData name="county_label">Ford County</SimpleData>
            <SimpleData name="population">13484</SimpleData>
          </SchemaData>
        </ExtendedData>
        <Polygon>
          <outerBoundaryIs>
            <LinearRing>
              <coordinates>
                -88.459227,40.486243,0
                -88.45926,40.530039,0
                -88.459349,40.573568,0
                -88.459475,40.617345,0
                -88.23495,40.618208,0
                -88.23529,40.63243,0
                -88.239459,40.756033,0
                -88.241542,40.828523,0
                -88.2473,40.99456,0
                -88.131935,40.997777,0
                -88.129414,40.895063,0
                -88.12631,40.792614,0
                -88.124997,40.748942,0
                -88.120279,40.633884,0
                -88.1179,40.487856,0
                -88.002858,40.488649,0
                -87.9926,40.485568,0
                -87.935309,40.485923,0
                -87.93187,40.404165,0
                -87.932387,40.3994,0
                -88.23372,40.399518,0
                -88.252831,40.399335,0
                -88.346987,40.398417,0
                -88.459957,40.39885,0
                -88.459227,40.486243,0
              </coordinates>
            </LinearRing>
          </outerBoundaryIs>
        </Polygon>
      </Placemark>
      <Placemark id="il_counties.26">
        <ExtendedData>
          <SchemaData schemaUrl="#il_counties.schema">
            <SimpleData name="county_label">Douglas County</SimpleData>
            <SimpleData name="population">19714</SimpleData>
          </SchemaData>
        </ExtendedData>
        <Polygon>
          <outerBoundaryIs>
            <LinearRing>
              <coordinates>
                -88.473182,39.791837,0
                -88.462328,39.79182,0
                -88.462207,39.879092,0
                -88.406105,39.879235,0
                -88.292716,39.87924,0
                -88.278719,39.879178,0
                -88.236361,39.879115,0
                -88.1227,39.880223,0
                -87.937645,39.879803,0
                -87.937029,39.792371,0
                -87.968777,39.79235,0
                -87.966347,39.685973,0
                -88.063013,39.681311,0
                -88.063518,39.652657,0
                -88.139551,39.652057,0
                -88.24699,39.65233,0
                -88.314033,39.651805,0
                -88.352238,39.651794,0
                -88.472073,39.651588,0
                -88.473182,39.791837,0
              </coordinates>
            </LinearRing>
          </outerBoundaryIs>
        </Polygon>
      </Placemark>
      <Placemark id="il_counties.27">
        <ExtendedData>
          <SchemaData schemaUrl="#il_counties.schema">
            <SimpleData name="county_label">Johnson County</SimpleData>
            <SimpleData name="population">13313</SimpleData>
          </SchemaData>
        </ExtendedData>
        <Polygon>
          <outerBoundaryIs>
            <LinearRing>
              <coordinates>
                -89.044799,37.329717,0
                -89.044348,37.441755,0
                -89.041401,37.596576,0
                -88.937756,37.59669,0
                -88.874231,37.596981,0
                -88.818894,37.600677,0
                -88.708546,37.599277,0
                -88.708546,37.599059,0
                -88.710688,37.39063,0
                -88.710738,37.337081,0
                -88.728691,37.335317,0
                -88.905071,37.335743,0
                -88.897561,37.317491,0
                -88.928757,37.302848,0
                -88.955754,37.297486,0
                -89.003541,37.311242,0
                -89.044691,37.293933,0
                -89.044799,37.329717,0
              </coordinates>
            </LinearRing>
          </outerBoundaryIs>
        </Polygon>
      </Placemark>
      <Placemark id="il_counties.28">
        <ExtendedData>
          <SchemaData schemaUrl="#il_counties.schema">
            <SimpleData name="county_label">Moultrie County</SimpleData>
            <SimpleData name="population">14531</SimpleData>
          </SchemaData>
        </ExtendedData>
        <Polygon>
          <outerBoundaryIs>
            <LinearRing>
              <coordinates>
                -88.812709,39.740486,0
                -88.75784,39.739907,0
                -88.75866,39.792067,0
                -88.745671,39.792146,0
                -88.604028,39.792176,0
                -88.587523,39.792134,0
                -88.473182,39.791837,0
                -88.472073,39.651588,0
                -88.470505,39.447041,0
                -88.584273,39.447582,0
                -88.584543,39.476988,0
                -88.603185,39.477031,0
                -88.608129,39.491678,0
                -88.641468,39.520958,0
                -88.707334,39.521063,0
                -88.717438,39.579334,0
                -88.809051,39.580241,0
                -88.81058,39.652771,0
                -88.810575,39.653222,0
                -88.812709,39.740486,0
              </coordinates>
            </LinearRing>
          </outerBoundaryIs>
        </Polygon>
      </Placemark>
      <Placemark id="il_counties.29">
        <ExtendedData>
          <SchemaData schemaUrl="#il_counties.schema">
            <SimpleData name="county_label">Edwards County</SimpleData>
            <SimpleData name="population">6182</SimpleData>
          </SchemaData>
        </ExtendedData>
        <Polygon>
          <outerBoundaryIs>
            <LinearRing>
              <coordinates>
                -88.148347,38.415042,0
                -88.147803,38.569037,0
                -87.954675,38.57023,0
                -87.951903,38.542227,0
                -87.941849,38.528248,0
                -87.955044,38.515043,0
                -87.955556,38.489468,0
                -87.941944,38.461025,0
                -87.942888,38.449629,0
                -87.952249,38.418103,0
                -87.963028,38.415342,0
                -87.976012,38.400614,0
                -87.964956,38.391072,0
                -87.977134,38.377266,0
                -87.967298,38.353556,0
                -87.953892,38.337009,0
                -87.956336,38.317347,0
                -87.946594,38.308672,0
                -87.957131,38.299884,0
                -87.951092,38.290935,0
                -87.977924,38.281952,0
                -87.972973,38.27482,0
                -87.991726,38.269619,0
                -87.990628,38.259629,0
                -88.027749,38.255661,0
                -88.150891,38.256156,0
                -88.148347,38.415042,0
              </coordinates>
            </LinearRing>
          </outerBoundaryIs>
        </Polygon>
      </Placemark>
      <Placemark id="il_counties.30">
        <ExtendedData>
          <SchemaData schemaUrl="#il_counties.schema">
            <SimpleData name="county_label">De Witt County</SimpleData>
            <SimpleData name="population">15535</SimpleData>
          </SchemaData>
        </ExtendedData>
        <Polygon>
          <outerBoundaryIs>
            <LinearRing>
              <coordinates>
                -89.148764,40.282038,0
                -89.034711,40.282797,0
                -88.977392,40.283192,0
                -88.804427,40.282706,0
                -88.746002,40.282337,0
                -88.574885,40.281501,0
                -88.687993,40.142269,0
                -88.688095,40.098695,0
                -88.745344,40.098813,0
                -88.745164,40.055191,0
                -88.966315,40.051831,0
                -89.029066,40.049839,0
                -89.144764,40.048853,0
                -89.145973,40.136357,0
                -89.148764,40.282038,0
              </coordinates>
            </LinearRing>
          </outerBoundaryIs>
        </Polygon>
      </Placemark>
      <Placemark id="il_counties.31">
        <ExtendedData>
          <SchemaData schemaUrl="#il_counties.schema">
            <SimpleData name="county_label">McDonough County</SimpleData>
            <SimpleData name="population">27370</SimpleData>
          </SchemaData>
        </ExtendedData>
        <Polygon>
          <outerBoundaryIs>
            <LinearRing>
              <coordinates>
                -90.907335,40.462592,0
                -90.904216,40.639201,0
                -90.789652,40.63575,0
                -90.673198,40.631498,0
                -90.559983,40.630448,0
                -90.445627,40.627638,0
                -90.446883,40.539839,0
                -90.447461,40.452055,0
                -90.449054,40.327619,0
                -90.450227,40.276335,0
                -90.67794,40.278562,0
                -90.909756,40.284394,0
                -90.907335,40.462592,0
              </coordinates>
            </LinearRing>
          </outerBoundaryIs>
        </Polygon>
      </Placemark>
      <Placemark id="il_counties.32">
        <ExtendedData>
          <SchemaData schemaUrl="#il_counties.schema">
            <SimpleData name="county_label">Franklin County</SimpleData>
            <SimpleData name="population">37810</SimpleData>
          </SchemaData>
        </ExtendedData>
        <Polygon>
          <outerBoundaryIs>
            <LinearRing>
              <coordinates>
                -89.16189,37.957356,0
                -89.140708,38.000362,0
                -89.1403,38.033089,0
                -89.133183,38.052216,0
                -89.118573,38.059231,0
                -89.11793,38.09631,0
                -89.129823,38.111892,0
                -89.129632,38.124767,0
                -88.994889,38.125247,0
                -88.958479,38.125384,0
                -88.87589,38.126179,0
                -88.853308,38.12661,0
                -88.704606,38.125195,0
                -88.705481,38.070825,0
                -88.706622,37.906797,0
                -88.706759,37.863457,0
                -88.762317,37.8633,0
                -88.86904,37.862613,0
                -88.902603,37.862391,0
                -88.942697,37.862137,0
                -88.958758,37.862037,0
                -89.055993,37.862044,0
                -89.058394,37.862051,0
                -89.151176,37.861999,0
                -89.150755,37.945185,0
                -89.150834,37.950196,0
                -89.177597,37.950311,0
                -89.16189,37.957356,0
              </coordinates>
            </LinearRing>
          </outerBoundaryIs>
        </Polygon>
      </Placemark>
      <Placemark id="il_counties.33">
        <ExtendedData>
          <SchemaData schemaUrl="#il_counties.schema">
            <SimpleData name="county_label">McLean County</SimpleData>
            <SimpleData name="population">171284</SimpleData>
          </SchemaData>
        </ExtendedData>
        <Polygon>
          <outerBoundaryIs>
            <LinearRing>
              <coordinates>
                -89.269397,40.594318,0
                -89.133752,40.596734,0
                -89.134217,40.61149,0
                -89.101134,40.612326,0
                -89.101569,40.625036,0
                -89.044368,40.627428,0
                -89.045072,40.658455,0
                -89.042488,40.664002,0
                -88.984722,40.664953,0
                -88.986896,40.752297,0
                -88.929331,40.753337,0
                -88.814487,40.75506,0
                -88.757092,40.755648,0
                -88.584272,40.757608,0
                -88.583738,40.728639,0
                -88.582355,40.670792,0
                -88.574502,40.61655,0
                -88.459475,40.617345,0
                -88.459349,40.573568,0
                -88.45926,40.530039,0
                -88.459227,40.486243,0
                -88.459957,40.39885,0
                -88.460269,40.310991,0
                -88.460418,40.281935,0
                -88.4809,40.281216,0
                -88.574885,40.281501,0
                -88.746002,40.282337,0
                -88.804427,40.282706,0
                -88.977392,40.283192,0
                -89.034711,40.282797,0
                -89.148764,40.282038,0
                -89.26265,40.280919,0
                -89.26374,40.325344,0
                -89.265404,40.42753,0
                -89.266499,40.485552,0
                -89.269397,40.594318,0
              </coordinates>
            </LinearRing>
          </outerBoundaryIs>
        </Polygon>
      </Placemark>
      <Placemark id="il_counties.34">
        <ExtendedData>
          <SchemaData schemaUrl="#il_counties.schema">
            <SimpleData name="county_label">Stephenson County</SimpleData>
            <SimpleData name="population">44482</SimpleData>
          </SchemaData>
        </ExtendedData>
        <Polygon>
          <outerBoundaryIs>
            <LinearRing>
              <coordinates>
                -89.926374,42.505788,0
                -89.8375874625297,42.5055426328327,0
                -89.801897,42.505444,0
                -89.799704,42.505421,0
                -89.793957,42.505466,0
                -89.780302,42.505349,0
                -89.769643,42.505322,0
                -89.742395,42.505382,0
                -89.7341765287296,42.5053344448481,0
                -89.693487,42.505099,0
                -89.690088,42.505191,0
                -89.667596,42.50496,0
                -89.650324,42.504613,0
                -89.644176,42.50452,0
                -89.61341,42.503942,0
                -89.603523,42.503557,0
                -89.600001,42.503672,0
                -89.594779,42.503468,0
                -89.5816363826683,42.5031045139418,0
                -89.564407,42.502628,0
                -89.522542,42.501889,0
                -89.493216,42.501514,0
                -89.492612,42.501514,0
                -89.4843,42.501426,0
                -89.425162,42.500726,0
                -89.423926,42.500818,0
                -89.422567,42.50068,0
                -89.420991,42.500589,0
                -89.401432,42.500433,0
                -89.4014163930295,42.5004329299029,0
                -89.398011,42.375173,0
                -89.397665,42.332022,0
                -89.397434,42.288722,0
                -89.396192,42.201916,0
                -89.435033,42.201249,0
                -89.629821,42.200534,0
                -89.688486,42.199112,0
                -89.746738,42.197961,0
                -89.905757,42.196872,0
                -89.919772,42.196881,0
                -89.923558,42.371416,0
                -89.923684,42.376957,0
                -89.924242,42.400653,0
                -89.9264661378398,42.5057871623833,0
                -89.926374,42.505788,0
              </coordinates>
            </LinearRing>
          </outerBoundaryIs>
        </Polygon>
      </Placemark>
      <Placemark id="il_counties.35">
        <ExtendedData>
          <SchemaData schemaUrl="#il_counties.schema">
            <SimpleData name="county_label">Jefferson County</SimpleData>
            <SimpleData name="population">37043</SimpleData>
          </SchemaData>
        </ExtendedData>
        <Polygon>
          <outerBoundaryIs>
            <LinearRing>
              <coordinates>
                -89.147597,38.212895,0
                -89.145647,38.336744,0
                -89.145472,38.387436,0
                -89.144388,38.473878,0
                -89.139882,38.473913,0
                -89.033155,38.473963,0
                -88.959933,38.475984,0
                -88.922336,38.476968,0
                -88.847528,38.476106,0
                -88.698961,38.474914,0
                -88.699445,38.401675,0
                -88.702197,38.271932,0
                -88.702391,38.256661,0
                -88.704606,38.125195,0
                -88.853308,38.12661,0
                -88.87589,38.126179,0
                -88.958479,38.125384,0
                -88.994889,38.125247,0
                -89.129632,38.124767,0
                -89.149841,38.125054,0
                -89.147597,38.212895,0
              </coordinates>
            </LinearRing>
          </outerBoundaryIs>
        </Polygon>
      </Placemark>
      <Placemark id="il_counties.36">
        <ExtendedData>
          <SchemaData schemaUrl="#il_counties.schema">
            <SimpleData name="county_label">Kane County</SimpleData>
            <SimpleData name="population">517254</SimpleData>
          </SchemaData>
        </ExtendedData>
        <Polygon>
          <outerBoundaryIs>
            <LinearRing>
              <coordinates>
                -88.602566,41.806847,0
                -88.601686,41.873325,0
                -88.601399,41.952151,0
                -88.601289,41.981473,0
                -88.60156,42.017925,0
                -88.601709,42.041473,0
                -88.601958,42.066469,0
                -88.58833,42.066462,0
                -88.588344,42.110025,0
                -88.588657,42.15359,0
                -88.481781,42.153754,0
                -88.432487,42.153823,0
                -88.38898,42.153911,0
                -88.369403,42.154016,0
                -88.354416,42.154,0
                -88.32117,42.153865,0
                -88.316265,42.153842,0
                -88.28649,42.153723,0
                -88.277284,42.153971,0
                -88.257734,42.154079,0
                -88.238449,42.154249,0
                -88.238346,42.132288,0
                -88.238316,42.114009,0
                -88.238334,42.106616,0
                -88.238257,42.092348,0
                -88.238276,42.085121,0
                -88.238186,42.066985,0
                -88.263641,42.066873,0
                -88.263546,42.05898,0
                -88.263408,42.04641,0
                -88.263401,42.044882,0
                -88.263427,42.03658,0
                -88.263427,42.036549,0
                -88.263255,42.015492,0
                -88.262922,41.993616,0
                -88.262875,41.986378,0
                -88.262706,41.950726,0
                -88.262531,41.9222,0
                -88.262574,41.92129,0
                -88.26241,41.899234,0
                -88.262487,41.88191,0
                -88.262552,41.871154,0
                -88.262539,41.862913,0
                -88.26271,41.84151,0
                -88.262711,41.840976,0
                -88.262787,41.815632,0
                -88.26279,41.812301,0
                -88.26279,41.812132,0
                -88.262407,41.782905,0
                -88.262274,41.772172,0
                -88.262272,41.772095,0
                -88.262173,41.764668,0
                -88.26212,41.760446,0
                -88.26198,41.746456,0
                -88.261937,41.7376,0
                -88.261894,41.73224,0
                -88.261952,41.724652,0
                -88.278603,41.724403,0
                -88.319495,41.723605,0
                -88.343216,41.723197,0
                -88.37131,41.7227,0
                -88.37532,41.72261,0
                -88.376361,41.722574,0
                -88.42403,41.72202,0
                -88.443812,41.721786,0
                -88.489188,41.721128,0
                -88.489673,41.721121,0
                -88.54782,41.72018,0
                -88.601933,41.719563,0
                -88.602566,41.806847,0
              </coordinates>
            </LinearRing>
          </outerBoundaryIs>
        </Polygon>
      </Placemark>
      <Placemark id="il_counties.37">
        <ExtendedData>
          <SchemaData schemaUrl="#il_counties.schema">
            <SimpleData name="county_label">Morgan County</SimpleData>
            <SimpleData name="population">32882</SimpleData>
          </SchemaData>
        </ExtendedData>
        <Polygon>
          <outerBoundaryIs>
            <LinearRing>
              <coordinates>
                -90.565737,39.83007,0
                -90.571424,39.838961,0
                -90.586091,39.871413,0
                -90.583534,39.87675,0
                -90.410101,39.875441,0
                -90.295321,39.874208,0
                -90.192604,39.873169,0
                -89.994405,39.87286,0
                -89.993539,39.785393,0
                -89.985562,39.785416,0
                -89.984959,39.737166,0
                -89.984745,39.718079,0
                -89.924001,39.558435,0
                -89.926037,39.522104,0
                -90.099669,39.520762,0
                -90.153782,39.520315,0
                -90.301831,39.520344,0
                -90.300666,39.636541,0
                -90.338126,39.636633,0
                -90.337812,39.665583,0
                -90.372969,39.665781,0
                -90.372833,39.673097,0
                -90.3727,39.680432,0
                -90.371413,39.743488,0
                -90.371256,39.753122,0
                -90.483318,39.753238,0
                -90.483063,39.78924,0
                -90.599105,39.79006,0
                -90.565737,39.83007,0
              </coordinates>
            </LinearRing>
          </outerBoundaryIs>
        </Polygon>
      </Placemark>
      <Placemark id="il_counties.38">
        <ExtendedData>
          <SchemaData schemaUrl="#il_counties.schema">
            <SimpleData name="county_label">Peoria County</SimpleData>
            <SimpleData name="population">181186</SimpleData>
          </SchemaData>
        </ExtendedData>
        <Polygon>
          <outerBoundaryIs>
            <LinearRing>
              <coordinates>
                -89.987211,40.683459,0
                -89.986064,40.712361,0
                -89.985373,40.792672,0
                -89.985333,40.800074,0
                -89.985429,40.887645,0
                -89.985506,40.961116,0
                -89.985479,40.974495,0
                -89.650719,40.973754,0
                -89.638727,40.973707,0
                -89.447693,40.973246,0
                -89.455306,40.935507,0
                -89.462565,40.928217,0
                -89.472522,40.921205,0
                -89.474787,40.913265,0
                -89.488637,40.898784,0
                -89.492351,40.886358,0
                -89.498757,40.874063,0
                -89.523486,40.857251,0
                -89.524832,40.854062,0
                -89.527679,40.849202,0
                -89.526744,40.842286,0
                -89.559495,40.799098,0
                -89.563626,40.782133,0
                -89.556595,40.760244,0
                -89.553433,40.747636,0
                -89.550256,40.739051,0
                -89.549359,40.728913,0
                -89.547063,40.720418,0
                -89.557112,40.698708,0
                -89.569629,40.695661,0
                -89.576742,40.693042,0
                -89.591948,40.684515,0
                -89.60044,40.677571,0
                -89.613756,40.665081,0
                -89.616369,40.660759,0
                -89.610973,40.652322,0
                -89.61111,40.648974,0
                -89.622439,40.635124,0
                -89.653688,40.60749,0
                -89.658,40.602625,0
                -89.660054,40.596664,0
                -89.653889,40.578509,0
                -89.65863,40.567361,0
                -89.664309,40.562404,0
                -89.675302,40.554141,0
                -89.697072,40.562032,0
                -89.741422,40.550928,0
                -89.771236,40.553079,0
                -89.81357,40.540564,0
                -89.872462,40.513225,0
                -89.872275,40.567039,0
                -89.874122,40.580627,0
                -89.873683,40.624517,0
                -89.87368,40.624975,0
                -89.988959,40.626226,0
                -89.987211,40.683459,0
              </coordinates>
            </LinearRing>
          </outerBoundaryIs>
        </Polygon>
      </Placemark>
      <Placemark id="il_counties.39">
        <ExtendedData>
          <SchemaData schemaUrl="#il_counties.schema">
            <SimpleData name="county_label">Randolph County</SimpleData>
            <SimpleData name="population">30413</SimpleData>
          </SchemaData>
        </ExtendedData>
        <Polygon>
          <outerBoundaryIs>
            <LinearRing>
              <coordinates>
                -90.204892540831,38.0870159531537,0
                -90.035867,38.135736,0
                -90.036065,38.14756,0
                -90.036311,38.223125,0
                -89.899354,38.220756,0
                -89.899043,38.220755,0
                -89.703256,38.219404,0
                -89.666073,38.219382,0
                -89.592797,38.219271,0
                -89.592556,38.1172,0
                -89.59341,38.043666,0
                -89.594769,37.969968,0
                -89.595073,37.955343,0
                -89.624487,37.908569,0
                -89.65631,37.858679,0
                -89.660289,37.838419,0
                -89.680705,37.822676,0
                -89.675999,37.80841,0
                -89.6744157937809,37.8030052944616,0
                -89.677605,37.805066,0
                -89.68285,37.807789,0
                -89.696559,37.814337,0
                -89.702844,37.816812,0
                -89.71748,37.825724,0
                -89.729426,37.835081,0
                -89.732737,37.838507,0
                -89.736439,37.843494,0
                -89.739873,37.84693,0
                -89.749961,37.846984,0
                -89.754104,37.846358,0
                -89.757363,37.847613,0
                -89.761992,37.850657,0
                -89.765222,37.851782,0
                -89.774306,37.852123,0
                -89.779828,37.853896,0
                -89.782035,37.855092,0
                -89.786369,37.851734,0
                -89.793718,37.857054,0
                -89.796087,37.859505,0
                -89.80036,37.868625,0
                -89.799835,37.871367,0
                -89.797678,37.874202,0
                -89.798041,37.879655,0
                -89.799333,37.881517,0
                -89.803913,37.882985,0
                -89.813647,37.88771,0
                -89.836254,37.901802,0
                -89.8371824101669,37.9022947324639,0
                -89.842649,37.905196,0
                -89.844786,37.905572,0
                -89.851048,37.90398,0
                -89.862949,37.896906,0
                -89.866988,37.893519,0
                -89.876594,37.883294,0
                -89.881475,37.879591,0
                -89.897301,37.871605,0
                -89.901832,37.869822,0
                -89.913317,37.869641,0
                -89.923185,37.870672,0
                -89.937383,37.874693,0
                -89.9381907218617,37.8751107703036,0
                -89.950594,37.881526,0
                -89.952499,37.883218,0
                -89.9642915997655,37.902949513404,0
                -89.971649,37.91526,0
                -89.973642,37.917661,0
                -89.974221,37.919217,0
                -89.974918,37.926719,0
                -89.968365,37.931456,0
                -89.962273,37.934363,0
                -89.959646,37.940196,0
                -89.947429,37.940336,0
                -89.937927,37.946193,0
                -89.932467,37.947497,0
                -89.925389,37.95413,0
                -89.924811,37.955823,0
                -89.9250717512305,37.9598180133785,0
                -89.925085,37.960021,0
                -89.933797,37.959143,0
                -89.935886,37.959581,0
                -89.93693,37.961042,0
                -89.93774,37.964994,0
                -89.9418781694916,37.9698612619829,0
                -89.942099,37.970121,0
                -89.95491,37.966647,0
                -89.978919,37.962791,0
                -89.9845428011383,37.962338930856,0
                -89.986296,37.962198,0
                -89.997103,37.963225,0
                -90.00011,37.964563,0
                -90.008353,37.970179,0
                -90.03241,37.995258,0
                -90.045908,38.000052,0
                -90.049106,38.001715,0
                -90.051357,38.003584,0
                -90.052883,38.005907,0
                -90.053541,38.00844,0
                -90.055399,38.011953,0
                -90.057269,38.014362,0
                -90.059367,38.015543,0
                -90.065045,38.016875,0
                -90.072283,38.017001,0
                -90.080959,38.015428,0
                -90.08826,38.015772,0
                -90.093774,38.017833,0
                -90.11052,38.026547,0
                -90.1139694004982,38.029125930316,0
                -90.117423,38.031708,0
                -90.126194,38.040702,0
                -90.126612,38.043981,0
                -90.126006,38.05057,0
                -90.126396,38.054897,0
                -90.128159,38.059644,0
                -90.130788,38.062341,0
                -90.144553,38.069023,0
                -90.158533,38.074735,0
                -90.161562,38.07489,0
                -90.163411,38.074347,0
                -90.17222,38.069636,0
                -90.204892540831,38.0870159531537,0
              </coordinates>
            </LinearRing>
          </outerBoundaryIs>
        </Polygon>
      </Placemark>
      <Placemark id="il_counties.40">
        <ExtendedData>
          <SchemaData schemaUrl="#il_counties.schema">
            <SimpleData name="county_label">LaSalle County</SimpleData>
            <SimpleData name="population">109495</SimpleData>
          </SchemaData>
        </ExtendedData>
        <Polygon>
          <outerBoundaryIs>
            <LinearRing>
              <coordinates>
                -89.16715,41.628657,0
                -89.129243,41.627949,0
                -89.051865,41.626717,0
                -88.938679,41.628316,0
                -88.818233,41.631351,0
                -88.751029,41.630817,0
                -88.731721,41.630661,0
                -88.654211,41.631036,0
                -88.60224,41.631389,0
                -88.600578,41.587818,0
                -88.600621,41.570473,0
                -88.599919,41.566864,0
                -88.599007,41.544263,0
                -88.595961,41.457129,0
                -88.594585,41.398861,0
                -88.590392,41.311478,0
                -88.59004,41.303464,0
                -88.588474,41.267953,0
                -88.58624,41.108293,0
                -88.81621,41.10649,0
                -88.831825,41.106361,0
                -88.85237,41.106228,0
                -88.892935,41.106054,0
                -88.930881,41.1059,0
                -88.930654,41.030573,0
                -88.93139,40.92774,0
                -89.047718,40.925749,0
                -89.047254,41.027874,0
                -89.047394,41.104786,0
                -89.162237,41.104008,0
                -89.16262,41.192312,0
                -89.162782,41.221379,0
                -89.163022,41.258576,0
                -89.163705,41.310187,0
                -89.163999,41.328053,0
                -89.16462,41.364568,0
                -89.165304,41.408427,0
                -89.166542,41.495832,0
                -89.166487,41.497816,0
                -89.166561,41.585289,0
                -89.16715,41.628657,0
              </coordinates>
            </LinearRing>
          </outerBoundaryIs>
        </Polygon>
      </Placemark>
      <Placemark id="il_counties.41">
        <ExtendedData>
          <SchemaData schemaUrl="#il_counties.schema">
            <SimpleData name="county_label">Richland County</SimpleData>
            <SimpleData name="population">15716</SimpleData>
          </SchemaData>
        </ExtendedData>
        <Polygon>
          <outerBoundaryIs>
            <LinearRing>
              <coordinates>
                -88.293356,38.642009,0
                -88.273135,38.657919,0
                -88.279811,38.672345,0
                -88.278253,38.675713,0
                -88.284043,38.687037,0
                -88.287079,38.727936,0
                -88.257783,38.731139,0
                -88.258051,38.767217,0
                -88.258583,38.847529,0
                -87.945919,38.850148,0
                -87.908113,38.850107,0
                -87.908536,38.776338,0
                -87.908962,38.732296,0
                -87.910282,38.574932,0
                -87.912286,38.570104,0
                -87.954675,38.57023,0
                -88.147803,38.569037,0
                -88.148194,38.597987,0
                -88.253978,38.599502,0
                -88.292421,38.626487,0
                -88.293356,38.642009,0
              </coordinates>
            </LinearRing>
          </outerBoundaryIs>
        </Polygon>
      </Placemark>
      <Placemark id="il_counties.42">
        <ExtendedData>
          <SchemaData schemaUrl="#il_counties.schema">
            <SimpleData name="county_label">St. Clair County</SimpleData>
            <SimpleData name="population">256791</SimpleData>
          </SchemaData>
        </ExtendedData>
        <Polygon>
          <outerBoundaryIs>
            <LinearRing>
              <coordinates>
                -90.263814,38.520552,0
                -90.2638000507593,38.5205830868792,0
                -90.260314,38.528352,0
                -90.2577736606992,38.5320062026605,0
                -90.248913,38.544752,0
                -90.2404623257175,38.5551178548271,0
                -90.2380612676999,38.5580630658257,0
                -90.224212,38.575051,0
                -90.222112,38.576451,0
                -90.2212463541364,38.576819701016,0
                -90.2179210670537,38.5782360269956,0
                -90.216712,38.578751,0
                -90.210111,38.583951,0
                -90.202511,38.588651,0
                -90.2016471398076,38.5894218290947,0
                -90.196011,38.594451,0
                -90.191811,38.598951,0
                -90.1866478525284,38.6078615133739,0
                -90.1849932164916,38.6107170693337,0
                -90.18451,38.611551,0
                -90.1824139460085,38.6180226586311,0
                -90.17881,38.62915,0
                -90.1780127463747,38.6337342083457,0
                -90.17801,38.63375,0
                -90.1777714671758,38.6409059847261,0
                -90.17771,38.64275,0
                -90.1810547439655,38.6592769701823,0
                -90.18111,38.65955,0
                -90.1812424797994,38.6600622552243,0
                -90.159084,38.660266,0
                -90.146387,38.660227,0
                -90.082603,38.659294,0
                -90.038073,38.658438,0
                -90.031312,38.658397,0
                -90.01843,38.65832,0
                -89.98589,38.658205,0
                -89.983178,38.658189,0
                -89.928876,38.657712,0
                -89.9284,38.657707,0
                -89.913452,38.657478,0
                -89.883875,38.656798,0
                -89.876045,38.656849,0
                -89.818745,38.655825,0
                -89.706949,38.655019,0
                -89.706238,38.604961,0
                -89.705864,38.582413,0
                -89.705026,38.518857,0
                -89.70459,38.480278,0
                -89.704245,38.415779,0
                -89.703716,38.305495,0
                -89.703256,38.219404,0
                -89.899043,38.220755,0
                -89.925213,38.273256,0
                -89.903558,38.279392,0
                -89.913057,38.308105,0
                -90.023525,38.308783,0
                -90.036107,38.308936,0
                -90.036096,38.323537,0
                -90.118056,38.389658,0
                -90.145562,38.412053,0
                -90.1454,38.426674,0
                -90.163227,38.44116,0
                -90.194675,38.465971,0
                -90.220335,38.486023,0
                -90.223805,38.488712,0
                -90.2638283400561,38.5205107006385,0
                -90.263814,38.520552,0
              </coordinates>
            </LinearRing>
          </outerBoundaryIs>
        </Polygon>
      </Placemark>
      <Placemark id="il_counties.43">
        <ExtendedData>
          <SchemaData schemaUrl="#il_counties.schema">
            <SimpleData name="county_label">Macon County</SimpleData>
            <SimpleData name="population">103542</SimpleData>
          </SchemaData>
        </ExtendedData>
        <Polygon>
          <outerBoundaryIs>
            <LinearRing>
              <coordinates>
                -89.217846,39.91699,0
                -89.143451,39.917647,0
                -89.143875,39.961368,0
                -89.144764,40.048853,0
                -89.029066,40.049839,0
                -88.966315,40.051831,0
                -88.745164,40.055191,0
                -88.745435,39.967568,0
                -88.745169,39.963385,0
                -88.745957,39.858136,0
                -88.745967,39.850887,0
                -88.745671,39.792146,0
                -88.75866,39.792067,0
                -88.75784,39.739907,0
                -88.812709,39.740486,0
                -88.810575,39.653222,0
                -88.921087,39.652682,0
                -89.02568,39.654183,0
                -89.025691,39.654637,0
                -89.138951,39.655136,0
                -89.139945,39.699118,0
                -89.141967,39.801273,0
                -89.18819,39.817524,0
                -89.217473,39.813666,0
                -89.217846,39.91699,0
              </coordinates>
            </LinearRing>
          </outerBoundaryIs>
        </Polygon>
      </Placemark>
      <Placemark id="il_counties.44">
        <ExtendedData>
          <SchemaData schemaUrl="#il_counties.schema">
            <SimpleData name="county_label">Madison County</SimpleData>
            <SimpleData name="population">265512</SimpleData>
          </SchemaData>
        </ExtendedData>
        <Polygon>
          <outerBoundaryIs>
            <LinearRing>
              <coordinates>
                -90.274788,38.958923,0
                -90.273959,38.999036,0
                -90.231728,38.999107,0
                -90.156142,38.999354,0
                -90.145984,38.999303,0
                -90.118014,38.999027,0
                -90.073838,38.998459,0
                -89.92698,38.998766,0
                -89.922521,38.998748,0
                -89.812963,38.99833,0
                -89.802362,38.998418,0
                -89.773774,38.998472,0
                -89.749582,38.998784,0
                -89.698555,38.998979,0
                -89.639265,38.999129,0
                -89.636874,38.874278,0
                -89.599593,38.87453,0
                -89.599123,38.830529,0
                -89.598581,38.801888,0
                -89.597321,38.743236,0
                -89.595103,38.655948,0
                -89.706949,38.655019,0
                -89.818745,38.655825,0
                -89.876045,38.656849,0
                -89.883875,38.656798,0
                -89.913452,38.657478,0
                -89.9284,38.657707,0
                -89.928876,38.657712,0
                -89.983178,38.658189,0
                -89.98589,38.658205,0
                -90.01843,38.65832,0
                -90.031312,38.658397,0
                -90.038073,38.658438,0
                -90.082603,38.659294,0
                -90.146387,38.660227,0
                -90.159084,38.660266,0
                -90.1812424797994,38.6600622552243,0
                -90.18261,38.66535,0
                -90.1854551579396,38.6723880222716,0
                -90.18641,38.67475,0
                -90.1874867453581,38.6763161750663,0
                -90.19521,38.68755,0
                -90.1952281839637,38.6875653264837,0
                -90.20221,38.69345,0
                -90.2022237876422,38.6934683178675,0
                -90.20921,38.70275,0
                -90.21201,38.71175,0
                -90.21191,38.71795,0
                -90.21141,38.72135,0
                -90.20991,38.72605,0
                -90.2093425205734,38.7267865158516,0
                -90.20521,38.73215,0
                -90.191309,38.742949,0
                -90.183409,38.746849,0
                -90.176309,38.754449,0
                -90.175109,38.760249,0
                -90.1745893062996,38.7611105974506,0
                -90.171309,38.766549,0
                -90.1667138613198,38.7722694787651,0
                -90.166409,38.772649,0
                -90.146708,38.783049,0
                -90.123107,38.798048,0
                -90.117707,38.805748,0
                -90.114707,38.815048,0
                -90.1100775882353,38.8335656470588,0
                -90.109107,38.837448,0
                -90.109407,38.843548,0
                -90.113327,38.849306,0
                -90.1210214566207,38.8529016233474,0
                -90.1318773069079,38.8579745675035,0
                -90.151508,38.867148,0
                -90.166409,38.876348,0
                -90.186909,38.885048,0
                -90.190309,38.886248,0
                -90.192662942628,38.8864881492173,0
                -90.19521,38.886748,0
                -90.19761,38.887648,0
                -90.2092211508743,38.8969944327171,0
                -90.213519,38.900454,0
                -90.223041,38.907389,0
                -90.230336,38.91086,0
                -90.241703,38.914828,0
                -90.250248,38.919344,0
                -90.254033,38.920489,0
                -90.256993,38.920763,0
                -90.262792,38.920344,0
                -90.269872,38.922556,0
                -90.2757143876519,38.9234478502008,0
                -90.274788,38.958923,0
              </coordinates>
            </LinearRing>
          </outerBoundaryIs>
        </Polygon>
      </Placemark>
      <Placemark id="il_counties.45">
        <ExtendedData>
          <SchemaData schemaUrl="#il_counties.schema">
            <SimpleData name="county_label">Massac County</SimpleData>
            <SimpleData name="population">14135</SimpleData>
          </SchemaData>
        </ExtendedData>
        <Polygon>
          <outerBoundaryIs>
            <LinearRing>
              <coordinates>
                -88.928757,37.302848,0
                -88.897561,37.317491,0
                -88.905071,37.335743,0
                -88.728691,37.335317,0
                -88.710738,37.337081,0
                -88.643014,37.281954,0
                -88.528904,37.188834,0
                -88.49033,37.159462,0
                -88.4904194854448,37.0678101802822,0
                -88.504437,37.065265,0
                -88.514356,37.065231,0
                -88.521436,37.065584,0
                -88.531576,37.067192,0
                -88.545403,37.070003,0
                -88.560032,37.07601,0
                -88.5638603119626,37.0785516910097,0
                -88.569375,37.082213,0
                -88.576718,37.085852,0
                -88.581635,37.090567,0
                -88.5834461636767,37.0927407791197,0
                -88.589207,37.099655,0
                -88.593922,37.101761,0
                -88.6005551465309,37.1066472281286,0
                -88.601144,37.107081,0
                -88.61144,37.112745,0
                -88.625889,37.119458,0
                -88.6273488637496,37.1199362632513,0
                -88.630605,37.121003,0
                -88.637977,37.121309,0
                -88.644872,37.122844,0
                -88.6763005150352,37.134958210691,0
                -88.687767,37.139378,0
                -88.693983,37.141155,0
                -88.702553,37.142646,0
                -88.720224,37.140641,0
                -88.7205538111622,37.1406977119318,0
                -88.72344,37.141194,0
                -88.732105,37.143956,0
                -88.737937,37.146513,0
                -88.7401780020677,37.147905630591,0
                -88.7424473231472,37.1493158595247,0
                -88.746065,37.151564,0
                -88.753068,37.154701,0
                -88.765357,37.162662,0
                -88.77595,37.16878,0
                -88.779466,37.172495,0
                -88.786947,37.178584,0
                -88.797373,37.184854,0
                -88.80572,37.188595,0
                -88.820935,37.192203,0
                -88.835051,37.196486,0
                -88.86953,37.209711,0
                -88.902841,37.219299,0
                -88.916934,37.224291,0
                -88.920878,37.224769,0
                -88.9278924719524,37.2265918461207,0
                -88.928757,37.302848,0
              </coordinates>
            </LinearRing>
          </outerBoundaryIs>
        </Polygon>
      </Placemark>
      <Placemark id="il_counties.46">
        <ExtendedData>
          <SchemaData schemaUrl="#il_counties.schema">
            <SimpleData name="county_label">Edgar County</SimpleData>
            <SimpleData name="population">16852</SimpleData>
          </SchemaData>
        </ExtendedData>
        <Polygon>
          <outerBoundaryIs>
            <LinearRing>
              <coordinates>
                -87.968777,39.79235,0
                -87.937029,39.792371,0
                -87.937645,39.879803,0
                -87.733544,39.880911,0
                -87.692405,39.88096,0
                -87.615161,39.881579,0
                -87.617422,39.868608,0
                -87.557533,39.868784,0
                -87.581679,39.882307,0
                -87.5332268504449,39.8830000013537,0
                -87.533142,39.810947,0
                -87.533056,39.803922,0
                -87.533058,39.796243,0
                -87.533066,39.781743,0
                -87.532907662945,39.7307632663694,0
                -87.5327031332237,39.6649108939862,0
                -87.532703098394,39.6648996798854,0
                -87.532703,39.664868,0
                -87.532444,39.646102,0
                -87.532365,39.646126,0
                -87.5321962235157,39.6073059903329,0
                -87.532008,39.564013,0
                -87.531939,39.545853,0
                -87.531953834696,39.535060188079,0
                -87.531965,39.526937,0
                -87.531692,39.495516,0
                -87.531627,39.491698,0
                -87.531663,39.47712,0
                -87.5316629504044,39.4771101546363,0
                -87.689275,39.476771,0
                -87.687622,39.487363,0
                -87.848858,39.483635,0
                -87.960179,39.481309,0
                -87.963634,39.568914,0
                -87.964567,39.598181,0
                -87.966347,39.685973,0
                -87.968777,39.79235,0
              </coordinates>
            </LinearRing>
          </outerBoundaryIs>
        </Polygon>
      </Placemark>
      <Placemark id="il_counties.47">
        <ExtendedData>
          <SchemaData schemaUrl="#il_counties.schema">
            <SimpleData name="county_label">Hancock County</SimpleData>
            <SimpleData name="population">17582</SimpleData>
          </SchemaData>
        </ExtendedData>
        <Polygon>
          <outerBoundaryIs>
            <LinearRing>
              <coordinates>
                -91.506947,40.21555,0
                -91.504282,40.224299,0
                -91.504289,40.231712,0
                -91.505968,40.234305,0
                -91.506501,40.236304,0
                -91.505828,40.238839,0
                -91.503231,40.243474,0
                -91.500855,40.245722,0
                -91.498104,40.247422,0
                -91.4972633213575,40.2487613186394,0
                -91.490524,40.259498,0
                -91.489969,40.26234,0
                -91.490525,40.264814,0
                -91.492891,40.269923,0
                -91.493061,40.275262,0
                -91.492727,40.278217,0
                -91.489868,40.286048,0
                -91.486078,40.293426,0
                -91.471826,40.31734,0
                -91.469656,40.322409,0
                -91.466603,40.334461,0
                -91.46214,40.342414,0
                -91.452237,40.35367,0
                -91.447835,40.359129,0
                -91.446308,40.361823,0
                -91.444833,40.36317,0
                -91.439342,40.366569,0
                -91.429442,40.370386,0
                -91.426632,40.371988,0
                -91.419422,40.378264,0
                -91.415695,40.381381,0
                -91.413011,40.382277,0
                -91.396996,40.383127,0
                -91.3900953076272,40.384566908251,0
                -91.38836,40.384929,0
                -91.381958,40.387632,0
                -91.378422,40.38967,0
                -91.3767571709521,40.391044292738,0
                -91.375746,40.391879,0
                -91.372921,40.399108,0
                -91.372554,40.4012,0
                -91.372486916357,40.4078277349198,0
                -91.37245,40.411475,0
                -91.373721,40.417891,0
                -91.377625,40.426335,0
                -91.3777307547307,40.4266218676229,0
                -91.3795407922934,40.4315317299934,0
                -91.380965,40.435395,0
                -91.381769,40.442555,0
                -91.381468,40.44604,0
                -91.379907,40.45211,0
                -91.378144,40.456394,0
                -91.3736896678816,40.4644657629092,0
                -91.368074,40.474642,0
                -91.364915,40.484168,0
                -91.36391,40.490122,0
                -91.363683,40.494211,0
                -91.364211,40.500043,0
                -91.367876,40.510479,0
                -91.369059,40.512532,0
                -91.381857,40.528247,0
                -91.384531,40.530948,0
                -91.388067,40.533069,0
                -91.394475,40.534543,0
                -91.400725,40.536789,0
                -91.404125,40.539127,0
                -91.406202,40.542698,0
                -91.406851,40.547557,0
                -91.406373,40.551831,0
                -91.4063315056927,40.5519340026533,0
                -91.405241,40.554641,0
                -91.401482,40.559458,0
                -91.379752,40.57445,0
                -91.374252,40.58259,0
                -91.359873,40.601805,0
                -91.353989,40.606553,0
                -91.348733,40.609695,0
                -91.339719,40.613488,0
                -91.306524,40.626231,0
                -91.276175,40.63224,0
                -91.264953,40.633893,0
                -91.258249,40.636672,0
                -91.2561110348281,40.6372049420428,0
                -91.253074,40.637962,0
                -91.247851,40.63839,0
                -91.218437,40.638437,0
                -91.197906,40.636107,0
                -91.18698,40.637297,0
                -91.185428463588,40.6380706559482,0
                -91.118808,40.636939,0
                -91.02263,40.634946,0
                -90.913894,40.637748,0
                -90.904216,40.639201,0
                -90.907335,40.462592,0
                -90.909756,40.284394,0
                -90.911969,40.193088,0
                -91.145168,40.195537,0
                -91.276469,40.197624,0
                -91.5050369123376,40.1999250958141,0
                -91.506664,40.204758,0
                -91.507269,40.209338,0
                -91.506947,40.21555,0
              </coordinates>
            </LinearRing>
          </outerBoundaryIs>
        </Polygon>
      </Placemark>
      <Placemark id="il_counties.48">
        <ExtendedData>
          <SchemaData schemaUrl="#il_counties.schema">
            <SimpleData name="county_label">Lawrence County</SimpleData>
            <SimpleData name="population">15302</SimpleData>
          </SchemaData>
        </ExtendedData>
        <Polygon>
          <outerBoundaryIs>
            <LinearRing>
              <coordinates>
                -87.910282,38.574932,0
                -87.908962,38.732296,0
                -87.908536,38.776338,0
                -87.908113,38.850107,0
                -87.5343549340073,38.852494647453,0
                -87.525893,38.848795,0
                -87.521681,38.826576,0
                -87.527342,38.818121,0
                -87.496537,38.778571,0
                -87.498948,38.757774,0
                -87.496494,38.742728,0
                -87.4970680620091,38.7419783652733,0
                -87.516707,38.716333,0
                -87.5187402634483,38.702926212928,0
                -87.519609,38.697198,0
                -87.531231,38.684036,0
                -87.5354753560087,38.6821305342389,0
                -87.5356884284325,38.6820348772753,0
                -87.545538,38.677613,0
                -87.593678,38.667402,0
                -87.62012,38.639489,0
                -87.622375,38.618873,0
                -87.627348,38.60544,0
                -87.624143,38.596955,0
                -87.62389,38.593984,0
                -87.626444,38.591066,0
                -87.629362,38.589971,0
                -87.637752,38.588512,0
                -87.651529,38.568166,0
                -87.654312,38.568061,0
                -87.912286,38.570104,0
                -87.910282,38.574932,0
              </coordinates>
            </LinearRing>
          </outerBoundaryIs>
        </Polygon>
      </Placemark>
      <Placemark id="il_counties.49">
        <ExtendedData>
          <SchemaData schemaUrl="#il_counties.schema">
            <SimpleData name="county_label">Alexander County</SimpleData>
            <SimpleData name="population">5261</SimpleData>
          </SchemaData>
        </ExtendedData>
        <Polygon>
          <outerBoundaryIs>
            <LinearRing>
              <coordinates>
                -89.518393,37.289354,0
                -89.517692,37.29204,0
                -89.515741,37.295362,0
                -89.5152911590805,37.2969305034172,0
                -89.514605,37.299323,0
                -89.514042,37.303776,0
                -89.5121078908483,37.30997306155,0
                -89.511842,37.310825,0
                -89.509699,37.31426,0
                -89.508174,37.315662,0
                -89.49909,37.32149,0
                -89.49516,37.324795,0
                -89.491194,37.331361,0
                -89.4893198828342,37.3330792974654,0
                -89.489005,37.333368,0
                -89.4865181498393,37.3345496947572,0
                -89.248566,37.335298,0
                -89.206569,37.321393,0
                -89.203321,37.306583,0
                -89.202723,37.289376,0
                -89.24593,37.263943,0
                -89.262509,37.216168,0
                -89.251919,37.190892,0
                -89.26731,37.180525,0
                -89.257881,37.146585,0
                -89.273631,37.126968,0
                -89.265675,37.110759,0
                -89.252387,37.099638,0
                -89.205347,37.086121,0
                -89.1953,37.088315,0
                -89.18857,37.081093,0
                -89.179637,37.06909,0
                -89.171880551089,37.0681839790285,0
                -89.175725,37.062069,0
                -89.179384,37.053012,0
                -89.181369,37.046305,0
                -89.182509,37.037275,0
                -89.180849,37.026843,0
                -89.178975,37.020928,0
                -89.173595,37.011409,0
                -89.1728512529814,37.0104062186663,0
                -89.17112,37.008072,0
                -89.166447,37.003337,0
                -89.160667,37.000051,0
                -89.1481423804501,36.991621249316,0
                -89.138437,36.985089,0
                -89.132915,36.982057,0
                -89.140814,36.979416,0
                -89.14411,36.979133,0
                -89.149882,36.977636,0
                -89.161767,36.972768,0
                -89.170008,36.970298,0
                -89.177235,36.970885,0
                -89.185491,36.973518,0
                -89.192097,36.979995,0
                -89.195039,36.989768,0
                -89.195029,37.000051,0
                -89.1964910552779,37.0049845383648,0
                -89.198488,37.011723,0
                -89.200793,37.016164,0
                -89.205038,37.020047,0
                -89.225482,37.031077,0
                -89.234053,37.037277,0
                -89.238253,37.042853,0
                -89.245648,37.057783,0
                -89.25493,37.072014,0
                -89.255334468953,37.0713722307444,0
                -89.259936,37.064071,0
                -89.264484,37.064814,0
                -89.280375,37.065224,0
                -89.283488,37.065811,0
                -89.283685,37.066736,0
                -89.294036,37.067345,0
                -89.307726,37.069654,0
                -89.30829,37.068371,0
                -89.310819,37.057897,0
                -89.309401,37.053769,0
                -89.307397,37.050432,0
                -89.304752,37.047565,0
                -89.301368,37.044982,0
                -89.291185,37.040408,0
                -89.277715,37.03614,0
                -89.266286,37.028683,0
                -89.260003,37.023288,0
                -89.257608,37.015496,0
                -89.263527,37.00005,0
                -89.266242,36.996302,0
                -89.269564,36.993401,0
                -89.274198,36.990495,0
                -89.278628,36.98867,0
                -89.29213,36.992189,0
                -89.3132706651453,37.0095638944548,0
                -89.317168,37.012767,0
                -89.322982,37.01609,0
                -89.331164,37.019936,0
                -89.345996,37.025521,0
                -89.362397,37.030156,0
                -89.378277,37.039605,0
                -89.381644,37.04301,0
                -89.383937,37.046441,0
                -89.384681,37.048251,0
                -89.385434,37.05513,0
                -89.385186,37.057748,0
                -89.3850564830125,37.0580102631582,0
                -89.378889,37.070499,0
                -89.375712,37.080505,0
                -89.375615,37.085936,0
                -89.37871,37.094586,0
                -89.384175,37.103267,0
                -89.38805,37.107481,0
                -89.393427,37.111197,0
                -89.407451,37.119307,0
                -89.41173,37.122507,0
                -89.414471,37.12505,0
                -89.42558,37.138235,0
                -89.435202,37.15209,0
                -89.438275,37.161287,0
                -89.456105,37.18812,0
                -89.4574719121289,37.1908260443866,0
                -89.461862,37.199517,0
                -89.462676,37.203351,0
                -89.467631,37.2182,0
                -89.4675,37.221844,0
                -89.4659736154334,37.2249180104058,0
                -89.458302,37.240368,0
                -89.4579831694451,37.2418780357768,0
                -89.457832,37.242594,0
                -89.458246,37.247066,0
                -89.458827,37.248661,0
                -89.460692,37.250577,0
                -89.46266,37.25152,0
                -89.470525,37.253357,0
                -89.479205,37.253052,0
                -89.4887281875826,37.2515074830223,0
                -89.489915,37.251315,0
                -89.496386,37.258474,0
                -89.502303,37.263738,0
                -89.506773,37.268537,0
                -89.513905,37.277164,0
                -89.517032,37.28192,0
                -89.51834,37.285497,0
                -89.518393,37.289354,0
              </coordinates>
            </LinearRing>
          </outerBoundaryIs>
        </Polygon>
      </Placemark>
      <Placemark id="il_counties.50">
        <ExtendedData>
          <SchemaData schemaUrl="#il_counties.schema">
            <SimpleData name="county_label">Cass County</SimpleData>
            <SimpleData name="population">12955</SimpleData>
          </SchemaData>
        </ExtendedData>
        <Polygon>
          <outerBoundaryIs>
            <LinearRing>
              <coordinates>
                -90.57179,39.89427,0
                -90.55428,39.901364,0
                -90.536721,39.923027,0
                -90.532113,39.946012,0
                -90.511115,39.967605,0
                -90.513747,39.987891,0
                -90.510887,39.993822,0
                -90.446611,40.015012,0
                -90.440048,40.018163,0
                -90.433451,40.024406,0
                -90.428638,40.060345,0
                -90.393432,40.078759,0
                -90.393431,40.091866,0
                -90.372836,40.122363,0
                -90.354524,40.124217,0
                -90.314772,40.115714,0
                -90.303314,40.092814,0
                -90.304987,40.077905,0
                -90.285729,40.055744,0
                -90.269552,40.06121,0
                -90.199903,40.053963,0
                -90.189476,40.065448,0
                -90.176472,40.060135,0
                -90.150257,40.067586,0
                -90.134281,40.062524,0
                -90.126401,40.076889,0
                -90.112935,40.080998,0
                -90.081856,40.080195,0
                -90.064662,40.100145,0
                -90.051126,40.099643,0
                -90.040274,40.10859,0
                -90.011723,40.10101,0
                -89.99509,40.108908,0
                -89.994506,39.901925,0
                -89.994405,39.87286,0
                -90.192604,39.873169,0
                -90.295321,39.874208,0
                -90.410101,39.875441,0
                -90.583534,39.87675,0
                -90.57179,39.89427,0
              </coordinates>
            </LinearRing>
          </outerBoundaryIs>
        </Polygon>
      </Placemark>
      <Placemark id="il_counties.51">
        <ExtendedData>
          <SchemaData schemaUrl="#il_counties.schema">
            <SimpleData name="county_label">Vermilion County</SimpleData>
            <SimpleData name="population">74113</SimpleData>
          </SchemaData>
        </ExtendedData>
        <Polygon>
          <outerBoundaryIs>
            <LinearRing>
              <coordinates>
                -87.942103,40.225482,0
                -87.92876,40.225619,0
                -87.929992,40.313376,0
                -87.932387,40.3994,0
                -87.93187,40.404165,0
                -87.935309,40.485923,0
                -87.763518,40.488197,0
                -87.689335,40.487957,0
                -87.633318,40.48863,0
                -87.5263789480033,40.4912367109821,0
                -87.526502,40.477158,0
                -87.526510746795,40.47687903307,0
                -87.526549,40.475659,0
                -87.526809,40.46217,0
                -87.527939202577,40.3885069137649,0
                -87.5297223073491,40.2722896945996,0
                -87.530054,40.250671,0
                -87.529992,40.250036,0
                -87.530828,40.191812,0
                -87.531133,40.17003,0
                -87.5311336021014,40.1699867057579,0
                -87.5314376605081,40.1481233164708,0
                -87.531439,40.148027,0
                -87.531759,40.144273,0
                -87.5317324001823,40.1427592285572,0
                -87.531561,40.133005,0
                -87.531654424254,40.1178197442135,0
                -87.5320175249496,40.0588010557754,0
                -87.532308,40.011587,0
                -87.532308,40.011492,0
                -87.532287,40.000037,0
                -87.532331,39.997776,0
                -87.532542,39.987462,0
                -87.532683,39.977691,0
                -87.53279,39.97501,0
                -87.532776,39.971077,0
                -87.5328994556386,39.9470017817793,0
                -87.533227,39.883127,0
                -87.5332268504449,39.8830000013537,0
                -87.581679,39.882307,0
                -87.557533,39.868784,0
                -87.617422,39.868608,0
                -87.615161,39.881579,0
                -87.692405,39.88096,0
                -87.733544,39.880911,0
                -87.937645,39.879803,0
                -87.939622,40.07636,0
                -87.939632,40.083616,0
                -87.941318,40.170906,0
                -87.942103,40.225482,0
              </coordinates>
            </LinearRing>
          </outerBoundaryIs>
        </Polygon>
      </Placemark>
      <Placemark id="il_counties.52">
        <ExtendedData>
          <SchemaData schemaUrl="#il_counties.schema">
            <SimpleData name="county_label">Jackson County</SimpleData>
            <SimpleData name="population">53176</SimpleData>
          </SchemaData>
        </ExtendedData>
        <Polygon>
          <outerBoundaryIs>
            <LinearRing>
              <coordinates>
                -89.680705,37.822676,0
                -89.660289,37.838419,0
                -89.65631,37.858679,0
                -89.624487,37.908569,0
                -89.595073,37.955343,0
                -89.28203,37.950629,0
                -89.276197,37.950564,0
                -89.237735,37.950375,0
                -89.177597,37.950311,0
                -89.150834,37.950196,0
                -89.150755,37.945185,0
                -89.151176,37.861999,0
                -89.151401,37.811046,0
                -89.151677,37.773956,0
                -89.151931,37.744778,0
                -89.152247,37.718404,0
                -89.153617,37.600237,0
                -89.241541,37.598657,0
                -89.295445,37.599246,0
                -89.453202,37.60009,0
                -89.453087,37.580113,0
                -89.472208,37.561926,0
                -89.5215664634216,37.5707784301758,0
                -89.5215174256744,37.5721520897118,0
                -89.521274,37.578971,0
                -89.520804,37.581155,0
                -89.519808,37.582748,0
                -89.516538,37.584504,0
                -89.513943,37.584815,0
                -89.509542,37.584147,0
                -89.494051,37.580116,0
                -89.486062,37.580853,0
                -89.481118,37.582973,0
                -89.477548,37.585885,0
                -89.47603,37.590226,0
                -89.475932,37.592998,0
                -89.476514,37.595554,0
                -89.478399,37.598869,0
                -89.485792,37.607157,0
                -89.506563,37.62505,0
                -89.510526,37.631755,0
                -89.515649,37.636446,0
                -89.517718,37.641217,0
                -89.517136,37.643789,0
                -89.51586,37.645555,0
                -89.515903,37.650803,0
                -89.516827,37.656089,0
                -89.516146,37.667975,0
                -89.513927,37.676575,0
                -89.51204,37.680985,0
                -89.512009,37.685525,0
                -89.514255,37.689923,0
                -89.516685,37.692762,0
                -89.521948,37.696475,0
                -89.52573,37.698441,0
                -89.531427,37.700334,0
                -89.538652,37.701054,0
                -89.566704,37.707189,0
                -89.573516,37.709065,0
                -89.583316,37.713261,0
                -89.584080266576,37.714094299636,0
                -89.587213,37.71751,0
                -89.591289,37.723599,0
                -89.596566,37.732886,0
                -89.602406,37.736492,0
                -89.608757,37.739684,0
                -89.612478,37.740036,0
                -89.615586,37.74235,0
                -89.616194,37.744283,0
                -89.615933,37.748184,0
                -89.616389,37.749167,0
                -89.617278,37.74972,0
                -89.624023,37.74912,0
                -89.62801,37.748135,0
                -89.63337,37.745782,0
                -89.645429,37.746108,0
                -89.64953,37.745498,0
                -89.658455,37.74771,0
                -89.663352,37.750052,0
                -89.665546,37.752095,0
                -89.667993,37.759484,0
                -89.666474,37.764195,0
                -89.66413,37.76851,0
                -89.66119,37.775732,0
                -89.660227,37.781032,0
                -89.66038,37.786296,0
                -89.66132,37.788204,0
                -89.663982,37.790801,0
                -89.669644,37.799922,0
                -89.6744157937809,37.8030052944616,0
                -89.675999,37.80841,0
                -89.680705,37.822676,0
              </coordinates>
            </LinearRing>
          </outerBoundaryIs>
        </Polygon>
      </Placemark>
      <Placemark id="il_counties.53">
        <ExtendedData>
          <SchemaData schemaUrl="#il_counties.schema">
            <SimpleData name="county_label">Jersey County</SimpleData>
            <SimpleData name="population">21462</SimpleData>
          </SchemaData>
        </ExtendedData>
        <Polygon>
          <outerBoundaryIs>
            <LinearRing>
              <coordinates>
                -90.603569,39.117592,0
                -90.599053,39.134475,0
                -90.582803,39.144327,0
                -90.587213,39.154873,0
                -90.575995,39.165167,0
                -90.580587,39.184895,0
                -90.574615,39.178623,0
                -90.536454,39.192857,0
                -90.507508,39.185193,0
                -90.502177,39.163526,0
                -90.487879,39.164074,0
                -90.487624,39.175005,0
                -90.370774,39.174274,0
                -90.363319,39.174277,0
                -90.313289,39.174289,0
                -90.31393,39.225128,0
                -90.201769,39.225497,0
                -90.202681,39.258192,0
                -90.193872,39.26196,0
                -90.148121,39.261947,0
                -90.146227,39.15964,0
                -90.146055,39.115851,0
                -90.145984,38.999303,0
                -90.156142,38.999354,0
                -90.231728,38.999107,0
                -90.273959,38.999036,0
                -90.274788,38.958923,0
                -90.2757143876519,38.9234478502008,0
                -90.277471,38.923716,0
                -90.283712,38.924048,0
                -90.298711,38.923395,0
                -90.306113,38.923525,0
                -90.309454,38.92412,0
                -90.317572,38.927912,0
                -90.324179,38.929827,0
                -90.333533,38.933489,0
                -90.346442,38.94079,0
                -90.383126,38.955453,0
                -90.385768377236,38.9564075041174,0
                -90.395816,38.960037,0
                -90.406367,38.962554,0
                -90.413108,38.96333,0
                -90.424726,38.963785,0
                -90.433745,38.965526,0
                -90.440078,38.967364,0
                -90.450792,38.967764,0
                -90.450809944078,38.9677586842657,0
                -90.491802,38.966614,0
                -90.519644,38.953943,0
                -90.534657,38.958499,0
                -90.570169,38.99329,0
                -90.57681,39.035938,0
                -90.588094,39.045747,0
                -90.581406,39.06568,0
                -90.592165,39.086765,0
                -90.602994,39.110025,0
                -90.603569,39.117592,0
              </coordinates>
            </LinearRing>
          </outerBoundaryIs>
        </Polygon>
      </Placemark>
      <Placemark id="il_counties.54">
        <ExtendedData>
          <SchemaData schemaUrl="#il_counties.schema">
            <SimpleData name="county_label">Champaign County</SimpleData>
            <SimpleData name="population">206525</SimpleData>
          </SchemaData>
        </ExtendedData>
        <Polygon>
          <outerBoundaryIs>
            <LinearRing>
              <coordinates>
                -88.463634,40.218257,0
                -88.46072,40.223322,0
                -88.460418,40.281935,0
                -88.460269,40.310991,0
                -88.459957,40.39885,0
                -88.346987,40.398417,0
                -88.252831,40.399335,0
                -88.23372,40.399518,0
                -87.932387,40.3994,0
                -87.929992,40.313376,0
                -87.92876,40.225619,0
                -87.942103,40.225482,0
                -87.941318,40.170906,0
                -87.939632,40.083616,0
                -87.939622,40.07636,0
                -87.937645,39.879803,0
                -88.1227,39.880223,0
                -88.236361,39.879115,0
                -88.278719,39.879178,0
                -88.292716,39.87924,0
                -88.406105,39.879235,0
                -88.462207,39.879092,0
                -88.46302,40.05503,0
                -88.463174,40.142196,0
                -88.463273,40.148307,0
                -88.463634,40.218257,0
              </coordinates>
            </LinearRing>
          </outerBoundaryIs>
        </Polygon>
      </Placemark>
      <Placemark id="il_counties.55">
        <ExtendedData>
          <SchemaData schemaUrl="#il_counties.schema">
            <SimpleData name="county_label">Woodford County</SimpleData>
            <SimpleData name="population">38414</SimpleData>
          </SchemaData>
        </ExtendedData>
        <Polygon>
          <outerBoundaryIs>
            <LinearRing>
              <coordinates>
                -89.559495,40.799098,0
                -89.526744,40.842286,0
                -89.527679,40.849202,0
                -89.524832,40.854062,0
                -89.523486,40.857251,0
                -89.498757,40.874063,0
                -89.492351,40.886358,0
                -89.488637,40.898784,0
                -89.474787,40.913265,0
                -89.472522,40.921205,0
                -89.346053,40.922862,0
                -89.160448,40.92709,0
                -89.047718,40.925749,0
                -88.93139,40.92774,0
                -88.93071,40.84048,0
                -88.929331,40.753337,0
                -88.986896,40.752297,0
                -88.984722,40.664953,0
                -89.042488,40.664002,0
                -89.045072,40.658455,0
                -89.044368,40.627428,0
                -89.101569,40.625036,0
                -89.101134,40.612326,0
                -89.134217,40.61149,0
                -89.133752,40.596734,0
                -89.269397,40.594318,0
                -89.269831,40.616097,0
                -89.327343,40.615566,0
                -89.328695,40.660785,0
                -89.329614,40.660774,0
                -89.330092,40.748257,0
                -89.39698,40.747986,0
                -89.427108,40.747746,0
                -89.51266,40.74758,0
                -89.553433,40.747636,0
                -89.556595,40.760244,0
                -89.563626,40.782133,0
                -89.559495,40.799098,0
              </coordinates>
            </LinearRing>
          </outerBoundaryIs>
        </Polygon>
      </Placemark>
      <Placemark id="il_counties.56">
        <ExtendedData>
          <SchemaData schemaUrl="#il_counties.schema">
            <SimpleData name="county_label">Macoupin County</SimpleData>
            <SimpleData name="population">44907</SimpleData>
          </SchemaData>
        </ExtendedData>
        <Polygon>
          <outerBoundaryIs>
            <LinearRing>
              <coordinates>
                -90.153782,39.520315,0
                -90.099669,39.520762,0
                -89.926037,39.522104,0
                -89.860248,39.522546,0
                -89.813147,39.522838,0
                -89.795316,39.522939,0
                -89.759537,39.52295,0
                -89.701661,39.523316,0
                -89.700216,39.421157,0
                -89.703692,39.34803,0
                -89.702602,39.28014,0
                -89.700338,39.17544,0
                -89.69987,39.147765,0
                -89.698555,38.998979,0
                -89.749582,38.998784,0
                -89.773774,38.998472,0
                -89.802362,38.998418,0
                -89.812963,38.99833,0
                -89.922521,38.998748,0
                -89.92698,38.998766,0
                -90.073838,38.998459,0
                -90.118014,38.999027,0
                -90.145984,38.999303,0
                -90.146055,39.115851,0
                -90.146227,39.15964,0
                -90.148121,39.261947,0
                -90.149462,39.346302,0
                -90.150703,39.350965,0
                -90.153782,39.520315,0
              </coordinates>
            </LinearRing>
          </outerBoundaryIs>
        </Polygon>
      </Placemark>
      <Placemark id="il_counties.57">
        <ExtendedData>
          <SchemaData schemaUrl="#il_counties.schema">
            <SimpleData name="county_label">Perry County</SimpleData>
            <SimpleData name="population">20996</SimpleData>
          </SchemaData>
        </ExtendedData>
        <Polygon>
          <outerBoundaryIs>
            <LinearRing>
              <coordinates>
                -89.594769,37.969968,0
                -89.59341,38.043666,0
                -89.592556,38.1172,0
                -89.592797,38.219271,0
                -89.147597,38.212895,0
                -89.149841,38.125054,0
                -89.129632,38.124767,0
                -89.129823,38.111892,0
                -89.11793,38.09631,0
                -89.118573,38.059231,0
                -89.133183,38.052216,0
                -89.1403,38.033089,0
                -89.140708,38.000362,0
                -89.16189,37.957356,0
                -89.177597,37.950311,0
                -89.237735,37.950375,0
                -89.276197,37.950564,0
                -89.28203,37.950629,0
                -89.595073,37.955343,0
                -89.594769,37.969968,0
              </coordinates>
            </LinearRing>
          </outerBoundaryIs>
        </Polygon>
      </Placemark>
      <Placemark id="il_counties.58">
        <ExtendedData>
          <SchemaData schemaUrl="#il_counties.schema">
            <SimpleData name="county_label">Lee County</SimpleData>
            <SimpleData name="population">34221</SimpleData>
          </SchemaData>
        </ExtendedData>
        <Polygon>
          <outerBoundaryIs>
            <LinearRing>
              <coordinates>
                -89.632186,41.686095,0
                -89.631467,41.758134,0
                -89.631182,41.779336,0
                -89.630305,41.843623,0
                -89.62933,41.901617,0
                -89.537861,41.90251,0
                -89.514621,41.902166,0
                -89.482705,41.902463,0
                -89.470815,41.911462,0
                -89.422773,41.905844,0
                -89.421058,41.889451,0
                -89.398652,41.902833,0
                -89.360392,41.902616,0
                -89.360578,41.888018,0
                -89.28054,41.888116,0
                -89.168677,41.889502,0
                -89.039778,41.890554,0
                -88.941279,41.891752,0
                -88.941341,41.848085,0
                -88.941508,41.760774,0
                -88.938679,41.628316,0
                -89.051865,41.626717,0
                -89.129243,41.627949,0
                -89.16715,41.628657,0
                -89.166561,41.585289,0
                -89.276918,41.585121,0
                -89.400868,41.584926,0
                -89.531719,41.585056,0
                -89.631494,41.584949,0
                -89.632186,41.686095,0
              </coordinates>
            </LinearRing>
          </outerBoundaryIs>
        </Polygon>
      </Placemark>
      <Placemark id="il_counties.59">
        <ExtendedData>
          <SchemaData schemaUrl="#il_counties.schema">
            <SimpleData name="county_label">Clark County</SimpleData>
            <SimpleData name="population">15467</SimpleData>
          </SchemaData>
        </ExtendedData>
        <Polygon>
          <outerBoundaryIs>
            <LinearRing>
              <coordinates>
                -88.013944,39.48079,0
                -87.960179,39.481309,0
                -87.848858,39.483635,0
                -87.687622,39.487363,0
                -87.689275,39.476771,0
                -87.5316629504044,39.4771101546363,0
                -87.531624,39.469378,0
                -87.531608,39.466225,0
                -87.531489,39.449474,0
                -87.531355,39.437732,0
                -87.531355,39.436656,0
                -87.5315486565777,39.3775820924777,0
                -87.5316393583728,39.3499139930075,0
                -87.531646,39.347888,0
                -87.544013,39.352907,0
                -87.5544,39.340488,0
                -87.578331,39.340343,0
                -87.589084,39.333831,0
                -87.600397,39.312904,0
                -87.597946,39.299479,0
                -87.597545,39.296388,0
                -87.61005,39.282232,0
                -87.605543,39.261122,0
                -87.604075798943,39.2594585150162,0
                -87.593486,39.247452,0
                -87.583535,39.243579,0
                -87.579163,39.232962,0
                -87.574558,39.218404,0
                -87.577029,39.211123,0
                -87.588614,39.197824,0
                -87.620796,39.17479,0
                -87.640435,39.166727,0
                -87.6426696498871,39.1579464953942,0
                -87.656919,39.172179,0
                -87.747096,39.172391,0
                -87.820293,39.177838,0
                -87.950385,39.174882,0
                -88.007766,39.173925,0
                -88.009743,39.261775,0
                -88.011728,39.349837,0
                -88.012121,39.378968,0
                -88.013944,39.48079,0
              </coordinates>
            </LinearRing>
          </outerBoundaryIs>
        </Polygon>
      </Placemark>
      <Placemark id="il_counties.60">
        <ExtendedData>
          <SchemaData schemaUrl="#il_counties.schema">
            <SimpleData name="county_label">Logan County</SimpleData>
            <SimpleData name="population">28027</SimpleData>
          </SchemaData>
        </ExtendedData>
        <Polygon>
          <outerBoundaryIs>
            <LinearRing>
              <coordinates>
                -89.602979,40.320129,0
                -89.489426,40.322045,0
                -89.344744,40.324425,0
                -89.26374,40.325344,0
                -89.26265,40.280919,0
                -89.148764,40.282038,0
                -89.145973,40.136357,0
                -89.144764,40.048853,0
                -89.143875,39.961368,0
                -89.143451,39.917647,0
                -89.217846,39.91699,0
                -89.311089,39.917194,0
                -89.367112,39.917587,0
                -89.404984,39.918187,0
                -89.404969,39.932717,0
                -89.483498,39.933151,0
                -89.483512,39.940486,0
                -89.483826,39.976733,0
                -89.528225,39.976483,0
                -89.578289,39.976127,0
                -89.579128,40.092415,0
                -89.60112,40.092284,0
                -89.601688,40.122378,0
                -89.602108,40.143029,0
                -89.602979,40.320129,0
              </coordinates>
            </LinearRing>
          </outerBoundaryIs>
        </Polygon>
      </Placemark>
      <Placemark id="il_counties.61">
        <ExtendedData>
          <SchemaData schemaUrl="#il_counties.schema">
            <SimpleData name="county_label">Mercer County</SimpleData>
            <SimpleData name="population">15692</SimpleData>
          </SchemaData>
        </ExtendedData>
        <Polygon>
          <outerBoundaryIs>
            <LinearRing>
              <coordinates>
                -91.114186,41.250029,0
                -91.110304,41.256088,0
                -91.104462,41.262104,0
                -91.101142,41.267169,0
                -91.092034,41.286911,0
                -91.08688,41.294371,0
                -91.077505,41.301828,0
                -91.074841,41.305578,0
                -91.073233,41.31344,0
                -91.0719555241451,41.3333590479676,0
                -90.80151,41.329967,0
                -90.677651,41.328585,0
                -90.57896,41.327518,0
                -90.433737,41.326989,0
                -90.435265,41.267829,0
                -90.437652,41.151463,0
                -90.43882,41.093338,0
                -90.439423,41.063995,0
                -90.550218,41.064065,0
                -90.625791,41.066655,0
                -90.667715,41.067595,0
                -90.745355,41.06833,0
                -90.785194,41.068749,0
                -90.9489900261598,41.0702495855382,0
                -90.949136,41.070611,0
                -90.949383,41.072711,0
                -90.948207,41.084413,0
                -90.946259,41.094734,0
                -90.946627,41.096632,0
                -90.957246,41.111085,0
                -90.965905,41.119559,0
                -90.970851,41.130107,0
                -90.981311,41.142659,0
                -90.989663,41.155716,0
                -90.99496,41.160624,0
                -90.997906,41.162564,0
                -91.007586,41.166183,0
                -91.0096280729265,41.1660757819284,0
                -91.012557,41.165922,0
                -91.027214,41.163373,0
                -91.030029,41.16354,0
                -91.041536,41.166138,0
                -91.055069,41.185766,0
                -91.065899,41.199517,0
                -91.07298,41.207151,0
                -91.081445,41.214429,0
                -91.093018,41.222635,0
                -91.100829,41.230532,0
                -91.109562,41.236567,0
                -91.112333,41.239003,0
                -91.113648,41.241401,0
                -91.114186,41.250029,0
              </coordinates>
            </LinearRing>
          </outerBoundaryIs>
        </Polygon>
      </Placemark>
      <Placemark id="il_counties.62">
        <ExtendedData>
          <SchemaData schemaUrl="#il_counties.schema">
            <SimpleData name="county_label">McHenry County</SimpleData>
            <SimpleData name="population">311133</SimpleData>
          </SchemaData>
        </ExtendedData>
        <Polygon>
          <outerBoundaryIs>
            <LinearRing>
              <coordinates>
                -88.70738,42.493587,0
                -88.6584759969263,42.4946230444727,0
                -88.638653,42.495043,0
                -88.5994128808184,42.4949953427098,0
                -88.5898693841991,42.4949837520929,0
                -88.506912,42.494883,0
                -88.4716216533978,42.4946775305537,0
                -88.461397,42.494618,0
                -88.417396,42.494618,0
                -88.3349101554141,42.4947312230803,0
                -88.304692,42.4947727016231,0
                -88.2745859945454,42.4948140262248,0
                -88.271691,42.494818,0
                -88.25009,42.495823,0
                -88.2378929067469,42.4958597493018,0
                -88.2188576758108,42.4959171016095,0
                -88.2169,42.495923,0
                -88.200172,42.496016,0
                -88.1993911160847,42.4960178674171,0
                -88.199212,42.480897,0
                -88.198601,42.415567,0
                -88.19882,42.41557,0
                -88.198819,42.414857,0
                -88.198804,42.396642,0
                -88.198662,42.385027,0
                -88.198454,42.357962,0
                -88.198488,42.343153,0
                -88.198647,42.328861,0
                -88.19875,42.328611,0
                -88.19855,42.284586,0
                -88.198462,42.272285,0
                -88.198245,42.241559,0
                -88.198494,42.241561,0
                -88.199175,42.219775,0
                -88.199378,42.202966,0
                -88.199461,42.19418,0
                -88.199584,42.15426,0
                -88.238449,42.154249,0
                -88.257734,42.154079,0
                -88.277284,42.153971,0
                -88.28649,42.153723,0
                -88.316265,42.153842,0
                -88.32117,42.153865,0
                -88.354416,42.154,0
                -88.369403,42.154016,0
                -88.38898,42.153911,0
                -88.432487,42.153823,0
                -88.481781,42.153754,0
                -88.588657,42.15359,0
                -88.593284,42.153555,0
                -88.695685,42.15352,0
                -88.705585,42.153537,0
                -88.70541,42.252438,0
                -88.705474,42.256428,0
                -88.70561,42.327882,0
                -88.705941,42.414989,0
                -88.7074208085447,42.4935859308696,0
                -88.70738,42.493587,0
              </coordinates>
            </LinearRing>
          </outerBoundaryIs>
        </Polygon>
      </Placemark>
      <Placemark id="il_counties.63">
        <ExtendedData>
          <SchemaData schemaUrl="#il_counties.schema">
            <SimpleData name="county_label">Pike County</SimpleData>
            <SimpleData name="population">14776</SimpleData>
          </SchemaData>
        </ExtendedData>
        <Polygon>
          <outerBoundaryIs>
            <LinearRing>
              <coordinates>
                -91.369953,39.745042,0
                -91.367406,39.75388,0
                -91.366047,39.755955,0
                -91.365125,39.758723,0
                -91.265764,39.757431,0
                -91.01074,39.75712,0
                -90.915961,39.7572,0
                -90.916669,39.844927,0
                -90.894252,39.841058,0
                -90.571424,39.838961,0
                -90.565737,39.83007,0
                -90.599105,39.79006,0
                -90.606247,39.768431,0
                -90.646112,39.698291,0
                -90.630574,39.670494,0
                -90.608385,39.63924,0
                -90.607545,39.63264,0
                -90.57662,39.559536,0
                -90.572293,39.539166,0
                -90.581055,39.521728,0
                -90.592092,39.486979,0
                -90.610502,39.457447,0
                -90.616807,39.423878,0
                -90.613775,39.395416,0
                -90.840843,39.399869,0
                -90.908335,39.400252,0
                -90.9367782192347,39.3994865557296,0
                -90.937419,39.400803,0
                -90.939025,39.402744,0
                -90.940766,39.403984,0
                -90.948299,39.407502,0
                -90.957459,39.408996,0
                -90.96748,39.411948,0
                -90.972465,39.414144,0
                -90.977618,39.41829,0
                -90.98302,39.420462,0
                -90.993789,39.422959,0
                -91.003692,39.427603,0
                -91.011954,39.432661,0
                -91.02361,39.438694,0
                -91.0355151274388,39.4466053063785,0
                -91.03827,39.448436,0
                -91.0473734771366,39.4568610871039,0
                -91.053058,39.462122,0
                -91.059439,39.46886,0
                -91.062414,39.474122,0
                -91.064305,39.494643,0
                -91.075309,39.502845,0
                -91.079769,39.507728,0
                -91.086292,39.517141,0
                -91.092869,39.529275,0
                -91.100307,39.538695,0
                -91.114305,39.541098,0
                -91.126638,39.542227,0
                -91.148275,39.545798,0
                -91.153628,39.548248,0
                -91.158606,39.553048,0
                -91.163634,39.558566,0
                -91.168419,39.564928,0
                -91.16982,39.569555,0
                -91.171641,39.581899,0
                -91.174232,39.591975,0
                -91.174651,39.593313,0
                -91.178012,39.598196,0
                -91.181936,39.602677,0
                -91.185921,39.605119,0
                -91.21664,39.615124,0
                -91.223328,39.617603,0
                -91.229317,39.620853,0
                -91.241225,39.630067,0
                -91.24356,39.633064,0
                -91.245914,39.637311,0
                -91.248779,39.64088,0
                -91.260475,39.649024,0
                -91.266765,39.656993,0
                -91.27614,39.665759,0
                -91.283329,39.670134,0
                -91.293788,39.674766,0
                -91.302485,39.679631,0
                -91.305348,39.683957,0
                -91.3066819759012,39.6848809168884,0
                -91.317814,39.692591,0
                -91.331603,39.700433,0
                -91.3453,39.709402,0
                -91.352749,39.715279,0
                -91.3540263590013,39.7164496002578,0
                -91.367753,39.729029,0
                -91.370009,39.732524,0
                -91.369953,39.745042,0
              </coordinates>
            </LinearRing>
          </outerBoundaryIs>
        </Polygon>
      </Placemark>
      <Placemark id="il_counties.64">
        <ExtendedData>
          <SchemaData schemaUrl="#il_counties.schema">
            <SimpleData name="county_label">Union County</SimpleData>
            <SimpleData name="population">17122</SimpleData>
          </SchemaData>
        </ExtendedData>
        <Polygon>
          <outerBoundaryIs>
            <LinearRing>
              <coordinates>
                -89.5217295671219,37.5662095222196,0
                -89.5215664634216,37.5707784301758,0
                -89.472208,37.561926,0
                -89.453087,37.580113,0
                -89.453202,37.60009,0
                -89.295445,37.599246,0
                -89.241541,37.598657,0
                -89.153617,37.600237,0
                -89.041401,37.596576,0
                -89.044348,37.441755,0
                -89.044799,37.329717,0
                -89.090161,37.33293,0
                -89.248566,37.335298,0
                -89.4865181498393,37.3345496947572,0
                -89.484211,37.335646,0
                -89.474569,37.338165,0
                -89.454723,37.339283,0
                -89.447556,37.340475,0
                -89.43604,37.344441,0
                -89.432836,37.347056,0
                -89.429738,37.351956,0
                -89.428185,37.356158,0
                -89.422037,37.38053,0
                -89.421054,37.387668,0
                -89.42132,37.392077,0
                -89.422465,37.397132,0
                -89.4245914886399,37.4034588391504,0
                -89.42594,37.407471,0
                -89.43413,37.426847,0
                -89.439769,37.4372,0
                -89.443493,37.442129,0
                -89.450969,37.450069,0
                -89.4545736309584,37.4529916159668,0
                -89.471201,37.466473,0
                -89.475525,37.471388,0
                -89.492051,37.494008,0
                -89.497689,37.504948,0
                -89.500231,37.512954,0
                -89.502917,37.51787,0
                -89.507459,37.524322,0
                -89.5124,37.52981,0
                -89.516447,37.535558,0
                -89.517051,37.537278,0
                -89.521093,37.553805,0
                -89.521925,37.560735,0
                -89.5217295671219,37.5662095222196,0
              </coordinates>
            </LinearRing>
          </outerBoundaryIs>
        </Polygon>
      </Placemark>
      <Placemark id="il_counties.65">
        <ExtendedData>
          <SchemaData schemaUrl="#il_counties.schema">
            <SimpleData name="county_label">Gallatin County</SimpleData>
            <SimpleData name="population">4967</SimpleData>
          </SchemaData>
        </ExtendedData>
        <Polygon>
          <outerBoundaryIs>
            <LinearRing>
              <coordinates>
                -88.373688,37.746872,0
                -88.373714,37.761093,0
                -88.37453,37.907678,0
                -88.374521,37.908391,0
                -88.135981,37.907795,0
                -88.135887,37.916118,0
                -88.0928536745894,37.8918242052378,0
                -88.078529,37.879118,0
                -88.067364,37.856051,0
                -88.057576,37.84789,0
                -88.033309,37.841917,0
                -88.026382,37.831107,0
                -88.040271,37.822341,0
                -88.047947,37.821727,0
                -88.060212,37.822849,0
                -88.074042,37.82916,0
                -88.083671,37.830175,0
                -88.090884,37.824468,0
                -88.083204,37.810897,0
                -88.0765953246786,37.8063095187553,0
                -88.068922,37.800983,0
                -88.057555,37.802031,0
                -88.044249,37.808575,0
                -88.035456,37.80952,0
                -88.029382,37.803601,0
                -88.02803,37.799224,0
                -88.032438,37.796361,0
                -88.035827,37.791917,0
                -88.038769,37.784307,0
                -88.040873,37.772082,0
                -88.042602,37.76712,0
                -88.0433912442538,37.7657176398423,0
                -88.049942,37.754078,0
                -88.059588,37.742608,0
                -88.063802,37.738645,0
                -88.072538,37.733286,0
                -88.081925,37.730389,0
                -88.085901,37.728587,0
                -88.095759,37.723205,0
                -88.101844,37.718036,0
                -88.107088,37.715915,0
                -88.117803,37.712583,0
                -88.122412,37.709685,0
                -88.125033,37.707094,0
                -88.132341,37.697142,0
                -88.134282,37.691498,0
                -88.145434,37.68259,0
                -88.151646,37.675098,0
                -88.158207,37.664542,0
                -88.159372,37.661847,0
                -88.160187,37.657592,0
                -88.160062,37.654332,0
                -88.15864,37.649097,0
                -88.158374,37.639948,0
                -88.156827,37.632801,0
                -88.152691,37.622827,0
                -88.142225,37.603737,0
                -88.140752,37.599158,0
                -88.140226,37.595263,0
                -88.14094,37.590865,0
                -88.139973,37.586451,0
                -88.136164,37.580285,0
                -88.1336987983831,37.5749026579637,0
                -88.152679,37.573813,0
                -88.179677,37.599228,0
                -88.288569,37.59908,0
                -88.375434,37.599595,0
                -88.373688,37.746872,0
              </coordinates>
            </LinearRing>
          </outerBoundaryIs>
        </Polygon>
      </Placemark>
      <Placemark id="il_counties.66">
        <ExtendedData>
          <SchemaData schemaUrl="#il_counties.schema">
            <SimpleData name="county_label">Ogle County</SimpleData>
            <SimpleData name="population">51672</SimpleData>
          </SchemaData>
        </ExtendedData>
        <Polygon>
          <outerBoundaryIs>
            <LinearRing>
              <coordinates>
                -89.688486,42.199112,0
                -89.629821,42.200534,0
                -89.435033,42.201249,0
                -89.396192,42.201916,0
                -89.279738,42.203076,0
                -89.253002,42.203669,0
                -89.232474,42.203558,0
                -89.173,42.204241,0
                -89.172803,42.150417,0
                -89.096604,42.15064,0
                -89.076998,42.150812,0
                -88.939732,42.15232,0
                -88.938936,42.065068,0
                -88.942146,42.06505,0
                -88.941883,41.97888,0
                -88.9419,41.978264,0
                -88.941279,41.891752,0
                -89.039778,41.890554,0
                -89.168677,41.889502,0
                -89.28054,41.888116,0
                -89.360578,41.888018,0
                -89.360392,41.902616,0
                -89.398652,41.902833,0
                -89.421058,41.889451,0
                -89.422773,41.905844,0
                -89.470815,41.911462,0
                -89.482705,41.902463,0
                -89.514621,41.902166,0
                -89.537861,41.90251,0
                -89.62933,41.901617,0
                -89.628907,41.930044,0
                -89.685366,41.93034,0
                -89.686455,41.936927,0
                -89.685063,42.024955,0
                -89.685988,42.090314,0
                -89.688486,42.199112,0
              </coordinates>
            </LinearRing>
          </outerBoundaryIs>
        </Polygon>
      </Placemark>
      <Placemark id="il_counties.67">
        <ExtendedData>
          <SchemaData schemaUrl="#il_counties.schema">
            <SimpleData name="county_label">Greene County</SimpleData>
            <SimpleData name="population">12015</SimpleData>
          </SchemaData>
        </ExtendedData>
        <Polygon>
          <outerBoundaryIs>
            <LinearRing>
              <coordinates>
                -90.613775,39.395416,0
                -90.616807,39.423878,0
                -90.610502,39.457447,0
                -90.592092,39.486979,0
                -90.581055,39.521728,0
                -90.424098,39.520915,0
                -90.301831,39.520344,0
                -90.153782,39.520315,0
                -90.150703,39.350965,0
                -90.149462,39.346302,0
                -90.148121,39.261947,0
                -90.193872,39.26196,0
                -90.202681,39.258192,0
                -90.201769,39.225497,0
                -90.31393,39.225128,0
                -90.313289,39.174289,0
                -90.363319,39.174277,0
                -90.370774,39.174274,0
                -90.487624,39.175005,0
                -90.487879,39.164074,0
                -90.502177,39.163526,0
                -90.507508,39.185193,0
                -90.536454,39.192857,0
                -90.574615,39.178623,0
                -90.580587,39.184895,0
                -90.575995,39.165167,0
                -90.587213,39.154873,0
                -90.582803,39.144327,0
                -90.599053,39.134475,0
                -90.603569,39.117592,0
                -90.61454,39.14229,0
                -90.613326,39.162742,0
                -90.59123,39.198624,0
                -90.597989,39.24333,0
                -90.609796,39.259812,0
                -90.60243,39.292693,0
                -90.611258,39.311213,0
                -90.62229,39.365089,0
                -90.613775,39.395416,0
              </coordinates>
            </LinearRing>
          </outerBoundaryIs>
        </Polygon>
      </Placemark>
      <Placemark id="il_counties.68">
        <ExtendedData>
          <SchemaData schemaUrl="#il_counties.schema">
            <SimpleData name="county_label">Williamson County</SimpleData>
            <SimpleData name="population">67120</SimpleData>
          </SchemaData>
        </ExtendedData>
        <Polygon>
          <outerBoundaryIs>
            <LinearRing>
              <coordinates>
                -89.152247,37.718404,0
                -89.151931,37.744778,0
                -89.151677,37.773956,0
                -89.151401,37.811046,0
                -89.151176,37.861999,0
                -89.058394,37.862051,0
                -89.055993,37.862044,0
                -88.958758,37.862037,0
                -88.942697,37.862137,0
                -88.902603,37.862391,0
                -88.86904,37.862613,0
                -88.762317,37.8633,0
                -88.706759,37.863457,0
                -88.707071,37.804115,0
                -88.707562,37.687119,0
                -88.708546,37.599277,0
                -88.818894,37.600677,0
                -88.874231,37.596981,0
                -88.937756,37.59669,0
                -89.041401,37.596576,0
                -89.153617,37.600237,0
                -89.152247,37.718404,0
              </coordinates>
            </LinearRing>
          </outerBoundaryIs>
        </Polygon>
      </Placemark>
      <Placemark id="il_counties.69">
        <ExtendedData>
          <SchemaData schemaUrl="#il_counties.schema">
            <SimpleData name="county_label">Montgomery County</SimpleData>
            <SimpleData name="population">28352</SimpleData>
          </SchemaData>
        </ExtendedData>
        <Polygon>
          <outerBoundaryIs>
            <LinearRing>
              <coordinates>
                -89.703692,39.34803,0
                -89.700216,39.421157,0
                -89.701661,39.523316,0
                -89.533526,39.524592,0
                -89.530836,39.348864,0
                -89.474318,39.348782,0
                -89.363591,39.348792,0
                -89.251376,39.348707,0
                -89.139807,39.348888,0
                -89.139464,39.217773,0
                -89.250513,39.217512,0
                -89.250619,39.181055,0
                -89.250309,39.028185,0
                -89.473348,39.02777,0
                -89.580278,39.028366,0
                -89.586092,38.999456,0
                -89.639265,38.999129,0
                -89.698555,38.998979,0
                -89.69987,39.147765,0
                -89.700338,39.17544,0
                -89.702602,39.28014,0
                -89.703692,39.34803,0
              </coordinates>
            </LinearRing>
          </outerBoundaryIs>
        </Polygon>
      </Placemark>
      <Placemark id="il_counties.70">
        <ExtendedData>
          <SchemaData schemaUrl="#il_counties.schema">
            <SimpleData name="county_label">Tazewell County</SimpleData>
            <SimpleData name="population">131276</SimpleData>
          </SchemaData>
        </ExtendedData>
        <Polygon>
          <outerBoundaryIs>
            <LinearRing>
              <coordinates>
                -89.92468,40.435921,0
                -89.908543,40.445278,0
                -89.905582,40.451506,0
                -89.889067,40.473068,0
                -89.882194,40.505402,0
                -89.872462,40.513225,0
                -89.81357,40.540564,0
                -89.771236,40.553079,0
                -89.741422,40.550928,0
                -89.697072,40.562032,0
                -89.675302,40.554141,0
                -89.664309,40.562404,0
                -89.65863,40.567361,0
                -89.653889,40.578509,0
                -89.660054,40.596664,0
                -89.658,40.602625,0
                -89.653688,40.60749,0
                -89.622439,40.635124,0
                -89.61111,40.648974,0
                -89.610973,40.652322,0
                -89.616369,40.660759,0
                -89.613756,40.665081,0
                -89.60044,40.677571,0
                -89.591948,40.684515,0
                -89.576742,40.693042,0
                -89.569629,40.695661,0
                -89.557112,40.698708,0
                -89.547063,40.720418,0
                -89.549359,40.728913,0
                -89.550256,40.739051,0
                -89.553433,40.747636,0
                -89.51266,40.74758,0
                -89.427108,40.747746,0
                -89.39698,40.747986,0
                -89.330092,40.748257,0
                -89.329614,40.660774,0
                -89.328695,40.660785,0
                -89.327343,40.615566,0
                -89.269831,40.616097,0
                -89.269397,40.594318,0
                -89.266499,40.485552,0
                -89.265404,40.42753,0
                -89.26374,40.325344,0
                -89.344744,40.324425,0
                -89.489426,40.322045,0
                -89.602979,40.320129,0
                -89.714927,40.319218,0
                -89.717104,40.435655,0
                -89.82819,40.434387,0
                -89.866222,40.43571,0
                -89.915618,40.435635,0
                -89.92468,40.435921,0
              </coordinates>
            </LinearRing>
          </outerBoundaryIs>
        </Polygon>
      </Placemark>
      <Placemark id="il_counties.71">
        <ExtendedData>
          <SchemaData schemaUrl="#il_counties.schema">
            <SimpleData name="county_label">Wayne County</SimpleData>
            <SimpleData name="population">16127</SimpleData>
          </SchemaData>
        </ExtendedData>
        <Polygon>
          <outerBoundaryIs>
            <LinearRing>
              <coordinates>
                -88.702197,38.271932,0
                -88.699445,38.401675,0
                -88.698961,38.474914,0
                -88.698459,38.606062,0
                -88.584531,38.607309,0
                -88.364181,38.602237,0
                -88.253978,38.599502,0
                -88.148194,38.597987,0
                -88.147803,38.569037,0
                -88.148347,38.415042,0
                -88.150891,38.256156,0
                -88.231647,38.25693,0
                -88.370375,38.255319,0
                -88.370367,38.255481,0
                -88.702391,38.256661,0
                -88.702197,38.271932,0
              </coordinates>
            </LinearRing>
          </outerBoundaryIs>
        </Polygon>
      </Placemark>
      <Placemark id="il_counties.72">
        <ExtendedData>
          <SchemaData schemaUrl="#il_counties.schema">
            <SimpleData name="county_label">Hardin County</SimpleData>
            <SimpleData name="population">3665</SimpleData>
          </SchemaData>
        </ExtendedData>
        <Polygon>
          <outerBoundaryIs>
            <LinearRing>
              <coordinates>
                -88.4152637088206,37.4234930977791,0
                -88.412697,37.599625,0
                -88.380306,37.5991,0
                -88.375434,37.599595,0
                -88.288569,37.59908,0
                -88.179677,37.599228,0
                -88.152679,37.573813,0
                -88.1336987983831,37.5749026579637,0
                -88.133393,37.574235,0
                -88.131622,37.572968,0
                -88.121517,37.568166,0
                -88.11433,37.562189,0
                -88.1058835242985,37.5563851266449,0
                -88.105585,37.55618,0
                -88.101174,37.55133,0
                -88.092814,37.539637,0
                -88.088049,37.535124,0
                -88.086194,37.534186,0
                -88.078046,37.532029,0
                -88.072242,37.528826,0
                -88.069018,37.525297,0
                -88.063311,37.515755,0
                -88.062568,37.513563,0
                -88.062828,37.508123,0
                -88.0613347550442,37.5053124718963,0
                -88.061292,37.505232,0
                -88.062563,37.495951,0
                -88.064115,37.492013,0
                -88.06295,37.489385,0
                -88.062174,37.489057,0
                -88.062294,37.487837,0
                -88.064234,37.484548,0
                -88.067728,37.481593,0
                -88.068504,37.481921,0
                -88.072386,37.483563,0
                -88.077987,37.480146,0
                -88.0807387425969,37.4768322504659,0
                -88.084171,37.472699,0
                -88.087664,37.471059,0
                -88.09038,37.471059,0
                -88.091156,37.471715,0
                -88.091156,37.472699,0
                -88.095818,37.473025,0
                -88.109417,37.472369,0
                -88.12801,37.470507,0
                -88.132628,37.471555,0
                -88.135142,37.471626,0
                -88.157061,37.466937,0
                -88.171764,37.465612,0
                -88.175283,37.46379,0
                -88.188615,37.461896,0
                -88.206923,37.460188,0
                -88.225012,37.45739,0
                -88.237784,37.456811,0
                -88.255193,37.456748,0
                -88.281667,37.452596,0
                -88.297821,37.446816,0
                -88.312585,37.440591,0
                -88.3133922093058,37.4398699039136,0
                -88.317525,37.436178,0
                -88.321199,37.434705,0
                -88.330622,37.429316,0
                -88.333183,37.42721,0
                -88.348405,37.410726,0
                -88.358436,37.40486,0
                -88.3585049068255,37.4048174106804,0
                -88.361557,37.402931,0
                -88.365471,37.401663,0
                -88.371214,37.40273,0
                -88.373445,37.404342,0
                -88.377507,37.409825,0
                -88.387669,37.416482,0
                -88.39734,37.421644,0
                -88.404127,37.424146,0
                -88.408808,37.425216,0
                -88.413108,37.424468,0
                -88.4152637088206,37.4234930977791,0
              </coordinates>
            </LinearRing>
          </outerBoundaryIs>
        </Polygon>
      </Placemark>
      <Placemark id="il_counties.73">
        <ExtendedData>
          <SchemaData schemaUrl="#il_counties.schema">
            <SimpleData name="county_label">Carroll County</SimpleData>
            <SimpleData name="population">15594</SimpleData>
          </SchemaData>
        </ExtendedData>
        <Polygon>
          <outerBoundaryIs>
            <LinearRing>
              <coordinates>
                -90.3173312688908,42.1936467132019,0
                -90.221257,42.195645,0
                -90.107747,42.197166,0
                -89.919772,42.196881,0
                -89.905757,42.196872,0
                -89.746738,42.197961,0
                -89.688486,42.199112,0
                -89.685988,42.090314,0
                -89.685063,42.024955,0
                -89.686455,41.936927,0
                -89.685366,41.93034,0
                -89.841449,41.930297,0
                -90.035985,41.930333,0
                -90.1518383787674,41.92891733574,0
                -90.1516,41.931002,0
                -90.152659,41.933058,0
                -90.156902,41.938181,0
                -90.160648,41.940845,0
                -90.163847,41.944934,0
                -90.164939,41.948861,0
                -90.164135,41.956178,0
                -90.162141,41.961293,0
                -90.153834,41.974116,0
                -90.148599,41.978269,0
                -90.146225,41.981329,0
                -90.146033,41.988139,0
                -90.140613,41.995999,0
                -90.140061,42.003252,0
                -90.1401310752616,42.003611816827,0
                -90.141167,42.008931,0
                -90.143776,42.014881,0
                -90.148096,42.020014,0
                -90.149112,42.022679,0
                -90.149733,42.026564,0
                -90.150916,42.02944,0
                -90.151579,42.030633,0
                -90.154221,42.033073,0
                -90.158829,42.037769,0
                -90.163446,42.040407,0
                -90.164485,42.042105,0
                -90.165294,42.050973,0
                -90.165555,42.062638,0
                -90.1658954656731,42.0642341681808,0
                -90.168358,42.075779,0
                -90.163405,42.087613,0
                -90.161504,42.098912,0
                -90.161159,42.106372,0
                -90.161884,42.11378,0
                -90.162895,42.116718,0
                -90.167533,42.122475,0
                -90.17097,42.125198,0
                -90.187474,42.125423,0
                -90.190452,42.125779,0
                -90.197342,42.128163,0
                -90.201404,42.130937,0
                -90.20536,42.139079,0
                -90.206369,42.1455,0
                -90.207421,42.149109,0
                -90.209479,42.15268,0
                -90.216107,42.15673,0
                -90.224244,42.160028,0
                -90.234919,42.165431,0
                -90.250129,42.171469,0
                -90.255456,42.171821,0
                -90.26908,42.1745,0
                -90.282173,42.178846,0
                -90.298442,42.187576,0
                -90.3068879691028,42.1902904013054,0
                -90.3173312688908,42.1936467132019,0
              </coordinates>
            </LinearRing>
          </outerBoundaryIs>
        </Polygon>
      </Placemark>
      <Placemark id="il_counties.74">
        <ExtendedData>
          <SchemaData schemaUrl="#il_counties.schema">
            <SimpleData name="county_label">Adams County</SimpleData>
            <SimpleData name="population">65583</SimpleData>
          </SchemaData>
        </ExtendedData>
        <Polygon>
          <outerBoundaryIs>
            <LinearRing>
              <coordinates>
                -91.512974,40.181062,0
                -91.511073,40.188794,0
                -91.509551,40.191338,0
                -91.505495,40.195606,0
                -91.504477,40.198262,0
                -91.5050369123376,40.1999250958141,0
                -91.276469,40.197624,0
                -91.145168,40.195537,0
                -90.911969,40.193088,0
                -90.913469,40.104455,0
                -90.914687,40.018039,0
                -90.916669,39.844927,0
                -90.915961,39.7572,0
                -91.01074,39.75712,0
                -91.265764,39.757431,0
                -91.365125,39.758723,0
                -91.365906,39.764956,0
                -91.365694,39.77491,0
                -91.364848,39.779388,0
                -91.3630122724949,39.7827536975618,0
                -91.361744,39.785079,0
                -91.361571,39.787548,0
                -91.363444,39.792804,0
                -91.367966,39.800403,0
                -91.375148,39.80886,0
                -91.377971,39.811273,0
                -91.385773,39.815553,0
                -91.397853,39.821122,0
                -91.406223,39.826472,0
                -91.414513,39.829984,0
                -91.429519,39.837801,0
                -91.432919,39.840554,0
                -91.436051,39.84551,0
                -91.446385,39.870394,0
                -91.447844,39.877951,0
                -91.446922,39.883034,0
                -91.443513,39.893583,0
                -91.428956,39.907729,0
                -91.4277611068092,39.9087845530836,0
                -91.420878,39.914865,0
                -91.41988,39.916533,0
                -91.418807,39.922126,0
                -91.41936,39.927717,0
                -91.4200733114905,39.9292336525866,0
                -91.421832,39.932973,0
                -91.4219160999643,39.933075027096,0
                -91.425782,39.937765,0
                -91.429055,39.940741,0
                -91.4354775008627,39.9452779153574,0
                -91.43709,39.946417,0
                -91.44156,39.951299,0
                -91.447236,39.959502,0
                -91.449806,39.965278,0
                -91.454647,39.971306,0
                -91.458852,39.979015,0
                -91.459533,39.979892,0
                -91.463683,39.981845,0
                -91.465315,39.983995,0
                -91.466682,39.987253,0
                -91.467294,39.990631,0
                -91.469247,39.995327,0
                -91.477298,40.008993,0
                -91.484064,40.019332,0
                -91.487351,40.023201,0
                -91.4881317454103,40.0245755766146,0
                -91.494878,40.036453,0
                -91.489606,40.057435,0
                -91.495365,40.070951,0
                -91.497663,40.078257,0
                -91.500823,40.090956,0
                -91.5023413816286,40.095986023647,0
                -91.506006,40.108126,0
                -91.5072504499794,40.113408861135,0
                -91.509245,40.121876,0
                -91.510322,40.127994,0
                -91.511749,40.147091,0
                -91.51159,40.149269,0
                -91.508324,40.156326,0
                -91.508224,40.157665,0
                -91.511956,40.170441,0
                -91.513079,40.178537,0
                -91.512974,40.181062,0
              </coordinates>
            </LinearRing>
          </outerBoundaryIs>
        </Polygon>
      </Placemark>
      <Placemark id="il_counties.75">
        <ExtendedData>
          <SchemaData schemaUrl="#il_counties.schema">
            <SimpleData name="county_label">Livingston County</SimpleData>
            <SimpleData name="population">35771</SimpleData>
          </SchemaData>
        </ExtendedData>
        <Polygon>
          <outerBoundaryIs>
            <LinearRing>
              <coordinates>
                -88.93139,40.92774,0
                -88.930654,41.030573,0
                -88.930881,41.1059,0
                -88.892935,41.106054,0
                -88.85237,41.106228,0
                -88.831825,41.106361,0
                -88.81621,41.10649,0
                -88.58624,41.108293,0
                -88.58461,41.10831,0
                -88.43059,41.10993,0
                -88.40574,41.11052,0
                -88.33683,41.11222,0
                -88.251501,41.114218,0
                -88.2473,40.99456,0
                -88.241542,40.828523,0
                -88.239459,40.756033,0
                -88.23529,40.63243,0
                -88.23495,40.618208,0
                -88.459475,40.617345,0
                -88.574502,40.61655,0
                -88.582355,40.670792,0
                -88.583738,40.728639,0
                -88.584272,40.757608,0
                -88.757092,40.755648,0
                -88.814487,40.75506,0
                -88.929331,40.753337,0
                -88.93071,40.84048,0
                -88.93139,40.92774,0
              </coordinates>
            </LinearRing>
          </outerBoundaryIs>
        </Polygon>
      </Placemark>
      <Placemark id="il_counties.76">
        <ExtendedData>
          <SchemaData schemaUrl="#il_counties.schema">
            <SimpleData name="county_label">Menard County</SimpleData>
            <SimpleData name="population">12284</SimpleData>
          </SchemaData>
        </ExtendedData>
        <Polygon>
          <outerBoundaryIs>
            <LinearRing>
              <coordinates>
                -89.99509,40.108908,0
                -89.982562,40.114377,0
                -89.970083,40.142264,0
                -89.944903,40.133697,0
                -89.940262,40.137292,0
                -89.926058,40.13995,0
                -89.898118,40.127795,0
                -89.868249,40.12972,0
                -89.824987,40.122899,0
                -89.794367,40.123805,0
                -89.788053,40.130056,0
                -89.749196,40.126852,0
                -89.708102,40.146603,0
                -89.694344,40.14091,0
                -89.683807,40.155006,0
                -89.668374,40.160707,0
                -89.648693,40.157408,0
                -89.628002,40.148817,0
                -89.601688,40.122378,0
                -89.60112,40.092284,0
                -89.579128,40.092415,0
                -89.578289,39.976127,0
                -89.698259,39.975309,0
                -89.701864,39.916787,0
                -89.76055,39.916702,0
                -89.769186,39.914202,0
                -89.769168,39.90235,0
                -89.811401,39.902344,0
                -89.994506,39.901925,0
                -89.99509,40.108908,0
              </coordinates>
            </LinearRing>
          </outerBoundaryIs>
        </Polygon>
      </Placemark>
      <Placemark id="il_counties.77">
        <ExtendedData>
          <SchemaData schemaUrl="#il_counties.schema">
            <SimpleData name="county_label">Monroe County</SimpleData>
            <SimpleData name="population">34905</SimpleData>
          </SchemaData>
        </ExtendedData>
        <Polygon>
          <outerBoundaryIs>
            <LinearRing>
              <coordinates>
                -90.373819,38.294454,0
                -90.371719,38.304354,0
                -90.372519,38.323354,0
                -90.370819,38.333554,0
                -90.368219,38.340254,0
                -90.356318,38.360354,0
                -90.3549517425189,38.3639395167813,0
                -90.349743,38.377609,0
                -90.346118,38.381853,0
                -90.343118,38.385453,0
                -90.3407573658894,38.3875062876655,0
                -90.3312732487018,38.3957556054029,0
                -90.328517,38.398153,0
                -90.322317,38.401753,0
                -90.3127553990569,38.4106060063174,0
                -90.295316,38.426753,0
                -90.288815,38.438453,0
                -90.285215,38.443453,0
                -90.284015,38.451053,0
                -90.2825645098545,38.4575197685655,0
                -90.279215,38.472453,0
                -90.275915,38.479553,0
                -90.274914,38.486253,0
                -90.2747767946769,38.486626465267,0
                -90.271314,38.496052,0
                -90.268814,38.506152,0
                -90.2638283400561,38.5205107006385,0
                -90.223805,38.488712,0
                -90.220335,38.486023,0
                -90.194675,38.465971,0
                -90.163227,38.44116,0
                -90.1454,38.426674,0
                -90.145562,38.412053,0
                -90.118056,38.389658,0
                -90.036096,38.323537,0
                -90.036107,38.308936,0
                -90.023525,38.308783,0
                -89.913057,38.308105,0
                -89.903558,38.279392,0
                -89.925213,38.273256,0
                -89.899043,38.220755,0
                -89.899354,38.220756,0
                -90.036311,38.223125,0
                -90.036065,38.14756,0
                -90.035867,38.135736,0
                -90.204892540831,38.0870159531537,0
                -90.218708,38.094365,0
                -90.243116,38.112669,0
                -90.250118,38.125054,0
                -90.252484,38.127571,0
                -90.2526647395139,38.1278129416306,0
                -90.274928,38.157615,0
                -90.283091,38.164447,0
                -90.290765,38.170453,0
                -90.30049,38.175246,0
                -90.31063,38.178572,0
                -90.316839,38.179456,0
                -90.322353,38.181593,0
                -90.331554,38.18758,0
                -90.334258,38.189932,0
                -90.353902,38.213855,0
                -90.3554305754695,38.2163058294467,0
                -90.356176,38.217501,0
                -90.359559,38.224525,0
                -90.363926,38.236355,0
                -90.367013,38.250054,0
                -90.367764,38.255807,0
                -90.3692930829517,38.261494132692,0
                -90.370892,38.267441,0
                -90.371869,38.273926,0
                -90.3731808760949,38.2789741756332,0
                -90.373929,38.281853,0
                -90.373819,38.294454,0
              </coordinates>
            </LinearRing>
          </outerBoundaryIs>
        </Polygon>
      </Placemark>
      <Placemark id="il_counties.78">
        <ExtendedData>
          <SchemaData schemaUrl="#il_counties.schema">
            <SimpleData name="county_label">Pulaski County</SimpleData>
            <SimpleData name="population">5177</SimpleData>
          </SchemaData>
        </ExtendedData>
        <Polygon>
          <outerBoundaryIs>
            <LinearRing>
              <coordinates>
                -89.273631,37.126968,0
                -89.257881,37.146585,0
                -89.26731,37.180525,0
                -89.251919,37.190892,0
                -89.262509,37.216168,0
                -89.24593,37.263943,0
                -89.202723,37.289376,0
                -89.203321,37.306583,0
                -89.206569,37.321393,0
                -89.248566,37.335298,0
                -89.090161,37.33293,0
                -89.044799,37.329717,0
                -89.044691,37.293933,0
                -89.003541,37.311242,0
                -88.955754,37.297486,0
                -88.928757,37.302848,0
                -88.9278924719524,37.2265918461207,0
                -88.931745,37.227593,0
                -88.933066900919,37.2277483227204,0
                -88.942111,37.228811,0
                -88.966831,37.229891,0
                -88.98326,37.228685,0
                -89.000968,37.224401,0
                -89.008532,37.220583,0
                -89.00592,37.221198,0
                -89.014003,37.21609,0
                -89.029981,37.211144,0
                -89.037568,37.203932,0
                -89.041263,37.202881,0
                -89.058036,37.188767,0
                -89.076221,37.175125,0
                -89.086526,37.165602,0
                -89.092934,37.156439,0
                -89.095753,37.150391,0
                -89.096669,37.1462,0
                -89.0973301630406,37.1447450520642,0
                -89.099047,37.140967,0
                -89.111189,37.119052,0
                -89.115579,37.115781,0
                -89.120465,37.113487,0
                -89.12202,37.111342,0
                -89.125072,37.108813,0
                -89.134931,37.103278,0
                -89.135847,37.102197,0
                -89.138231,37.096906,0
                -89.14132,37.093865,0
                -89.146596,37.090714,0
                -89.149797,37.089828,0
                -89.151294,37.090487,0
                -89.154504,37.088907,0
                -89.168087,37.074218,0
                -89.171880551089,37.0681839790285,0
                -89.179637,37.06909,0
                -89.18857,37.081093,0
                -89.1953,37.088315,0
                -89.205347,37.086121,0
                -89.252387,37.099638,0
                -89.265675,37.110759,0
                -89.273631,37.126968,0
              </coordinates>
            </LinearRing>
          </outerBoundaryIs>
        </Polygon>
      </Placemark>
      <Placemark id="il_counties.79">
        <ExtendedData>
          <SchemaData schemaUrl="#il_counties.schema">
            <SimpleData name="county_label">Rock Island County</SimpleData>
            <SimpleData name="population">143819</SimpleData>
          </SchemaData>
        </ExtendedData>
        <Polygon>
          <outerBoundaryIs>
            <LinearRing>
              <coordinates>
                -91.071940564762,41.3335923022153,0
                -91.071552,41.339651,0
                -91.06652,41.365246,0
                -91.065058,41.369101,0
                -91.05158,41.385283,0
                -91.05101,41.387556,0
                -91.05069830819,41.3932656272461,0
                -91.050328,41.400049,0
                -91.047819,41.4109,0
                -91.04589,41.414085,0
                -91.0450638756385,41.4148720333034,0
                -91.043988,41.415897,0
                -91.039872,41.418523,0
                -91.037131,41.420017,0
                -91.0347524997036,41.4209298105804,0
                -91.027787,41.423603,0
                -91.01198,41.425024,0
                -91.0095720469579,41.4254601323492,0
                -91.005846,41.426135,0
                -90.984898,41.433869,0
                -90.979815,41.434321,0
                -90.975168,41.433985,0
                -90.966662,41.430051,0
                -90.953198,41.425075,0
                -90.949791,41.424163,0
                -90.930016,41.421404,0
                -90.924343,41.42286,0
                -90.919351,41.425589,0
                -90.900471,41.431154,0
                -90.890787,41.435432,0
                -90.879778,41.441065,0
                -90.867282,41.448215,0
                -90.857554,41.452751,0
                -90.853604,41.453909,0
                -90.846558,41.455141,0
                -90.837414,41.455623,0
                -90.824736,41.454467,0
                -90.807283,41.454466,0
                -90.786282,41.452888,0
                -90.777583,41.451261,0
                -90.771672,41.450761,0
                -90.750142,41.449632,0
                -90.737537,41.450127,0
                -90.723545,41.452248,0
                -90.7233269653468,41.4522723007442,0
                -90.701159,41.454743,0
                -90.690951,41.456643,0
                -90.676439,41.460832,0
                -90.668939,41.4606849411765,0
                -90.666239,41.460632,0
                -90.655839,41.462132,0
                -90.650238,41.465032,0
                -90.640238,41.473332,0
                -90.632538,41.478732,0
                -90.6306668798482,41.4795739439295,0
                -90.618537,41.485032,0
                -90.6094674847987,41.4916541857025,0
                -90.6086060982744,41.4922831345933,0
                -90.605937,41.494232,0
                -90.6057338713886,41.4945665647717,0
                -90.604237,41.497032,0
                -90.602137,41.506032,0
                -90.595237,41.511032,0
                -90.5945266206896,41.5113364482759,0
                -90.591037,41.512832,0
                -90.582036,41.515132,0
                -90.5804143427495,41.5153105310734,0
                -90.571136,41.516332,0
                -90.567236,41.517532,0
                -90.5662884753087,41.5181090762141,0
                -90.556235,41.524232,0
                -90.5549302919613,41.5243941078419,0
                -90.540935,41.526133,0
                -90.533035,41.524933,0
                -90.5131890192399,41.5195479290938,0
                -90.513134,41.519533,0
                -90.5036140774327,41.5183907006759,0
                -90.500633,41.518033,0
                -90.489933,41.518233,0
                -90.4894869918826,41.518275882647,0
                -90.4752949778353,41.5196404119125,0
                -90.474332,41.519733,0
                -90.461432,41.523533,0
                -90.445231,41.536133,0
                -90.438431,41.544133,0
                -90.432731,41.549533,0
                -90.427231,41.551533,0
                -90.42223,41.554233,0
                -90.4198866339156,41.5574185132709,0
                -90.41583,41.562933,0
                -90.4129863973,41.56520788216,0
                -90.41283,41.565333,0
                -90.39793,41.572233,0
                -90.381329,41.576633,0
                -90.3787799267403,41.5770775799534,0
                -90.3646696505308,41.5795385315626,0
                -90.364128,41.579633,0
                -90.351894876694,41.5844325986176,0
                -90.343228,41.587833,0
                -90.341528,41.590633,0
                -90.339528,41.598633,0
                -90.3409423555351,41.6143397120993,0
                -90.34333,41.640855,0
                -90.343452,41.646959,0
                -90.336729,41.664532,0
                -90.3367033220262,41.6647070739167,0
                -90.334525,41.679559,0
                -90.332481,41.682146,0
                -90.330222,41.683954,0
                -90.319924,41.689721,0
                -90.317315,41.69167,0
                -90.314687,41.69483,0
                -90.313435,41.698082,0
                -90.31277,41.702426,0
                -90.312893,41.707528,0
                -90.31332,41.709494,0
                -90.317421,41.718333,0
                -90.317668,41.72269,0
                -90.3163577470743,41.7288847987591,0
                -90.31522,41.734264,0
                -90.310708,41.742214,0
                -90.302782,41.750031,0
                -90.278633,41.767358,0
                -90.263286,41.772112,0
                -90.258622,41.775295,0
                -90.248631,41.779805,0
                -90.2423797480977,41.7829647650696,0
                -90.244812,41.769511,0
                -90.247917,41.746877,0
                -90.234705,41.736111,0
                -90.244956,41.702379,0
                -90.22679,41.692521,0
                -90.232703,41.676573,0
                -90.218531,41.671993,0
                -90.189532,41.663374,0
                -90.161233,41.643927,0
                -90.1733,41.637626,0
                -90.162465,41.635526,0
                -90.165057,41.602933,0
                -90.166037,41.59416,0
                -90.185536,41.584574,0
                -90.179287,41.576083,0
                -90.184769,41.555969,0
                -90.195324,41.540686,0
                -90.241657,41.524826,0
                -90.304716,41.517791,0
                -90.31951,41.509705,0
                -90.341245,41.511379,0
                -90.358727,41.506134,0
                -90.376528,41.478734,0
                -90.396585,41.469401,0
                -90.421129,41.457634,0
                -90.43193,41.456834,0
                -90.432181,41.434725,0
                -90.432469,41.414223,0
                -90.433737,41.326989,0
                -90.57896,41.327518,0
                -90.677651,41.328585,0
                -90.80151,41.329967,0
                -91.0719555241451,41.3333590479676,0
                -91.071940564762,41.3335923022153,0
              </coordinates>
            </LinearRing>
          </outerBoundaryIs>
        </Polygon>
      </Placemark>
      <Placemark id="il_counties.80">
        <ExtendedData>
          <SchemaData schemaUrl="#il_counties.schema">
            <SimpleData name="county_label">Pope County</SimpleData>
            <SimpleData name="population">3799</SimpleData>
          </SchemaData>
        </ExtendedData>
        <Polygon>
          <outerBoundaryIs>
            <LinearRing>
              <coordinates>
                -88.710688,37.39063,0
                -88.708546,37.599059,0
                -88.412697,37.599625,0
                -88.4152637088206,37.4234930977791,0
                -88.418594,37.421987,0
                -88.425981,37.419441,0
                -88.433182,37.418169,0
                -88.439333,37.416416,0
                -88.450127,37.411717,0
                -88.456,37.408482,0
                -88.465861,37.400547,0
                -88.470224,37.396255,0
                -88.476592,37.386875,0
                -88.478523,37.375052,0
                -88.4809843598542,37.3678962304184,0
                -88.482113,37.364615,0
                -88.482612,37.354915,0
                -88.484462,37.345609,0
                -88.486947,37.339596,0
                -88.49031,37.335042,0
                -88.494137,37.327689,0
                -88.500566,37.317822,0
                -88.505087,37.307858,0
                -88.508657,37.303353,0
                -88.511497,37.298527,0
                -88.514661,37.290948,0
                -88.515939,37.284043,0
                -88.509587,37.273398,0
                -88.506942,37.266656,0
                -88.509328,37.26213,0
                -88.508031,37.260261,0
                -88.500777,37.253579,0
                -88.492383,37.248445,0
                -88.487277,37.244077,0
                -88.484982,37.240774,0
                -88.47973,37.229606,0
                -88.478179,37.227251,0
                -88.471753,37.220155,0
                -88.466981,37.217026,0
                -88.458763,37.213536,0
                -88.450653,37.207046,0
                -88.447764,37.203527,0
                -88.441956,37.189036,0
                -88.439527,37.18174,0
                -88.437781,37.180007,0
                -88.433454,37.165871,0
                -88.433782,37.16407,0
                -88.431488,37.160298,0
                -88.429906,37.158668,0
                -88.428097,37.157758,0
                -88.424403,37.152428,0
                -88.4246186318314,37.1509671376999,0
                -88.424776,37.149901,0
                -88.434701,37.126424,0
                -88.435829,37.125055,0
                -88.443538,37.109192,0
                -88.443538,37.108517,0
                -88.442743,37.107842,0
                -88.444605,37.098601,0
                -88.458948,37.073796,0
                -88.476127,37.068223,0
                -88.482856,37.067114,0
                -88.490068,37.067874,0
                -88.4904194854448,37.0678101802822,0
                -88.49033,37.159462,0
                -88.528904,37.188834,0
                -88.643014,37.281954,0
                -88.710738,37.337081,0
                -88.710688,37.39063,0
              </coordinates>
            </LinearRing>
          </outerBoundaryIs>
        </Polygon>
      </Placemark>
      <Placemark id="il_counties.81">
        <ExtendedData>
          <SchemaData schemaUrl="#il_counties.schema">
            <SimpleData name="county_label">Sangamon County</SimpleData>
            <SimpleData name="population">196122</SimpleData>
          </SchemaData>
        </ExtendedData>
        <Polygon>
          <outerBoundaryIs>
            <LinearRing>
              <coordinates>
                -89.994506,39.901925,0
                -89.811401,39.902344,0
                -89.769168,39.90235,0
                -89.769186,39.914202,0
                -89.76055,39.916702,0
                -89.701864,39.916787,0
                -89.698259,39.975309,0
                -89.578289,39.976127,0
                -89.528225,39.976483,0
                -89.483826,39.976733,0
                -89.483512,39.940486,0
                -89.483498,39.933151,0
                -89.404969,39.932717,0
                -89.404984,39.918187,0
                -89.367112,39.917587,0
                -89.311089,39.917194,0
                -89.217846,39.91699,0
                -89.217473,39.813666,0
                -89.233523,39.813159,0
                -89.246532,39.826085,0
                -89.260966,39.805093,0
                -89.296367,39.789879,0
                -89.303122,39.775813,0
                -89.327389,39.764133,0
                -89.353958,39.772107,0
                -89.362605,39.755799,0
                -89.373718,39.758707,0
                -89.392858,39.74385,0
                -89.409592,39.743641,0
                -89.425171,39.762022,0
                -89.425033,39.686073,0
                -89.443616,39.68395,0
                -89.478923,39.683964,0
                -89.478473,39.640842,0
                -89.535028,39.641138,0
                -89.533526,39.524592,0
                -89.701661,39.523316,0
                -89.759537,39.52295,0
                -89.795316,39.522939,0
                -89.813147,39.522838,0
                -89.860248,39.522546,0
                -89.926037,39.522104,0
                -89.924001,39.558435,0
                -89.984745,39.718079,0
                -89.984959,39.737166,0
                -89.985562,39.785416,0
                -89.993539,39.785393,0
                -89.994405,39.87286,0
                -89.994506,39.901925,0
              </coordinates>
            </LinearRing>
          </outerBoundaryIs>
        </Polygon>
      </Placemark>
      <Placemark id="il_counties.82">
        <ExtendedData>
          <SchemaData schemaUrl="#il_counties.schema">
            <SimpleData name="county_label">Jo Daviess County</SimpleData>
            <SimpleData name="population">21942</SimpleData>
          </SchemaData>
        </ExtendedData>
        <Polygon>
          <outerBoundaryIs>
            <LinearRing>
              <coordinates>
                -90.656527,42.489203,0
                -90.6559328003026,42.4916788320726,0
                -90.655927,42.491703,0
                -90.648627,42.498102,0
                -90.642843,42.508481,0
                -90.617731,42.508077,0
                -90.614589,42.508053,0
                -90.565441,42.5076,0
                -90.555862,42.507509,0
                -90.551165,42.507691,0
                -90.544799,42.507713,0
                -90.544347,42.507707,0
                -90.532254,42.507573,0
                -90.491716,42.507624,0
                -90.479446,42.507416,0
                -90.474955,42.507484,0
                -90.4371745762654,42.5071484528042,0
                -90.437011,42.507147,0
                -90.4263779353442,42.5070594287559,0
                -90.405927,42.506891,0
                -90.370673,42.507111,0
                -90.367874,42.507114,0
                -90.362652,42.507048,0
                -90.303823,42.507469,0
                -90.272864,42.507531,0
                -90.269335,42.507726,0
                -90.267143,42.507642,0
                -90.253121,42.50734,0
                -90.250622,42.507521,0
                -90.22319,42.507765,0
                -90.2060940841036,42.5077470221717,0
                -90.206073,42.507747,0
                -90.2028051160581,42.5077898142013,0
                -90.181572,42.508068,0
                -90.164363,42.508272,0
                -90.142922,42.508151,0
                -90.095004,42.507885,0
                -90.093026,42.50816,0
                -90.07367,42.508275,0
                -90.018665,42.507288,0
                -90.017028,42.507127,0
                -89.999314,42.506914,0
                -89.997213,42.506755,0
                -89.985645,42.506431,0
                -89.985072,42.506464,0
                -89.955291,42.505626,0
                -89.926484,42.505787,0
                -89.9264661378398,42.5057871623833,0
                -89.924242,42.400653,0
                -89.923684,42.376957,0
                -89.923558,42.371416,0
                -89.919772,42.196881,0
                -90.107747,42.197166,0
                -90.221257,42.195645,0
                -90.3173312688908,42.1936467132019,0
                -90.317774,42.193789,0
                -90.328273,42.201047,0
                -90.338169,42.203321,0
                -90.356964,42.205445,0
                -90.365138,42.210526,0
                -90.375129,42.214811,0
                -90.391108,42.225473,0
                -90.394749,42.229059,0
                -90.395883,42.233133,0
                -90.400653,42.239293,0
                -90.410471,42.247749,0
                -90.416315,42.251679,0
                -90.419326,42.254467,0
                -90.422181,42.259899,0
                -90.424098,42.266364,0
                -90.430884,42.27823,0
                -90.430735,42.284211,0
                -90.426909,42.290719,0
                -90.424326,42.293326,0
                -90.4239554222801,42.2944790786079,0
                -90.420454,42.305374,0
                -90.4203,42.31169,0
                -90.421047,42.316109,0
                -90.420075,42.317681,0
                -90.417125,42.319943,0
                -90.4162,42.321314,0
                -90.415937,42.322699,0
                -90.416535,42.325109,0
                -90.419027,42.328505,0
                -90.42135,42.330472,0
                -90.425363,42.332615,0
                -90.4292377737485,42.335788531654,0
                -90.430546,42.33686,0
                -90.443874,42.355218,0
                -90.44632,42.357041,0
                -90.452724,42.359303,0
                -90.462619,42.367253,0
                -90.464788,42.369452,0
                -90.470273,42.378355,0
                -90.473812167653,42.3814582098911,0
                -90.474121,42.381729,0
                -90.477279,42.383794,0
                -90.480148,42.384616,0
                -90.484621,42.38453,0
                -90.487154,42.385141,0
                -90.490334,42.387093,0
                -90.495766,42.392406,0
                -90.500128,42.395539,0
                -90.5066749708131,42.3987172265416,0
                -90.506829,42.398792,0
                -90.517516,42.403019,0
                -90.548068,42.413115,0
                -90.555018,42.416138,0
                -90.55755,42.419258,0
                -90.558168,42.420984,0
                -90.558801,42.428517,0
                -90.560439,42.432897,0
                -90.565248,42.438742,0
                -90.567968,42.440389,0
                -90.570736,42.441701,0
                -90.582128,42.444437,0
                -90.590416,42.447493,0
                -90.606328,42.451505,0
                -90.624328,42.458904,0
                -90.6409003095658,42.468522287618,0
                -90.646727,42.471904,0
                -90.654027,42.478503,0
                -90.656327,42.483603,0
                -90.656527,42.489203,0
              </coordinates>
            </LinearRing>
          </outerBoundaryIs>
        </Polygon>
      </Placemark>
      <Placemark id="il_counties.83">
        <ExtendedData>
          <SchemaData schemaUrl="#il_counties.schema">
            <SimpleData name="county_label">Calhoun County</SimpleData>
            <SimpleData name="population">4472</SimpleData>
          </SchemaData>
        </ExtendedData>
        <Polygon>
          <outerBoundaryIs>
            <LinearRing>
              <coordinates>
                -90.9367782192347,39.3994865557296,0
                -90.908335,39.400252,0
                -90.840843,39.399869,0
                -90.613775,39.395416,0
                -90.62229,39.365089,0
                -90.611258,39.311213,0
                -90.60243,39.292693,0
                -90.609796,39.259812,0
                -90.597989,39.24333,0
                -90.59123,39.198624,0
                -90.613326,39.162742,0
                -90.61454,39.14229,0
                -90.603569,39.117592,0
                -90.602994,39.110025,0
                -90.592165,39.086765,0
                -90.581406,39.06568,0
                -90.588094,39.045747,0
                -90.57681,39.035938,0
                -90.570169,38.99329,0
                -90.534657,38.958499,0
                -90.519644,38.953943,0
                -90.491802,38.966614,0
                -90.450809944078,38.9677586842657,0
                -90.462411,38.964322,0
                -90.467784,38.961809,0
                -90.472122,38.958838,0
                -90.482419,38.94446,0
                -90.483339,38.942133,0
                -90.483452,38.940436,0
                -90.482725,38.934712,0
                -90.486974,38.925982,0
                -90.500117,38.910408,0
                -90.507451,38.902767,0
                -90.516963,38.898818,0
                -90.531118,38.887078,0
                -90.54403,38.87505,0
                -90.545872,38.874008,0
                -90.555693,38.870785,0
                -90.5646273539146,38.8691912244213,0
                -90.566557,38.868847,0
                -90.576719,38.868336,0
                -90.583388,38.86903,0
                -90.595354,38.87505,0
                -90.625122,38.888654,0
                -90.628485,38.891617,0
                -90.635896,38.903941,0
                -90.639917,38.908272,0
                -90.647988,38.912106,0
                -90.653164,38.916141,0
                -90.657254,38.92027,0
                -90.6614,38.924989,0
                -90.663372,38.928042,0
                -90.665565,38.934179,0
                -90.6655700805267,38.9341984083332,0
                -90.669229,38.948176,0
                -90.671844,38.952296,0
                -90.6741828587201,38.95790470286,0
                -90.675949,38.96214,0
                -90.676417,38.965812,0
                -90.676397,38.984096,0
                -90.678193,38.991851,0
                -90.682068,38.998778,0
                -90.683683,39.000049,0
                -90.687719,39.005374,0
                -90.688813,39.007342,0
                -90.69,39.012169,0
                -90.692403,39.016656,0
                -90.700595,39.029074,0
                -90.707885,39.042262,0
                -90.71158,39.046798,0
                -90.713629,39.053977,0
                -90.713585,39.055567,0
                -90.712541,39.057064,0
                -90.702136,39.065568,0
                -90.701187,39.070408,0
                -90.700424,39.071787,0
                -90.682744,39.088348,0
                -90.681994,39.090066,0
                -90.681086,39.10059,0
                -90.684518,39.113567,0
                -90.6852303636796,39.1155270456625,0
                -90.686051,39.117785,0
                -90.694945,39.12968,0
                -90.700464,39.135439,0
                -90.702923,39.138749,0
                -90.705168,39.143152,0
                -90.707902,39.15086,0
                -90.709146,39.155111,0
                -90.709953,39.172924,0
                -90.71048,39.176366,0
                -90.71437,39.185308,0
                -90.717404,39.197414,0
                -90.717427,39.202791,0
                -90.716677,39.206723,0
                -90.716597,39.210414,0
                -90.717113,39.213912,0
                -90.7182274141709,39.2163183038726,0
                -90.721835,39.224108,0
                -90.721188,39.230176,0
                -90.721593,39.23273,0
                -90.726981,39.251173,0
                -90.72996,39.255894,0
                -90.733976,39.259098,0
                -90.739087,39.261893,0
                -90.748877,39.264126,0
                -90.751599,39.265432,0
                -90.767648,39.280025,0
                -90.773887,39.290544,0
                -90.775673,39.292811,0
                -90.783789,39.297164,0
                -90.790675,39.302908,0
                -90.791689,39.306957,0
                -90.793461,39.309498,0
                -90.799346,39.313087,0
                -90.816851,39.320496,0
                -90.821306,39.323659,0
                -90.840106,39.340438,0
                -90.8475,39.345272,0
                -90.859113,39.35137,0
                -90.893777,39.367343,0
                -90.900095,39.372354,0
                -90.902656,39.375366,0
                -90.902905,39.377534,0
                -90.904862,39.379403,0
                -90.907999,39.380812,0
                -90.914658,39.381956,0
                -90.918521335674,39.3830144732592,0
                -90.920976,39.383687,0
                -90.924601,39.385136,0
                -90.928745,39.387544,0
                -90.934007,39.392127,0
                -90.935729,39.397331,0
                -90.9367782192347,39.3994865557296,0
              </coordinates>
            </LinearRing>
          </outerBoundaryIs>
        </Polygon>
      </Placemark>
      <Placemark id="il_counties.84">
        <ExtendedData>
          <SchemaData schemaUrl="#il_counties.schema">
            <SimpleData name="county_label">DuPage County</SimpleData>
            <SimpleData name="population">930559</SimpleData>
          </SchemaData>
        </ExtendedData>
        <Polygon>
          <outerBoundaryIs>
            <LinearRing>
              <coordinates>
                -88.262875,41.986378,0
                -88.207396,41.987326,0
                -88.18879,41.987593,0
                -88.184215,41.987599,0
                -88.183565,41.987612,0
                -88.168754,41.987739,0
                -88.149353,41.988168,0
                -88.145101,41.988242,0
                -88.144836,41.988254,0
                -88.109855,41.989585,0
                -88.080223,41.990752,0
                -88.046281,41.991964,0
                -88.031449,41.992527,0
                -88.03131,41.992526,0
                -88.003158,41.992621,0
                -87.995425,41.992715,0
                -87.976594,41.992915,0
                -87.970353,41.993001,0
                -87.959231,41.99317,0
                -87.938967,41.993515,0
                -87.920476,41.993886,0
                -87.920229,41.97184,0
                -87.920171,41.958165,0
                -87.920197,41.953259,0
                -87.920243,41.94636,0
                -87.920244,41.943126,0
                -87.920288,41.9313,0
                -87.920342,41.921566,0
                -87.920423,41.906843,0
                -87.920607,41.883078,0
                -87.920606,41.882701,0
                -87.920496,41.87641,0
                -87.920459,41.873114,0
                -87.920462,41.867465,0
                -87.919238,41.847681,0
                -87.918952,41.833149,0
                -87.918282,41.81872,0
                -87.918245,41.817872,0
                -87.917795,41.808073,0
                -87.917016,41.789428,0
                -87.91672,41.781733,0
                -87.916658,41.780224,0
                -87.916322,41.771515,0
                -87.915811,41.756835,0
                -87.915411,41.745716,0
                -87.915119,41.738444,0
                -87.91461,41.723888,0
                -87.914264,41.716598,0
                -87.921071,41.716401,0
                -87.941056,41.703447,0
                -87.966674,41.686742,0
                -88.004455,41.685666,0
                -88.028973,41.685242,0
                -88.029586,41.705045,0
                -88.029637,41.706707,0
                -88.030282,41.72672,0
                -88.030352,41.728894,0
                -88.040012,41.728674,0
                -88.063367,41.728147,0
                -88.102783,41.727164,0
                -88.117293,41.726848,0
                -88.131619,41.72652,0
                -88.148194,41.726117,0
                -88.167524,41.725787,0
                -88.186972,41.725505,0
                -88.206298,41.725251,0
                -88.235658,41.724929,0
                -88.261275,41.724656,0
                -88.261952,41.724652,0
                -88.261894,41.73224,0
                -88.261937,41.7376,0
                -88.26198,41.746456,0
                -88.26212,41.760446,0
                -88.262173,41.764668,0
                -88.262272,41.772095,0
                -88.262274,41.772172,0
                -88.262407,41.782905,0
                -88.26279,41.812132,0
                -88.26279,41.812301,0
                -88.262787,41.815632,0
                -88.262711,41.840976,0
                -88.26271,41.84151,0
                -88.262539,41.862913,0
                -88.262552,41.871154,0
                -88.262487,41.88191,0
                -88.26241,41.899234,0
                -88.262574,41.92129,0
                -88.262531,41.9222,0
                -88.262706,41.950726,0
                -88.262875,41.986378,0
              </coordinates>
            </LinearRing>
          </outerBoundaryIs>
        </Polygon>
      </Placemark>
      <Placemark id="il_counties.85">
        <ExtendedData>
          <SchemaData schemaUrl="#il_counties.schema">
            <SimpleData name="county_label">Knox County</SimpleData>
            <SimpleData name="population">49751</SimpleData>
          </SchemaData>
        </ExtendedData>
        <Polygon>
          <outerBoundaryIs>
            <LinearRing>
              <coordinates>
                -90.442891,40.801565,0
                -90.442604,40.829453,0
                -90.44176,40.88906,0
                -90.441277,40.918262,0
                -90.441216,40.922683,0
                -90.440524,40.97649,0
                -90.440096,41.020093,0
                -90.439423,41.063995,0
                -90.43882,41.093338,0
                -90.437652,41.151463,0
                -90.208816,41.15211,0
                -90.096311,41.14988,0
                -89.984559,41.149394,0
                -89.984901,41.084105,0
                -89.985479,40.974495,0
                -89.985506,40.961116,0
                -89.985429,40.887645,0
                -89.985333,40.800074,0
                -89.985373,40.792672,0
                -89.986064,40.712361,0
                -90.033867,40.712843,0
                -90.215308,40.713633,0
                -90.224763,40.713667,0
                -90.358243,40.714133,0
                -90.444339,40.714868,0
                -90.442891,40.801565,0
              </coordinates>
            </LinearRing>
          </outerBoundaryIs>
        </Polygon>
      </Placemark>
      <Placemark id="il_counties.86">
        <ExtendedData>
          <SchemaData schemaUrl="#il_counties.schema">
            <SimpleData name="county_label">Marion County</SimpleData>
            <SimpleData name="population">37543</SimpleData>
          </SchemaData>
        </ExtendedData>
        <Polygon>
          <outerBoundaryIs>
            <LinearRing>
              <coordinates>
                -89.143866,38.503089,0
                -89.143304,38.525325,0
                -89.14309,38.532798,0
                -89.142609,38.546766,0
                -89.142324,38.556983,0
                -89.140017,38.634529,0
                -89.138393,38.736331,0
                -89.138138,38.824209,0
                -89.014157,38.82306,0
                -88.801996,38.824541,0
                -88.695165,38.826299,0
                -88.697518,38.693366,0
                -88.69837,38.629821,0
                -88.698459,38.606062,0
                -88.698961,38.474914,0
                -88.847528,38.476106,0
                -88.922336,38.476968,0
                -88.959933,38.475984,0
                -89.033155,38.473963,0
                -89.139882,38.473913,0
                -89.144388,38.473878,0
                -89.143866,38.503089,0
              </coordinates>
            </LinearRing>
          </outerBoundaryIs>
        </Polygon>
      </Placemark>
      <Placemark id="il_counties.87">
        <ExtendedData>
          <SchemaData schemaUrl="#il_counties.schema">
            <SimpleData name="county_label">Mason County</SimpleData>
            <SimpleData name="population">13074</SimpleData>
          </SchemaData>
        </ExtendedData>
        <Polygon>
          <outerBoundaryIs>
            <LinearRing>
              <coordinates>
                -90.337548,40.136092,0
                -90.310386,40.139296,0
                -90.268144,40.154563,0
                -90.216138,40.150459,0
                -90.206144,40.155789,0
                -90.199635,40.183812,0
                -90.157961,40.219655,0
                -90.125118,40.228874,0
                -90.107293,40.2609,0
                -90.081886,40.281558,0
                -90.069852,40.29438,0
                -90.068205,40.298588,0
                -90.068859,40.31248,0
                -90.050548,40.334229,0
                -90.043062,40.370026,0
                -90.033026,40.377806,0
                -89.983758,40.392636,0
                -89.948203,40.424918,0
                -89.92468,40.435921,0
                -89.915618,40.435635,0
                -89.866222,40.43571,0
                -89.82819,40.434387,0
                -89.717104,40.435655,0
                -89.714927,40.319218,0
                -89.602979,40.320129,0
                -89.602108,40.143029,0
                -89.601688,40.122378,0
                -89.628002,40.148817,0
                -89.648693,40.157408,0
                -89.668374,40.160707,0
                -89.683807,40.155006,0
                -89.694344,40.14091,0
                -89.708102,40.146603,0
                -89.749196,40.126852,0
                -89.788053,40.130056,0
                -89.794367,40.123805,0
                -89.824987,40.122899,0
                -89.868249,40.12972,0
                -89.898118,40.127795,0
                -89.926058,40.13995,0
                -89.940262,40.137292,0
                -89.944903,40.133697,0
                -89.970083,40.142264,0
                -89.982562,40.114377,0
                -89.99509,40.108908,0
                -90.011723,40.10101,0
                -90.040274,40.10859,0
                -90.051126,40.099643,0
                -90.064662,40.100145,0
                -90.081856,40.080195,0
                -90.112935,40.080998,0
                -90.126401,40.076889,0
                -90.134281,40.062524,0
                -90.150257,40.067586,0
                -90.176472,40.060135,0
                -90.189476,40.065448,0
                -90.199903,40.053963,0
                -90.269552,40.06121,0
                -90.285729,40.055744,0
                -90.304987,40.077905,0
                -90.303314,40.092814,0
                -90.314772,40.115714,0
                -90.354524,40.124217,0
                -90.337548,40.136092,0
              </coordinates>
            </LinearRing>
          </outerBoundaryIs>
        </Polygon>
      </Placemark>
      <Placemark id="il_counties.88">
        <ExtendedData>
          <SchemaData schemaUrl="#il_counties.schema">
            <SimpleData name="county_label">Lake County</SimpleData>
            <SimpleData name="population">713159</SimpleData>
          </SchemaData>
        </ExtendedData>
        <Polygon>
          <outerBoundaryIs>
            <LinearRing>
              <coordinates>
                -88.199461,42.19418,0
                -88.199378,42.202966,0
                -88.199175,42.219775,0
                -88.198494,42.241561,0
                -88.198245,42.241559,0
                -88.198462,42.272285,0
                -88.19855,42.284586,0
                -88.19875,42.328611,0
                -88.198647,42.328861,0
                -88.198488,42.343153,0
                -88.198454,42.357962,0
                -88.198662,42.385027,0
                -88.198804,42.396642,0
                -88.198819,42.414857,0
                -88.19882,42.41557,0
                -88.198601,42.415567,0
                -88.199212,42.480897,0
                -88.1993911160847,42.4960178674171,0
                -88.1870957229732,42.4960472707981,0
                -88.1238364242069,42.4961985500004,0
                -88.1181143318232,42.4962122338949,0
                -88.115285,42.496219,0
                -88.0942078450277,42.495929403501,0
                -88.0689363550301,42.4955821775571,0
                -88.0620633563751,42.4954877437329,0
                -88.049782,42.495319,0
                -88.0031450554699,42.4946930217505,0
                -87.99018,42.494519,0
                -87.971279,42.494019,0
                -87.9501462657127,42.4937218083738,0
                -87.900242,42.49302,0
                -87.8868066998256,42.4928508966067,0
                -87.8830124105018,42.4928031397876,0
                -87.8625994207953,42.4925462117114,0
                -87.8528888048258,42.4924239890524,0
                -87.8528783787313,42.4924238578244,0
                -87.843594,42.492307,0
                -87.8165706816465,42.491929753618,0
                -87.815872,42.49192,0
                -87.800477,42.49192,0
                -87.7991276941589,42.4805922241548,0
                -87.7980792064578,42.4717898953619,0
                -87.798071,42.471721,0
                -87.8003541315513,42.4497040114599,0
                -87.8008809280592,42.444623939455,0
                -87.8011469017164,42.4420590679928,0
                -87.80337,42.420621,0
                -87.8035050696482,42.4181964998154,0
                -87.8037502138481,42.4137961614259,0
                -87.80537,42.384721,0
                -87.8054574437877,42.3845571849285,0
                -87.8060963947336,42.3833601897207,0
                -87.8124990710229,42.3713655712219,0
                -87.816529,42.363816,0
                -87.823755,42.361871,0
                -87.8248038676843,42.357294043713,0
                -87.8250026056703,42.356426808419,0
                -87.826048382119,42.3518633413936,0
                -87.8284835144624,42.341237125661,0
                -87.830986,42.330317,0
                -87.8312191945934,42.3285419964799,0
                -87.8314322248656,42.3269204773977,0
                -87.8316962204565,42.3249110264225,0
                -87.834335077276,42.30482488259,0
                -87.834769,42.301522,0
                -87.8334680985103,42.2948915988591,0
                -87.8327384833925,42.2911729153555,0
                -87.828569,42.269922,0
                -87.8280286198329,42.2686590909099,0
                -87.8268897878384,42.2659975548924,0
                -87.8265759875102,42.2652641799258,0
                -87.8261592973234,42.2642903436219,0
                -87.8253130971515,42.2623127101812,0
                -87.8156126184685,42.2396419619699,0
                -87.812267,42.231823,0
                -87.8119283267694,42.2311623915077,0
                -87.8092058748485,42.2258520371708,0
                -87.8083699065784,42.2242214160036,0
                -87.800066,42.208024,0
                -87.796593838099,42.203280008095,0
                -87.7914228472811,42.1962149174454,0
                -87.7909646910662,42.1955889416308,0
                -87.7870584390966,42.1902518553282,0
                -87.7783786434711,42.1783927078122,0
                -87.7759099006612,42.1750196807934,0
                -87.7592491186898,42.1522561642711,0
                -87.772315,42.152362,0
                -87.789522,42.152473,0
                -87.793855,42.15255,0
                -87.809145,42.152527,0
                -87.828446,42.152715,0
                -87.841709,42.152784,0
                -87.848183,42.152811,0
                -87.8674,42.152939,0
                -87.887268,42.152953,0
                -87.91486,42.153164,0
                -87.934405,42.153106,0
                -87.955339,42.153484,0
                -87.961974,42.153546,0
                -87.962095,42.153548,0
                -87.968951,42.153589,0
                -87.981571,42.153621,0
                -87.984994,42.153626,0
                -88.004466,42.153645,0
                -88.016982,42.153693,0
                -88.02375,42.153735,0
                -88.062827,42.153855,0
                -88.09222,42.153994,0
                -88.121545,42.154193,0
                -88.136089,42.154213,0
                -88.150745,42.154215,0
                -88.199584,42.15426,0
                -88.199461,42.19418,0
              </coordinates>
            </LinearRing>
          </outerBoundaryIs>
        </Polygon>
      </Placemark>
      <Placemark id="il_counties.89">
        <ExtendedData>
          <SchemaData schemaUrl="#il_counties.schema">
            <SimpleData name="county_label">Henderson County</SimpleData>
            <SimpleData name="population">6374</SimpleData>
          </SchemaData>
        </ExtendedData>
        <Polygon>
          <outerBoundaryIs>
            <LinearRing>
              <coordinates>
                -91.154293,40.653596,0
                -91.138055,40.660893,0
                -91.123928,40.669152,0
                -91.122421,40.670675,0
                -91.12082,40.672777,0
                -91.119632,40.675892,0
                -91.115407,40.691825,0
                -91.1124335845794,40.6962786908794,0
                -91.11194,40.697018,0
                -91.110927,40.703262,0
                -91.111095,40.708282,0
                -91.113885,40.719532,0
                -91.115158,40.721895,0
                -91.115735,40.725168,0
                -91.1142491611375,40.7308640420335,0
                -91.110424,40.745528,0
                -91.1082,40.750935,0
                -91.1054895963794,40.7538479486584,0
                -91.102486,40.757076,0
                -91.098105,40.763233,0
                -91.096133,40.767134,0
                -91.0936054305101,40.7743081893378,0
                -91.091703,40.779708,0
                -91.091246,40.786724,0
                -91.092256,40.792909,0
                -91.0946136284287,40.7976301817876,0
                -91.097031,40.802471,0
                -91.097649,40.805575,0
                -91.096846,40.811617,0
                -91.0934985890928,40.8198374002087,0
                -91.092993,40.821079,0
                -91.090072,40.824638,0
                -91.077521,40.833405,0
                -91.067159,40.841997,0
                -91.058749,40.846309,0
                -91.05643,40.848387,0
                -91.050241,40.858514,0
                -91.047344,40.864654,0
                -91.044653,40.868356,0
                -91.039097,40.873565,0
                -91.036789,40.875038,0
                -91.027489,40.879173,0
                -91.021562,40.884021,0
                -91.0139013709393,40.8956205658247,0
                -91.01324,40.896622,0
                -91.009536,40.900565,0
                -91.003536,40.905146,0
                -90.9985,40.90812,0
                -90.985462,40.912141,0
                -90.97919,40.915522,0
                -90.968995,40.919127,0
                -90.965344,40.921633,0
                -90.962916,40.924957,0
                -90.960462,40.936356,0
                -90.952233,40.954047,0
                -90.951967,40.958238,0
                -90.952715,40.962087,0
                -90.955111,40.969858,0
                -90.958089,40.976643,0
                -90.958142,40.979767,0
                -90.955201,40.986805,0
                -90.949634,40.995248,0
                -90.945949,41.006495,0
                -90.945054,41.011917,0
                -90.945324,41.019279,0
                -90.942253,41.034702,0
                -90.94232,41.038472,0
                -90.943652,41.048637,0
                -90.944577,41.052255,0
                -90.945549,41.06173,0
                -90.9489900261598,41.0702495855382,0
                -90.785194,41.068749,0
                -90.787039,40.915964,0
                -90.788354,40.806501,0
                -90.788392,40.799231,0
                -90.789652,40.63575,0
                -90.904216,40.639201,0
                -90.913894,40.637748,0
                -91.02263,40.634946,0
                -91.118808,40.636939,0
                -91.185428463588,40.6380706559482,0
                -91.154293,40.653596,0
              </coordinates>
            </LinearRing>
          </outerBoundaryIs>
        </Polygon>
      </Placemark>
      <Placemark id="il_counties.90">
        <ExtendedData>
          <SchemaData schemaUrl="#il_counties.schema">
            <SimpleData name="county_label">Winnebago County</SimpleData>
            <SimpleData name="population">284591</SimpleData>
          </SchemaData>
        </ExtendedData>
        <Polygon>
          <outerBoundaryIs>
            <LinearRing>
              <coordinates>
                -89.4014163930295,42.5004329299029,0
                -89.366031,42.500274,0
                -89.3657987753767,42.5002603886239,0
                -89.361561,42.500012,0
                -89.290896,42.498853,0
                -89.250759,42.497994,0
                -89.246972,42.49813,0
                -89.228279,42.498047,0
                -89.22627,42.497957,0
                -89.166728,42.497256,0
                -89.164905,42.497347,0
                -89.157147794428,42.4972709757206,0
                -89.1299248116984,42.4970041776288,0
                -89.125111,42.496957,0
                -89.120365,42.496992,0
                -89.116949,42.49691,0
                -89.099012,42.496499,0
                -89.0989120383559,42.4964979563044,0
                -89.071141,42.496208,0
                -89.0707629095199,42.4962086291914,0
                -89.0674439436732,42.4962141523793,0
                -89.0563560028903,42.4962326041449,0
                -89.042898,42.496255,0
                -89.0420955556443,42.4962506421871,0
                -89.0419777013013,42.4962500021587,0
                -89.013804,42.496097,0
                -89.013667,42.496087,0
                -89.0121100460248,42.4960824050292,0
                -88.9929819558695,42.4960259531257,0
                -88.992659,42.496025,0
                -88.943264,42.495114,0
                -88.940391,42.495046,0
                -88.940753,42.41387,0
                -88.940441,42.370233,0
                -88.940218,42.32666,0
                -88.940602,42.319624,0
                -88.940806,42.290438,0
                -88.940918,42.274223,0
                -88.94093,42.249769,0
                -88.94097,42.238385,0
                -88.939732,42.15232,0
                -89.076998,42.150812,0
                -89.096604,42.15064,0
                -89.172803,42.150417,0
                -89.173,42.204241,0
                -89.232474,42.203558,0
                -89.253002,42.203669,0
                -89.279738,42.203076,0
                -89.396192,42.201916,0
                -89.397434,42.288722,0
                -89.397665,42.332022,0
                -89.398011,42.375173,0
                -89.4014163930295,42.5004329299029,0
              </coordinates>
            </LinearRing>
          </outerBoundaryIs>
        </Polygon>
      </Placemark>
      <Placemark id="il_counties.91">
        <ExtendedData>
          <SchemaData schemaUrl="#il_counties.schema">
            <SimpleData name="county_label">Will County</SimpleData>
            <SimpleData name="population">696774</SimpleData>
          </SchemaData>
        </ExtendedData>
        <Polygon>
          <outerBoundaryIs>
            <LinearRing>
              <coordinates>
                -88.261275,41.724656,0
                -88.235658,41.724929,0
                -88.206298,41.725251,0
                -88.186972,41.725505,0
                -88.167524,41.725787,0
                -88.148194,41.726117,0
                -88.131619,41.72652,0
                -88.117293,41.726848,0
                -88.102783,41.727164,0
                -88.063367,41.728147,0
                -88.040012,41.728674,0
                -88.030352,41.728894,0
                -88.030282,41.72672,0
                -88.029637,41.706707,0
                -88.029586,41.705045,0
                -88.028973,41.685242,0
                -88.028557,41.669915,0
                -88.028354,41.663534,0
                -88.027688,41.641506,0
                -87.999231,41.642019,0
                -87.979817,41.642548,0
                -87.950778,41.643099,0
                -87.931454,41.643535,0
                -87.91193,41.643933,0
                -87.91154,41.629409,0
                -87.910999,41.614899,0
                -87.910461,41.600302,0
                -87.909378,41.556881,0
                -87.890201,41.557126,0
                -87.870786,41.55734,0
                -87.853957,41.557645,0
                -87.853491,41.557654,0
                -87.841951,41.557862,0
                -87.825563,41.558124,0
                -87.812262,41.558291,0
                -87.792793,41.55854,0
                -87.792132,41.538309,0
                -87.790402,41.53547,0
                -87.790408,41.528041,0
                -87.790416,41.51351,0
                -87.790317,41.499036,0
                -87.79031,41.491782,0
                -87.790303,41.469846,0
                -87.787302,41.469839,0
                -87.748271,41.469731,0
                -87.732189,41.46971,0
                -87.718203,41.469734,0
                -87.709839,41.469762,0
                -87.70314,41.469784,0
                -87.674167,41.469773,0
                -87.671212,41.469768,0
                -87.648476,41.469758,0
                -87.644979,41.469768,0
                -87.620411,41.469833,0
                -87.620212,41.469833,0
                -87.577339,41.469992,0
                -87.577103,41.469993,0
                -87.5256689455744,41.4702825579372,0
                -87.525671,41.470115,0
                -87.5256232248178,41.4536962623902,0
                -87.525623,41.453619,0
                -87.5255553386101,41.4355838937009,0
                -87.5253666655527,41.3852931939081,0
                -87.52535,41.380851,0
                -87.526404,41.355812,0
                -87.5264509817993,41.348373,0
                -87.526768,41.298177,0
                -87.5267678123418,41.2980516032755,0
                -87.623798,41.297163,0
                -87.66938,41.296778,0
                -87.781662,41.295863,0
                -87.78468,41.295818,0
                -87.830848,41.295234,0
                -87.842535,41.295101,0
                -87.900349,41.294295,0
                -88.013919,41.292447,0
                -88.012009,41.212808,0
                -88.011891,41.208191,0
                -88.01181,41.205508,0
                -88.186532,41.202645,0
                -88.244144,41.201566,0
                -88.245324,41.238096,0
                -88.246054,41.259484,0
                -88.246993,41.288579,0
                -88.249188,41.375691,0
                -88.249583,41.387572,0
                -88.25071,41.4191,0
                -88.250993,41.42839,0
                -88.252219,41.462753,0
                -88.252231,41.463066,0
                -88.25377,41.506249,0
                -88.254059,41.514043,0
                -88.254941,41.540138,0
                -88.255348,41.550089,0
                -88.255995,41.564534,0
                -88.256568,41.578743,0
                -88.257274,41.593469,0
                -88.25912,41.6362,0
                -88.26081,41.695843,0
                -88.260812,41.696061,0
                -88.261154,41.717185,0
                -88.261275,41.724656,0
              </coordinates>
            </LinearRing>
          </outerBoundaryIs>
        </Polygon>
      </Placemark>
      <Placemark id="il_counties.92">
        <ExtendedData>
          <SchemaData schemaUrl="#il_counties.schema">
            <SimpleData name="county_label">Fayette County</SimpleData>
            <SimpleData name="population">21464</SimpleData>
          </SchemaData>
        </ExtendedData>
        <Polygon>
          <outerBoundaryIs>
            <LinearRing>
              <coordinates>
                -89.25736,38.99917,0
                -89.250309,39.028185,0
                -89.250619,39.181055,0
                -89.250513,39.217512,0
                -89.139464,39.217773,0
                -89.13553,39.217192,0
                -89.035187,39.215608,0
                -88.898881,39.216489,0
                -88.805325,39.216263,0
                -88.805688,39.086336,0
                -88.805945,39.026361,0
                -88.806795,38.911585,0
                -88.693531,38.914617,0
                -88.695025,38.833719,0
                -88.695165,38.826299,0
                -88.801996,38.824541,0
                -89.014157,38.82306,0
                -89.138138,38.824209,0
                -89.138393,38.736331,0
                -89.215236,38.740253,0
                -89.254185,38.742018,0
                -89.256706,38.916253,0
                -89.25736,38.99917,0
              </coordinates>
            </LinearRing>
          </outerBoundaryIs>
        </Polygon>
      </Placemark>
      <Placemark id="il_counties.93">
        <ExtendedData>
          <SchemaData schemaUrl="#il_counties.schema">
            <SimpleData name="county_label">Henry County</SimpleData>
            <SimpleData name="population">49157</SimpleData>
          </SchemaData>
        </ExtendedData>
        <Polygon>
          <outerBoundaryIs>
            <LinearRing>
              <coordinates>
                -90.435265,41.267829,0
                -90.433737,41.326989,0
                -90.432469,41.414223,0
                -90.432181,41.434725,0
                -90.43193,41.456834,0
                -90.421129,41.457634,0
                -90.396585,41.469401,0
                -90.376528,41.478734,0
                -90.358727,41.506134,0
                -90.341245,41.511379,0
                -90.31951,41.509705,0
                -90.304716,41.517791,0
                -90.241657,41.524826,0
                -90.195324,41.540686,0
                -90.184769,41.555969,0
                -90.179287,41.576083,0
                -90.185536,41.584574,0
                -89.920108,41.583817,0
                -89.862351,41.584005,0
                -89.857369,41.51837,0
                -89.8569,41.40151,0
                -89.856886,41.39347,0
                -89.856619,41.320967,0
                -89.85703,41.278261,0
                -89.857194,41.272871,0
                -89.857616,41.234479,0
                -89.867793,41.23443,0
                -89.867847,41.214925,0
                -89.868152,41.149493,0
                -89.984559,41.149394,0
                -90.096311,41.14988,0
                -90.208816,41.15211,0
                -90.437652,41.151463,0
                -90.435265,41.267829,0
              </coordinates>
            </LinearRing>
          </outerBoundaryIs>
        </Polygon>
      </Placemark>
      <Placemark id="il_counties.94">
        <ExtendedData>
          <SchemaData schemaUrl="#il_counties.schema">
            <SimpleData name="county_label">Clinton County</SimpleData>
            <SimpleData name="population">36998</SimpleData>
          </SchemaData>
        </ExtendedData>
        <Polygon>
          <outerBoundaryIs>
            <LinearRing>
              <coordinates>
                -89.706949,38.655019,0
                -89.595103,38.655948,0
                -89.597321,38.743236,0
                -89.48204,38.740509,0
                -89.372068,38.741176,0
                -89.254185,38.742018,0
                -89.215236,38.740253,0
                -89.138393,38.736331,0
                -89.140017,38.634529,0
                -89.142324,38.556983,0
                -89.142609,38.546766,0
                -89.14309,38.532798,0
                -89.143304,38.525325,0
                -89.143866,38.503089,0
                -89.254885,38.508556,0
                -89.273065,38.504519,0
                -89.298971,38.50588,0
                -89.310847,38.512375,0
                -89.343869,38.510737,0
                -89.351483,38.518861,0
                -89.36123,38.514501,0
                -89.36737,38.497923,0
                -89.405914,38.495642,0
                -89.410917,38.487404,0
                -89.428491,38.499078,0
                -89.448521,38.489214,0
                -89.455145,38.479769,0
                -89.479832,38.469692,0
                -89.48942,38.476972,0
                -89.490107,38.47174,0
                -89.53863,38.481025,0
                -89.540047,38.474197,0
                -89.568055,38.475745,0
                -89.577122,38.483432,0
                -89.588923,38.475565,0
                -89.615495,38.471849,0
                -89.627677,38.450743,0
                -89.664018,38.445368,0
                -89.667257,38.43223,0
                -89.696755,38.425041,0
                -89.704245,38.415779,0
                -89.70459,38.480278,0
                -89.705026,38.518857,0
                -89.705864,38.582413,0
                -89.706238,38.604961,0
                -89.706949,38.655019,0
              </coordinates>
            </LinearRing>
          </outerBoundaryIs>
        </Polygon>
      </Placemark>
      <Placemark id="il_counties.95">
        <ExtendedData>
          <SchemaData schemaUrl="#il_counties.schema">
            <SimpleData name="county_label">Whiteside County</SimpleData>
            <SimpleData name="population">55569</SimpleData>
          </SchemaData>
        </ExtendedData>
        <Polygon>
          <outerBoundaryIs>
            <LinearRing>
              <coordinates>
                -90.244812,41.769511,0
                -90.2423797480977,41.7829647650696,0
                -90.222263,41.793133,0
                -90.216889,41.795335,0
                -90.187969,41.803163,0
                -90.181973,41.80707,0
                -90.180954,41.809354,0
                -90.180643,41.811979,0
                -90.18172,41.822599,0
                -90.183973,41.83307,0
                -90.183765,41.83624,0
                -90.1833357732364,41.837846376557,0
                -90.1833312346892,41.8378633620213,0
                -90.181901,41.843216,0
                -90.181401,41.844647,0
                -90.1790648293101,41.8479514858483,0
                -90.175051,41.853629,0
                -90.173006,41.857402,0
                -90.172765,41.866149,0
                -90.1715053125748,41.8709075108684,0
                -90.170041,41.876439,0
                -90.1663819574666,41.8818349111957,0
                -90.165065,41.883777,0
                -90.157019,41.898019,0
                -90.1539860489443,41.905607999803,0
                -90.153584,41.906614,0
                -90.153362,41.915593,0
                -90.1518383787674,41.92891733574,0
                -90.035985,41.930333,0
                -89.841449,41.930297,0
                -89.685366,41.93034,0
                -89.628907,41.930044,0
                -89.62933,41.901617,0
                -89.630305,41.843623,0
                -89.631182,41.779336,0
                -89.631467,41.758134,0
                -89.632186,41.686095,0
                -89.631494,41.584949,0
                -89.862351,41.584005,0
                -89.920108,41.583817,0
                -90.185536,41.584574,0
                -90.166037,41.59416,0
                -90.165057,41.602933,0
                -90.162465,41.635526,0
                -90.1733,41.637626,0
                -90.161233,41.643927,0
                -90.189532,41.663374,0
                -90.218531,41.671993,0
                -90.232703,41.676573,0
                -90.22679,41.692521,0
                -90.244956,41.702379,0
                -90.234705,41.736111,0
                -90.247917,41.746877,0
                -90.244812,41.769511,0
              </coordinates>
            </LinearRing>
          </outerBoundaryIs>
        </Polygon>
      </Placemark>
      <Placemark id="il_counties.96">
        <ExtendedData>
          <SchemaData schemaUrl="#il_counties.schema">
            <SimpleData name="county_label">Grundy County</SimpleData>
            <SimpleData name="population">52624</SimpleData>
          </SchemaData>
        </ExtendedData>
        <Polygon>
          <outerBoundaryIs>
            <LinearRing>
              <coordinates>
                -88.595961,41.457129,0
                -88.365289,41.460494,0
                -88.252231,41.463066,0
                -88.252219,41.462753,0
                -88.250993,41.42839,0
                -88.25071,41.4191,0
                -88.249583,41.387572,0
                -88.249188,41.375691,0
                -88.246993,41.288579,0
                -88.246054,41.259484,0
                -88.245324,41.238096,0
                -88.244144,41.201566,0
                -88.240889,41.114383,0
                -88.251501,41.114218,0
                -88.33683,41.11222,0
                -88.40574,41.11052,0
                -88.43059,41.10993,0
                -88.58461,41.10831,0
                -88.58624,41.108293,0
                -88.588474,41.267953,0
                -88.59004,41.303464,0
                -88.590392,41.311478,0
                -88.594585,41.398861,0
                -88.595961,41.457129,0
              </coordinates>
            </LinearRing>
          </outerBoundaryIs>
        </Polygon>
      </Placemark>
      <Placemark id="il_counties.97">
        <ExtendedData>
          <SchemaData schemaUrl="#il_counties.schema">
            <SimpleData name="county_label">Crawford County</SimpleData>
            <SimpleData name="population">18729</SimpleData>
          </SchemaData>
        </ExtendedData>
        <Polygon>
          <outerBoundaryIs>
            <LinearRing>
              <coordinates>
                -87.950385,39.174882,0
                -87.820293,39.177838,0
                -87.747096,39.172391,0
                -87.656919,39.172179,0
                -87.6426696498871,39.1579464953942,0
                -87.64599,39.1449,0
                -87.643145,39.128562,0
                -87.632245,39.118702,0
                -87.632874,39.114297,0
                -87.632874,39.11055,0
                -87.632249,39.106803,0
                -87.630376,39.104305,0
                -87.625379,39.101806,0
                -87.619134,39.100557,0
                -87.61726,39.096186,0
                -87.616636,39.08994,0
                -87.613513,39.085568,0
                -87.608517,39.082445,0
                -87.596373,39.079639,0
                -87.5892379465553,39.07293351967,0
                -87.572588,39.057286,0
                -87.575027,39.034062,0
                -87.569696,39.019413,0
                -87.579117,39.001607,0
                -87.578319,38.988786,0
                -87.529496,38.971925,0
                -87.512187,38.954417,0
                -87.5174498206941,38.9296748461357,0
                -87.518826,38.923205,0
                -87.527645,38.907688,0
                -87.544089,38.895093,0
                -87.54737,38.875614,0
                -87.553384,38.863344,0
                -87.550515,38.85956,0
                -87.5343549340073,38.852494647453,0
                -87.908113,38.850107,0
                -87.945919,38.850148,0
                -87.945485,38.960605,0
                -87.946239,39.010211,0
                -87.946706,39.068348,0
                -87.950385,39.174882,0
              </coordinates>
            </LinearRing>
          </outerBoundaryIs>
        </Polygon>
      </Placemark>
      <Placemark id="il_counties.98">
        <ExtendedData>
          <SchemaData schemaUrl="#il_counties.schema">
            <SimpleData name="county_label">White County</SimpleData>
            <SimpleData name="population">13834</SimpleData>
          </SchemaData>
        </ExtendedData>
        <Polygon>
          <outerBoundaryIs>
            <LinearRing>
              <coordinates>
                -88.373602,38.053515,0
                -88.372973,38.082355,0
                -88.370816,38.248662,0
                -88.370375,38.255319,0
                -88.231647,38.25693,0
                -88.150891,38.256156,0
                -88.027749,38.255661,0
                -87.990628,38.259629,0
                -87.9874967178724,38.2567846438721,0
                -87.988037,38.255486,0
                -87.988794,38.248739,0
                -87.987277,38.240742,0
                -87.9852685328856,38.2300649614472,0
                -87.984929,38.22826,0
                -87.984234,38.20996,0
                -87.975819,38.197834,0
                -87.9595,38.184376,0
                -87.937162,38.172189,0
                -87.933759,38.164351,0
                -87.933768,38.156317,0
                -87.927468,38.151946,0
                -87.9255,38.146251,0
                -87.92783,38.141545,0
                -87.935135,38.139428,0
                -87.945472,38.126616,0
                -87.955872,38.132897,0
                -87.960482,38.132095,0
                -87.967349,38.132139,0
                -87.970793,38.128919,0
                -87.974445,38.120836,0
                -87.974219,38.11138,0
                -87.979926,38.10802,0
                -87.986958,38.10715,0
                -87.99831,38.108488,0
                -88.013118,38.103527,0
                -88.016729,38.097257,0
                -88.012131,38.085275,0
                -88.004697,38.083965,0
                -87.96221,38.100054,0
                -87.956878,38.088284,0
                -87.96126,38.078295,0
                -87.967226,38.067105,0
                -87.98877,38.055591,0
                -88.00133,38.051545,0
                -88.035332,38.051145,0
                -88.041845,38.038181,0
                -88.0418302298562,38.0381709367363,0
                -88.030884,38.030713,0
                -88.017631,38.034745,0
                -88.007631,38.029145,0
                -88.0198357587118,38.0184949876209,0
                -88.023331,38.015445,0
                -88.021879,37.995959,0
                -88.012574,37.977062,0
                -88.012929,37.966544,0
                -88.016311,37.961574,0
                -88.020868,37.959351,0
                -88.028218,37.958409,0
                -88.031989,37.95859,0
                -88.036688,37.956872,0
                -88.036124,37.942746,0
                -88.054122,37.933029,0
                -88.059902,37.933831,0
                -88.068948,37.928565,0
                -88.06519,37.919684,0
                -88.030199,37.914346,0
                -88.02006,37.9129,0
                -88.013355,37.894854,0
                -88.018693,37.888403,0
                -88.026569,37.891024,0
                -88.040861,37.891767,0
                -88.055373,37.891238,0
                -88.071449,37.895813,0
                -88.086237,37.905713,0
                -88.095662,37.905808,0
                -88.097892,37.901517,0
                -88.094956,37.893689,0
                -88.0928536745894,37.8918242052378,0
                -88.135887,37.916118,0
                -88.135981,37.907795,0
                -88.374521,37.908391,0
                -88.373602,38.053515,0
              </coordinates>
            </LinearRing>
          </outerBoundaryIs>
        </Polygon>
      </Placemark>
      <Placemark id="il_counties.99">
        <ExtendedData>
          <SchemaData schemaUrl="#il_counties.schema">
            <SimpleData name="county_label">Wabash County</SimpleData>
            <SimpleData name="population">11321</SimpleData>
          </SchemaData>
        </ExtendedData>
        <Polygon>
          <outerBoundaryIs>
            <LinearRing>
              <coordinates>
                -87.991726,38.269619,0
                -87.972973,38.27482,0
                -87.977924,38.281952,0
                -87.951092,38.290935,0
                -87.957131,38.299884,0
                -87.946594,38.308672,0
                -87.956336,38.317347,0
                -87.953892,38.337009,0
                -87.967298,38.353556,0
                -87.977134,38.377266,0
                -87.964956,38.391072,0
                -87.976012,38.400614,0
                -87.963028,38.415342,0
                -87.952249,38.418103,0
                -87.942888,38.449629,0
                -87.941944,38.461025,0
                -87.955556,38.489468,0
                -87.955044,38.515043,0
                -87.941849,38.528248,0
                -87.951903,38.542227,0
                -87.954675,38.57023,0
                -87.912286,38.570104,0
                -87.654312,38.568061,0
                -87.651529,38.568166,0
                -87.650704,38.55624,0
                -87.660732,38.541092,0
                -87.65578,38.521206,0
                -87.653802,38.517382,0
                -87.654166,38.511911,0
                -87.657084,38.507169,0
                -87.663701,38.502931,0
                -87.678374,38.498438,0
                -87.693188,38.488038,0
                -87.714047,38.47988,0
                -87.730768,38.478717,0
                -87.739522,38.475069,0
                -87.743535,38.467774,0
                -87.7434764137286,38.4663687320376,0
                -87.74317,38.459019,0
                -87.735729,38.452986,0
                -87.730134,38.446518,0
                -87.730699,38.442908,0
                -87.74104,38.435576,0
                -87.744381942629,38.4144965422212,0
                -87.745254,38.408996,0
                -87.7529183416593,38.4005789459539,0
                -87.7529506216291,38.4005434957793,0
                -87.7597985236124,38.393023063672,0
                -87.779996,38.370842,0
                -87.806075,38.363143,0
                -87.822721,38.346912,0
                -87.8231937029415,38.3458694730868,0
                -87.832723,38.324853,0
                -87.831972,38.307241,0
                -87.830953,38.299365,0
                -87.832802,38.29334,0
                -87.840984,38.280105,0
                -87.845937,38.276667,0
                -87.854643,38.275376,0
                -87.863068,38.280267,0
                -87.866248,38.28998,0
                -87.860453,38.305372,0
                -87.86311,38.309823,0
                -87.868886,38.312277,0
                -87.87503,38.310221,0
                -87.880848,38.303725,0
                -87.884858,38.293063,0
                -87.887849,38.285299,0
                -87.897803,38.279482,0
                -87.908542,38.268581,0
                -87.91285,38.268133,0
                -87.917615,38.270078,0
                -87.919292,38.275908,0
                -87.915444,38.28235,0
                -87.909853,38.289335,0
                -87.909338,38.29572,0
                -87.916489,38.299372,0
                -87.924973,38.298659,0
                -87.937329,38.292431,0
                -87.94227,38.278976,0
                -87.951923,38.274253,0
                -87.948903,38.264116,0
                -87.942067,38.260301,0
                -87.946065,38.255319,0
                -87.956145,38.251652,0
                -87.958839,38.244964,0
                -87.957992,38.240096,0
                -87.960225,38.237118,0
                -87.965381,38.236411,0
                -87.968968,38.237389,0
                -87.970593,38.240861,0
                -87.969947,38.243354,0
                -87.981868,38.256444,0
                -87.987103,38.257731,0
                -87.9874967178724,38.2567846438721,0
                -87.990628,38.259629,0
                -87.991726,38.269619,0
              </coordinates>
            </LinearRing>
          </outerBoundaryIs>
        </Polygon>
      </Placemark>
      <Placemark id="il_counties.100">
        <ExtendedData>
          <SchemaData schemaUrl="#il_counties.schema">
            <SimpleData name="county_label">DeKalb County</SimpleData>
            <SimpleData name="population">100686</SimpleData>
          </SchemaData>
        </ExtendedData>
        <Polygon>
          <outerBoundaryIs>
            <LinearRing>
              <coordinates>
                -88.942146,42.06505,0
                -88.938936,42.065068,0
                -88.939732,42.15232,0
                -88.861515,42.153046,0
                -88.822419,42.153391,0
                -88.705585,42.153537,0
                -88.695685,42.15352,0
                -88.593284,42.153555,0
                -88.588657,42.15359,0
                -88.588344,42.110025,0
                -88.58833,42.066462,0
                -88.601958,42.066469,0
                -88.601709,42.041473,0
                -88.60156,42.017925,0
                -88.601289,41.981473,0
                -88.601399,41.952151,0
                -88.601686,41.873325,0
                -88.602566,41.806847,0
                -88.601933,41.719563,0
                -88.603488,41.713584,0
                -88.602592,41.665912,0
                -88.602341,41.647525,0
                -88.60224,41.631389,0
                -88.654211,41.631036,0
                -88.731721,41.630661,0
                -88.751029,41.630817,0
                -88.818233,41.631351,0
                -88.938679,41.628316,0
                -88.941508,41.760774,0
                -88.941341,41.848085,0
                -88.941279,41.891752,0
                -88.9419,41.978264,0
                -88.941883,41.97888,0
                -88.942146,42.06505,0
              </coordinates>
            </LinearRing>
          </outerBoundaryIs>
        </Polygon>
      </Placemark>
      <Placemark id="il_counties.101">
        <ExtendedData>
          <SchemaData schemaUrl="#il_counties.schema">
            <SimpleData name="county_label">Scott County</SimpleData>
            <SimpleData name="population">4899</SimpleData>
          </SchemaData>
        </ExtendedData>
        <Polygon>
          <outerBoundaryIs>
            <LinearRing>
              <coordinates>
                -90.646112,39.698291,0
                -90.606247,39.768431,0
                -90.599105,39.79006,0
                -90.483063,39.78924,0
                -90.483318,39.753238,0
                -90.371256,39.753122,0
                -90.371413,39.743488,0
                -90.3727,39.680432,0
                -90.372833,39.673097,0
                -90.372969,39.665781,0
                -90.337812,39.665583,0
                -90.338126,39.636633,0
                -90.300666,39.636541,0
                -90.301831,39.520344,0
                -90.424098,39.520915,0
                -90.581055,39.521728,0
                -90.572293,39.539166,0
                -90.57662,39.559536,0
                -90.607545,39.63264,0
                -90.608385,39.63924,0
                -90.630574,39.670494,0
                -90.646112,39.698291,0
              </coordinates>
            </LinearRing>
          </outerBoundaryIs>
        </Polygon>
      </Placemark>
      <Placemark id="il_counties.102">
        <ExtendedData>
          <SchemaData schemaUrl="#il_counties.schema">
            <SimpleData name="county_label">Fulton County</SimpleData>
            <SimpleData name="population">33691</SimpleData>
          </SchemaData>
        </ExtendedData>
        <Polygon>
          <outerBoundaryIs>
            <LinearRing>
              <coordinates>
                -90.450227,40.276335,0
                -90.449054,40.327619,0
                -90.447461,40.452055,0
                -90.446883,40.539839,0
                -90.445627,40.627638,0
                -90.444339,40.714868,0
                -90.358243,40.714133,0
                -90.224763,40.713667,0
                -90.215308,40.713633,0
                -90.033867,40.712843,0
                -89.986064,40.712361,0
                -89.987211,40.683459,0
                -89.988959,40.626226,0
                -89.87368,40.624975,0
                -89.873683,40.624517,0
                -89.874122,40.580627,0
                -89.872275,40.567039,0
                -89.872462,40.513225,0
                -89.882194,40.505402,0
                -89.889067,40.473068,0
                -89.905582,40.451506,0
                -89.908543,40.445278,0
                -89.92468,40.435921,0
                -89.948203,40.424918,0
                -89.983758,40.392636,0
                -90.033026,40.377806,0
                -90.043062,40.370026,0
                -90.050548,40.334229,0
                -90.068859,40.31248,0
                -90.068205,40.298588,0
                -90.069852,40.29438,0
                -90.081886,40.281558,0
                -90.107293,40.2609,0
                -90.125118,40.228874,0
                -90.157961,40.219655,0
                -90.199635,40.183812,0
                -90.42312,40.188539,0
                -90.451916,40.188803,0
                -90.450227,40.276335,0
              </coordinates>
            </LinearRing>
          </outerBoundaryIs>
        </Polygon>
      </Placemark>
    </Document>
  </Document>
</kml>
